{
"type": "FeatureCollection",
"name": "ghana_hospitals",
"crs": { "type": "name", "properties": { "name": "urn:ogc:def:crs:OGC:1.3:CRS84" } },
"features": [
{ "type": "Feature", "properties": { "element": "node", "id": 1791548336, "amenity": "hospital", "name": "Tamale West Hospital", "opening_hours": null, "healthcare": "hospital", "addr:city": null, "addr:street": null, "healthcare:speciality": null, "disabled": null, "emergency": "yes", "operator": null, "addr:suburb": null, "phone": null, "type": null, "contact:phone": null, "contact:website": null, "check_date": "2026-03-17", "email": null, "operator:type": null, "ownership": null, "description": null, "addr:housenumber": null, "source": null, "fixme": null, "addr:full": null, "beds": null, "wikidata": null, "wikipedia": null, "short_name": null, "level": null, "dispensing": null, "electricity": null, "health_amenity:type": null, "insurance:health": null, "operational_status": null, "water_source": null, "wheelchair": null, "website": null, "branch": null, "internet_access": null, "payment:cash": null, "payment:cards": null, "payment:credit_cards": null, "payment:debit_cards": null, "addr:postcode": null, "addr:region": null, "contact:facebook": null, "operator:wikidata": null, "mobile": null, "name:ar": null, "alt_name": null, "building": null, "name:de": null, "internet_access:fee": null, "old_name": null, "name:en": null, "official_name": null, "building:levels": null, "denomination": null, "name:fr": null, "layer": null, "barrier": null, "brand": null, "contact:email": null, "landuse": null, "name:it": null, "toilets:wheelchair": null, "addr:ghanapostgps": null, "alt_name:en": null, "addr:community": null, "building:material": null, "roof:material": null, "addr:country": null, "addr:place": null, "fax": null, "note": null, "opening_hours:visitors": null }, "geometry": { "type": "Point", "coordinates": [ -0.8508627, 9.4019248 ] } },
{ "type": "Feature", "properties": { "element": "node", "id": 2148020987, "amenity": "hospital", "name": "Lapaz Community Hospital", "opening_hours": null, "healthcare": "hospital", "addr:city": null, "addr:street": null, "healthcare:speciality": null, "disabled": null, "emergency": null, "operator": "Lapaz Community Hospital", "addr:suburb": null, "phone": null, "type": null, "contact:phone": null, "contact:website": null, "check_date": null, "email": null, "operator:type": null, "ownership": null, "description": null, "addr:housenumber": null, "source": null, "fixme": null, "addr:full": null, "beds": null, "wikidata": null, "wikipedia": null, "short_name": null, "level": null, "dispensing": null, "electricity": null, "health_amenity:type": null, "insurance:health": null, "operational_status": null, "water_source": null, "wheelchair": null, "website": null, "branch": null, "internet_access": null, "payment:cash": null, "payment:cards": null, "payment:credit_cards": null, "payment:debit_cards": null, "addr:postcode": null, "addr:region": null, "contact:facebook": null, "operator:wikidata": null, "mobile": null, "name:ar": null, "alt_name": null, "building": null, "name:de": null, "internet_access:fee": null, "old_name": null, "name:en": null, "official_name": null, "building:levels": null, "denomination": null, "name:fr": null, "layer": null, "barrier": null, "brand": null, "contact:email": null, "landuse": null, "name:it": null, "toilets:wheelchair": null, "addr:ghanapostgps": null, "alt_name:en": null, "addr:community": null, "building:material": null, "roof:material": null, "addr:country": null, "addr:place": null, "fax": null, "note": null, "opening_hours:visitors": null }, "geometry": { "type": "Point", "coordinates": [ -0.2153604, 5.6354204 ] } },
{ "type": "Feature", "properties": { "element": "node", "id": 2154259341, "amenity": "hospital", "name": "Sweden Ghana Medical Centre", "opening_hours": null, "healthcare": "hospital", "addr:city": null, "addr:street": null, "healthcare:speciality": null, "disabled": null, "emergency": null, "operator": null, "addr:suburb": null, "phone": null, "type": null, "contact:phone": null, "contact:website": null, "check_date": "2026-03-04", "email": null, "operator:type": null, "ownership": null, "description": null, "addr:housenumber": null, "source": null, "fixme": null, "addr:full": null, "beds": null, "wikidata": null, "wikipedia": null, "short_name": null, "level": null, "dispensing": null, "electricity": null, "health_amenity:type": null, "insurance:health": null, "operational_status": null, "water_source": null, "wheelchair": null, "website": null, "branch": null, "internet_access": null, "payment:cash": null, "payment:cards": null, "payment:credit_cards": null, "payment:debit_cards": null, "addr:postcode": null, "addr:region": null, "contact:facebook": null, "operator:wikidata": null, "mobile": null, "name:ar": null, "alt_name": null, "building": null, "name:de": null, "internet_access:fee": null, "old_name": null, "name:en": null, "official_name": null, "building:levels": null, "denomination": null, "name:fr": null, "layer": null, "barrier": null, "brand": null, "contact:email": null, "landuse": null, "name:it": null, "toilets:wheelchair": null, "addr:ghanapostgps": null, "alt_name:en": null, "addr:community": null, "building:material": null, "roof:material": null, "addr:country": null, "addr:place": null, "fax": null, "note": null, "opening_hours:visitors": null }, "geometry": { "type": "Point", "coordinates": [ -0.1148981, 5.7250381 ] } },
{ "type": "Feature", "properties": { "element": "node", "id": 4286153094, "amenity": "hospital", "name": "Ashaiman Community Hospital", "opening_hours": null, "healthcare": "hospital", "addr:city": null, "addr:street": null, "healthcare:speciality": null, "disabled": null, "emergency": null, "operator": null, "addr:suburb": null, "phone": null, "type": null, "contact:phone": null, "contact:website": null, "check_date": null, "email": null, "operator:type": null, "ownership": null, "description": null, "addr:housenumber": null, "source": null, "fixme": null, "addr:full": null, "beds": null, "wikidata": null, "wikipedia": null, "short_name": null, "level": null, "dispensing": null, "electricity": null, "health_amenity:type": null, "insurance:health": null, "operational_status": null, "water_source": null, "wheelchair": null, "website": null, "branch": null, "internet_access": null, "payment:cash": null, "payment:cards": null, "payment:credit_cards": null, "payment:debit_cards": null, "addr:postcode": null, "addr:region": null, "contact:facebook": null, "operator:wikidata": null, "mobile": null, "name:ar": null, "alt_name": null, "building": null, "name:de": null, "internet_access:fee": null, "old_name": null, "name:en": null, "official_name": null, "building:levels": null, "denomination": null, "name:fr": null, "layer": null, "barrier": null, "brand": null, "contact:email": null, "landuse": null, "name:it": null, "toilets:wheelchair": null, "addr:ghanapostgps": null, "alt_name:en": null, "addr:community": null, "building:material": null, "roof:material": null, "addr:country": null, "addr:place": null, "fax": null, "note": null, "opening_hours:visitors": null }, "geometry": { "type": "Point", "coordinates": [ -0.0370839, 5.7108652 ] } },
{ "type": "Feature", "properties": { "element": "node", "id": 4621957790, "amenity": "hospital", "name": "Aburaso Health center", "opening_hours": "24/7", "healthcare": null, "addr:city": null, "addr:street": null, "healthcare:speciality": null, "disabled": null, "emergency": null, "operator": null, "addr:suburb": null, "phone": null, "type": null, "contact:phone": null, "contact:website": null, "check_date": null, "email": null, "operator:type": null, "ownership": null, "description": null, "addr:housenumber": null, "source": null, "fixme": null, "addr:full": null, "beds": null, "wikidata": null, "wikipedia": null, "short_name": null, "level": null, "dispensing": null, "electricity": null, "health_amenity:type": null, "insurance:health": null, "operational_status": null, "water_source": null, "wheelchair": null, "website": null, "branch": null, "internet_access": null, "payment:cash": null, "payment:cards": null, "payment:credit_cards": null, "payment:debit_cards": null, "addr:postcode": null, "addr:region": null, "contact:facebook": null, "operator:wikidata": null, "mobile": null, "name:ar": null, "alt_name": null, "building": null, "name:de": null, "internet_access:fee": null, "old_name": null, "name:en": null, "official_name": null, "building:levels": null, "denomination": null, "name:fr": null, "layer": null, "barrier": null, "brand": null, "contact:email": null, "landuse": null, "name:it": null, "toilets:wheelchair": null, "addr:ghanapostgps": null, "alt_name:en": null, "addr:community": null, "building:material": null, "roof:material": null, "addr:country": null, "addr:place": null, "fax": null, "note": null, "opening_hours:visitors": null }, "geometry": { "type": "Point", "coordinates": [ -1.6769815, 6.6611852 ] } },
{ "type": "Feature", "properties": { "element": "node", "id": 5755779938, "amenity": "hospital", "name": "Nyaho Medical Centre", "opening_hours": null, "healthcare": "hospital", "addr:city": null, "addr:street": null, "healthcare:speciality": null, "disabled": null, "emergency": null, "operator": null, "addr:suburb": null, "phone": null, "type": null, "contact:phone": null, "contact:website": null, "check_date": null, "email": null, "operator:type": null, "ownership": null, "description": null, "addr:housenumber": null, "source": null, "fixme": null, "addr:full": null, "beds": null, "wikidata": null, "wikipedia": null, "short_name": null, "level": "1", "dispensing": null, "electricity": null, "health_amenity:type": null, "insurance:health": null, "operational_status": null, "water_source": null, "wheelchair": null, "website": null, "branch": null, "internet_access": null, "payment:cash": null, "payment:cards": null, "payment:credit_cards": null, "payment:debit_cards": null, "addr:postcode": null, "addr:region": null, "contact:facebook": null, "operator:wikidata": null, "mobile": null, "name:ar": null, "alt_name": null, "building": null, "name:de": null, "internet_access:fee": null, "old_name": null, "name:en": null, "official_name": null, "building:levels": null, "denomination": null, "name:fr": null, "layer": null, "barrier": null, "brand": null, "contact:email": null, "landuse": null, "name:it": null, "toilets:wheelchair": null, "addr:ghanapostgps": null, "alt_name:en": null, "addr:community": null, "building:material": null, "roof:material": null, "addr:country": null, "addr:place": null, "fax": null, "note": null, "opening_hours:visitors": null }, "geometry": { "type": "Point", "coordinates": [ -0.2039394, 5.5514896 ] } },
{ "type": "Feature", "properties": { "element": "node", "id": 7308441494, "amenity": "hospital", "name": "Osu Maternity Home Hospital", "opening_hours": null, "healthcare": "birthing_center;doctor", "addr:city": "Accra", "addr:street": "Reverend Richter Street", "healthcare:speciality": null, "disabled": null, "emergency": null, "operator": null, "addr:suburb": null, "phone": null, "type": null, "contact:phone": "0302775259", "contact:website": null, "check_date": null, "email": null, "operator:type": null, "ownership": null, "description": null, "addr:housenumber": null, "source": null, "fixme": null, "addr:full": null, "beds": null, "wikidata": null, "wikipedia": null, "short_name": null, "level": null, "dispensing": null, "electricity": null, "health_amenity:type": null, "insurance:health": null, "operational_status": null, "water_source": null, "wheelchair": null, "website": null, "branch": null, "internet_access": null, "payment:cash": null, "payment:cards": null, "payment:credit_cards": null, "payment:debit_cards": null, "addr:postcode": null, "addr:region": null, "contact:facebook": null, "operator:wikidata": null, "mobile": null, "name:ar": null, "alt_name": null, "building": null, "name:de": null, "internet_access:fee": null, "old_name": null, "name:en": null, "official_name": null, "building:levels": null, "denomination": null, "name:fr": null, "layer": null, "barrier": null, "brand": null, "contact:email": null, "landuse": null, "name:it": null, "toilets:wheelchair": null, "addr:ghanapostgps": null, "alt_name:en": null, "addr:community": null, "building:material": null, "roof:material": null, "addr:country": null, "addr:place": null, "fax": null, "note": null, "opening_hours:visitors": null }, "geometry": { "type": "Point", "coordinates": [ -0.185228, 5.553747 ] } },
{ "type": "Feature", "properties": { "element": "node", "id": 7312485183, "amenity": "hospital", "name": "Neptune Medical Centre", "opening_hours": null, "healthcare": null, "addr:city": null, "addr:street": null, "healthcare:speciality": null, "disabled": null, "emergency": null, "operator": null, "addr:suburb": null, "phone": null, "type": null, "contact:phone": null, "contact:website": null, "check_date": null, "email": null, "operator:type": null, "ownership": null, "description": null, "addr:housenumber": null, "source": "local knowledge", "fixme": null, "addr:full": null, "beds": null, "wikidata": null, "wikipedia": null, "short_name": null, "level": null, "dispensing": null, "electricity": null, "health_amenity:type": null, "insurance:health": null, "operational_status": null, "water_source": null, "wheelchair": null, "website": null, "branch": null, "internet_access": null, "payment:cash": null, "payment:cards": null, "payment:credit_cards": null, "payment:debit_cards": null, "addr:postcode": null, "addr:region": null, "contact:facebook": null, "operator:wikidata": null, "mobile": null, "name:ar": null, "alt_name": null, "building": null, "name:de": null, "internet_access:fee": null, "old_name": null, "name:en": null, "official_name": null, "building:levels": null, "denomination": null, "name:fr": null, "layer": null, "barrier": null, "brand": null, "contact:email": null, "landuse": null, "name:it": null, "toilets:wheelchair": null, "addr:ghanapostgps": null, "alt_name:en": null, "addr:community": null, "building:material": null, "roof:material": null, "addr:country": null, "addr:place": null, "fax": null, "note": null, "opening_hours:visitors": null }, "geometry": { "type": "Point", "coordinates": [ -0.0748858, 5.6494797 ] } },
{ "type": "Feature", "properties": { "element": "node", "id": 7319284442, "amenity": "hospital", "name": "SDA Hospital", "opening_hours": null, "healthcare": "hospital", "addr:city": null, "addr:street": null, "healthcare:speciality": null, "disabled": null, "emergency": null, "operator": null, "addr:suburb": null, "phone": null, "type": null, "contact:phone": null, "contact:website": null, "check_date": null, "email": null, "operator:type": null, "ownership": null, "description": null, "addr:housenumber": null, "source": null, "fixme": null, "addr:full": null, "beds": null, "wikidata": null, "wikipedia": null, "short_name": null, "level": null, "dispensing": null, "electricity": null, "health_amenity:type": null, "insurance:health": null, "operational_status": null, "water_source": null, "wheelchair": null, "website": null, "branch": null, "internet_access": null, "payment:cash": null, "payment:cards": null, "payment:credit_cards": null, "payment:debit_cards": null, "addr:postcode": null, "addr:region": null, "contact:facebook": null, "operator:wikidata": null, "mobile": null, "name:ar": null, "alt_name": null, "building": null, "name:de": null, "internet_access:fee": null, "old_name": null, "name:en": null, "official_name": null, "building:levels": null, "denomination": null, "name:fr": null, "layer": null, "barrier": null, "brand": null, "contact:email": null, "landuse": null, "name:it": null, "toilets:wheelchair": null, "addr:ghanapostgps": null, "alt_name:en": null, "addr:community": null, "building:material": null, "roof:material": null, "addr:country": null, "addr:place": null, "fax": null, "note": null, "opening_hours:visitors": null }, "geometry": { "type": "Point", "coordinates": [ -1.63915, 6.19789 ] } },
{ "type": "Feature", "properties": { "element": "node", "id": 7330176585, "amenity": "hospital", "name": "Asesewa Government Hospital", "opening_hours": "24/7", "healthcare": "birthing_center;blood_donation;doctor;hospital;laboratory;pharmacy", "addr:city": null, "addr:street": null, "healthcare:speciality": "blood_check;emergency", "disabled": null, "emergency": "yes", "operator": "Government", "addr:suburb": null, "phone": null, "type": null, "contact:phone": null, "contact:website": null, "check_date": null, "email": null, "operator:type": null, "ownership": null, "description": null, "addr:housenumber": null, "source": null, "fixme": null, "addr:full": "Asesewa", "beds": null, "wikidata": null, "wikipedia": null, "short_name": null, "level": null, "dispensing": "yes", "electricity": "grid", "health_amenity:type": "intensive_care_unit;laboratory;x_ray", "insurance:health": "public", "operational_status": "operational", "water_source": "water_works", "wheelchair": "yes", "website": null, "branch": null, "internet_access": null, "payment:cash": null, "payment:cards": null, "payment:credit_cards": null, "payment:debit_cards": null, "addr:postcode": null, "addr:region": null, "contact:facebook": null, "operator:wikidata": null, "mobile": null, "name:ar": null, "alt_name": null, "building": null, "name:de": null, "internet_access:fee": null, "old_name": null, "name:en": null, "official_name": null, "building:levels": null, "denomination": null, "name:fr": null, "layer": null, "barrier": null, "brand": null, "contact:email": null, "landuse": null, "name:it": null, "toilets:wheelchair": null, "addr:ghanapostgps": null, "alt_name:en": null, "addr:community": null, "building:material": null, "roof:material": null, "addr:country": null, "addr:place": null, "fax": null, "note": null, "opening_hours:visitors": null }, "geometry": { "type": "Point", "coordinates": [ -0.146631, 6.4017208 ] } },
{ "type": "Feature", "properties": { "element": "node", "id": 7473457978, "amenity": "hospital", "name": "Mankranso Government Hospital", "opening_hours": null, "healthcare": null, "addr:city": null, "addr:street": null, "healthcare:speciality": null, "disabled": null, "emergency": null, "operator": null, "addr:suburb": null, "phone": null, "type": null, "contact:phone": null, "contact:website": null, "check_date": null, "email": "mankranso_gh_aasd@gmail.com", "operator:type": null, "ownership": null, "description": null, "addr:housenumber": null, "source": null, "fixme": null, "addr:full": null, "beds": null, "wikidata": null, "wikipedia": null, "short_name": null, "level": null, "dispensing": null, "electricity": null, "health_amenity:type": null, "insurance:health": null, "operational_status": null, "water_source": null, "wheelchair": null, "website": null, "branch": null, "internet_access": null, "payment:cash": null, "payment:cards": null, "payment:credit_cards": null, "payment:debit_cards": null, "addr:postcode": null, "addr:region": null, "contact:facebook": null, "operator:wikidata": null, "mobile": null, "name:ar": null, "alt_name": null, "building": null, "name:de": null, "internet_access:fee": null, "old_name": null, "name:en": null, "official_name": null, "building:levels": null, "denomination": null, "name:fr": null, "layer": null, "barrier": null, "brand": null, "contact:email": null, "landuse": null, "name:it": null, "toilets:wheelchair": null, "addr:ghanapostgps": null, "alt_name:en": null, "addr:community": null, "building:material": null, "roof:material": null, "addr:country": null, "addr:place": null, "fax": null, "note": null, "opening_hours:visitors": null }, "geometry": { "type": "Point", "coordinates": [ -1.8627434, 6.8210441 ] } },
{ "type": "Feature", "properties": { "element": "node", "id": 7476292381, "amenity": "hospital", "name": "Tanoso community hospital", "opening_hours": null, "healthcare": "hospital", "addr:city": "Kumasi", "addr:street": "Sunyani Road", "healthcare:speciality": "general", "disabled": null, "emergency": null, "operator": null, "addr:suburb": null, "phone": null, "type": null, "contact:phone": null, "contact:website": null, "check_date": null, "email": null, "operator:type": null, "ownership": null, "description": null, "addr:housenumber": null, "source": null, "fixme": null, "addr:full": null, "beds": null, "wikidata": null, "wikipedia": null, "short_name": null, "level": null, "dispensing": null, "electricity": null, "health_amenity:type": null, "insurance:health": null, "operational_status": null, "water_source": null, "wheelchair": null, "website": null, "branch": null, "internet_access": null, "payment:cash": null, "payment:cards": null, "payment:credit_cards": null, "payment:debit_cards": null, "addr:postcode": null, "addr:region": null, "contact:facebook": null, "operator:wikidata": null, "mobile": null, "name:ar": null, "alt_name": null, "building": null, "name:de": null, "internet_access:fee": null, "old_name": null, "name:en": null, "official_name": null, "building:levels": null, "denomination": null, "name:fr": null, "layer": null, "barrier": null, "brand": null, "contact:email": null, "landuse": null, "name:it": null, "toilets:wheelchair": null, "addr:ghanapostgps": null, "alt_name:en": null, "addr:community": null, "building:material": null, "roof:material": null, "addr:country": null, "addr:place": null, "fax": null, "note": null, "opening_hours:visitors": null }, "geometry": { "type": "Point", "coordinates": [ -1.7004398, 6.698235 ] } },
{ "type": "Feature", "properties": { "element": "node", "id": 7574692591, "amenity": "hospital", "name": null, "opening_hours": null, "healthcare": null, "addr:city": null, "addr:street": null, "healthcare:speciality": null, "disabled": null, "emergency": null, "operator": null, "addr:suburb": null, "phone": null, "type": null, "contact:phone": null, "contact:website": null, "check_date": null, "email": null, "operator:type": null, "ownership": null, "description": null, "addr:housenumber": null, "source": null, "fixme": null, "addr:full": null, "beds": null, "wikidata": null, "wikipedia": null, "short_name": null, "level": null, "dispensing": null, "electricity": null, "health_amenity:type": null, "insurance:health": null, "operational_status": null, "water_source": null, "wheelchair": null, "website": null, "branch": null, "internet_access": null, "payment:cash": null, "payment:cards": null, "payment:credit_cards": null, "payment:debit_cards": null, "addr:postcode": null, "addr:region": null, "contact:facebook": null, "operator:wikidata": null, "mobile": null, "name:ar": null, "alt_name": null, "building": null, "name:de": null, "internet_access:fee": null, "old_name": null, "name:en": null, "official_name": null, "building:levels": null, "denomination": null, "name:fr": null, "layer": null, "barrier": null, "brand": null, "contact:email": null, "landuse": null, "name:it": null, "toilets:wheelchair": null, "addr:ghanapostgps": null, "alt_name:en": null, "addr:community": null, "building:material": null, "roof:material": null, "addr:country": null, "addr:place": null, "fax": null, "note": null, "opening_hours:visitors": null }, "geometry": { "type": "Point", "coordinates": [ 0.4976908, 6.5178085 ] } },
{ "type": "Feature", "properties": { "element": "node", "id": 7581511128, "amenity": "hospital", "name": "Aiyinase Clinic", "opening_hours": null, "healthcare": "hospital", "addr:city": null, "addr:street": null, "healthcare:speciality": null, "disabled": null, "emergency": null, "operator": null, "addr:suburb": null, "phone": null, "type": null, "contact:phone": null, "contact:website": null, "check_date": null, "email": null, "operator:type": null, "ownership": null, "description": null, "addr:housenumber": null, "source": null, "fixme": null, "addr:full": null, "beds": null, "wikidata": null, "wikipedia": null, "short_name": null, "level": null, "dispensing": null, "electricity": null, "health_amenity:type": null, "insurance:health": null, "operational_status": null, "water_source": null, "wheelchair": null, "website": null, "branch": null, "internet_access": null, "payment:cash": null, "payment:cards": null, "payment:credit_cards": null, "payment:debit_cards": null, "addr:postcode": null, "addr:region": null, "contact:facebook": null, "operator:wikidata": null, "mobile": null, "name:ar": null, "alt_name": null, "building": null, "name:de": null, "internet_access:fee": null, "old_name": null, "name:en": null, "official_name": null, "building:levels": null, "denomination": null, "name:fr": null, "layer": null, "barrier": null, "brand": null, "contact:email": null, "landuse": null, "name:it": null, "toilets:wheelchair": null, "addr:ghanapostgps": null, "alt_name:en": null, "addr:community": null, "building:material": null, "roof:material": null, "addr:country": null, "addr:place": null, "fax": null, "note": null, "opening_hours:visitors": null }, "geometry": { "type": "Point", "coordinates": [ -2.4650394, 5.0433587 ] } },
{ "type": "Feature", "properties": { "element": "node", "id": 7581519435, "amenity": "hospital", "name": "Nana Benie Memorial Health Centre", "opening_hours": null, "healthcare": "hospital", "addr:city": "Menzezor", "addr:street": null, "healthcare:speciality": null, "disabled": null, "emergency": null, "operator": null, "addr:suburb": null, "phone": null, "type": null, "contact:phone": null, "contact:website": null, "check_date": null, "email": null, "operator:type": null, "ownership": null, "description": null, "addr:housenumber": null, "source": null, "fixme": null, "addr:full": null, "beds": null, "wikidata": null, "wikipedia": null, "short_name": null, "level": null, "dispensing": null, "electricity": null, "health_amenity:type": null, "insurance:health": null, "operational_status": null, "water_source": null, "wheelchair": null, "website": null, "branch": null, "internet_access": null, "payment:cash": null, "payment:cards": null, "payment:credit_cards": null, "payment:debit_cards": null, "addr:postcode": null, "addr:region": null, "contact:facebook": null, "operator:wikidata": null, "mobile": null, "name:ar": null, "alt_name": null, "building": null, "name:de": null, "internet_access:fee": null, "old_name": null, "name:en": null, "official_name": null, "building:levels": null, "denomination": null, "name:fr": null, "layer": null, "barrier": null, "brand": null, "contact:email": null, "landuse": null, "name:it": null, "toilets:wheelchair": null, "addr:ghanapostgps": null, "alt_name:en": null, "addr:community": null, "building:material": null, "roof:material": null, "addr:country": null, "addr:place": null, "fax": null, "note": null, "opening_hours:visitors": null }, "geometry": { "type": "Point", "coordinates": [ -2.4797998, 5.0494087 ] } },
{ "type": "Feature", "properties": { "element": "node", "id": 7620479757, "amenity": "hospital", "name": "West Gonja Hospital", "opening_hours": null, "healthcare": null, "addr:city": null, "addr:street": null, "healthcare:speciality": null, "disabled": null, "emergency": null, "operator": null, "addr:suburb": null, "phone": null, "type": null, "contact:phone": null, "contact:website": null, "check_date": null, "email": null, "operator:type": null, "ownership": null, "description": null, "addr:housenumber": null, "source": null, "fixme": null, "addr:full": null, "beds": null, "wikidata": null, "wikipedia": null, "short_name": null, "level": null, "dispensing": null, "electricity": null, "health_amenity:type": null, "insurance:health": null, "operational_status": null, "water_source": null, "wheelchair": null, "website": null, "branch": null, "internet_access": null, "payment:cash": null, "payment:cards": null, "payment:credit_cards": null, "payment:debit_cards": null, "addr:postcode": null, "addr:region": null, "contact:facebook": null, "operator:wikidata": null, "mobile": null, "name:ar": null, "alt_name": null, "building": null, "name:de": null, "internet_access:fee": null, "old_name": null, "name:en": null, "official_name": null, "building:levels": null, "denomination": null, "name:fr": null, "layer": null, "barrier": null, "brand": null, "contact:email": null, "landuse": null, "name:it": null, "toilets:wheelchair": null, "addr:ghanapostgps": null, "alt_name:en": null, "addr:community": null, "building:material": null, "roof:material": null, "addr:country": null, "addr:place": null, "fax": null, "note": null, "opening_hours:visitors": null }, "geometry": { "type": "Point", "coordinates": [ -1.7992513, 9.0635758 ] } },
{ "type": "Feature", "properties": { "element": "node", "id": 7727444139, "amenity": "hospital", "name": null, "opening_hours": null, "healthcare": null, "addr:city": null, "addr:street": null, "healthcare:speciality": null, "disabled": null, "emergency": null, "operator": null, "addr:suburb": null, "phone": null, "type": null, "contact:phone": null, "contact:website": null, "check_date": null, "email": null, "operator:type": null, "ownership": null, "description": null, "addr:housenumber": null, "source": null, "fixme": null, "addr:full": null, "beds": null, "wikidata": null, "wikipedia": null, "short_name": null, "level": null, "dispensing": null, "electricity": null, "health_amenity:type": null, "insurance:health": null, "operational_status": null, "water_source": null, "wheelchair": null, "website": null, "branch": null, "internet_access": null, "payment:cash": null, "payment:cards": null, "payment:credit_cards": null, "payment:debit_cards": null, "addr:postcode": null, "addr:region": null, "contact:facebook": null, "operator:wikidata": null, "mobile": null, "name:ar": null, "alt_name": null, "building": null, "name:de": null, "internet_access:fee": null, "old_name": null, "name:en": null, "official_name": null, "building:levels": null, "denomination": null, "name:fr": null, "layer": null, "barrier": null, "brand": null, "contact:email": null, "landuse": null, "name:it": null, "toilets:wheelchair": null, "addr:ghanapostgps": null, "alt_name:en": null, "addr:community": null, "building:material": null, "roof:material": null, "addr:country": null, "addr:place": null, "fax": null, "note": null, "opening_hours:visitors": null }, "geometry": { "type": "Point", "coordinates": [ -0.2141144, 5.561609 ] } },
{ "type": "Feature", "properties": { "element": "node", "id": 7746284986, "amenity": "hospital", "name": "Nzema Baptist Hospital", "opening_hours": null, "healthcare": null, "addr:city": null, "addr:street": null, "healthcare:speciality": null, "disabled": null, "emergency": null, "operator": null, "addr:suburb": null, "phone": null, "type": null, "contact:phone": null, "contact:website": null, "check_date": null, "email": null, "operator:type": null, "ownership": null, "description": null, "addr:housenumber": null, "source": null, "fixme": null, "addr:full": null, "beds": null, "wikidata": null, "wikipedia": null, "short_name": null, "level": null, "dispensing": null, "electricity": null, "health_amenity:type": null, "insurance:health": null, "operational_status": null, "water_source": null, "wheelchair": null, "website": null, "branch": null, "internet_access": null, "payment:cash": null, "payment:cards": null, "payment:credit_cards": null, "payment:debit_cards": null, "addr:postcode": null, "addr:region": null, "contact:facebook": null, "operator:wikidata": null, "mobile": null, "name:ar": null, "alt_name": null, "building": null, "name:de": null, "internet_access:fee": null, "old_name": null, "name:en": null, "official_name": null, "building:levels": null, "denomination": null, "name:fr": null, "layer": null, "barrier": null, "brand": null, "contact:email": null, "landuse": null, "name:it": null, "toilets:wheelchair": null, "addr:ghanapostgps": null, "alt_name:en": null, "addr:community": null, "building:material": null, "roof:material": null, "addr:country": null, "addr:place": null, "fax": null, "note": null, "opening_hours:visitors": null }, "geometry": { "type": "Point", "coordinates": [ -2.5424768, 5.0756155 ] } },
{ "type": "Feature", "properties": { "element": "node", "id": 7775836840, "amenity": "hospital", "name": "Accra West Medical Centre", "opening_hours": null, "healthcare": null, "addr:city": null, "addr:street": null, "healthcare:speciality": null, "disabled": null, "emergency": null, "operator": null, "addr:suburb": null, "phone": null, "type": null, "contact:phone": null, "contact:website": null, "check_date": null, "email": null, "operator:type": null, "ownership": null, "description": null, "addr:housenumber": null, "source": null, "fixme": null, "addr:full": null, "beds": null, "wikidata": null, "wikipedia": null, "short_name": null, "level": null, "dispensing": null, "electricity": null, "health_amenity:type": null, "insurance:health": null, "operational_status": null, "water_source": null, "wheelchair": null, "website": null, "branch": null, "internet_access": null, "payment:cash": null, "payment:cards": null, "payment:credit_cards": null, "payment:debit_cards": null, "addr:postcode": null, "addr:region": null, "contact:facebook": null, "operator:wikidata": null, "mobile": null, "name:ar": null, "alt_name": null, "building": null, "name:de": null, "internet_access:fee": null, "old_name": null, "name:en": null, "official_name": null, "building:levels": null, "denomination": null, "name:fr": null, "layer": null, "barrier": null, "brand": null, "contact:email": null, "landuse": null, "name:it": null, "toilets:wheelchair": null, "addr:ghanapostgps": null, "alt_name:en": null, "addr:community": null, "building:material": null, "roof:material": null, "addr:country": null, "addr:place": null, "fax": null, "note": null, "opening_hours:visitors": null }, "geometry": { "type": "Point", "coordinates": [ -0.3262091, 5.5463886 ] } },
{ "type": "Feature", "properties": { "element": "node", "id": 7777502131, "amenity": "hospital", "name": null, "opening_hours": null, "healthcare": null, "addr:city": null, "addr:street": null, "healthcare:speciality": null, "disabled": null, "emergency": null, "operator": null, "addr:suburb": null, "phone": null, "type": null, "contact:phone": null, "contact:website": null, "check_date": null, "email": null, "operator:type": null, "ownership": null, "description": null, "addr:housenumber": null, "source": null, "fixme": null, "addr:full": null, "beds": null, "wikidata": null, "wikipedia": null, "short_name": null, "level": null, "dispensing": null, "electricity": null, "health_amenity:type": null, "insurance:health": null, "operational_status": null, "water_source": null, "wheelchair": null, "website": null, "branch": null, "internet_access": null, "payment:cash": null, "payment:cards": null, "payment:credit_cards": null, "payment:debit_cards": null, "addr:postcode": null, "addr:region": null, "contact:facebook": null, "operator:wikidata": null, "mobile": null, "name:ar": null, "alt_name": null, "building": null, "name:de": null, "internet_access:fee": null, "old_name": null, "name:en": null, "official_name": null, "building:levels": null, "denomination": null, "name:fr": null, "layer": null, "barrier": null, "brand": null, "contact:email": null, "landuse": null, "name:it": null, "toilets:wheelchair": null, "addr:ghanapostgps": null, "alt_name:en": null, "addr:community": null, "building:material": null, "roof:material": null, "addr:country": null, "addr:place": null, "fax": null, "note": null, "opening_hours:visitors": null }, "geometry": { "type": "Point", "coordinates": [ -0.3232397, 5.5534886 ] } },
{ "type": "Feature", "properties": { "element": "node", "id": 7781261486, "amenity": "hospital", "name": "Wegbe Kpalime Health Centre", "opening_hours": null, "healthcare": "hospital", "addr:city": null, "addr:street": null, "healthcare:speciality": null, "disabled": null, "emergency": null, "operator": null, "addr:suburb": null, "phone": null, "type": null, "contact:phone": null, "contact:website": null, "check_date": null, "email": null, "operator:type": null, "ownership": null, "description": null, "addr:housenumber": null, "source": null, "fixme": null, "addr:full": null, "beds": null, "wikidata": null, "wikipedia": null, "short_name": null, "level": null, "dispensing": null, "electricity": null, "health_amenity:type": null, "insurance:health": null, "operational_status": null, "water_source": null, "wheelchair": null, "website": null, "branch": null, "internet_access": null, "payment:cash": null, "payment:cards": null, "payment:credit_cards": null, "payment:debit_cards": null, "addr:postcode": null, "addr:region": null, "contact:facebook": null, "operator:wikidata": null, "mobile": null, "name:ar": null, "alt_name": null, "building": null, "name:de": null, "internet_access:fee": null, "old_name": null, "name:en": null, "official_name": null, "building:levels": null, "denomination": null, "name:fr": null, "layer": null, "barrier": null, "brand": null, "contact:email": null, "landuse": null, "name:it": null, "toilets:wheelchair": null, "addr:ghanapostgps": null, "alt_name:en": null, "addr:community": null, "building:material": null, "roof:material": null, "addr:country": null, "addr:place": null, "fax": null, "note": null, "opening_hours:visitors": null }, "geometry": { "type": "Point", "coordinates": [ 0.3431017, 6.6544992 ] } },
{ "type": "Feature", "properties": { "element": "node", "id": 7812008490, "amenity": "hospital", "name": "Mother-Love Hospital", "opening_hours": null, "healthcare": "hospital", "addr:city": null, "addr:street": null, "healthcare:speciality": null, "disabled": null, "emergency": null, "operator": "Mother-Love Co. Ltd", "addr:suburb": null, "phone": "+233 302552153", "type": null, "contact:phone": null, "contact:website": null, "check_date": null, "email": "info@motherlovehospital.com", "operator:type": null, "ownership": null, "description": null, "addr:housenumber": null, "source": null, "fixme": null, "addr:full": null, "beds": null, "wikidata": null, "wikipedia": null, "short_name": null, "level": null, "dispensing": null, "electricity": null, "health_amenity:type": null, "insurance:health": null, "operational_status": null, "water_source": null, "wheelchair": null, "website": "https://motherlovehospital.com/", "branch": null, "internet_access": null, "payment:cash": null, "payment:cards": null, "payment:credit_cards": null, "payment:debit_cards": null, "addr:postcode": null, "addr:region": null, "contact:facebook": null, "operator:wikidata": null, "mobile": null, "name:ar": null, "alt_name": null, "building": null, "name:de": null, "internet_access:fee": null, "old_name": null, "name:en": null, "official_name": null, "building:levels": null, "denomination": null, "name:fr": null, "layer": null, "barrier": null, "brand": null, "contact:email": null, "landuse": null, "name:it": null, "toilets:wheelchair": null, "addr:ghanapostgps": null, "alt_name:en": null, "addr:community": null, "building:material": null, "roof:material": null, "addr:country": null, "addr:place": null, "fax": null, "note": null, "opening_hours:visitors": null }, "geometry": { "type": "Point", "coordinates": [ -0.1663593, 5.7165452 ] } },
{ "type": "Feature", "properties": { "element": "node", "id": 7877561279, "amenity": "hospital", "name": "Dawa CHPS compound", "opening_hours": null, "healthcare": "hospital", "addr:city": null, "addr:street": null, "healthcare:speciality": null, "disabled": null, "emergency": null, "operator": null, "addr:suburb": null, "phone": null, "type": null, "contact:phone": null, "contact:website": null, "check_date": null, "email": null, "operator:type": null, "ownership": null, "description": null, "addr:housenumber": null, "source": null, "fixme": null, "addr:full": null, "beds": null, "wikidata": null, "wikipedia": null, "short_name": null, "level": null, "dispensing": null, "electricity": null, "health_amenity:type": null, "insurance:health": null, "operational_status": null, "water_source": null, "wheelchair": null, "website": null, "branch": null, "internet_access": null, "payment:cash": null, "payment:cards": null, "payment:credit_cards": null, "payment:debit_cards": null, "addr:postcode": null, "addr:region": null, "contact:facebook": null, "operator:wikidata": null, "mobile": null, "name:ar": null, "alt_name": null, "building": null, "name:de": null, "internet_access:fee": null, "old_name": null, "name:en": null, "official_name": null, "building:levels": null, "denomination": null, "name:fr": null, "layer": null, "barrier": null, "brand": null, "contact:email": null, "landuse": null, "name:it": null, "toilets:wheelchair": null, "addr:ghanapostgps": null, "alt_name:en": null, "addr:community": null, "building:material": null, "roof:material": null, "addr:country": null, "addr:place": null, "fax": null, "note": null, "opening_hours:visitors": null }, "geometry": { "type": "Point", "coordinates": [ 0.28651, 5.8646901 ] } },
{ "type": "Feature", "properties": { "element": "node", "id": 7931271385, "amenity": "hospital", "name": "Tsibu Health Center", "opening_hours": null, "healthcare": "hospital", "addr:city": null, "addr:street": null, "healthcare:speciality": null, "disabled": null, "emergency": null, "operator": null, "addr:suburb": null, "phone": null, "type": null, "contact:phone": null, "contact:website": null, "check_date": null, "email": null, "operator:type": null, "ownership": null, "description": null, "addr:housenumber": null, "source": null, "fixme": null, "addr:full": null, "beds": null, "wikidata": null, "wikipedia": null, "short_name": null, "level": null, "dispensing": null, "electricity": null, "health_amenity:type": null, "insurance:health": null, "operational_status": null, "water_source": null, "wheelchair": null, "website": null, "branch": null, "internet_access": null, "payment:cash": null, "payment:cards": null, "payment:credit_cards": null, "payment:debit_cards": null, "addr:postcode": null, "addr:region": null, "contact:facebook": null, "operator:wikidata": null, "mobile": null, "name:ar": null, "alt_name": null, "building": null, "name:de": null, "internet_access:fee": null, "old_name": null, "name:en": null, "official_name": null, "building:levels": null, "denomination": null, "name:fr": null, "layer": null, "barrier": null, "brand": null, "contact:email": null, "landuse": null, "name:it": null, "toilets:wheelchair": null, "addr:ghanapostgps": null, "alt_name:en": null, "addr:community": null, "building:material": null, "roof:material": null, "addr:country": null, "addr:place": null, "fax": null, "note": null, "opening_hours:visitors": null }, "geometry": { "type": "Point", "coordinates": [ 0.2786247, 6.5785123 ] } },
{ "type": "Feature", "properties": { "element": "node", "id": 7958938806, "amenity": "hospital", "name": "Medifem Multi-Specialist Hospital & Fertility Centre", "opening_hours": null, "healthcare": null, "addr:city": null, "addr:street": null, "healthcare:speciality": null, "disabled": null, "emergency": null, "operator": null, "addr:suburb": "Westland", "phone": "+233 302 433963", "type": null, "contact:phone": null, "contact:website": null, "check_date": null, "email": "info@medifemhospital.com", "operator:type": null, "ownership": null, "description": null, "addr:housenumber": null, "source": null, "fixme": null, "addr:full": null, "beds": null, "wikidata": null, "wikipedia": null, "short_name": null, "level": null, "dispensing": null, "electricity": null, "health_amenity:type": null, "insurance:health": null, "operational_status": null, "water_source": null, "wheelchair": null, "website": "https://medifemhospital.com/", "branch": "West Legon", "internet_access": null, "payment:cash": null, "payment:cards": null, "payment:credit_cards": null, "payment:debit_cards": null, "addr:postcode": null, "addr:region": null, "contact:facebook": null, "operator:wikidata": null, "mobile": null, "name:ar": null, "alt_name": null, "building": null, "name:de": null, "internet_access:fee": null, "old_name": null, "name:en": null, "official_name": null, "building:levels": null, "denomination": null, "name:fr": null, "layer": null, "barrier": null, "brand": null, "contact:email": null, "landuse": null, "name:it": null, "toilets:wheelchair": null, "addr:ghanapostgps": null, "alt_name:en": null, "addr:community": null, "building:material": null, "roof:material": null, "addr:country": null, "addr:place": null, "fax": null, "note": null, "opening_hours:visitors": null }, "geometry": { "type": "Point", "coordinates": [ -0.2060705, 5.6585279 ] } },
{ "type": "Feature", "properties": { "element": "node", "id": 8006985111, "amenity": "hospital", "name": "St. Gregory Catholic Hospital", "opening_hours": null, "healthcare": null, "addr:city": null, "addr:street": null, "healthcare:speciality": null, "disabled": null, "emergency": null, "operator": null, "addr:suburb": null, "phone": null, "type": null, "contact:phone": null, "contact:website": null, "check_date": null, "email": null, "operator:type": null, "ownership": null, "description": null, "addr:housenumber": null, "source": null, "fixme": null, "addr:full": null, "beds": null, "wikidata": null, "wikipedia": null, "short_name": null, "level": null, "dispensing": null, "electricity": null, "health_amenity:type": null, "insurance:health": null, "operational_status": null, "water_source": null, "wheelchair": null, "website": null, "branch": null, "internet_access": null, "payment:cash": null, "payment:cards": null, "payment:credit_cards": null, "payment:debit_cards": null, "addr:postcode": null, "addr:region": null, "contact:facebook": null, "operator:wikidata": null, "mobile": null, "name:ar": null, "alt_name": null, "building": null, "name:de": null, "internet_access:fee": null, "old_name": null, "name:en": null, "official_name": null, "building:levels": null, "denomination": null, "name:fr": null, "layer": null, "barrier": null, "brand": null, "contact:email": null, "landuse": null, "name:it": null, "toilets:wheelchair": null, "addr:ghanapostgps": null, "alt_name:en": null, "addr:community": null, "building:material": null, "roof:material": null, "addr:country": null, "addr:place": null, "fax": null, "note": null, "opening_hours:visitors": null }, "geometry": { "type": "Point", "coordinates": [ -0.4753579, 5.5238733 ] } },
{ "type": "Feature", "properties": { "element": "node", "id": 8070159326, "amenity": "hospital", "name": "Stanford Health", "opening_hours": null, "healthcare": null, "addr:city": null, "addr:street": null, "healthcare:speciality": null, "disabled": "no", "emergency": null, "operator": null, "addr:suburb": null, "phone": null, "type": null, "contact:phone": null, "contact:website": null, "check_date": null, "email": null, "operator:type": null, "ownership": null, "description": null, "addr:housenumber": null, "source": null, "fixme": null, "addr:full": null, "beds": null, "wikidata": null, "wikipedia": null, "short_name": null, "level": null, "dispensing": null, "electricity": null, "health_amenity:type": null, "insurance:health": null, "operational_status": null, "water_source": null, "wheelchair": null, "website": null, "branch": null, "internet_access": null, "payment:cash": null, "payment:cards": null, "payment:credit_cards": null, "payment:debit_cards": null, "addr:postcode": null, "addr:region": null, "contact:facebook": null, "operator:wikidata": null, "mobile": null, "name:ar": null, "alt_name": null, "building": null, "name:de": null, "internet_access:fee": null, "old_name": null, "name:en": null, "official_name": null, "building:levels": null, "denomination": null, "name:fr": null, "layer": null, "barrier": null, "brand": null, "contact:email": null, "landuse": null, "name:it": null, "toilets:wheelchair": null, "addr:ghanapostgps": null, "alt_name:en": null, "addr:community": null, "building:material": null, "roof:material": null, "addr:country": null, "addr:place": null, "fax": null, "note": null, "opening_hours:visitors": null }, "geometry": { "type": "Point", "coordinates": [ -1.0203137, 5.2651828 ] } },
{ "type": "Feature", "properties": { "element": "node", "id": 8070168590, "amenity": "hospital", "name": "Citadel Hospital", "opening_hours": null, "healthcare": "hospital", "addr:city": null, "addr:street": null, "healthcare:speciality": null, "disabled": null, "emergency": null, "operator": null, "addr:suburb": null, "phone": null, "type": null, "contact:phone": null, "contact:website": null, "check_date": null, "email": null, "operator:type": null, "ownership": null, "description": null, "addr:housenumber": null, "source": null, "fixme": null, "addr:full": null, "beds": null, "wikidata": null, "wikipedia": null, "short_name": null, "level": null, "dispensing": null, "electricity": null, "health_amenity:type": null, "insurance:health": null, "operational_status": null, "water_source": null, "wheelchair": null, "website": null, "branch": null, "internet_access": null, "payment:cash": null, "payment:cards": null, "payment:credit_cards": null, "payment:debit_cards": null, "addr:postcode": null, "addr:region": null, "contact:facebook": null, "operator:wikidata": null, "mobile": null, "name:ar": null, "alt_name": null, "building": null, "name:de": null, "internet_access:fee": null, "old_name": null, "name:en": null, "official_name": null, "building:levels": null, "denomination": null, "name:fr": null, "layer": null, "barrier": null, "brand": null, "contact:email": null, "landuse": null, "name:it": null, "toilets:wheelchair": null, "addr:ghanapostgps": null, "alt_name:en": null, "addr:community": null, "building:material": null, "roof:material": null, "addr:country": null, "addr:place": null, "fax": null, "note": null, "opening_hours:visitors": null }, "geometry": { "type": "Point", "coordinates": [ -0.2168298, 5.5964844 ] } },
{ "type": "Feature", "properties": { "element": "node", "id": 8071501404, "amenity": "hospital", "name": "Jubail Specialist Hospital", "opening_hours": null, "healthcare": "hospital", "addr:city": null, "addr:street": null, "healthcare:speciality": "fertility", "disabled": null, "emergency": "yes", "operator": null, "addr:suburb": null, "phone": null, "type": null, "contact:phone": null, "contact:website": null, "check_date": "2023-05-04", "email": null, "operator:type": "private", "ownership": null, "description": null, "addr:housenumber": null, "source": null, "fixme": null, "addr:full": null, "beds": null, "wikidata": null, "wikipedia": null, "short_name": null, "level": null, "dispensing": null, "electricity": null, "health_amenity:type": null, "insurance:health": null, "operational_status": null, "water_source": null, "wheelchair": null, "website": null, "branch": null, "internet_access": null, "payment:cash": null, "payment:cards": null, "payment:credit_cards": null, "payment:debit_cards": null, "addr:postcode": null, "addr:region": null, "contact:facebook": null, "operator:wikidata": null, "mobile": null, "name:ar": null, "alt_name": null, "building": null, "name:de": null, "internet_access:fee": null, "old_name": null, "name:en": null, "official_name": null, "building:levels": null, "denomination": null, "name:fr": null, "layer": null, "barrier": null, "brand": null, "contact:email": null, "landuse": null, "name:it": null, "toilets:wheelchair": null, "addr:ghanapostgps": null, "alt_name:en": null, "addr:community": null, "building:material": null, "roof:material": null, "addr:country": null, "addr:place": null, "fax": null, "note": null, "opening_hours:visitors": null }, "geometry": { "type": "Point", "coordinates": [ -0.052081, 5.6256371 ] } },
{ "type": "Feature", "properties": { "element": "node", "id": 8279034723, "amenity": "hospital", "name": "New Tafo Government Hospital", "opening_hours": null, "healthcare": "hospital", "addr:city": null, "addr:street": null, "healthcare:speciality": null, "disabled": null, "emergency": "yes", "operator": "Ministry Of Health", "addr:suburb": null, "phone": null, "type": null, "contact:phone": null, "contact:website": null, "check_date": null, "email": null, "operator:type": "public", "ownership": null, "description": null, "addr:housenumber": null, "source": null, "fixme": null, "addr:full": null, "beds": null, "wikidata": null, "wikipedia": null, "short_name": null, "level": null, "dispensing": null, "electricity": null, "health_amenity:type": null, "insurance:health": null, "operational_status": null, "water_source": null, "wheelchair": "yes", "website": null, "branch": null, "internet_access": null, "payment:cash": null, "payment:cards": null, "payment:credit_cards": null, "payment:debit_cards": null, "addr:postcode": null, "addr:region": null, "contact:facebook": null, "operator:wikidata": null, "mobile": null, "name:ar": null, "alt_name": null, "building": null, "name:de": null, "internet_access:fee": null, "old_name": null, "name:en": null, "official_name": null, "building:levels": null, "denomination": null, "name:fr": null, "layer": null, "barrier": null, "brand": null, "contact:email": null, "landuse": null, "name:it": null, "toilets:wheelchair": null, "addr:ghanapostgps": null, "alt_name:en": null, "addr:community": null, "building:material": null, "roof:material": null, "addr:country": null, "addr:place": null, "fax": null, "note": null, "opening_hours:visitors": null }, "geometry": { "type": "Point", "coordinates": [ -0.3660381, 6.2308156 ] } },
{ "type": "Feature", "properties": { "element": "node", "id": 8355047237, "amenity": "hospital", "name": "Donkorkrom Presbyterian Hospital", "opening_hours": null, "healthcare": "hospital", "addr:city": null, "addr:street": null, "healthcare:speciality": null, "disabled": null, "emergency": null, "operator": null, "addr:suburb": null, "phone": "0848-22037", "type": null, "contact:phone": "0848-22037", "contact:website": null, "check_date": null, "email": null, "operator:type": null, "ownership": null, "description": null, "addr:housenumber": null, "source": null, "fixme": "Could use improvement: precise position /attaching to buildings.", "addr:full": "P.O. BOX 19", "beds": "74", "wikidata": "Q65067984", "wikipedia": "en:Donkorkrom Hospital", "short_name": null, "level": null, "dispensing": null, "electricity": null, "health_amenity:type": null, "insurance:health": null, "operational_status": null, "water_source": null, "wheelchair": null, "website": null, "branch": null, "internet_access": null, "payment:cash": null, "payment:cards": null, "payment:credit_cards": null, "payment:debit_cards": null, "addr:postcode": null, "addr:region": null, "contact:facebook": null, "operator:wikidata": null, "mobile": null, "name:ar": null, "alt_name": null, "building": null, "name:de": null, "internet_access:fee": null, "old_name": null, "name:en": null, "official_name": null, "building:levels": null, "denomination": null, "name:fr": null, "layer": null, "barrier": null, "brand": null, "contact:email": null, "landuse": null, "name:it": null, "toilets:wheelchair": null, "addr:ghanapostgps": null, "alt_name:en": null, "addr:community": null, "building:material": null, "roof:material": null, "addr:country": null, "addr:place": null, "fax": null, "note": null, "opening_hours:visitors": null }, "geometry": { "type": "Point", "coordinates": [ -0.0767851, 7.0486365 ] } },
{ "type": "Feature", "properties": { "element": "node", "id": 8499154369, "amenity": "hospital", "name": "Kwahu Afram Plains North District Helalth Directorate", "opening_hours": null, "healthcare": "hospital", "addr:city": null, "addr:street": null, "healthcare:speciality": null, "disabled": null, "emergency": null, "operator": "Ghana Health Service", "addr:suburb": null, "phone": null, "type": null, "contact:phone": null, "contact:website": null, "check_date": null, "email": null, "operator:type": "government", "ownership": null, "description": null, "addr:housenumber": null, "source": null, "fixme": null, "addr:full": null, "beds": null, "wikidata": null, "wikipedia": null, "short_name": null, "level": null, "dispensing": null, "electricity": null, "health_amenity:type": null, "insurance:health": null, "operational_status": null, "water_source": null, "wheelchair": null, "website": null, "branch": null, "internet_access": null, "payment:cash": null, "payment:cards": null, "payment:credit_cards": null, "payment:debit_cards": null, "addr:postcode": null, "addr:region": null, "contact:facebook": null, "operator:wikidata": null, "mobile": null, "name:ar": null, "alt_name": null, "building": null, "name:de": null, "internet_access:fee": null, "old_name": null, "name:en": null, "official_name": null, "building:levels": null, "denomination": null, "name:fr": null, "layer": null, "barrier": null, "brand": null, "contact:email": null, "landuse": null, "name:it": null, "toilets:wheelchair": null, "addr:ghanapostgps": null, "alt_name:en": null, "addr:community": null, "building:material": null, "roof:material": null, "addr:country": null, "addr:place": null, "fax": null, "note": null, "opening_hours:visitors": null }, "geometry": { "type": "Point", "coordinates": [ -0.0846019, 7.0470736 ] } },
{ "type": "Feature", "properties": { "element": "node", "id": 8499239350, "amenity": "hospital", "name": "Presbyterian Eye Clinic", "opening_hours": null, "healthcare": null, "addr:city": null, "addr:street": null, "healthcare:speciality": null, "disabled": null, "emergency": null, "operator": null, "addr:suburb": null, "phone": null, "type": null, "contact:phone": null, "contact:website": null, "check_date": null, "email": null, "operator:type": null, "ownership": null, "description": null, "addr:housenumber": null, "source": null, "fixme": null, "addr:full": null, "beds": null, "wikidata": null, "wikipedia": null, "short_name": null, "level": null, "dispensing": null, "electricity": null, "health_amenity:type": null, "insurance:health": null, "operational_status": null, "water_source": null, "wheelchair": null, "website": null, "branch": null, "internet_access": null, "payment:cash": null, "payment:cards": null, "payment:credit_cards": null, "payment:debit_cards": null, "addr:postcode": null, "addr:region": null, "contact:facebook": null, "operator:wikidata": null, "mobile": null, "name:ar": null, "alt_name": null, "building": null, "name:de": null, "internet_access:fee": null, "old_name": null, "name:en": null, "official_name": null, "building:levels": null, "denomination": null, "name:fr": null, "layer": null, "barrier": null, "brand": null, "contact:email": null, "landuse": null, "name:it": null, "toilets:wheelchair": null, "addr:ghanapostgps": null, "alt_name:en": null, "addr:community": null, "building:material": null, "roof:material": null, "addr:country": null, "addr:place": null, "fax": null, "note": null, "opening_hours:visitors": null }, "geometry": { "type": "Point", "coordinates": [ -0.0774028, 7.0493041 ] } },
{ "type": "Feature", "properties": { "element": "node", "id": 8523253501, "amenity": "hospital", "name": "Power House Hospital", "opening_hours": null, "healthcare": null, "addr:city": null, "addr:street": null, "healthcare:speciality": null, "disabled": null, "emergency": null, "operator": null, "addr:suburb": null, "phone": null, "type": null, "contact:phone": null, "contact:website": null, "check_date": null, "email": null, "operator:type": null, "ownership": null, "description": null, "addr:housenumber": null, "source": null, "fixme": null, "addr:full": null, "beds": null, "wikidata": null, "wikipedia": null, "short_name": null, "level": null, "dispensing": null, "electricity": null, "health_amenity:type": null, "insurance:health": null, "operational_status": null, "water_source": null, "wheelchair": null, "website": null, "branch": null, "internet_access": null, "payment:cash": null, "payment:cards": null, "payment:credit_cards": null, "payment:debit_cards": null, "addr:postcode": null, "addr:region": null, "contact:facebook": null, "operator:wikidata": null, "mobile": null, "name:ar": null, "alt_name": null, "building": null, "name:de": null, "internet_access:fee": null, "old_name": null, "name:en": null, "official_name": null, "building:levels": null, "denomination": null, "name:fr": null, "layer": null, "barrier": null, "brand": null, "contact:email": null, "landuse": null, "name:it": null, "toilets:wheelchair": null, "addr:ghanapostgps": null, "alt_name:en": null, "addr:community": null, "building:material": null, "roof:material": null, "addr:country": null, "addr:place": null, "fax": null, "note": null, "opening_hours:visitors": null }, "geometry": { "type": "Point", "coordinates": [ -1.6202898, 6.7297338 ] } },
{ "type": "Feature", "properties": { "element": "node", "id": 8566523856, "amenity": "hospital", "name": "Roseth community eye care", "opening_hours": null, "healthcare": "hospital", "addr:city": null, "addr:street": null, "healthcare:speciality": "ophthalmology", "disabled": null, "emergency": "yes", "operator": null, "addr:suburb": null, "phone": null, "type": null, "contact:phone": null, "contact:website": null, "check_date": null, "email": null, "operator:type": null, "ownership": null, "description": null, "addr:housenumber": null, "source": null, "fixme": null, "addr:full": null, "beds": null, "wikidata": null, "wikipedia": null, "short_name": null, "level": null, "dispensing": null, "electricity": null, "health_amenity:type": null, "insurance:health": null, "operational_status": null, "water_source": null, "wheelchair": null, "website": null, "branch": null, "internet_access": null, "payment:cash": null, "payment:cards": null, "payment:credit_cards": null, "payment:debit_cards": null, "addr:postcode": null, "addr:region": null, "contact:facebook": null, "operator:wikidata": null, "mobile": null, "name:ar": null, "alt_name": null, "building": null, "name:de": null, "internet_access:fee": null, "old_name": null, "name:en": null, "official_name": null, "building:levels": null, "denomination": null, "name:fr": null, "layer": null, "barrier": null, "brand": null, "contact:email": null, "landuse": null, "name:it": null, "toilets:wheelchair": null, "addr:ghanapostgps": null, "alt_name:en": null, "addr:community": null, "building:material": null, "roof:material": null, "addr:country": null, "addr:place": null, "fax": null, "note": null, "opening_hours:visitors": null }, "geometry": { "type": "Point", "coordinates": [ -1.4656783, 6.7176919 ] } },
{ "type": "Feature", "properties": { "element": "node", "id": 8592856359, "amenity": "hospital", "name": "Bodomase Clinic", "opening_hours": null, "healthcare": "nurse", "addr:city": null, "addr:street": null, "healthcare:speciality": "general", "disabled": null, "emergency": null, "operator": "Government of Ghana", "addr:suburb": null, "phone": null, "type": null, "contact:phone": null, "contact:website": null, "check_date": null, "email": null, "operator:type": "Government", "ownership": null, "description": null, "addr:housenumber": null, "source": null, "fixme": null, "addr:full": null, "beds": null, "wikidata": null, "wikipedia": null, "short_name": null, "level": null, "dispensing": null, "electricity": null, "health_amenity:type": null, "insurance:health": null, "operational_status": null, "water_source": null, "wheelchair": null, "website": null, "branch": null, "internet_access": null, "payment:cash": null, "payment:cards": null, "payment:credit_cards": null, "payment:debit_cards": null, "addr:postcode": null, "addr:region": null, "contact:facebook": null, "operator:wikidata": null, "mobile": null, "name:ar": null, "alt_name": null, "building": null, "name:de": null, "internet_access:fee": null, "old_name": null, "name:en": null, "official_name": null, "building:levels": null, "denomination": null, "name:fr": null, "layer": null, "barrier": null, "brand": null, "contact:email": null, "landuse": null, "name:it": null, "toilets:wheelchair": null, "addr:ghanapostgps": null, "alt_name:en": null, "addr:community": null, "building:material": null, "roof:material": null, "addr:country": null, "addr:place": null, "fax": null, "note": null, "opening_hours:visitors": null }, "geometry": { "type": "Point", "coordinates": [ -1.2519242, 6.8898446 ] } },
{ "type": "Feature", "properties": { "element": "node", "id": 8598911517, "amenity": "hospital", "name": "General Family Hospital", "opening_hours": null, "healthcare": null, "addr:city": null, "addr:street": "Zenu", "healthcare:speciality": null, "disabled": null, "emergency": null, "operator": null, "addr:suburb": null, "phone": null, "type": null, "contact:phone": null, "contact:website": null, "check_date": null, "email": null, "operator:type": null, "ownership": null, "description": null, "addr:housenumber": null, "source": null, "fixme": null, "addr:full": null, "beds": null, "wikidata": null, "wikipedia": null, "short_name": null, "level": null, "dispensing": null, "electricity": null, "health_amenity:type": null, "insurance:health": null, "operational_status": null, "water_source": null, "wheelchair": null, "website": null, "branch": null, "internet_access": null, "payment:cash": null, "payment:cards": null, "payment:credit_cards": null, "payment:debit_cards": null, "addr:postcode": null, "addr:region": null, "contact:facebook": null, "operator:wikidata": null, "mobile": null, "name:ar": null, "alt_name": null, "building": null, "name:de": null, "internet_access:fee": null, "old_name": null, "name:en": null, "official_name": null, "building:levels": null, "denomination": null, "name:fr": null, "layer": null, "barrier": null, "brand": null, "contact:email": null, "landuse": null, "name:it": null, "toilets:wheelchair": null, "addr:ghanapostgps": null, "alt_name:en": null, "addr:community": null, "building:material": null, "roof:material": null, "addr:country": null, "addr:place": null, "fax": null, "note": null, "opening_hours:visitors": null }, "geometry": { "type": "Point", "coordinates": [ -0.0579181, 5.7243467 ] } },
{ "type": "Feature", "properties": { "element": "node", "id": 8614141931, "amenity": "hospital", "name": "Jasikan District Hospital", "opening_hours": null, "healthcare": "hospital", "addr:city": null, "addr:street": null, "healthcare:speciality": null, "disabled": null, "emergency": null, "operator": null, "addr:suburb": null, "phone": null, "type": null, "contact:phone": null, "contact:website": null, "check_date": null, "email": null, "operator:type": null, "ownership": null, "description": null, "addr:housenumber": null, "source": null, "fixme": null, "addr:full": null, "beds": null, "wikidata": null, "wikipedia": null, "short_name": null, "level": null, "dispensing": null, "electricity": null, "health_amenity:type": null, "insurance:health": null, "operational_status": null, "water_source": null, "wheelchair": null, "website": null, "branch": null, "internet_access": null, "payment:cash": null, "payment:cards": null, "payment:credit_cards": null, "payment:debit_cards": null, "addr:postcode": null, "addr:region": null, "contact:facebook": null, "operator:wikidata": null, "mobile": null, "name:ar": null, "alt_name": null, "building": null, "name:de": null, "internet_access:fee": null, "old_name": null, "name:en": null, "official_name": null, "building:levels": null, "denomination": null, "name:fr": null, "layer": null, "barrier": null, "brand": null, "contact:email": null, "landuse": null, "name:it": null, "toilets:wheelchair": null, "addr:ghanapostgps": null, "alt_name:en": null, "addr:community": null, "building:material": null, "roof:material": null, "addr:country": null, "addr:place": null, "fax": null, "note": null, "opening_hours:visitors": null }, "geometry": { "type": "Point", "coordinates": [ 0.4638923, 7.4016712 ] } },
{ "type": "Feature", "properties": { "element": "node", "id": 8671720523, "amenity": "hospital", "name": "UBIDS Hospital", "opening_hours": null, "healthcare": null, "addr:city": null, "addr:street": null, "healthcare:speciality": null, "disabled": null, "emergency": null, "operator": null, "addr:suburb": null, "phone": null, "type": null, "contact:phone": null, "contact:website": null, "check_date": null, "email": null, "operator:type": null, "ownership": null, "description": "UBIDS Hospital is located few kilometers from the Main road", "addr:housenumber": null, "source": null, "fixme": null, "addr:full": null, "beds": null, "wikidata": null, "wikipedia": null, "short_name": null, "level": null, "dispensing": null, "electricity": null, "health_amenity:type": null, "insurance:health": null, "operational_status": null, "water_source": null, "wheelchair": null, "website": null, "branch": null, "internet_access": null, "payment:cash": null, "payment:cards": null, "payment:credit_cards": null, "payment:debit_cards": null, "addr:postcode": null, "addr:region": null, "contact:facebook": null, "operator:wikidata": null, "mobile": null, "name:ar": null, "alt_name": null, "building": null, "name:de": null, "internet_access:fee": null, "old_name": null, "name:en": null, "official_name": null, "building:levels": null, "denomination": null, "name:fr": null, "layer": null, "barrier": null, "brand": null, "contact:email": null, "landuse": null, "name:it": null, "toilets:wheelchair": null, "addr:ghanapostgps": null, "alt_name:en": null, "addr:community": null, "building:material": null, "roof:material": null, "addr:country": null, "addr:place": null, "fax": null, "note": null, "opening_hours:visitors": null }, "geometry": { "type": "Point", "coordinates": [ -2.4747012, 9.9906544 ] } },
{ "type": "Feature", "properties": { "element": "node", "id": 8901935412, "amenity": "hospital", "name": "St Patrick Hospital", "opening_hours": null, "healthcare": "hospital", "addr:city": null, "addr:street": null, "healthcare:speciality": null, "disabled": null, "emergency": null, "operator": null, "addr:suburb": null, "phone": null, "type": null, "contact:phone": null, "contact:website": null, "check_date": null, "email": null, "operator:type": null, "ownership": null, "description": null, "addr:housenumber": null, "source": null, "fixme": null, "addr:full": null, "beds": null, "wikidata": null, "wikipedia": null, "short_name": null, "level": null, "dispensing": null, "electricity": null, "health_amenity:type": null, "insurance:health": null, "operational_status": null, "water_source": null, "wheelchair": null, "website": null, "branch": null, "internet_access": null, "payment:cash": null, "payment:cards": null, "payment:credit_cards": null, "payment:debit_cards": null, "addr:postcode": null, "addr:region": null, "contact:facebook": null, "operator:wikidata": null, "mobile": null, "name:ar": null, "alt_name": null, "building": null, "name:de": null, "internet_access:fee": null, "old_name": null, "name:en": null, "official_name": null, "building:levels": null, "denomination": null, "name:fr": null, "layer": null, "barrier": null, "brand": null, "contact:email": null, "landuse": null, "name:it": null, "toilets:wheelchair": null, "addr:ghanapostgps": null, "alt_name:en": null, "addr:community": null, "building:material": null, "roof:material": null, "addr:country": null, "addr:place": null, "fax": null, "note": null, "opening_hours:visitors": null }, "geometry": { "type": "Point", "coordinates": [ 0.2870534, 6.9986394 ] } },
{ "type": "Feature", "properties": { "element": "node", "id": 8917516454, "amenity": "hospital", "name": "Dr Grace Momfi Eye Hospital", "opening_hours": null, "healthcare": "hospital", "addr:city": null, "addr:street": null, "healthcare:speciality": null, "disabled": null, "emergency": null, "operator": null, "addr:suburb": null, "phone": null, "type": null, "contact:phone": null, "contact:website": null, "check_date": null, "email": null, "operator:type": null, "ownership": null, "description": null, "addr:housenumber": null, "source": null, "fixme": null, "addr:full": null, "beds": null, "wikidata": null, "wikipedia": null, "short_name": null, "level": null, "dispensing": null, "electricity": null, "health_amenity:type": null, "insurance:health": null, "operational_status": null, "water_source": null, "wheelchair": null, "website": null, "branch": null, "internet_access": null, "payment:cash": null, "payment:cards": null, "payment:credit_cards": null, "payment:debit_cards": null, "addr:postcode": null, "addr:region": null, "contact:facebook": null, "operator:wikidata": null, "mobile": null, "name:ar": null, "alt_name": null, "building": null, "name:de": null, "internet_access:fee": null, "old_name": null, "name:en": null, "official_name": null, "building:levels": null, "denomination": null, "name:fr": null, "layer": null, "barrier": null, "brand": null, "contact:email": null, "landuse": null, "name:it": null, "toilets:wheelchair": null, "addr:ghanapostgps": null, "alt_name:en": null, "addr:community": null, "building:material": null, "roof:material": null, "addr:country": null, "addr:place": null, "fax": null, "note": null, "opening_hours:visitors": null }, "geometry": { "type": "Point", "coordinates": [ 0.4268626, 7.0538252 ] } },
{ "type": "Feature", "properties": { "element": "node", "id": 8946872399, "amenity": "hospital", "name": "Likpe Bakua Polyclinic", "opening_hours": null, "healthcare": null, "addr:city": null, "addr:street": null, "healthcare:speciality": null, "disabled": null, "emergency": null, "operator": null, "addr:suburb": null, "phone": null, "type": null, "contact:phone": null, "contact:website": null, "check_date": null, "email": null, "operator:type": null, "ownership": null, "description": null, "addr:housenumber": null, "source": null, "fixme": null, "addr:full": null, "beds": null, "wikidata": null, "wikipedia": null, "short_name": null, "level": null, "dispensing": null, "electricity": null, "health_amenity:type": null, "insurance:health": null, "operational_status": null, "water_source": null, "wheelchair": null, "website": null, "branch": null, "internet_access": null, "payment:cash": null, "payment:cards": null, "payment:credit_cards": null, "payment:debit_cards": null, "addr:postcode": null, "addr:region": null, "contact:facebook": null, "operator:wikidata": null, "mobile": null, "name:ar": null, "alt_name": null, "building": null, "name:de": null, "internet_access:fee": null, "old_name": null, "name:en": null, "official_name": null, "building:levels": null, "denomination": null, "name:fr": null, "layer": null, "barrier": null, "brand": null, "contact:email": null, "landuse": null, "name:it": null, "toilets:wheelchair": null, "addr:ghanapostgps": null, "alt_name:en": null, "addr:community": null, "building:material": null, "roof:material": null, "addr:country": null, "addr:place": null, "fax": null, "note": null, "opening_hours:visitors": null }, "geometry": { "type": "Point", "coordinates": [ 0.5824888, 7.1627998 ] } },
{ "type": "Feature", "properties": { "element": "node", "id": 8976806587, "amenity": "hospital", "name": "Atta Quarshie Merton Memorial Hospital", "opening_hours": null, "healthcare": null, "addr:city": null, "addr:street": null, "healthcare:speciality": null, "disabled": null, "emergency": null, "operator": null, "addr:suburb": null, "phone": null, "type": null, "contact:phone": null, "contact:website": null, "check_date": null, "email": null, "operator:type": null, "ownership": null, "description": null, "addr:housenumber": null, "source": null, "fixme": null, "addr:full": null, "beds": null, "wikidata": null, "wikipedia": null, "short_name": null, "level": null, "dispensing": null, "electricity": null, "health_amenity:type": null, "insurance:health": null, "operational_status": null, "water_source": null, "wheelchair": null, "website": null, "branch": null, "internet_access": null, "payment:cash": null, "payment:cards": null, "payment:credit_cards": null, "payment:debit_cards": null, "addr:postcode": null, "addr:region": null, "contact:facebook": null, "operator:wikidata": null, "mobile": null, "name:ar": null, "alt_name": null, "building": null, "name:de": null, "internet_access:fee": null, "old_name": null, "name:en": null, "official_name": null, "building:levels": null, "denomination": null, "name:fr": null, "layer": null, "barrier": null, "brand": null, "contact:email": null, "landuse": null, "name:it": null, "toilets:wheelchair": null, "addr:ghanapostgps": null, "alt_name:en": null, "addr:community": null, "building:material": null, "roof:material": null, "addr:country": null, "addr:place": null, "fax": null, "note": null, "opening_hours:visitors": null }, "geometry": { "type": "Point", "coordinates": [ -0.2137769, 5.5619488 ] } },
{ "type": "Feature", "properties": { "element": "node", "id": 8986152599, "amenity": "hospital", "name": "Sogakope Government Hospital", "opening_hours": null, "healthcare": "hospital", "addr:city": null, "addr:street": null, "healthcare:speciality": null, "disabled": null, "emergency": null, "operator": null, "addr:suburb": null, "phone": null, "type": null, "contact:phone": null, "contact:website": null, "check_date": null, "email": null, "operator:type": null, "ownership": null, "description": null, "addr:housenumber": null, "source": null, "fixme": null, "addr:full": null, "beds": null, "wikidata": null, "wikipedia": null, "short_name": null, "level": null, "dispensing": null, "electricity": null, "health_amenity:type": null, "insurance:health": null, "operational_status": null, "water_source": null, "wheelchair": null, "website": null, "branch": null, "internet_access": null, "payment:cash": null, "payment:cards": null, "payment:credit_cards": null, "payment:debit_cards": null, "addr:postcode": null, "addr:region": null, "contact:facebook": null, "operator:wikidata": null, "mobile": null, "name:ar": null, "alt_name": null, "building": null, "name:de": null, "internet_access:fee": null, "old_name": null, "name:en": null, "official_name": null, "building:levels": null, "denomination": null, "name:fr": null, "layer": null, "barrier": null, "brand": null, "contact:email": null, "landuse": null, "name:it": null, "toilets:wheelchair": null, "addr:ghanapostgps": null, "alt_name:en": null, "addr:community": null, "building:material": null, "roof:material": null, "addr:country": null, "addr:place": null, "fax": null, "note": null, "opening_hours:visitors": null }, "geometry": { "type": "Point", "coordinates": [ 0.5949088, 6.0013869 ] } },
{ "type": "Feature", "properties": { "element": "node", "id": 9366656210, "amenity": "hospital", "name": "Metro Health Hospital", "opening_hours": "24/7", "healthcare": null, "addr:city": null, "addr:street": null, "healthcare:speciality": null, "disabled": null, "emergency": null, "operator": null, "addr:suburb": null, "phone": null, "type": null, "contact:phone": null, "contact:website": null, "check_date": null, "email": null, "operator:type": null, "ownership": null, "description": null, "addr:housenumber": null, "source": null, "fixme": null, "addr:full": null, "beds": null, "wikidata": null, "wikipedia": null, "short_name": null, "level": null, "dispensing": null, "electricity": null, "health_amenity:type": null, "insurance:health": null, "operational_status": null, "water_source": null, "wheelchair": null, "website": null, "branch": null, "internet_access": null, "payment:cash": null, "payment:cards": null, "payment:credit_cards": null, "payment:debit_cards": null, "addr:postcode": null, "addr:region": null, "contact:facebook": null, "operator:wikidata": null, "mobile": null, "name:ar": null, "alt_name": null, "building": null, "name:de": null, "internet_access:fee": null, "old_name": null, "name:en": null, "official_name": null, "building:levels": null, "denomination": null, "name:fr": null, "layer": null, "barrier": null, "brand": null, "contact:email": null, "landuse": null, "name:it": null, "toilets:wheelchair": null, "addr:ghanapostgps": null, "alt_name:en": null, "addr:community": null, "building:material": null, "roof:material": null, "addr:country": null, "addr:place": null, "fax": null, "note": null, "opening_hours:visitors": null }, "geometry": { "type": "Point", "coordinates": [ -1.637644, 6.7088582 ] } },
{ "type": "Feature", "properties": { "element": "node", "id": 9469866678, "amenity": "hospital", "name": "McHenly's Medical Centre", "opening_hours": null, "healthcare": "hospital", "addr:city": "Accra", "addr:street": "Bathur Street", "healthcare:speciality": "general;optometry;teeth", "disabled": null, "emergency": null, "operator": "Dr. Henry", "addr:suburb": null, "phone": null, "type": null, "contact:phone": null, "contact:website": null, "check_date": null, "email": null, "operator:type": "private", "ownership": null, "description": null, "addr:housenumber": "24", "source": null, "fixme": null, "addr:full": null, "beds": null, "wikidata": null, "wikipedia": null, "short_name": null, "level": null, "dispensing": null, "electricity": null, "health_amenity:type": null, "insurance:health": null, "operational_status": null, "water_source": null, "wheelchair": null, "website": null, "branch": null, "internet_access": null, "payment:cash": null, "payment:cards": null, "payment:credit_cards": null, "payment:debit_cards": null, "addr:postcode": null, "addr:region": null, "contact:facebook": null, "operator:wikidata": null, "mobile": null, "name:ar": null, "alt_name": null, "building": null, "name:de": null, "internet_access:fee": null, "old_name": null, "name:en": null, "official_name": null, "building:levels": null, "denomination": null, "name:fr": null, "layer": null, "barrier": null, "brand": null, "contact:email": null, "landuse": null, "name:it": null, "toilets:wheelchair": null, "addr:ghanapostgps": null, "alt_name:en": null, "addr:community": null, "building:material": null, "roof:material": null, "addr:country": null, "addr:place": null, "fax": null, "note": null, "opening_hours:visitors": null }, "geometry": { "type": "Point", "coordinates": [ -0.1669205, 5.632815 ] } },
{ "type": "Feature", "properties": { "element": "node", "id": 9501906850, "amenity": "hospital", "name": "Star of Hope Hospital", "opening_hours": null, "healthcare": null, "addr:city": null, "addr:street": null, "healthcare:speciality": null, "disabled": null, "emergency": null, "operator": null, "addr:suburb": null, "phone": null, "type": null, "contact:phone": null, "contact:website": null, "check_date": null, "email": null, "operator:type": null, "ownership": null, "description": null, "addr:housenumber": null, "source": null, "fixme": null, "addr:full": null, "beds": null, "wikidata": null, "wikipedia": null, "short_name": null, "level": null, "dispensing": null, "electricity": null, "health_amenity:type": null, "insurance:health": null, "operational_status": null, "water_source": null, "wheelchair": null, "website": null, "branch": null, "internet_access": null, "payment:cash": null, "payment:cards": null, "payment:credit_cards": null, "payment:debit_cards": null, "addr:postcode": null, "addr:region": null, "contact:facebook": null, "operator:wikidata": null, "mobile": null, "name:ar": null, "alt_name": null, "building": null, "name:de": null, "internet_access:fee": null, "old_name": null, "name:en": null, "official_name": null, "building:levels": null, "denomination": null, "name:fr": null, "layer": null, "barrier": null, "brand": null, "contact:email": null, "landuse": null, "name:it": null, "toilets:wheelchair": null, "addr:ghanapostgps": null, "alt_name:en": null, "addr:community": null, "building:material": null, "roof:material": null, "addr:country": null, "addr:place": null, "fax": null, "note": null, "opening_hours:visitors": null }, "geometry": { "type": "Point", "coordinates": [ -2.4999113, 6.5054442 ] } },
{ "type": "Feature", "properties": { "element": "node", "id": 9664393652, "amenity": "hospital", "name": "Redeemer Hospital", "opening_hours": null, "healthcare": null, "addr:city": null, "addr:street": null, "healthcare:speciality": null, "disabled": null, "emergency": null, "operator": null, "addr:suburb": null, "phone": null, "type": null, "contact:phone": null, "contact:website": null, "check_date": null, "email": null, "operator:type": null, "ownership": null, "description": null, "addr:housenumber": null, "source": null, "fixme": null, "addr:full": null, "beds": null, "wikidata": null, "wikipedia": null, "short_name": null, "level": null, "dispensing": null, "electricity": null, "health_amenity:type": null, "insurance:health": null, "operational_status": null, "water_source": null, "wheelchair": null, "website": null, "branch": null, "internet_access": null, "payment:cash": null, "payment:cards": null, "payment:credit_cards": null, "payment:debit_cards": null, "addr:postcode": null, "addr:region": null, "contact:facebook": null, "operator:wikidata": null, "mobile": null, "name:ar": null, "alt_name": null, "building": null, "name:de": null, "internet_access:fee": null, "old_name": null, "name:en": null, "official_name": null, "building:levels": null, "denomination": null, "name:fr": null, "layer": null, "barrier": null, "brand": null, "contact:email": null, "landuse": null, "name:it": null, "toilets:wheelchair": null, "addr:ghanapostgps": null, "alt_name:en": null, "addr:community": null, "building:material": null, "roof:material": null, "addr:country": null, "addr:place": null, "fax": null, "note": null, "opening_hours:visitors": null }, "geometry": { "type": "Point", "coordinates": [ -2.0057638, 5.2842836 ] } },
{ "type": "Feature", "properties": { "element": "node", "id": 9765873388, "amenity": "hospital", "name": "Three Stone Hospital", "opening_hours": null, "healthcare": null, "addr:city": null, "addr:street": null, "healthcare:speciality": null, "disabled": null, "emergency": null, "operator": null, "addr:suburb": null, "phone": null, "type": null, "contact:phone": null, "contact:website": null, "check_date": null, "email": null, "operator:type": null, "ownership": null, "description": null, "addr:housenumber": null, "source": null, "fixme": null, "addr:full": null, "beds": null, "wikidata": null, "wikipedia": null, "short_name": null, "level": null, "dispensing": null, "electricity": null, "health_amenity:type": null, "insurance:health": null, "operational_status": null, "water_source": null, "wheelchair": null, "website": null, "branch": null, "internet_access": null, "payment:cash": null, "payment:cards": null, "payment:credit_cards": null, "payment:debit_cards": null, "addr:postcode": null, "addr:region": null, "contact:facebook": null, "operator:wikidata": null, "mobile": null, "name:ar": null, "alt_name": null, "building": null, "name:de": null, "internet_access:fee": null, "old_name": null, "name:en": null, "official_name": null, "building:levels": null, "denomination": null, "name:fr": null, "layer": null, "barrier": null, "brand": null, "contact:email": null, "landuse": null, "name:it": null, "toilets:wheelchair": null, "addr:ghanapostgps": null, "alt_name:en": null, "addr:community": null, "building:material": null, "roof:material": null, "addr:country": null, "addr:place": null, "fax": null, "note": null, "opening_hours:visitors": null }, "geometry": { "type": "Point", "coordinates": [ -1.6143899, 6.7156091 ] } },
{ "type": "Feature", "properties": { "element": "node", "id": 9765912576, "amenity": "hospital", "name": null, "opening_hours": null, "healthcare": null, "addr:city": null, "addr:street": null, "healthcare:speciality": null, "disabled": null, "emergency": null, "operator": null, "addr:suburb": null, "phone": null, "type": null, "contact:phone": null, "contact:website": null, "check_date": null, "email": null, "operator:type": null, "ownership": null, "description": null, "addr:housenumber": null, "source": null, "fixme": null, "addr:full": null, "beds": null, "wikidata": null, "wikipedia": null, "short_name": null, "level": null, "dispensing": null, "electricity": null, "health_amenity:type": null, "insurance:health": null, "operational_status": null, "water_source": null, "wheelchair": null, "website": null, "branch": null, "internet_access": null, "payment:cash": null, "payment:cards": null, "payment:credit_cards": null, "payment:debit_cards": null, "addr:postcode": null, "addr:region": null, "contact:facebook": null, "operator:wikidata": null, "mobile": null, "name:ar": null, "alt_name": null, "building": null, "name:de": null, "internet_access:fee": null, "old_name": null, "name:en": null, "official_name": null, "building:levels": null, "denomination": null, "name:fr": null, "layer": null, "barrier": null, "brand": null, "contact:email": null, "landuse": null, "name:it": null, "toilets:wheelchair": null, "addr:ghanapostgps": null, "alt_name:en": null, "addr:community": null, "building:material": null, "roof:material": null, "addr:country": null, "addr:place": null, "fax": null, "note": null, "opening_hours:visitors": null }, "geometry": { "type": "Point", "coordinates": [ -1.7907041, 6.692788 ] } },
{ "type": "Feature", "properties": { "element": "node", "id": 9765918910, "amenity": "hospital", "name": "Frimpong Boateng Medical Center", "opening_hours": null, "healthcare": null, "addr:city": null, "addr:street": null, "healthcare:speciality": null, "disabled": null, "emergency": null, "operator": null, "addr:suburb": null, "phone": null, "type": null, "contact:phone": null, "contact:website": null, "check_date": null, "email": null, "operator:type": null, "ownership": null, "description": null, "addr:housenumber": null, "source": null, "fixme": null, "addr:full": null, "beds": null, "wikidata": null, "wikipedia": null, "short_name": null, "level": null, "dispensing": null, "electricity": null, "health_amenity:type": null, "insurance:health": null, "operational_status": null, "water_source": null, "wheelchair": null, "website": null, "branch": null, "internet_access": null, "payment:cash": null, "payment:cards": null, "payment:credit_cards": null, "payment:debit_cards": null, "addr:postcode": null, "addr:region": null, "contact:facebook": null, "operator:wikidata": null, "mobile": null, "name:ar": null, "alt_name": null, "building": null, "name:de": null, "internet_access:fee": null, "old_name": null, "name:en": null, "official_name": null, "building:levels": null, "denomination": null, "name:fr": null, "layer": null, "barrier": null, "brand": null, "contact:email": null, "landuse": null, "name:it": null, "toilets:wheelchair": null, "addr:ghanapostgps": null, "alt_name:en": null, "addr:community": null, "building:material": null, "roof:material": null, "addr:country": null, "addr:place": null, "fax": null, "note": null, "opening_hours:visitors": null }, "geometry": { "type": "Point", "coordinates": [ -1.8205251, 6.6615016 ] } },
{ "type": "Feature", "properties": { "element": "node", "id": 9765933893, "amenity": "hospital", "name": "Ahwiaso Community Hospital", "opening_hours": null, "healthcare": null, "addr:city": null, "addr:street": null, "healthcare:speciality": null, "disabled": null, "emergency": null, "operator": null, "addr:suburb": null, "phone": null, "type": null, "contact:phone": null, "contact:website": null, "check_date": null, "email": null, "operator:type": null, "ownership": null, "description": null, "addr:housenumber": null, "source": null, "fixme": null, "addr:full": null, "beds": null, "wikidata": null, "wikipedia": null, "short_name": null, "level": null, "dispensing": null, "electricity": null, "health_amenity:type": null, "insurance:health": null, "operational_status": null, "water_source": null, "wheelchair": null, "website": null, "branch": null, "internet_access": null, "payment:cash": null, "payment:cards": null, "payment:credit_cards": null, "payment:debit_cards": null, "addr:postcode": null, "addr:region": null, "contact:facebook": null, "operator:wikidata": null, "mobile": null, "name:ar": null, "alt_name": null, "building": null, "name:de": null, "internet_access:fee": null, "old_name": null, "name:en": null, "official_name": null, "building:levels": null, "denomination": null, "name:fr": null, "layer": null, "barrier": null, "brand": null, "contact:email": null, "landuse": null, "name:it": null, "toilets:wheelchair": null, "addr:ghanapostgps": null, "alt_name:en": null, "addr:community": null, "building:material": null, "roof:material": null, "addr:country": null, "addr:place": null, "fax": null, "note": null, "opening_hours:visitors": null }, "geometry": { "type": "Point", "coordinates": [ -2.2501706, 6.3157621 ] } },
{ "type": "Feature", "properties": { "element": "node", "id": 9845769217, "amenity": "hospital", "name": "Lebanon Community Hospital", "opening_hours": "24/7", "healthcare": null, "addr:city": null, "addr:street": null, "healthcare:speciality": null, "disabled": null, "emergency": null, "operator": null, "addr:suburb": null, "phone": "+233244592623", "type": null, "contact:phone": null, "contact:website": null, "check_date": null, "email": null, "operator:type": null, "ownership": null, "description": null, "addr:housenumber": null, "source": null, "fixme": null, "addr:full": null, "beds": null, "wikidata": null, "wikipedia": null, "short_name": null, "level": null, "dispensing": null, "electricity": null, "health_amenity:type": null, "insurance:health": null, "operational_status": null, "water_source": null, "wheelchair": null, "website": null, "branch": null, "internet_access": null, "payment:cash": null, "payment:cards": null, "payment:credit_cards": null, "payment:debit_cards": null, "addr:postcode": null, "addr:region": null, "contact:facebook": null, "operator:wikidata": null, "mobile": null, "name:ar": null, "alt_name": null, "building": null, "name:de": null, "internet_access:fee": null, "old_name": null, "name:en": null, "official_name": null, "building:levels": null, "denomination": null, "name:fr": null, "layer": null, "barrier": null, "brand": null, "contact:email": null, "landuse": null, "name:it": null, "toilets:wheelchair": null, "addr:ghanapostgps": null, "alt_name:en": null, "addr:community": null, "building:material": null, "roof:material": null, "addr:country": null, "addr:place": null, "fax": null, "note": null, "opening_hours:visitors": null }, "geometry": { "type": "Point", "coordinates": [ -0.0578471, 5.720567 ] } },
{ "type": "Feature", "properties": { "element": "node", "id": 9993853912, "amenity": "hospital", "name": "Zion Praise Hospital", "opening_hours": null, "healthcare": null, "addr:city": null, "addr:street": null, "healthcare:speciality": null, "disabled": null, "emergency": null, "operator": null, "addr:suburb": null, "phone": null, "type": null, "contact:phone": null, "contact:website": null, "check_date": null, "email": null, "operator:type": null, "ownership": null, "description": null, "addr:housenumber": null, "source": null, "fixme": null, "addr:full": null, "beds": null, "wikidata": null, "wikipedia": null, "short_name": null, "level": null, "dispensing": null, "electricity": null, "health_amenity:type": null, "insurance:health": null, "operational_status": null, "water_source": null, "wheelchair": null, "website": null, "branch": null, "internet_access": null, "payment:cash": null, "payment:cards": null, "payment:credit_cards": null, "payment:debit_cards": null, "addr:postcode": null, "addr:region": null, "contact:facebook": null, "operator:wikidata": null, "mobile": null, "name:ar": null, "alt_name": null, "building": null, "name:de": null, "internet_access:fee": null, "old_name": null, "name:en": null, "official_name": null, "building:levels": null, "denomination": null, "name:fr": null, "layer": null, "barrier": null, "brand": null, "contact:email": null, "landuse": null, "name:it": null, "toilets:wheelchair": null, "addr:ghanapostgps": null, "alt_name:en": null, "addr:community": null, "building:material": null, "roof:material": null, "addr:country": null, "addr:place": null, "fax": null, "note": null, "opening_hours:visitors": null }, "geometry": { "type": "Point", "coordinates": [ -1.5135318, 6.8417548 ] } },
{ "type": "Feature", "properties": { "element": "node", "id": 10035656333, "amenity": "hospital", "name": "Atasomanso hospital", "opening_hours": null, "healthcare": "hospital", "addr:city": null, "addr:street": null, "healthcare:speciality": "general;gynaecology", "disabled": null, "emergency": null, "operator": null, "addr:suburb": null, "phone": null, "type": null, "contact:phone": null, "contact:website": null, "check_date": null, "email": null, "operator:type": null, "ownership": null, "description": null, "addr:housenumber": null, "source": null, "fixme": null, "addr:full": null, "beds": null, "wikidata": null, "wikipedia": null, "short_name": null, "level": null, "dispensing": null, "electricity": null, "health_amenity:type": null, "insurance:health": null, "operational_status": null, "water_source": null, "wheelchair": null, "website": null, "branch": null, "internet_access": null, "payment:cash": null, "payment:cards": null, "payment:credit_cards": null, "payment:debit_cards": null, "addr:postcode": null, "addr:region": null, "contact:facebook": null, "operator:wikidata": null, "mobile": null, "name:ar": null, "alt_name": null, "building": null, "name:de": null, "internet_access:fee": null, "old_name": null, "name:en": null, "official_name": null, "building:levels": null, "denomination": null, "name:fr": null, "layer": null, "barrier": null, "brand": null, "contact:email": null, "landuse": null, "name:it": null, "toilets:wheelchair": null, "addr:ghanapostgps": null, "alt_name:en": null, "addr:community": null, "building:material": null, "roof:material": null, "addr:country": null, "addr:place": null, "fax": null, "note": null, "opening_hours:visitors": null }, "geometry": { "type": "Point", "coordinates": [ -1.6332336, 6.6521749 ] } },
{ "type": "Feature", "properties": { "element": "node", "id": 10235810501, "amenity": "hospital", "name": "Yizura Hospital", "opening_hours": null, "healthcare": "hospital", "addr:city": null, "addr:street": null, "healthcare:speciality": null, "disabled": null, "emergency": null, "operator": null, "addr:suburb": null, "phone": null, "type": null, "contact:phone": null, "contact:website": null, "check_date": null, "email": null, "operator:type": null, "ownership": "private", "description": null, "addr:housenumber": null, "source": null, "fixme": null, "addr:full": null, "beds": null, "wikidata": null, "wikipedia": null, "short_name": null, "level": null, "dispensing": null, "electricity": null, "health_amenity:type": null, "insurance:health": null, "operational_status": null, "water_source": null, "wheelchair": null, "website": null, "branch": null, "internet_access": null, "payment:cash": null, "payment:cards": null, "payment:credit_cards": null, "payment:debit_cards": null, "addr:postcode": null, "addr:region": null, "contact:facebook": null, "operator:wikidata": null, "mobile": null, "name:ar": null, "alt_name": null, "building": null, "name:de": null, "internet_access:fee": null, "old_name": null, "name:en": null, "official_name": null, "building:levels": null, "denomination": null, "name:fr": null, "layer": null, "barrier": null, "brand": null, "contact:email": null, "landuse": null, "name:it": null, "toilets:wheelchair": null, "addr:ghanapostgps": null, "alt_name:en": null, "addr:community": null, "building:material": null, "roof:material": null, "addr:country": null, "addr:place": null, "fax": null, "note": null, "opening_hours:visitors": null }, "geometry": { "type": "Point", "coordinates": [ -1.7276745, 8.0467708 ] } },
{ "type": "Feature", "properties": { "element": "node", "id": 10265776948, "amenity": "hospital", "name": "Methodist Hospital", "opening_hours": null, "healthcare": null, "addr:city": null, "addr:street": null, "healthcare:speciality": null, "disabled": null, "emergency": null, "operator": "Ghana Health Service", "addr:suburb": null, "phone": null, "type": null, "contact:phone": null, "contact:website": null, "check_date": null, "email": null, "operator:type": null, "ownership": null, "description": null, "addr:housenumber": null, "source": null, "fixme": null, "addr:full": null, "beds": null, "wikidata": null, "wikipedia": null, "short_name": null, "level": null, "dispensing": null, "electricity": null, "health_amenity:type": null, "insurance:health": null, "operational_status": null, "water_source": null, "wheelchair": null, "website": null, "branch": null, "internet_access": null, "payment:cash": null, "payment:cards": null, "payment:credit_cards": null, "payment:debit_cards": null, "addr:postcode": null, "addr:region": null, "contact:facebook": null, "operator:wikidata": null, "mobile": null, "name:ar": null, "alt_name": null, "building": null, "name:de": null, "internet_access:fee": null, "old_name": null, "name:en": null, "official_name": null, "building:levels": null, "denomination": null, "name:fr": null, "layer": null, "barrier": null, "brand": null, "contact:email": null, "landuse": null, "name:it": null, "toilets:wheelchair": null, "addr:ghanapostgps": null, "alt_name:en": null, "addr:community": null, "building:material": null, "roof:material": null, "addr:country": null, "addr:place": null, "fax": null, "note": null, "opening_hours:visitors": null }, "geometry": { "type": "Point", "coordinates": [ -1.5437239, 5.5552366 ] } },
{ "type": "Feature", "properties": { "element": "node", "id": 10285786226, "amenity": "hospital", "name": "Wellmark Specialist Hospital", "opening_hours": null, "healthcare": null, "addr:city": null, "addr:street": null, "healthcare:speciality": null, "disabled": null, "emergency": "yes", "operator": null, "addr:suburb": null, "phone": null, "type": null, "contact:phone": null, "contact:website": null, "check_date": null, "email": null, "operator:type": null, "ownership": null, "description": null, "addr:housenumber": null, "source": null, "fixme": null, "addr:full": null, "beds": null, "wikidata": null, "wikipedia": null, "short_name": null, "level": null, "dispensing": null, "electricity": null, "health_amenity:type": null, "insurance:health": null, "operational_status": null, "water_source": null, "wheelchair": null, "website": null, "branch": null, "internet_access": null, "payment:cash": null, "payment:cards": null, "payment:credit_cards": null, "payment:debit_cards": null, "addr:postcode": null, "addr:region": null, "contact:facebook": null, "operator:wikidata": null, "mobile": null, "name:ar": null, "alt_name": null, "building": null, "name:de": null, "internet_access:fee": null, "old_name": null, "name:en": null, "official_name": null, "building:levels": null, "denomination": null, "name:fr": null, "layer": null, "barrier": null, "brand": null, "contact:email": null, "landuse": null, "name:it": null, "toilets:wheelchair": null, "addr:ghanapostgps": null, "alt_name:en": null, "addr:community": null, "building:material": null, "roof:material": null, "addr:country": null, "addr:place": null, "fax": null, "note": null, "opening_hours:visitors": null }, "geometry": { "type": "Point", "coordinates": [ -0.1933658, 5.681192 ] } },
{ "type": "Feature", "properties": { "element": "node", "id": 10537834823, "amenity": "hospital", "name": "Inkoom Hospital", "opening_hours": null, "healthcare": "hospital", "addr:city": null, "addr:street": null, "healthcare:speciality": null, "disabled": null, "emergency": null, "operator": null, "addr:suburb": null, "phone": null, "type": null, "contact:phone": null, "contact:website": null, "check_date": null, "email": null, "operator:type": null, "ownership": null, "description": null, "addr:housenumber": null, "source": null, "fixme": null, "addr:full": null, "beds": null, "wikidata": null, "wikipedia": null, "short_name": null, "level": null, "dispensing": null, "electricity": null, "health_amenity:type": null, "insurance:health": null, "operational_status": null, "water_source": null, "wheelchair": null, "website": null, "branch": null, "internet_access": null, "payment:cash": null, "payment:cards": null, "payment:credit_cards": null, "payment:debit_cards": null, "addr:postcode": null, "addr:region": null, "contact:facebook": null, "operator:wikidata": null, "mobile": null, "name:ar": null, "alt_name": null, "building": null, "name:de": null, "internet_access:fee": null, "old_name": null, "name:en": null, "official_name": null, "building:levels": null, "denomination": null, "name:fr": null, "layer": null, "barrier": null, "brand": null, "contact:email": null, "landuse": null, "name:it": null, "toilets:wheelchair": null, "addr:ghanapostgps": null, "alt_name:en": null, "addr:community": null, "building:material": null, "roof:material": null, "addr:country": null, "addr:place": null, "fax": null, "note": null, "opening_hours:visitors": null }, "geometry": { "type": "Point", "coordinates": [ -0.0983326, 5.6337052 ] } },
{ "type": "Feature", "properties": { "element": "node", "id": 10639721427, "amenity": "hospital", "name": "Bemuah Royal Hospital", "opening_hours": null, "healthcare": null, "addr:city": null, "addr:street": null, "healthcare:speciality": null, "disabled": null, "emergency": null, "operator": null, "addr:suburb": null, "phone": null, "type": null, "contact:phone": null, "contact:website": null, "check_date": null, "email": null, "operator:type": null, "ownership": null, "description": null, "addr:housenumber": null, "source": null, "fixme": null, "addr:full": null, "beds": null, "wikidata": null, "wikipedia": null, "short_name": null, "level": null, "dispensing": null, "electricity": null, "health_amenity:type": null, "insurance:health": null, "operational_status": null, "water_source": null, "wheelchair": null, "website": null, "branch": null, "internet_access": null, "payment:cash": null, "payment:cards": null, "payment:credit_cards": null, "payment:debit_cards": null, "addr:postcode": null, "addr:region": null, "contact:facebook": null, "operator:wikidata": null, "mobile": null, "name:ar": null, "alt_name": null, "building": null, "name:de": null, "internet_access:fee": null, "old_name": null, "name:en": null, "official_name": null, "building:levels": null, "denomination": null, "name:fr": null, "layer": null, "barrier": null, "brand": null, "contact:email": null, "landuse": null, "name:it": null, "toilets:wheelchair": null, "addr:ghanapostgps": null, "alt_name:en": null, "addr:community": null, "building:material": null, "roof:material": null, "addr:country": null, "addr:place": null, "fax": null, "note": null, "opening_hours:visitors": null }, "geometry": { "type": "Point", "coordinates": [ -0.1568956, 5.6459731 ] } },
{ "type": "Feature", "properties": { "element": "node", "id": 10675393233, "amenity": "hospital", "name": "Agogo Presbyterian hospital", "opening_hours": null, "healthcare": "hospital", "addr:city": null, "addr:street": null, "healthcare:speciality": null, "disabled": null, "emergency": null, "operator": null, "addr:suburb": null, "phone": null, "type": null, "contact:phone": null, "contact:website": null, "check_date": null, "email": null, "operator:type": null, "ownership": null, "description": null, "addr:housenumber": null, "source": null, "fixme": null, "addr:full": null, "beds": null, "wikidata": null, "wikipedia": null, "short_name": null, "level": null, "dispensing": null, "electricity": null, "health_amenity:type": null, "insurance:health": null, "operational_status": null, "water_source": null, "wheelchair": null, "website": null, "branch": null, "internet_access": null, "payment:cash": null, "payment:cards": null, "payment:credit_cards": null, "payment:debit_cards": null, "addr:postcode": null, "addr:region": null, "contact:facebook": null, "operator:wikidata": null, "mobile": null, "name:ar": null, "alt_name": null, "building": null, "name:de": null, "internet_access:fee": null, "old_name": null, "name:en": null, "official_name": null, "building:levels": null, "denomination": null, "name:fr": null, "layer": null, "barrier": null, "brand": null, "contact:email": null, "landuse": null, "name:it": null, "toilets:wheelchair": null, "addr:ghanapostgps": null, "alt_name:en": null, "addr:community": null, "building:material": null, "roof:material": null, "addr:country": null, "addr:place": null, "fax": null, "note": null, "opening_hours:visitors": null }, "geometry": { "type": "Point", "coordinates": [ -1.0855078, 6.7965698 ] } },
{ "type": "Feature", "properties": { "element": "node", "id": 10751464160, "amenity": "hospital", "name": null, "opening_hours": null, "healthcare": null, "addr:city": null, "addr:street": null, "healthcare:speciality": null, "disabled": null, "emergency": null, "operator": null, "addr:suburb": null, "phone": null, "type": null, "contact:phone": null, "contact:website": null, "check_date": null, "email": null, "operator:type": null, "ownership": null, "description": null, "addr:housenumber": null, "source": null, "fixme": null, "addr:full": null, "beds": null, "wikidata": null, "wikipedia": null, "short_name": null, "level": null, "dispensing": null, "electricity": null, "health_amenity:type": null, "insurance:health": null, "operational_status": null, "water_source": null, "wheelchair": null, "website": null, "branch": null, "internet_access": null, "payment:cash": null, "payment:cards": null, "payment:credit_cards": null, "payment:debit_cards": null, "addr:postcode": null, "addr:region": null, "contact:facebook": null, "operator:wikidata": null, "mobile": null, "name:ar": null, "alt_name": null, "building": null, "name:de": null, "internet_access:fee": null, "old_name": null, "name:en": null, "official_name": null, "building:levels": null, "denomination": null, "name:fr": null, "layer": null, "barrier": null, "brand": null, "contact:email": null, "landuse": null, "name:it": null, "toilets:wheelchair": null, "addr:ghanapostgps": null, "alt_name:en": null, "addr:community": null, "building:material": null, "roof:material": null, "addr:country": null, "addr:place": null, "fax": null, "note": null, "opening_hours:visitors": null }, "geometry": { "type": "Point", "coordinates": [ -2.6839137, 9.8262678 ] } },
{ "type": "Feature", "properties": { "element": "node", "id": 10833790628, "amenity": "hospital", "name": "St. Andrew Catholic Hospital", "opening_hours": null, "healthcare": null, "addr:city": null, "addr:street": null, "healthcare:speciality": null, "disabled": null, "emergency": null, "operator": null, "addr:suburb": "Kordiabe", "phone": "+233 24 488 6193", "type": null, "contact:phone": null, "contact:website": null, "check_date": null, "email": "info@standrewchk.org", "operator:type": null, "ownership": null, "description": null, "addr:housenumber": null, "source": null, "fixme": null, "addr:full": null, "beds": null, "wikidata": null, "wikipedia": null, "short_name": null, "level": null, "dispensing": null, "electricity": null, "health_amenity:type": null, "insurance:health": null, "operational_status": null, "water_source": null, "wheelchair": null, "website": "https://standrewchk.org/", "branch": null, "internet_access": null, "payment:cash": null, "payment:cards": null, "payment:credit_cards": null, "payment:debit_cards": null, "addr:postcode": null, "addr:region": null, "contact:facebook": null, "operator:wikidata": null, "mobile": null, "name:ar": null, "alt_name": null, "building": null, "name:de": null, "internet_access:fee": null, "old_name": null, "name:en": null, "official_name": null, "building:levels": null, "denomination": null, "name:fr": null, "layer": null, "barrier": null, "brand": null, "contact:email": null, "landuse": null, "name:it": null, "toilets:wheelchair": null, "addr:ghanapostgps": null, "alt_name:en": null, "addr:community": null, "building:material": null, "roof:material": null, "addr:country": null, "addr:place": null, "fax": null, "note": null, "opening_hours:visitors": null }, "geometry": { "type": "Point", "coordinates": [ 0.0176784, 5.9244617 ] } },
{ "type": "Feature", "properties": { "element": "node", "id": 10875126402, "amenity": "hospital", "name": "Opoku Agyemang Hospital", "opening_hours": null, "healthcare": null, "addr:city": null, "addr:street": null, "healthcare:speciality": null, "disabled": null, "emergency": null, "operator": null, "addr:suburb": null, "phone": null, "type": null, "contact:phone": null, "contact:website": null, "check_date": null, "email": null, "operator:type": null, "ownership": null, "description": null, "addr:housenumber": null, "source": null, "fixme": null, "addr:full": null, "beds": null, "wikidata": null, "wikipedia": null, "short_name": null, "level": null, "dispensing": null, "electricity": null, "health_amenity:type": null, "insurance:health": null, "operational_status": null, "water_source": null, "wheelchair": null, "website": null, "branch": null, "internet_access": null, "payment:cash": null, "payment:cards": null, "payment:credit_cards": null, "payment:debit_cards": null, "addr:postcode": null, "addr:region": null, "contact:facebook": null, "operator:wikidata": null, "mobile": null, "name:ar": null, "alt_name": null, "building": null, "name:de": null, "internet_access:fee": null, "old_name": null, "name:en": null, "official_name": null, "building:levels": null, "denomination": null, "name:fr": null, "layer": null, "barrier": null, "brand": null, "contact:email": null, "landuse": null, "name:it": null, "toilets:wheelchair": null, "addr:ghanapostgps": null, "alt_name:en": null, "addr:community": null, "building:material": null, "roof:material": null, "addr:country": null, "addr:place": null, "fax": null, "note": null, "opening_hours:visitors": null }, "geometry": { "type": "Point", "coordinates": [ -1.9370078, 7.5625319 ] } },
{ "type": "Feature", "properties": { "element": "node", "id": 10891372645, "amenity": "hospital", "name": "Alpha and Omega Chiropractic Health Care", "opening_hours": "24/7", "healthcare": "alternative", "addr:city": null, "addr:street": null, "healthcare:speciality": "chiropractic", "disabled": null, "emergency": null, "operator": null, "addr:suburb": null, "phone": "+233 55 918 2810; +233 27 263 1964", "type": null, "contact:phone": null, "contact:website": null, "check_date": "2023-05-12", "email": "drnunoo@gmail.com", "operator:type": null, "ownership": null, "description": "Chiropractor care; all natural, safe and effective", "addr:housenumber": null, "source": "local knowledge", "fixme": null, "addr:full": null, "beds": null, "wikidata": null, "wikipedia": null, "short_name": null, "level": null, "dispensing": null, "electricity": null, "health_amenity:type": null, "insurance:health": null, "operational_status": null, "water_source": null, "wheelchair": "yes", "website": "https://www.nkawkawcity.com", "branch": null, "internet_access": "no", "payment:cash": "yes", "payment:cards": null, "payment:credit_cards": null, "payment:debit_cards": null, "addr:postcode": null, "addr:region": null, "contact:facebook": null, "operator:wikidata": null, "mobile": null, "name:ar": null, "alt_name": null, "building": null, "name:de": null, "internet_access:fee": null, "old_name": null, "name:en": null, "official_name": null, "building:levels": null, "denomination": null, "name:fr": null, "layer": null, "barrier": null, "brand": null, "contact:email": null, "landuse": null, "name:it": null, "toilets:wheelchair": null, "addr:ghanapostgps": null, "alt_name:en": null, "addr:community": null, "building:material": null, "roof:material": null, "addr:country": null, "addr:place": null, "fax": null, "note": null, "opening_hours:visitors": null }, "geometry": { "type": "Point", "coordinates": [ -0.0733104, 5.6478002 ] } },
{ "type": "Feature", "properties": { "element": "node", "id": 10913158607, "amenity": "hospital", "name": "Owusu Memorial Hospital", "opening_hours": null, "healthcare": null, "addr:city": null, "addr:street": null, "healthcare:speciality": null, "disabled": null, "emergency": null, "operator": null, "addr:suburb": null, "phone": null, "type": null, "contact:phone": null, "contact:website": null, "check_date": null, "email": null, "operator:type": null, "ownership": null, "description": null, "addr:housenumber": null, "source": null, "fixme": null, "addr:full": null, "beds": null, "wikidata": null, "wikipedia": null, "short_name": null, "level": null, "dispensing": null, "electricity": null, "health_amenity:type": null, "insurance:health": null, "operational_status": null, "water_source": null, "wheelchair": null, "website": null, "branch": null, "internet_access": null, "payment:cash": null, "payment:cards": null, "payment:credit_cards": null, "payment:debit_cards": null, "addr:postcode": null, "addr:region": null, "contact:facebook": null, "operator:wikidata": null, "mobile": null, "name:ar": null, "alt_name": null, "building": null, "name:de": null, "internet_access:fee": null, "old_name": null, "name:en": null, "official_name": null, "building:levels": null, "denomination": null, "name:fr": null, "layer": null, "barrier": null, "brand": null, "contact:email": null, "landuse": null, "name:it": null, "toilets:wheelchair": null, "addr:ghanapostgps": null, "alt_name:en": null, "addr:community": null, "building:material": null, "roof:material": null, "addr:country": null, "addr:place": null, "fax": null, "note": null, "opening_hours:visitors": null }, "geometry": { "type": "Point", "coordinates": [ -2.332524, 7.3271126 ] } },
{ "type": "Feature", "properties": { "element": "node", "id": 10957156755, "amenity": "hospital", "name": "Landmark Medical Center", "opening_hours": null, "healthcare": "hospital", "addr:city": null, "addr:street": null, "healthcare:speciality": "general;clinic", "disabled": null, "emergency": null, "operator": null, "addr:suburb": null, "phone": "+233 30 340 8195; +233 30 340 8196", "type": null, "contact:phone": null, "contact:website": null, "check_date": "2023-06-05", "email": null, "operator:type": "private", "ownership": null, "description": null, "addr:housenumber": null, "source": null, "fixme": null, "addr:full": null, "beds": null, "wikidata": null, "wikipedia": null, "short_name": null, "level": null, "dispensing": null, "electricity": null, "health_amenity:type": null, "insurance:health": null, "operational_status": null, "water_source": null, "wheelchair": "yes", "website": null, "branch": null, "internet_access": "no", "payment:cash": null, "payment:cards": "no", "payment:credit_cards": "no", "payment:debit_cards": "no", "addr:postcode": null, "addr:region": null, "contact:facebook": null, "operator:wikidata": null, "mobile": null, "name:ar": null, "alt_name": null, "building": null, "name:de": null, "internet_access:fee": null, "old_name": null, "name:en": null, "official_name": null, "building:levels": null, "denomination": null, "name:fr": null, "layer": null, "barrier": null, "brand": null, "contact:email": null, "landuse": null, "name:it": null, "toilets:wheelchair": null, "addr:ghanapostgps": null, "alt_name:en": null, "addr:community": null, "building:material": null, "roof:material": null, "addr:country": null, "addr:place": null, "fax": null, "note": null, "opening_hours:visitors": null }, "geometry": { "type": "Point", "coordinates": [ -0.075951, 5.6535323 ] } },
{ "type": "Feature", "properties": { "element": "node", "id": 11013126270, "amenity": "hospital", "name": null, "opening_hours": null, "healthcare": "hospital", "addr:city": null, "addr:street": null, "healthcare:speciality": null, "disabled": null, "emergency": null, "operator": null, "addr:suburb": null, "phone": null, "type": null, "contact:phone": null, "contact:website": null, "check_date": null, "email": null, "operator:type": null, "ownership": null, "description": null, "addr:housenumber": null, "source": null, "fixme": null, "addr:full": null, "beds": null, "wikidata": null, "wikipedia": null, "short_name": null, "level": null, "dispensing": null, "electricity": null, "health_amenity:type": null, "insurance:health": null, "operational_status": null, "water_source": null, "wheelchair": null, "website": null, "branch": null, "internet_access": null, "payment:cash": null, "payment:cards": null, "payment:credit_cards": null, "payment:debit_cards": null, "addr:postcode": null, "addr:region": null, "contact:facebook": null, "operator:wikidata": null, "mobile": null, "name:ar": null, "alt_name": null, "building": null, "name:de": null, "internet_access:fee": null, "old_name": null, "name:en": null, "official_name": null, "building:levels": null, "denomination": null, "name:fr": null, "layer": null, "barrier": null, "brand": null, "contact:email": null, "landuse": null, "name:it": null, "toilets:wheelchair": null, "addr:ghanapostgps": null, "alt_name:en": null, "addr:community": null, "building:material": null, "roof:material": null, "addr:country": null, "addr:place": null, "fax": null, "note": null, "opening_hours:visitors": null }, "geometry": { "type": "Point", "coordinates": [ 0.3199154, 9.7107233 ] } },
{ "type": "Feature", "properties": { "element": "node", "id": 11082706568, "amenity": "hospital", "name": "Scanport Healthcare and Medical Imaging", "opening_hours": null, "healthcare": "hospital", "addr:city": "Accra", "addr:street": "Eduardo Mohdlana Road", "healthcare:speciality": "radiology;otolaryngology;cardiology", "disabled": null, "emergency": null, "operator": "Scanport Medical Diagnostics", "addr:suburb": null, "phone": null, "type": null, "contact:phone": null, "contact:website": null, "check_date": null, "email": null, "operator:type": "private", "ownership": null, "description": null, "addr:housenumber": "667/1", "source": null, "fixme": null, "addr:full": null, "beds": null, "wikidata": null, "wikipedia": null, "short_name": null, "level": null, "dispensing": null, "electricity": null, "health_amenity:type": null, "insurance:health": null, "operational_status": null, "water_source": null, "wheelchair": null, "website": null, "branch": null, "internet_access": null, "payment:cash": null, "payment:cards": null, "payment:credit_cards": null, "payment:debit_cards": null, "addr:postcode": "GA320", "addr:region": null, "contact:facebook": null, "operator:wikidata": null, "mobile": null, "name:ar": null, "alt_name": null, "building": null, "name:de": null, "internet_access:fee": null, "old_name": null, "name:en": null, "official_name": null, "building:levels": null, "denomination": null, "name:fr": null, "layer": null, "barrier": null, "brand": null, "contact:email": null, "landuse": null, "name:it": null, "toilets:wheelchair": null, "addr:ghanapostgps": null, "alt_name:en": null, "addr:community": null, "building:material": null, "roof:material": null, "addr:country": null, "addr:place": null, "fax": null, "note": null, "opening_hours:visitors": null }, "geometry": { "type": "Point", "coordinates": [ -0.2372229, 5.5328819 ] } },
{ "type": "Feature", "properties": { "element": "node", "id": 11092611928, "amenity": "hospital", "name": null, "opening_hours": null, "healthcare": "hospital", "addr:city": null, "addr:street": null, "healthcare:speciality": null, "disabled": null, "emergency": null, "operator": null, "addr:suburb": null, "phone": null, "type": null, "contact:phone": null, "contact:website": null, "check_date": null, "email": null, "operator:type": null, "ownership": null, "description": null, "addr:housenumber": null, "source": null, "fixme": null, "addr:full": null, "beds": null, "wikidata": null, "wikipedia": null, "short_name": null, "level": null, "dispensing": null, "electricity": null, "health_amenity:type": null, "insurance:health": null, "operational_status": null, "water_source": null, "wheelchair": null, "website": null, "branch": null, "internet_access": null, "payment:cash": null, "payment:cards": null, "payment:credit_cards": null, "payment:debit_cards": null, "addr:postcode": null, "addr:region": null, "contact:facebook": null, "operator:wikidata": null, "mobile": null, "name:ar": null, "alt_name": null, "building": null, "name:de": null, "internet_access:fee": null, "old_name": null, "name:en": null, "official_name": null, "building:levels": null, "denomination": null, "name:fr": null, "layer": null, "barrier": null, "brand": null, "contact:email": null, "landuse": null, "name:it": null, "toilets:wheelchair": null, "addr:ghanapostgps": null, "alt_name:en": null, "addr:community": null, "building:material": null, "roof:material": null, "addr:country": null, "addr:place": null, "fax": null, "note": null, "opening_hours:visitors": null }, "geometry": { "type": "Point", "coordinates": [ 0.1956762, 9.6699604 ] } },
{ "type": "Feature", "properties": { "element": "node", "id": 11096901399, "amenity": "hospital", "name": null, "opening_hours": null, "healthcare": "hospital", "addr:city": null, "addr:street": null, "healthcare:speciality": null, "disabled": null, "emergency": null, "operator": null, "addr:suburb": null, "phone": null, "type": null, "contact:phone": null, "contact:website": null, "check_date": null, "email": null, "operator:type": null, "ownership": null, "description": null, "addr:housenumber": null, "source": null, "fixme": null, "addr:full": null, "beds": null, "wikidata": null, "wikipedia": null, "short_name": null, "level": null, "dispensing": null, "electricity": null, "health_amenity:type": null, "insurance:health": null, "operational_status": null, "water_source": null, "wheelchair": null, "website": null, "branch": null, "internet_access": null, "payment:cash": null, "payment:cards": null, "payment:credit_cards": null, "payment:debit_cards": null, "addr:postcode": null, "addr:region": null, "contact:facebook": null, "operator:wikidata": null, "mobile": null, "name:ar": null, "alt_name": null, "building": null, "name:de": null, "internet_access:fee": null, "old_name": null, "name:en": null, "official_name": null, "building:levels": null, "denomination": null, "name:fr": null, "layer": null, "barrier": null, "brand": null, "contact:email": null, "landuse": null, "name:it": null, "toilets:wheelchair": null, "addr:ghanapostgps": null, "alt_name:en": null, "addr:community": null, "building:material": null, "roof:material": null, "addr:country": null, "addr:place": null, "fax": null, "note": null, "opening_hours:visitors": null }, "geometry": { "type": "Point", "coordinates": [ 0.2478952, 9.6709789 ] } },
{ "type": "Feature", "properties": { "element": "node", "id": 11097151722, "amenity": "hospital", "name": "Graceland Specialist Hospital", "opening_hours": null, "healthcare": "hospital", "addr:city": null, "addr:street": null, "healthcare:speciality": null, "disabled": null, "emergency": null, "operator": null, "addr:suburb": "Appiadu", "phone": null, "type": null, "contact:phone": null, "contact:website": null, "check_date": null, "email": null, "operator:type": null, "ownership": null, "description": null, "addr:housenumber": null, "source": null, "fixme": null, "addr:full": null, "beds": null, "wikidata": null, "wikipedia": null, "short_name": null, "level": null, "dispensing": null, "electricity": null, "health_amenity:type": null, "insurance:health": null, "operational_status": null, "water_source": null, "wheelchair": null, "website": null, "branch": null, "internet_access": null, "payment:cash": null, "payment:cards": null, "payment:credit_cards": null, "payment:debit_cards": null, "addr:postcode": null, "addr:region": null, "contact:facebook": null, "operator:wikidata": null, "mobile": null, "name:ar": null, "alt_name": null, "building": null, "name:de": null, "internet_access:fee": null, "old_name": null, "name:en": null, "official_name": null, "building:levels": null, "denomination": null, "name:fr": null, "layer": null, "barrier": null, "brand": null, "contact:email": null, "landuse": null, "name:it": null, "toilets:wheelchair": null, "addr:ghanapostgps": null, "alt_name:en": null, "addr:community": null, "building:material": null, "roof:material": null, "addr:country": null, "addr:place": null, "fax": null, "note": null, "opening_hours:visitors": null }, "geometry": { "type": "Point", "coordinates": [ -1.5293751, 6.6624402 ] } },
{ "type": "Feature", "properties": { "element": "node", "id": 11181499537, "amenity": "hospital", "name": "Yilo Krobo District Hospital", "opening_hours": null, "healthcare": null, "addr:city": null, "addr:street": null, "healthcare:speciality": null, "disabled": null, "emergency": null, "operator": null, "addr:suburb": null, "phone": null, "type": null, "contact:phone": null, "contact:website": null, "check_date": null, "email": null, "operator:type": null, "ownership": null, "description": null, "addr:housenumber": null, "source": null, "fixme": null, "addr:full": null, "beds": null, "wikidata": null, "wikipedia": null, "short_name": null, "level": null, "dispensing": null, "electricity": null, "health_amenity:type": null, "insurance:health": null, "operational_status": null, "water_source": null, "wheelchair": null, "website": null, "branch": null, "internet_access": null, "payment:cash": null, "payment:cards": null, "payment:credit_cards": null, "payment:debit_cards": null, "addr:postcode": null, "addr:region": null, "contact:facebook": null, "operator:wikidata": null, "mobile": null, "name:ar": null, "alt_name": null, "building": null, "name:de": null, "internet_access:fee": null, "old_name": null, "name:en": null, "official_name": null, "building:levels": null, "denomination": null, "name:fr": null, "layer": null, "barrier": null, "brand": null, "contact:email": null, "landuse": null, "name:it": null, "toilets:wheelchair": null, "addr:ghanapostgps": null, "alt_name:en": null, "addr:community": null, "building:material": null, "roof:material": null, "addr:country": null, "addr:place": null, "fax": null, "note": null, "opening_hours:visitors": null }, "geometry": { "type": "Point", "coordinates": [ -0.029313, 6.0699971 ] } },
{ "type": "Feature", "properties": { "element": "node", "id": 11246707167, "amenity": "hospital", "name": "Fountain Medical Services", "opening_hours": null, "healthcare": null, "addr:city": null, "addr:street": null, "healthcare:speciality": null, "disabled": null, "emergency": null, "operator": null, "addr:suburb": null, "phone": null, "type": null, "contact:phone": null, "contact:website": null, "check_date": null, "email": null, "operator:type": null, "ownership": null, "description": null, "addr:housenumber": null, "source": null, "fixme": null, "addr:full": null, "beds": null, "wikidata": null, "wikipedia": null, "short_name": null, "level": null, "dispensing": null, "electricity": null, "health_amenity:type": null, "insurance:health": null, "operational_status": null, "water_source": null, "wheelchair": null, "website": null, "branch": null, "internet_access": null, "payment:cash": null, "payment:cards": null, "payment:credit_cards": null, "payment:debit_cards": null, "addr:postcode": null, "addr:region": "Volta", "contact:facebook": null, "operator:wikidata": null, "mobile": null, "name:ar": null, "alt_name": null, "building": null, "name:de": null, "internet_access:fee": null, "old_name": null, "name:en": null, "official_name": null, "building:levels": null, "denomination": null, "name:fr": null, "layer": null, "barrier": null, "brand": null, "contact:email": null, "landuse": null, "name:it": null, "toilets:wheelchair": null, "addr:ghanapostgps": null, "alt_name:en": null, "addr:community": null, "building:material": null, "roof:material": null, "addr:country": null, "addr:place": null, "fax": null, "note": null, "opening_hours:visitors": null }, "geometry": { "type": "Point", "coordinates": [ 0.5180955, 6.5959653 ] } },
{ "type": "Feature", "properties": { "element": "node", "id": 11301392321, "amenity": "hospital", "name": null, "opening_hours": null, "healthcare": null, "addr:city": null, "addr:street": null, "healthcare:speciality": null, "disabled": null, "emergency": null, "operator": null, "addr:suburb": null, "phone": null, "type": null, "contact:phone": null, "contact:website": null, "check_date": null, "email": null, "operator:type": null, "ownership": null, "description": null, "addr:housenumber": null, "source": null, "fixme": null, "addr:full": null, "beds": null, "wikidata": null, "wikipedia": null, "short_name": null, "level": null, "dispensing": null, "electricity": null, "health_amenity:type": null, "insurance:health": null, "operational_status": null, "water_source": null, "wheelchair": null, "website": null, "branch": null, "internet_access": null, "payment:cash": null, "payment:cards": null, "payment:credit_cards": null, "payment:debit_cards": null, "addr:postcode": null, "addr:region": null, "contact:facebook": null, "operator:wikidata": null, "mobile": null, "name:ar": null, "alt_name": null, "building": null, "name:de": null, "internet_access:fee": null, "old_name": null, "name:en": null, "official_name": null, "building:levels": null, "denomination": null, "name:fr": null, "layer": null, "barrier": null, "brand": null, "contact:email": null, "landuse": null, "name:it": null, "toilets:wheelchair": null, "addr:ghanapostgps": null, "alt_name:en": null, "addr:community": null, "building:material": null, "roof:material": null, "addr:country": null, "addr:place": null, "fax": null, "note": null, "opening_hours:visitors": null }, "geometry": { "type": "Point", "coordinates": [ -1.7894229, 6.6919796 ] } },
{ "type": "Feature", "properties": { "element": "node", "id": 11400048516, "amenity": "hospital", "name": "King Medical Consult", "opening_hours": null, "healthcare": "hospital", "addr:city": null, "addr:street": null, "healthcare:speciality": null, "disabled": null, "emergency": null, "operator": null, "addr:suburb": null, "phone": null, "type": null, "contact:phone": null, "contact:website": null, "check_date": null, "email": null, "operator:type": null, "ownership": null, "description": null, "addr:housenumber": null, "source": null, "fixme": null, "addr:full": null, "beds": null, "wikidata": null, "wikipedia": null, "short_name": null, "level": null, "dispensing": null, "electricity": null, "health_amenity:type": null, "insurance:health": null, "operational_status": null, "water_source": null, "wheelchair": null, "website": null, "branch": null, "internet_access": null, "payment:cash": null, "payment:cards": null, "payment:credit_cards": null, "payment:debit_cards": null, "addr:postcode": null, "addr:region": null, "contact:facebook": null, "operator:wikidata": null, "mobile": null, "name:ar": null, "alt_name": null, "building": null, "name:de": null, "internet_access:fee": null, "old_name": null, "name:en": null, "official_name": null, "building:levels": null, "denomination": null, "name:fr": null, "layer": null, "barrier": null, "brand": null, "contact:email": null, "landuse": null, "name:it": null, "toilets:wheelchair": null, "addr:ghanapostgps": null, "alt_name:en": null, "addr:community": null, "building:material": null, "roof:material": null, "addr:country": null, "addr:place": null, "fax": null, "note": null, "opening_hours:visitors": null }, "geometry": { "type": "Point", "coordinates": [ -1.6433981, 6.6639225 ] } },
{ "type": "Feature", "properties": { "element": "node", "id": 11400065120, "amenity": "hospital", "name": "peace And love Hospital", "opening_hours": null, "healthcare": "hospital", "addr:city": null, "addr:street": null, "healthcare:speciality": null, "disabled": null, "emergency": null, "operator": null, "addr:suburb": null, "phone": null, "type": null, "contact:phone": null, "contact:website": null, "check_date": null, "email": null, "operator:type": null, "ownership": null, "description": null, "addr:housenumber": null, "source": null, "fixme": null, "addr:full": null, "beds": null, "wikidata": null, "wikipedia": null, "short_name": null, "level": null, "dispensing": null, "electricity": null, "health_amenity:type": null, "insurance:health": null, "operational_status": null, "water_source": null, "wheelchair": null, "website": null, "branch": null, "internet_access": null, "payment:cash": null, "payment:cards": null, "payment:credit_cards": null, "payment:debit_cards": null, "addr:postcode": null, "addr:region": null, "contact:facebook": null, "operator:wikidata": null, "mobile": null, "name:ar": null, "alt_name": null, "building": null, "name:de": null, "internet_access:fee": null, "old_name": null, "name:en": null, "official_name": null, "building:levels": null, "denomination": null, "name:fr": null, "layer": null, "barrier": null, "brand": null, "contact:email": null, "landuse": null, "name:it": null, "toilets:wheelchair": null, "addr:ghanapostgps": null, "alt_name:en": null, "addr:community": null, "building:material": null, "roof:material": null, "addr:country": null, "addr:place": null, "fax": null, "note": null, "opening_hours:visitors": null }, "geometry": { "type": "Point", "coordinates": [ -1.5306523, 6.7061049 ] } },
{ "type": "Feature", "properties": { "element": "node", "id": 11400090880, "amenity": "hospital", "name": "CD SPECIALIST HOSPITAL", "opening_hours": null, "healthcare": "hospital", "addr:city": null, "addr:street": null, "healthcare:speciality": null, "disabled": null, "emergency": null, "operator": null, "addr:suburb": null, "phone": null, "type": null, "contact:phone": null, "contact:website": null, "check_date": null, "email": null, "operator:type": null, "ownership": null, "description": null, "addr:housenumber": null, "source": null, "fixme": null, "addr:full": null, "beds": null, "wikidata": null, "wikipedia": null, "short_name": null, "level": null, "dispensing": null, "electricity": null, "health_amenity:type": null, "insurance:health": null, "operational_status": null, "water_source": null, "wheelchair": null, "website": null, "branch": null, "internet_access": null, "payment:cash": null, "payment:cards": null, "payment:credit_cards": null, "payment:debit_cards": null, "addr:postcode": null, "addr:region": null, "contact:facebook": null, "operator:wikidata": null, "mobile": null, "name:ar": null, "alt_name": null, "building": null, "name:de": null, "internet_access:fee": null, "old_name": null, "name:en": null, "official_name": null, "building:levels": null, "denomination": null, "name:fr": null, "layer": null, "barrier": null, "brand": null, "contact:email": null, "landuse": null, "name:it": null, "toilets:wheelchair": null, "addr:ghanapostgps": null, "alt_name:en": null, "addr:community": null, "building:material": null, "roof:material": null, "addr:country": null, "addr:place": null, "fax": null, "note": null, "opening_hours:visitors": null }, "geometry": { "type": "Point", "coordinates": [ -1.6352316, 6.6777774 ] } },
{ "type": "Feature", "properties": { "element": "node", "id": 11408642496, "amenity": "hospital", "name": "Ga North Municipal Hospital", "opening_hours": null, "healthcare": "hospital", "addr:city": null, "addr:street": null, "healthcare:speciality": null, "disabled": null, "emergency": null, "operator": null, "addr:suburb": null, "phone": null, "type": null, "contact:phone": null, "contact:website": null, "check_date": null, "email": null, "operator:type": null, "ownership": null, "description": null, "addr:housenumber": null, "source": null, "fixme": null, "addr:full": null, "beds": null, "wikidata": null, "wikipedia": null, "short_name": null, "level": null, "dispensing": null, "electricity": null, "health_amenity:type": null, "insurance:health": null, "operational_status": null, "water_source": null, "wheelchair": null, "website": null, "branch": null, "internet_access": null, "payment:cash": null, "payment:cards": null, "payment:credit_cards": null, "payment:debit_cards": null, "addr:postcode": null, "addr:region": null, "contact:facebook": null, "operator:wikidata": null, "mobile": null, "name:ar": null, "alt_name": null, "building": null, "name:de": null, "internet_access:fee": null, "old_name": null, "name:en": null, "official_name": null, "building:levels": null, "denomination": null, "name:fr": null, "layer": null, "barrier": null, "brand": null, "contact:email": null, "landuse": null, "name:it": null, "toilets:wheelchair": null, "addr:ghanapostgps": null, "alt_name:en": null, "addr:community": null, "building:material": null, "roof:material": null, "addr:country": null, "addr:place": null, "fax": null, "note": null, "opening_hours:visitors": null }, "geometry": { "type": "Point", "coordinates": [ -0.2778011, 5.6553167 ] } },
{ "type": "Feature", "properties": { "element": "node", "id": 11415633024, "amenity": "hospital", "name": "Speed Hospital", "opening_hours": null, "healthcare": "hospital", "addr:city": null, "addr:street": null, "healthcare:speciality": null, "disabled": null, "emergency": null, "operator": null, "addr:suburb": null, "phone": null, "type": null, "contact:phone": null, "contact:website": null, "check_date": null, "email": null, "operator:type": null, "ownership": null, "description": null, "addr:housenumber": null, "source": null, "fixme": "node position", "addr:full": null, "beds": null, "wikidata": null, "wikipedia": null, "short_name": null, "level": null, "dispensing": null, "electricity": null, "health_amenity:type": null, "insurance:health": null, "operational_status": null, "water_source": null, "wheelchair": null, "website": null, "branch": null, "internet_access": null, "payment:cash": null, "payment:cards": null, "payment:credit_cards": null, "payment:debit_cards": null, "addr:postcode": null, "addr:region": null, "contact:facebook": null, "operator:wikidata": null, "mobile": null, "name:ar": null, "alt_name": null, "building": null, "name:de": null, "internet_access:fee": null, "old_name": null, "name:en": null, "official_name": null, "building:levels": null, "denomination": null, "name:fr": null, "layer": null, "barrier": null, "brand": null, "contact:email": null, "landuse": null, "name:it": null, "toilets:wheelchair": null, "addr:ghanapostgps": null, "alt_name:en": null, "addr:community": null, "building:material": null, "roof:material": null, "addr:country": null, "addr:place": null, "fax": null, "note": null, "opening_hours:visitors": null }, "geometry": { "type": "Point", "coordinates": [ -0.029493, 5.7478647 ] } },
{ "type": "Feature", "properties": { "element": "node", "id": 11467012128, "amenity": "hospital", "name": "Abomosu Hospital", "opening_hours": null, "healthcare": "hospital", "addr:city": null, "addr:street": null, "healthcare:speciality": null, "disabled": null, "emergency": null, "operator": null, "addr:suburb": null, "phone": null, "type": null, "contact:phone": null, "contact:website": null, "check_date": null, "email": null, "operator:type": null, "ownership": null, "description": null, "addr:housenumber": null, "source": null, "fixme": null, "addr:full": null, "beds": null, "wikidata": null, "wikipedia": null, "short_name": null, "level": null, "dispensing": null, "electricity": null, "health_amenity:type": null, "insurance:health": null, "operational_status": null, "water_source": null, "wheelchair": null, "website": null, "branch": null, "internet_access": null, "payment:cash": null, "payment:cards": null, "payment:credit_cards": null, "payment:debit_cards": null, "addr:postcode": null, "addr:region": null, "contact:facebook": null, "operator:wikidata": null, "mobile": null, "name:ar": null, "alt_name": null, "building": null, "name:de": null, "internet_access:fee": null, "old_name": null, "name:en": null, "official_name": null, "building:levels": null, "denomination": null, "name:fr": null, "layer": null, "barrier": null, "brand": null, "contact:email": null, "landuse": null, "name:it": null, "toilets:wheelchair": null, "addr:ghanapostgps": null, "alt_name:en": null, "addr:community": null, "building:material": null, "roof:material": null, "addr:country": null, "addr:place": null, "fax": null, "note": null, "opening_hours:visitors": null }, "geometry": { "type": "Point", "coordinates": [ -0.734213, 6.3007816 ] } },
{ "type": "Feature", "properties": { "element": "node", "id": 11467012129, "amenity": "hospital", "name": "Abomosu Clinic", "opening_hours": null, "healthcare": "hospital", "addr:city": null, "addr:street": null, "healthcare:speciality": null, "disabled": null, "emergency": null, "operator": null, "addr:suburb": null, "phone": null, "type": null, "contact:phone": null, "contact:website": null, "check_date": null, "email": null, "operator:type": null, "ownership": null, "description": null, "addr:housenumber": null, "source": null, "fixme": null, "addr:full": null, "beds": null, "wikidata": null, "wikipedia": null, "short_name": null, "level": null, "dispensing": null, "electricity": null, "health_amenity:type": null, "insurance:health": null, "operational_status": null, "water_source": null, "wheelchair": null, "website": null, "branch": null, "internet_access": null, "payment:cash": null, "payment:cards": null, "payment:credit_cards": null, "payment:debit_cards": null, "addr:postcode": null, "addr:region": null, "contact:facebook": null, "operator:wikidata": null, "mobile": null, "name:ar": null, "alt_name": null, "building": null, "name:de": null, "internet_access:fee": null, "old_name": null, "name:en": null, "official_name": null, "building:levels": null, "denomination": null, "name:fr": null, "layer": null, "barrier": null, "brand": null, "contact:email": null, "landuse": null, "name:it": null, "toilets:wheelchair": null, "addr:ghanapostgps": null, "alt_name:en": null, "addr:community": null, "building:material": null, "roof:material": null, "addr:country": null, "addr:place": null, "fax": null, "note": null, "opening_hours:visitors": null }, "geometry": { "type": "Point", "coordinates": [ -0.7342024, 6.3001218 ] } },
{ "type": "Feature", "properties": { "element": "node", "id": 11539296141, "amenity": "hospital", "name": "Mauplus Health Care Service", "opening_hours": null, "healthcare": "hospital", "addr:city": null, "addr:street": "Dagomba Road", "healthcare:speciality": null, "disabled": null, "emergency": null, "operator": null, "addr:suburb": null, "phone": null, "type": null, "contact:phone": null, "contact:website": null, "check_date": null, "email": null, "operator:type": null, "ownership": null, "description": null, "addr:housenumber": "C556+CVP", "source": null, "fixme": null, "addr:full": null, "beds": null, "wikidata": null, "wikipedia": null, "short_name": null, "level": null, "dispensing": null, "electricity": null, "health_amenity:type": null, "insurance:health": null, "operational_status": null, "water_source": null, "wheelchair": null, "website": null, "branch": null, "internet_access": null, "payment:cash": null, "payment:cards": null, "payment:credit_cards": null, "payment:debit_cards": null, "addr:postcode": null, "addr:region": null, "contact:facebook": null, "operator:wikidata": null, "mobile": null, "name:ar": null, "alt_name": null, "building": null, "name:de": null, "internet_access:fee": null, "old_name": null, "name:en": null, "official_name": null, "building:levels": null, "denomination": null, "name:fr": null, "layer": null, "barrier": null, "brand": null, "contact:email": null, "landuse": null, "name:it": null, "toilets:wheelchair": null, "addr:ghanapostgps": null, "alt_name:en": null, "addr:community": null, "building:material": null, "roof:material": null, "addr:country": null, "addr:place": null, "fax": null, "note": null, "opening_hours:visitors": null }, "geometry": { "type": "Point", "coordinates": [ -0.8375556, 9.407349 ] } },
{ "type": "Feature", "properties": { "element": "node", "id": 11792815969, "amenity": "hospital", "name": "MEDIMAFO Herbal Hope", "opening_hours": null, "healthcare": null, "addr:city": null, "addr:street": "yehowa Da", "healthcare:speciality": null, "disabled": null, "emergency": null, "operator": null, "addr:suburb": null, "phone": null, "type": null, "contact:phone": null, "contact:website": null, "check_date": null, "email": null, "operator:type": null, "ownership": null, "description": null, "addr:housenumber": null, "source": null, "fixme": null, "addr:full": null, "beds": null, "wikidata": null, "wikipedia": null, "short_name": null, "level": null, "dispensing": null, "electricity": null, "health_amenity:type": null, "insurance:health": null, "operational_status": null, "water_source": null, "wheelchair": null, "website": null, "branch": null, "internet_access": null, "payment:cash": null, "payment:cards": null, "payment:credit_cards": null, "payment:debit_cards": null, "addr:postcode": null, "addr:region": null, "contact:facebook": null, "operator:wikidata": null, "mobile": null, "name:ar": null, "alt_name": null, "building": null, "name:de": null, "internet_access:fee": null, "old_name": null, "name:en": null, "official_name": null, "building:levels": null, "denomination": null, "name:fr": null, "layer": null, "barrier": null, "brand": null, "contact:email": null, "landuse": null, "name:it": null, "toilets:wheelchair": null, "addr:ghanapostgps": null, "alt_name:en": null, "addr:community": null, "building:material": null, "roof:material": null, "addr:country": null, "addr:place": null, "fax": null, "note": null, "opening_hours:visitors": null }, "geometry": { "type": "Point", "coordinates": [ -0.2824956, 5.7180502 ] } },
{ "type": "Feature", "properties": { "element": "node", "id": 11820233870, "amenity": "hospital", "name": "St. Kathryn's Hospital", "opening_hours": "24/7", "healthcare": null, "addr:city": null, "addr:street": "Amakwateng Street", "healthcare:speciality": null, "disabled": null, "emergency": null, "operator": null, "addr:suburb": null, "phone": null, "type": null, "contact:phone": null, "contact:website": null, "check_date": null, "email": null, "operator:type": null, "ownership": null, "description": null, "addr:housenumber": null, "source": null, "fixme": null, "addr:full": null, "beds": null, "wikidata": null, "wikipedia": null, "short_name": null, "level": null, "dispensing": null, "electricity": null, "health_amenity:type": null, "insurance:health": null, "operational_status": null, "water_source": null, "wheelchair": null, "website": null, "branch": null, "internet_access": null, "payment:cash": null, "payment:cards": null, "payment:credit_cards": null, "payment:debit_cards": null, "addr:postcode": null, "addr:region": null, "contact:facebook": null, "operator:wikidata": null, "mobile": null, "name:ar": null, "alt_name": null, "building": null, "name:de": null, "internet_access:fee": null, "old_name": null, "name:en": null, "official_name": null, "building:levels": null, "denomination": null, "name:fr": null, "layer": null, "barrier": null, "brand": null, "contact:email": null, "landuse": null, "name:it": null, "toilets:wheelchair": null, "addr:ghanapostgps": null, "alt_name:en": null, "addr:community": null, "building:material": null, "roof:material": null, "addr:country": null, "addr:place": null, "fax": null, "note": null, "opening_hours:visitors": null }, "geometry": { "type": "Point", "coordinates": [ -0.2314676, 5.5876402 ] } },
{ "type": "Feature", "properties": { "element": "node", "id": 11935637127, "amenity": "hospital", "name": "Greenville Hospital", "opening_hours": null, "healthcare": "hospital", "addr:city": null, "addr:street": null, "healthcare:speciality": null, "disabled": null, "emergency": null, "operator": null, "addr:suburb": null, "phone": null, "type": null, "contact:phone": null, "contact:website": null, "check_date": "2024-05-26", "email": null, "operator:type": null, "ownership": null, "description": null, "addr:housenumber": null, "source": null, "fixme": null, "addr:full": null, "beds": null, "wikidata": null, "wikipedia": null, "short_name": null, "level": null, "dispensing": null, "electricity": null, "health_amenity:type": null, "insurance:health": null, "operational_status": null, "water_source": null, "wheelchair": null, "website": null, "branch": null, "internet_access": null, "payment:cash": null, "payment:cards": null, "payment:credit_cards": null, "payment:debit_cards": null, "addr:postcode": null, "addr:region": null, "contact:facebook": null, "operator:wikidata": null, "mobile": null, "name:ar": null, "alt_name": null, "building": null, "name:de": null, "internet_access:fee": null, "old_name": null, "name:en": null, "official_name": null, "building:levels": null, "denomination": null, "name:fr": null, "layer": null, "barrier": null, "brand": null, "contact:email": null, "landuse": null, "name:it": null, "toilets:wheelchair": null, "addr:ghanapostgps": null, "alt_name:en": null, "addr:community": null, "building:material": null, "roof:material": null, "addr:country": null, "addr:place": null, "fax": null, "note": null, "opening_hours:visitors": null }, "geometry": { "type": "Point", "coordinates": [ 0.0348352, 5.7288187 ] } },
{ "type": "Feature", "properties": { "element": "node", "id": 12246425065, "amenity": "hospital", "name": "NEUROCARE SPECIALIST SERVICE", "opening_hours": null, "healthcare": null, "addr:city": null, "addr:street": null, "healthcare:speciality": null, "disabled": null, "emergency": null, "operator": null, "addr:suburb": null, "phone": null, "type": null, "contact:phone": null, "contact:website": null, "check_date": null, "email": null, "operator:type": null, "ownership": null, "description": null, "addr:housenumber": null, "source": null, "fixme": null, "addr:full": null, "beds": null, "wikidata": null, "wikipedia": null, "short_name": null, "level": null, "dispensing": null, "electricity": null, "health_amenity:type": null, "insurance:health": null, "operational_status": null, "water_source": null, "wheelchair": null, "website": null, "branch": null, "internet_access": null, "payment:cash": null, "payment:cards": null, "payment:credit_cards": null, "payment:debit_cards": null, "addr:postcode": null, "addr:region": null, "contact:facebook": null, "operator:wikidata": null, "mobile": null, "name:ar": null, "alt_name": null, "building": null, "name:de": null, "internet_access:fee": null, "old_name": null, "name:en": null, "official_name": null, "building:levels": null, "denomination": null, "name:fr": null, "layer": null, "barrier": null, "brand": null, "contact:email": null, "landuse": null, "name:it": null, "toilets:wheelchair": null, "addr:ghanapostgps": null, "alt_name:en": null, "addr:community": null, "building:material": null, "roof:material": null, "addr:country": null, "addr:place": null, "fax": null, "note": null, "opening_hours:visitors": null }, "geometry": { "type": "Point", "coordinates": [ -1.6425177, 6.6481752 ] } },
{ "type": "Feature", "properties": { "element": "node", "id": 12313457563, "amenity": "hospital", "name": "Hospital Bungalow", "opening_hours": null, "healthcare": "hospital", "addr:city": "Battor", "addr:street": "Battor Road", "healthcare:speciality": null, "disabled": null, "emergency": null, "operator": null, "addr:suburb": null, "phone": null, "type": null, "contact:phone": null, "contact:website": null, "check_date": null, "email": null, "operator:type": null, "ownership": null, "description": null, "addr:housenumber": null, "source": null, "fixme": null, "addr:full": null, "beds": null, "wikidata": null, "wikipedia": null, "short_name": null, "level": null, "dispensing": null, "electricity": null, "health_amenity:type": null, "insurance:health": null, "operational_status": null, "water_source": null, "wheelchair": null, "website": null, "branch": null, "internet_access": null, "payment:cash": null, "payment:cards": null, "payment:credit_cards": null, "payment:debit_cards": null, "addr:postcode": "P.O.Box 2", "addr:region": null, "contact:facebook": null, "operator:wikidata": null, "mobile": null, "name:ar": null, "alt_name": null, "building": null, "name:de": null, "internet_access:fee": null, "old_name": null, "name:en": null, "official_name": null, "building:levels": null, "denomination": null, "name:fr": null, "layer": null, "barrier": null, "brand": null, "contact:email": null, "landuse": null, "name:it": null, "toilets:wheelchair": null, "addr:ghanapostgps": null, "alt_name:en": null, "addr:community": null, "building:material": null, "roof:material": null, "addr:country": null, "addr:place": null, "fax": null, "note": null, "opening_hours:visitors": null }, "geometry": { "type": "Point", "coordinates": [ 0.4005722, 6.0676308 ] } },
{ "type": "Feature", "properties": { "element": "node", "id": 12484328105, "amenity": "hospital", "name": "Damongo Health Centre", "opening_hours": null, "healthcare": null, "addr:city": null, "addr:street": null, "healthcare:speciality": null, "disabled": null, "emergency": null, "operator": null, "addr:suburb": null, "phone": null, "type": null, "contact:phone": null, "contact:website": null, "check_date": null, "email": null, "operator:type": null, "ownership": null, "description": null, "addr:housenumber": "N5-00000-1763", "source": null, "fixme": null, "addr:full": null, "beds": null, "wikidata": null, "wikipedia": null, "short_name": null, "level": null, "dispensing": null, "electricity": null, "health_amenity:type": null, "insurance:health": null, "operational_status": null, "water_source": null, "wheelchair": null, "website": null, "branch": null, "internet_access": null, "payment:cash": null, "payment:cards": null, "payment:credit_cards": null, "payment:debit_cards": null, "addr:postcode": null, "addr:region": null, "contact:facebook": null, "operator:wikidata": null, "mobile": null, "name:ar": null, "alt_name": null, "building": null, "name:de": null, "internet_access:fee": null, "old_name": null, "name:en": null, "official_name": null, "building:levels": null, "denomination": null, "name:fr": null, "layer": null, "barrier": null, "brand": null, "contact:email": null, "landuse": null, "name:it": null, "toilets:wheelchair": null, "addr:ghanapostgps": null, "alt_name:en": null, "addr:community": null, "building:material": null, "roof:material": null, "addr:country": null, "addr:place": null, "fax": null, "note": null, "opening_hours:visitors": null }, "geometry": { "type": "Point", "coordinates": [ -1.8182024, 9.0822717 ] } },
{ "type": "Feature", "properties": { "element": "node", "id": 12484328602, "amenity": "hospital", "name": "Damongo Health Centre", "opening_hours": null, "healthcare": null, "addr:city": null, "addr:street": null, "healthcare:speciality": null, "disabled": null, "emergency": null, "operator": null, "addr:suburb": null, "phone": null, "type": null, "contact:phone": null, "contact:website": null, "check_date": null, "email": null, "operator:type": null, "ownership": null, "description": null, "addr:housenumber": null, "source": null, "fixme": null, "addr:full": null, "beds": null, "wikidata": null, "wikipedia": null, "short_name": null, "level": null, "dispensing": null, "electricity": null, "health_amenity:type": null, "insurance:health": null, "operational_status": null, "water_source": null, "wheelchair": null, "website": null, "branch": null, "internet_access": null, "payment:cash": null, "payment:cards": null, "payment:credit_cards": null, "payment:debit_cards": null, "addr:postcode": null, "addr:region": null, "contact:facebook": null, "operator:wikidata": null, "mobile": null, "name:ar": null, "alt_name": null, "building": null, "name:de": null, "internet_access:fee": null, "old_name": null, "name:en": null, "official_name": null, "building:levels": null, "denomination": null, "name:fr": null, "layer": null, "barrier": null, "brand": null, "contact:email": null, "landuse": null, "name:it": null, "toilets:wheelchair": null, "addr:ghanapostgps": null, "alt_name:en": null, "addr:community": null, "building:material": null, "roof:material": null, "addr:country": null, "addr:place": null, "fax": null, "note": null, "opening_hours:visitors": null }, "geometry": { "type": "Point", "coordinates": [ -1.818583, 9.0822819 ] } },
{ "type": "Feature", "properties": { "element": "node", "id": 12556609496, "amenity": "hospital", "name": "Siloam Hospital", "opening_hours": null, "healthcare": "hospital", "addr:city": null, "addr:street": null, "healthcare:speciality": "general", "disabled": null, "emergency": null, "operator": null, "addr:suburb": null, "phone": "+233 20 811 9457/ +233 24 355 6218", "type": "Primary Hospital", "contact:phone": null, "contact:website": null, "check_date": null, "email": null, "operator:type": null, "ownership": null, "description": null, "addr:housenumber": null, "source": null, "fixme": null, "addr:full": null, "beds": null, "wikidata": null, "wikipedia": null, "short_name": null, "level": null, "dispensing": null, "electricity": null, "health_amenity:type": null, "insurance:health": null, "operational_status": null, "water_source": null, "wheelchair": null, "website": null, "branch": null, "internet_access": null, "payment:cash": null, "payment:cards": null, "payment:credit_cards": null, "payment:debit_cards": null, "addr:postcode": null, "addr:region": null, "contact:facebook": null, "operator:wikidata": null, "mobile": null, "name:ar": null, "alt_name": null, "building": null, "name:de": null, "internet_access:fee": null, "old_name": null, "name:en": null, "official_name": null, "building:levels": null, "denomination": null, "name:fr": null, "layer": null, "barrier": null, "brand": null, "contact:email": null, "landuse": null, "name:it": null, "toilets:wheelchair": null, "addr:ghanapostgps": null, "alt_name:en": null, "addr:community": null, "building:material": null, "roof:material": null, "addr:country": null, "addr:place": null, "fax": null, "note": null, "opening_hours:visitors": null }, "geometry": { "type": "Point", "coordinates": [ -1.6608735, 6.7000574 ] } },
{ "type": "Feature", "properties": { "element": "node", "id": 12556609497, "amenity": "hospital", "name": "S.D.A. Hospital, Kwadaso", "opening_hours": "24/7", "healthcare": "hospital", "addr:city": "Kwadaso", "addr:street": null, "healthcare:speciality": "general", "disabled": null, "emergency": "yes", "operator": null, "addr:suburb": null, "phone": null, "type": null, "contact:phone": "0322007832", "contact:website": "https://kwadasosdahospital.com/", "check_date": null, "email": null, "operator:type": null, "ownership": null, "description": null, "addr:housenumber": null, "source": null, "fixme": null, "addr:full": null, "beds": null, "wikidata": null, "wikipedia": null, "short_name": null, "level": null, "dispensing": null, "electricity": null, "health_amenity:type": null, "insurance:health": null, "operational_status": null, "water_source": null, "wheelchair": null, "website": null, "branch": null, "internet_access": null, "payment:cash": null, "payment:cards": null, "payment:credit_cards": null, "payment:debit_cards": null, "addr:postcode": null, "addr:region": null, "contact:facebook": null, "operator:wikidata": null, "mobile": null, "name:ar": null, "alt_name": null, "building": null, "name:de": null, "internet_access:fee": null, "old_name": null, "name:en": null, "official_name": null, "building:levels": null, "denomination": null, "name:fr": null, "layer": null, "barrier": null, "brand": null, "contact:email": null, "landuse": null, "name:it": null, "toilets:wheelchair": null, "addr:ghanapostgps": null, "alt_name:en": null, "addr:community": null, "building:material": null, "roof:material": null, "addr:country": null, "addr:place": null, "fax": null, "note": null, "opening_hours:visitors": null }, "geometry": { "type": "Point", "coordinates": [ -1.6585978, 6.6996795 ] } },
{ "type": "Feature", "properties": { "element": "node", "id": 12590628012, "amenity": "hospital", "name": "saboba gov't hospital", "opening_hours": null, "healthcare": "hospital", "addr:city": null, "addr:street": null, "healthcare:speciality": null, "disabled": null, "emergency": null, "operator": null, "addr:suburb": null, "phone": null, "type": null, "contact:phone": null, "contact:website": null, "check_date": null, "email": null, "operator:type": null, "ownership": null, "description": null, "addr:housenumber": null, "source": null, "fixme": null, "addr:full": null, "beds": null, "wikidata": null, "wikipedia": null, "short_name": null, "level": null, "dispensing": null, "electricity": null, "health_amenity:type": null, "insurance:health": null, "operational_status": null, "water_source": null, "wheelchair": null, "website": null, "branch": null, "internet_access": null, "payment:cash": null, "payment:cards": null, "payment:credit_cards": null, "payment:debit_cards": null, "addr:postcode": null, "addr:region": null, "contact:facebook": null, "operator:wikidata": null, "mobile": null, "name:ar": null, "alt_name": null, "building": null, "name:de": null, "internet_access:fee": null, "old_name": null, "name:en": null, "official_name": null, "building:levels": null, "denomination": null, "name:fr": null, "layer": null, "barrier": null, "brand": null, "contact:email": null, "landuse": null, "name:it": null, "toilets:wheelchair": null, "addr:ghanapostgps": null, "alt_name:en": null, "addr:community": null, "building:material": null, "roof:material": null, "addr:country": null, "addr:place": null, "fax": null, "note": null, "opening_hours:visitors": null }, "geometry": { "type": "Point", "coordinates": [ 0.2996998, 9.7077503 ] } },
{ "type": "Feature", "properties": { "element": "node", "id": 12590628101, "amenity": "hospital", "name": null, "opening_hours": null, "healthcare": "hospital", "addr:city": null, "addr:street": null, "healthcare:speciality": null, "disabled": null, "emergency": null, "operator": null, "addr:suburb": null, "phone": null, "type": null, "contact:phone": null, "contact:website": null, "check_date": null, "email": null, "operator:type": null, "ownership": null, "description": null, "addr:housenumber": null, "source": null, "fixme": null, "addr:full": null, "beds": null, "wikidata": null, "wikipedia": null, "short_name": null, "level": null, "dispensing": null, "electricity": null, "health_amenity:type": null, "insurance:health": null, "operational_status": null, "water_source": null, "wheelchair": null, "website": null, "branch": null, "internet_access": null, "payment:cash": null, "payment:cards": null, "payment:credit_cards": null, "payment:debit_cards": null, "addr:postcode": null, "addr:region": null, "contact:facebook": null, "operator:wikidata": null, "mobile": null, "name:ar": null, "alt_name": null, "building": null, "name:de": null, "internet_access:fee": null, "old_name": null, "name:en": null, "official_name": null, "building:levels": null, "denomination": null, "name:fr": null, "layer": null, "barrier": null, "brand": null, "contact:email": null, "landuse": null, "name:it": null, "toilets:wheelchair": null, "addr:ghanapostgps": null, "alt_name:en": null, "addr:community": null, "building:material": null, "roof:material": null, "addr:country": null, "addr:place": null, "fax": null, "note": null, "opening_hours:visitors": null }, "geometry": { "type": "Point", "coordinates": [ 0.2989421, 9.7082103 ] } },
{ "type": "Feature", "properties": { "element": "node", "id": 12590628102, "amenity": "hospital", "name": "saboba government hospital", "opening_hours": null, "healthcare": "hospital", "addr:city": null, "addr:street": null, "healthcare:speciality": null, "disabled": null, "emergency": null, "operator": null, "addr:suburb": null, "phone": null, "type": null, "contact:phone": null, "contact:website": null, "check_date": null, "email": null, "operator:type": null, "ownership": null, "description": null, "addr:housenumber": null, "source": null, "fixme": null, "addr:full": null, "beds": null, "wikidata": null, "wikipedia": null, "short_name": null, "level": null, "dispensing": null, "electricity": null, "health_amenity:type": null, "insurance:health": null, "operational_status": null, "water_source": null, "wheelchair": null, "website": null, "branch": null, "internet_access": null, "payment:cash": null, "payment:cards": null, "payment:credit_cards": null, "payment:debit_cards": null, "addr:postcode": null, "addr:region": null, "contact:facebook": null, "operator:wikidata": null, "mobile": null, "name:ar": null, "alt_name": null, "building": null, "name:de": null, "internet_access:fee": null, "old_name": null, "name:en": null, "official_name": null, "building:levels": null, "denomination": null, "name:fr": null, "layer": null, "barrier": null, "brand": null, "contact:email": null, "landuse": null, "name:it": null, "toilets:wheelchair": null, "addr:ghanapostgps": null, "alt_name:en": null, "addr:community": null, "building:material": null, "roof:material": null, "addr:country": null, "addr:place": null, "fax": null, "note": null, "opening_hours:visitors": null }, "geometry": { "type": "Point", "coordinates": [ 0.299158, 9.7079195 ] } },
{ "type": "Feature", "properties": { "element": "node", "id": 12714857576, "amenity": "hospital", "name": null, "opening_hours": null, "healthcare": "hospital", "addr:city": null, "addr:street": null, "healthcare:speciality": null, "disabled": null, "emergency": null, "operator": null, "addr:suburb": null, "phone": null, "type": null, "contact:phone": null, "contact:website": null, "check_date": null, "email": null, "operator:type": null, "ownership": null, "description": null, "addr:housenumber": null, "source": null, "fixme": null, "addr:full": null, "beds": null, "wikidata": null, "wikipedia": null, "short_name": null, "level": null, "dispensing": null, "electricity": null, "health_amenity:type": null, "insurance:health": null, "operational_status": null, "water_source": null, "wheelchair": null, "website": null, "branch": null, "internet_access": null, "payment:cash": null, "payment:cards": null, "payment:credit_cards": null, "payment:debit_cards": null, "addr:postcode": null, "addr:region": null, "contact:facebook": null, "operator:wikidata": null, "mobile": null, "name:ar": null, "alt_name": null, "building": null, "name:de": null, "internet_access:fee": null, "old_name": null, "name:en": null, "official_name": null, "building:levels": null, "denomination": null, "name:fr": null, "layer": null, "barrier": null, "brand": null, "contact:email": null, "landuse": null, "name:it": null, "toilets:wheelchair": null, "addr:ghanapostgps": null, "alt_name:en": null, "addr:community": null, "building:material": null, "roof:material": null, "addr:country": null, "addr:place": null, "fax": null, "note": null, "opening_hours:visitors": null }, "geometry": { "type": "Point", "coordinates": [ -1.7294138, 8.0451408 ] } },
{ "type": "Feature", "properties": { "element": "node", "id": 12714857577, "amenity": "hospital", "name": null, "opening_hours": null, "healthcare": "hospital", "addr:city": null, "addr:street": null, "healthcare:speciality": null, "disabled": null, "emergency": null, "operator": null, "addr:suburb": null, "phone": null, "type": null, "contact:phone": null, "contact:website": null, "check_date": null, "email": null, "operator:type": null, "ownership": null, "description": null, "addr:housenumber": null, "source": null, "fixme": null, "addr:full": null, "beds": null, "wikidata": null, "wikipedia": null, "short_name": null, "level": null, "dispensing": null, "electricity": null, "health_amenity:type": null, "insurance:health": null, "operational_status": null, "water_source": null, "wheelchair": null, "website": null, "branch": null, "internet_access": null, "payment:cash": null, "payment:cards": null, "payment:credit_cards": null, "payment:debit_cards": null, "addr:postcode": null, "addr:region": null, "contact:facebook": null, "operator:wikidata": null, "mobile": null, "name:ar": null, "alt_name": null, "building": null, "name:de": null, "internet_access:fee": null, "old_name": null, "name:en": null, "official_name": null, "building:levels": null, "denomination": null, "name:fr": null, "layer": null, "barrier": null, "brand": null, "contact:email": null, "landuse": null, "name:it": null, "toilets:wheelchair": null, "addr:ghanapostgps": null, "alt_name:en": null, "addr:community": null, "building:material": null, "roof:material": null, "addr:country": null, "addr:place": null, "fax": null, "note": null, "opening_hours:visitors": null }, "geometry": { "type": "Point", "coordinates": [ -1.7294245, 8.0451647 ] } },
{ "type": "Feature", "properties": { "element": "node", "id": 12917692820, "amenity": "hospital", "name": "AIMS Hospital", "opening_hours": null, "healthcare": "hospital", "addr:city": null, "addr:street": null, "healthcare:speciality": null, "disabled": null, "emergency": null, "operator": null, "addr:suburb": null, "phone": null, "type": null, "contact:phone": null, "contact:website": null, "check_date": null, "email": null, "operator:type": null, "ownership": null, "description": null, "addr:housenumber": null, "source": null, "fixme": null, "addr:full": null, "beds": null, "wikidata": null, "wikipedia": null, "short_name": null, "level": null, "dispensing": null, "electricity": null, "health_amenity:type": null, "insurance:health": null, "operational_status": null, "water_source": null, "wheelchair": null, "website": null, "branch": null, "internet_access": null, "payment:cash": null, "payment:cards": null, "payment:credit_cards": null, "payment:debit_cards": null, "addr:postcode": null, "addr:region": null, "contact:facebook": "https://www.facebook.com/aimshospitalgh/", "operator:wikidata": null, "mobile": null, "name:ar": null, "alt_name": null, "building": null, "name:de": null, "internet_access:fee": null, "old_name": null, "name:en": null, "official_name": null, "building:levels": null, "denomination": null, "name:fr": null, "layer": null, "barrier": null, "brand": null, "contact:email": null, "landuse": null, "name:it": null, "toilets:wheelchair": null, "addr:ghanapostgps": null, "alt_name:en": null, "addr:community": null, "building:material": null, "roof:material": null, "addr:country": null, "addr:place": null, "fax": null, "note": null, "opening_hours:visitors": null }, "geometry": { "type": "Point", "coordinates": [ -0.2254035, 5.6060797 ] } },
{ "type": "Feature", "properties": { "element": "node", "id": 12917692821, "amenity": "hospital", "name": null, "opening_hours": "Mo-Fr 08:00-17:00; Sa 8:00-12:00", "healthcare": "hospital", "addr:city": null, "addr:street": null, "healthcare:speciality": "ophthalmology", "disabled": null, "emergency": null, "operator": "Dr. Agarwal's Eye Hospital", "addr:suburb": null, "phone": "+233 553 019311", "type": null, "contact:phone": null, "contact:website": null, "check_date": null, "email": null, "operator:type": "private", "ownership": null, "description": null, "addr:housenumber": null, "source": null, "fixme": null, "addr:full": null, "beds": null, "wikidata": null, "wikipedia": null, "short_name": null, "level": null, "dispensing": null, "electricity": null, "health_amenity:type": null, "insurance:health": null, "operational_status": null, "water_source": null, "wheelchair": null, "website": "https://www.dragarwal.com/eye-hospital/accra/", "branch": null, "internet_access": null, "payment:cash": null, "payment:cards": null, "payment:credit_cards": null, "payment:debit_cards": null, "addr:postcode": null, "addr:region": null, "contact:facebook": null, "operator:wikidata": "Q17052044", "mobile": null, "name:ar": null, "alt_name": null, "building": null, "name:de": null, "internet_access:fee": null, "old_name": null, "name:en": null, "official_name": null, "building:levels": null, "denomination": null, "name:fr": null, "layer": null, "barrier": null, "brand": null, "contact:email": null, "landuse": null, "name:it": null, "toilets:wheelchair": null, "addr:ghanapostgps": null, "alt_name:en": null, "addr:community": null, "building:material": null, "roof:material": null, "addr:country": null, "addr:place": null, "fax": null, "note": null, "opening_hours:visitors": null }, "geometry": { "type": "Point", "coordinates": [ -0.225648, 5.6060615 ] } },
{ "type": "Feature", "properties": { "element": "node", "id": 12953710337, "amenity": "hospital", "name": "Hain Polyclinic", "opening_hours": null, "healthcare": "hospital", "addr:city": "Hain", "addr:street": "Wa -Tumu Road", "healthcare:speciality": "general;surgery;community;intensive", "disabled": null, "emergency": null, "operator": null, "addr:suburb": null, "phone": null, "type": null, "contact:phone": null, "contact:website": null, "check_date": null, "email": null, "operator:type": null, "ownership": null, "description": null, "addr:housenumber": null, "source": null, "fixme": null, "addr:full": null, "beds": null, "wikidata": null, "wikipedia": null, "short_name": null, "level": null, "dispensing": null, "electricity": null, "health_amenity:type": null, "insurance:health": null, "operational_status": null, "water_source": null, "wheelchair": null, "website": null, "branch": null, "internet_access": null, "payment:cash": null, "payment:cards": null, "payment:credit_cards": null, "payment:debit_cards": null, "addr:postcode": null, "addr:region": null, "contact:facebook": null, "operator:wikidata": null, "mobile": null, "name:ar": null, "alt_name": null, "building": null, "name:de": null, "internet_access:fee": null, "old_name": null, "name:en": null, "official_name": null, "building:levels": null, "denomination": null, "name:fr": null, "layer": null, "barrier": null, "brand": null, "contact:email": null, "landuse": null, "name:it": null, "toilets:wheelchair": null, "addr:ghanapostgps": null, "alt_name:en": null, "addr:community": null, "building:material": null, "roof:material": null, "addr:country": null, "addr:place": null, "fax": null, "note": null, "opening_hours:visitors": null }, "geometry": { "type": "Point", "coordinates": [ -2.4359607, 10.6925153 ] } },
{ "type": "Feature", "properties": { "element": "node", "id": 12986866088, "amenity": "hospital", "name": "Resolve Medical Hospital", "opening_hours": null, "healthcare": "hospital", "addr:city": null, "addr:street": null, "healthcare:speciality": null, "disabled": null, "emergency": null, "operator": null, "addr:suburb": null, "phone": null, "type": null, "contact:phone": null, "contact:website": null, "check_date": null, "email": null, "operator:type": null, "ownership": null, "description": null, "addr:housenumber": null, "source": null, "fixme": null, "addr:full": null, "beds": null, "wikidata": null, "wikipedia": null, "short_name": null, "level": null, "dispensing": null, "electricity": null, "health_amenity:type": null, "insurance:health": null, "operational_status": null, "water_source": null, "wheelchair": null, "website": null, "branch": null, "internet_access": null, "payment:cash": null, "payment:cards": null, "payment:credit_cards": null, "payment:debit_cards": null, "addr:postcode": null, "addr:region": null, "contact:facebook": null, "operator:wikidata": null, "mobile": null, "name:ar": null, "alt_name": null, "building": null, "name:de": null, "internet_access:fee": null, "old_name": null, "name:en": null, "official_name": null, "building:levels": null, "denomination": null, "name:fr": null, "layer": null, "barrier": null, "brand": null, "contact:email": null, "landuse": null, "name:it": null, "toilets:wheelchair": null, "addr:ghanapostgps": null, "alt_name:en": null, "addr:community": null, "building:material": null, "roof:material": null, "addr:country": null, "addr:place": null, "fax": null, "note": null, "opening_hours:visitors": null }, "geometry": { "type": "Point", "coordinates": [ -0.0784421, 5.6355198 ] } },
{ "type": "Feature", "properties": { "element": "node", "id": 13043166773, "amenity": "hospital", "name": "Cape Coast Health And Wellness Center", "opening_hours": null, "healthcare": "hospital", "addr:city": null, "addr:street": null, "healthcare:speciality": null, "disabled": null, "emergency": null, "operator": null, "addr:suburb": null, "phone": "+233 54 804 3233", "type": null, "contact:phone": null, "contact:website": null, "check_date": "2025-08-02", "email": null, "operator:type": null, "ownership": null, "description": null, "addr:housenumber": null, "source": null, "fixme": null, "addr:full": null, "beds": null, "wikidata": null, "wikipedia": null, "short_name": null, "level": null, "dispensing": null, "electricity": null, "health_amenity:type": null, "insurance:health": null, "operational_status": null, "water_source": null, "wheelchair": null, "website": null, "branch": null, "internet_access": null, "payment:cash": null, "payment:cards": null, "payment:credit_cards": null, "payment:debit_cards": null, "addr:postcode": null, "addr:region": null, "contact:facebook": null, "operator:wikidata": null, "mobile": null, "name:ar": null, "alt_name": null, "building": null, "name:de": null, "internet_access:fee": null, "old_name": null, "name:en": null, "official_name": null, "building:levels": null, "denomination": null, "name:fr": null, "layer": null, "barrier": null, "brand": null, "contact:email": null, "landuse": null, "name:it": null, "toilets:wheelchair": null, "addr:ghanapostgps": null, "alt_name:en": null, "addr:community": null, "building:material": null, "roof:material": null, "addr:country": null, "addr:place": null, "fax": null, "note": null, "opening_hours:visitors": null }, "geometry": { "type": "Point", "coordinates": [ -1.2472647, 5.1084068 ] } },
{ "type": "Feature", "properties": { "element": "node", "id": 13063928520, "amenity": "hospital", "name": "Nandom Hospital", "opening_hours": null, "healthcare": null, "addr:city": null, "addr:street": null, "healthcare:speciality": null, "disabled": null, "emergency": null, "operator": "Ghana Health Service", "addr:suburb": null, "phone": null, "type": null, "contact:phone": null, "contact:website": null, "check_date": null, "email": null, "operator:type": null, "ownership": null, "description": null, "addr:housenumber": null, "source": null, "fixme": null, "addr:full": null, "beds": null, "wikidata": null, "wikipedia": null, "short_name": null, "level": null, "dispensing": null, "electricity": null, "health_amenity:type": null, "insurance:health": null, "operational_status": null, "water_source": null, "wheelchair": null, "website": null, "branch": null, "internet_access": null, "payment:cash": null, "payment:cards": null, "payment:credit_cards": null, "payment:debit_cards": null, "addr:postcode": null, "addr:region": null, "contact:facebook": null, "operator:wikidata": null, "mobile": null, "name:ar": null, "alt_name": null, "building": null, "name:de": null, "internet_access:fee": null, "old_name": null, "name:en": null, "official_name": null, "building:levels": null, "denomination": null, "name:fr": null, "layer": null, "barrier": null, "brand": null, "contact:email": null, "landuse": null, "name:it": null, "toilets:wheelchair": null, "addr:ghanapostgps": null, "alt_name:en": null, "addr:community": null, "building:material": null, "roof:material": null, "addr:country": null, "addr:place": null, "fax": null, "note": null, "opening_hours:visitors": null }, "geometry": { "type": "Point", "coordinates": [ -2.7729897, 10.8389883 ] } },
{ "type": "Feature", "properties": { "element": "node", "id": 13138309811, "amenity": "hospital", "name": "matflex physiotherapy center", "opening_hours": "8am-6pm", "healthcare": "hospital", "addr:city": null, "addr:street": "breman /Okess road", "healthcare:speciality": "physiotherapy", "disabled": null, "emergency": "yes", "operator": "felix Appiah", "addr:suburb": null, "phone": null, "type": null, "contact:phone": null, "contact:website": null, "check_date": null, "email": "matflexphysiotherapycenter@gmail.com", "operator:type": "private", "ownership": null, "description": null, "addr:housenumber": null, "source": null, "fixme": null, "addr:full": null, "beds": null, "wikidata": null, "wikipedia": null, "short_name": null, "level": null, "dispensing": null, "electricity": null, "health_amenity:type": null, "insurance:health": null, "operational_status": null, "water_source": null, "wheelchair": null, "website": null, "branch": null, "internet_access": null, "payment:cash": null, "payment:cards": null, "payment:credit_cards": null, "payment:debit_cards": null, "addr:postcode": null, "addr:region": null, "contact:facebook": null, "operator:wikidata": null, "mobile": null, "name:ar": null, "alt_name": null, "building": null, "name:de": null, "internet_access:fee": null, "old_name": null, "name:en": null, "official_name": null, "building:levels": null, "denomination": null, "name:fr": null, "layer": null, "barrier": null, "brand": null, "contact:email": null, "landuse": null, "name:it": null, "toilets:wheelchair": null, "addr:ghanapostgps": null, "alt_name:en": null, "addr:community": null, "building:material": null, "roof:material": null, "addr:country": null, "addr:place": null, "fax": null, "note": null, "opening_hours:visitors": null }, "geometry": { "type": "Point", "coordinates": [ -1.6181887, 6.7453933 ] } },
{ "type": "Feature", "properties": { "element": "node", "id": 13274280982, "amenity": "hospital", "name": "CITI PHYSIOTHERAPY AND REHABILITATION CENTRE", "opening_hours": null, "healthcare": "hospital", "addr:city": "kasoa", "addr:street": "AG164 MYRTLE ST CX-008-9061", "healthcare:speciality": "physiatry;physiotherapy;occupational;clinic;acupuncture;chiropractic;palliative;rehabilitation", "disabled": null, "emergency": "yes", "operator": "MISBAH SAMIR", "addr:suburb": null, "phone": null, "type": null, "contact:phone": null, "contact:website": null, "check_date": null, "email": "misbahsamir@gmail.com", "operator:type": "private", "ownership": null, "description": null, "addr:housenumber": null, "source": null, "fixme": null, "addr:full": null, "beds": null, "wikidata": null, "wikipedia": null, "short_name": null, "level": null, "dispensing": null, "electricity": null, "health_amenity:type": null, "insurance:health": null, "operational_status": null, "water_source": null, "wheelchair": null, "website": null, "branch": null, "internet_access": null, "payment:cash": null, "payment:cards": null, "payment:credit_cards": null, "payment:debit_cards": null, "addr:postcode": "+233", "addr:region": null, "contact:facebook": null, "operator:wikidata": null, "mobile": "+233269782200", "name:ar": null, "alt_name": null, "building": null, "name:de": null, "internet_access:fee": null, "old_name": null, "name:en": null, "official_name": null, "building:levels": null, "denomination": null, "name:fr": null, "layer": null, "barrier": null, "brand": null, "contact:email": null, "landuse": null, "name:it": null, "toilets:wheelchair": null, "addr:ghanapostgps": null, "alt_name:en": null, "addr:community": null, "building:material": null, "roof:material": null, "addr:country": null, "addr:place": null, "fax": null, "note": null, "opening_hours:visitors": null }, "geometry": { "type": "Point", "coordinates": [ -0.4180654, 5.5374094 ] } },
{ "type": "Feature", "properties": { "element": "node", "id": 13526885782, "amenity": "hospital", "name": "divine grace hospital", "opening_hours": null, "healthcare": "hospital", "addr:city": null, "addr:street": null, "healthcare:speciality": null, "disabled": null, "emergency": null, "operator": null, "addr:suburb": null, "phone": null, "type": null, "contact:phone": null, "contact:website": null, "check_date": null, "email": null, "operator:type": null, "ownership": null, "description": null, "addr:housenumber": null, "source": null, "fixme": null, "addr:full": null, "beds": null, "wikidata": null, "wikipedia": null, "short_name": null, "level": null, "dispensing": null, "electricity": null, "health_amenity:type": null, "insurance:health": null, "operational_status": null, "water_source": null, "wheelchair": null, "website": null, "branch": null, "internet_access": null, "payment:cash": null, "payment:cards": null, "payment:credit_cards": null, "payment:debit_cards": null, "addr:postcode": null, "addr:region": null, "contact:facebook": null, "operator:wikidata": null, "mobile": null, "name:ar": null, "alt_name": null, "building": null, "name:de": null, "internet_access:fee": null, "old_name": null, "name:en": null, "official_name": null, "building:levels": null, "denomination": null, "name:fr": null, "layer": null, "barrier": null, "brand": null, "contact:email": null, "landuse": null, "name:it": null, "toilets:wheelchair": null, "addr:ghanapostgps": null, "alt_name:en": null, "addr:community": null, "building:material": null, "roof:material": null, "addr:country": null, "addr:place": null, "fax": null, "note": null, "opening_hours:visitors": null }, "geometry": { "type": "Point", "coordinates": [ -1.4059779, 6.8459841 ] } },
{ "type": "Feature", "properties": { "element": "node", "id": 13533280018, "amenity": "hospital", "name": null, "opening_hours": null, "healthcare": "hospital", "addr:city": null, "addr:street": null, "healthcare:speciality": null, "disabled": null, "emergency": null, "operator": null, "addr:suburb": null, "phone": null, "type": null, "contact:phone": null, "contact:website": null, "check_date": null, "email": null, "operator:type": null, "ownership": null, "description": null, "addr:housenumber": null, "source": null, "fixme": null, "addr:full": null, "beds": null, "wikidata": null, "wikipedia": null, "short_name": null, "level": null, "dispensing": null, "electricity": null, "health_amenity:type": null, "insurance:health": null, "operational_status": null, "water_source": null, "wheelchair": null, "website": null, "branch": null, "internet_access": null, "payment:cash": null, "payment:cards": null, "payment:credit_cards": null, "payment:debit_cards": null, "addr:postcode": null, "addr:region": null, "contact:facebook": null, "operator:wikidata": null, "mobile": null, "name:ar": null, "alt_name": null, "building": null, "name:de": null, "internet_access:fee": null, "old_name": null, "name:en": null, "official_name": null, "building:levels": null, "denomination": null, "name:fr": null, "layer": null, "barrier": null, "brand": null, "contact:email": null, "landuse": null, "name:it": null, "toilets:wheelchair": null, "addr:ghanapostgps": null, "alt_name:en": null, "addr:community": null, "building:material": null, "roof:material": null, "addr:country": null, "addr:place": null, "fax": null, "note": null, "opening_hours:visitors": null }, "geometry": { "type": "Point", "coordinates": [ -0.4435667, 6.040978 ] } },
{ "type": "Feature", "properties": { "element": "node", "id": 13540377132, "amenity": "hospital", "name": "HEALTH CENTER", "opening_hours": null, "healthcare": "hospital", "addr:city": null, "addr:street": null, "healthcare:speciality": null, "disabled": null, "emergency": null, "operator": null, "addr:suburb": null, "phone": null, "type": null, "contact:phone": null, "contact:website": null, "check_date": null, "email": null, "operator:type": null, "ownership": null, "description": null, "addr:housenumber": null, "source": null, "fixme": null, "addr:full": null, "beds": null, "wikidata": null, "wikipedia": null, "short_name": null, "level": null, "dispensing": null, "electricity": null, "health_amenity:type": null, "insurance:health": null, "operational_status": null, "water_source": null, "wheelchair": null, "website": null, "branch": null, "internet_access": null, "payment:cash": null, "payment:cards": null, "payment:credit_cards": null, "payment:debit_cards": null, "addr:postcode": null, "addr:region": null, "contact:facebook": null, "operator:wikidata": null, "mobile": null, "name:ar": null, "alt_name": null, "building": null, "name:de": null, "internet_access:fee": null, "old_name": null, "name:en": null, "official_name": null, "building:levels": null, "denomination": null, "name:fr": null, "layer": null, "barrier": null, "brand": null, "contact:email": null, "landuse": null, "name:it": null, "toilets:wheelchair": null, "addr:ghanapostgps": null, "alt_name:en": null, "addr:community": null, "building:material": null, "roof:material": null, "addr:country": null, "addr:place": null, "fax": null, "note": null, "opening_hours:visitors": null }, "geometry": { "type": "Point", "coordinates": [ -2.1250455, 5.9132585 ] } },
{ "type": "Feature", "properties": { "element": "node", "id": 13546712854, "amenity": "hospital", "name": "north campus", "opening_hours": null, "healthcare": "hospital", "addr:city": null, "addr:street": null, "healthcare:speciality": null, "disabled": null, "emergency": null, "operator": null, "addr:suburb": null, "phone": null, "type": null, "contact:phone": null, "contact:website": null, "check_date": null, "email": null, "operator:type": null, "ownership": null, "description": null, "addr:housenumber": null, "source": null, "fixme": null, "addr:full": null, "beds": null, "wikidata": null, "wikipedia": null, "short_name": null, "level": null, "dispensing": null, "electricity": null, "health_amenity:type": null, "insurance:health": null, "operational_status": null, "water_source": null, "wheelchair": null, "website": null, "branch": null, "internet_access": null, "payment:cash": null, "payment:cards": null, "payment:credit_cards": null, "payment:debit_cards": null, "addr:postcode": null, "addr:region": null, "contact:facebook": null, "operator:wikidata": null, "mobile": null, "name:ar": null, "alt_name": null, "building": null, "name:de": null, "internet_access:fee": null, "old_name": null, "name:en": null, "official_name": null, "building:levels": null, "denomination": null, "name:fr": null, "layer": null, "barrier": null, "brand": null, "contact:email": null, "landuse": null, "name:it": null, "toilets:wheelchair": null, "addr:ghanapostgps": null, "alt_name:en": null, "addr:community": null, "building:material": null, "roof:material": null, "addr:country": null, "addr:place": null, "fax": null, "note": null, "opening_hours:visitors": null }, "geometry": { "type": "Point", "coordinates": [ -0.6296252, 5.3700774 ] } },
{ "type": "Feature", "properties": { "element": "node", "id": 13626138309, "amenity": "hospital", "name": "Nkrankwanta Government Hospital", "opening_hours": null, "healthcare": "hospital", "addr:city": null, "addr:street": null, "healthcare:speciality": null, "disabled": null, "emergency": null, "operator": null, "addr:suburb": null, "phone": null, "type": null, "contact:phone": null, "contact:website": null, "check_date": null, "email": null, "operator:type": null, "ownership": null, "description": null, "addr:housenumber": null, "source": null, "fixme": null, "addr:full": null, "beds": null, "wikidata": null, "wikipedia": null, "short_name": null, "level": null, "dispensing": null, "electricity": null, "health_amenity:type": null, "insurance:health": null, "operational_status": null, "water_source": null, "wheelchair": null, "website": null, "branch": null, "internet_access": null, "payment:cash": null, "payment:cards": null, "payment:credit_cards": null, "payment:debit_cards": null, "addr:postcode": null, "addr:region": null, "contact:facebook": null, "operator:wikidata": null, "mobile": null, "name:ar": null, "alt_name": null, "building": null, "name:de": null, "internet_access:fee": null, "old_name": null, "name:en": null, "official_name": null, "building:levels": null, "denomination": null, "name:fr": null, "layer": null, "barrier": null, "brand": null, "contact:email": null, "landuse": null, "name:it": null, "toilets:wheelchair": null, "addr:ghanapostgps": null, "alt_name:en": null, "addr:community": null, "building:material": null, "roof:material": null, "addr:country": null, "addr:place": null, "fax": null, "note": null, "opening_hours:visitors": null }, "geometry": { "type": "Point", "coordinates": [ -3.0528077, 7.0199354 ] } },
{ "type": "Feature", "properties": { "element": "node", "id": 13646802474, "amenity": "hospital", "name": null, "opening_hours": null, "healthcare": "hospital", "addr:city": null, "addr:street": null, "healthcare:speciality": null, "disabled": null, "emergency": null, "operator": null, "addr:suburb": null, "phone": null, "type": null, "contact:phone": null, "contact:website": null, "check_date": null, "email": null, "operator:type": null, "ownership": null, "description": null, "addr:housenumber": null, "source": null, "fixme": null, "addr:full": null, "beds": null, "wikidata": null, "wikipedia": null, "short_name": null, "level": null, "dispensing": null, "electricity": null, "health_amenity:type": null, "insurance:health": null, "operational_status": null, "water_source": null, "wheelchair": null, "website": null, "branch": null, "internet_access": null, "payment:cash": null, "payment:cards": null, "payment:credit_cards": null, "payment:debit_cards": null, "addr:postcode": null, "addr:region": null, "contact:facebook": null, "operator:wikidata": null, "mobile": null, "name:ar": null, "alt_name": null, "building": null, "name:de": null, "internet_access:fee": null, "old_name": null, "name:en": null, "official_name": null, "building:levels": null, "denomination": null, "name:fr": null, "layer": null, "barrier": null, "brand": null, "contact:email": null, "landuse": null, "name:it": null, "toilets:wheelchair": null, "addr:ghanapostgps": null, "alt_name:en": null, "addr:community": null, "building:material": null, "roof:material": null, "addr:country": null, "addr:place": null, "fax": null, "note": null, "opening_hours:visitors": null }, "geometry": { "type": "Point", "coordinates": [ -1.5050376, 6.8328495 ] } },
{ "type": "Feature", "properties": { "element": "node", "id": 13672917513, "amenity": "hospital", "name": "Atwedie CHPS", "opening_hours": null, "healthcare": "hospital", "addr:city": null, "addr:street": null, "healthcare:speciality": null, "disabled": null, "emergency": null, "operator": null, "addr:suburb": null, "phone": null, "type": null, "contact:phone": null, "contact:website": null, "check_date": null, "email": null, "operator:type": null, "ownership": null, "description": null, "addr:housenumber": null, "source": null, "fixme": null, "addr:full": null, "beds": null, "wikidata": null, "wikipedia": null, "short_name": null, "level": null, "dispensing": null, "electricity": null, "health_amenity:type": null, "insurance:health": null, "operational_status": null, "water_source": null, "wheelchair": null, "website": null, "branch": null, "internet_access": null, "payment:cash": null, "payment:cards": null, "payment:credit_cards": null, "payment:debit_cards": null, "addr:postcode": null, "addr:region": null, "contact:facebook": null, "operator:wikidata": null, "mobile": null, "name:ar": null, "alt_name": null, "building": null, "name:de": null, "internet_access:fee": null, "old_name": null, "name:en": null, "official_name": null, "building:levels": null, "denomination": null, "name:fr": null, "layer": null, "barrier": null, "brand": null, "contact:email": null, "landuse": null, "name:it": null, "toilets:wheelchair": null, "addr:ghanapostgps": null, "alt_name:en": null, "addr:community": null, "building:material": null, "roof:material": null, "addr:country": null, "addr:place": null, "fax": null, "note": null, "opening_hours:visitors": null }, "geometry": { "type": "Point", "coordinates": [ -2.4775402, 7.0270047 ] } },
{ "type": "Feature", "properties": { "element": "node", "id": 13704736226, "amenity": "hospital", "name": "Essam Government Hospital", "opening_hours": null, "healthcare": null, "addr:city": null, "addr:street": null, "healthcare:speciality": null, "disabled": null, "emergency": null, "operator": null, "addr:suburb": null, "phone": null, "type": null, "contact:phone": null, "contact:website": null, "check_date": null, "email": null, "operator:type": null, "ownership": null, "description": null, "addr:housenumber": null, "source": null, "fixme": null, "addr:full": null, "beds": null, "wikidata": null, "wikipedia": null, "short_name": null, "level": null, "dispensing": null, "electricity": null, "health_amenity:type": null, "insurance:health": null, "operational_status": null, "water_source": null, "wheelchair": null, "website": null, "branch": null, "internet_access": null, "payment:cash": null, "payment:cards": null, "payment:credit_cards": null, "payment:debit_cards": null, "addr:postcode": null, "addr:region": null, "contact:facebook": null, "operator:wikidata": null, "mobile": null, "name:ar": null, "alt_name": null, "building": null, "name:de": null, "internet_access:fee": null, "old_name": null, "name:en": null, "official_name": null, "building:levels": null, "denomination": null, "name:fr": null, "layer": null, "barrier": null, "brand": null, "contact:email": null, "landuse": null, "name:it": null, "toilets:wheelchair": null, "addr:ghanapostgps": null, "alt_name:en": null, "addr:community": null, "building:material": null, "roof:material": null, "addr:country": null, "addr:place": null, "fax": null, "note": null, "opening_hours:visitors": null }, "geometry": { "type": "Point", "coordinates": [ -3.105448, 6.6716187 ] } },
{ "type": "Feature", "properties": { "element": "node", "id": 13807733883, "amenity": "hospital", "name": "MEDI-MOSES CLINIC AND PROSTATE CENTRE", "opening_hours": "Mo-Su 00:00-12:00", "healthcare": null, "addr:city": null, "addr:street": "Abbeville Street", "healthcare:speciality": null, "disabled": null, "emergency": null, "operator": null, "addr:suburb": null, "phone": "0244068447", "type": null, "contact:phone": null, "contact:website": null, "check_date": null, "email": null, "operator:type": null, "ownership": null, "description": null, "addr:housenumber": "v6", "source": null, "fixme": null, "addr:full": null, "beds": null, "wikidata": null, "wikipedia": null, "short_name": null, "level": null, "dispensing": null, "electricity": null, "health_amenity:type": null, "insurance:health": null, "operational_status": null, "water_source": null, "wheelchair": null, "website": "https://medimoses.com.gh/", "branch": null, "internet_access": null, "payment:cash": null, "payment:cards": null, "payment:credit_cards": null, "payment:debit_cards": null, "addr:postcode": null, "addr:region": null, "contact:facebook": null, "operator:wikidata": null, "mobile": null, "name:ar": null, "alt_name": null, "building": null, "name:de": null, "internet_access:fee": null, "old_name": null, "name:en": null, "official_name": null, "building:levels": null, "denomination": null, "name:fr": null, "layer": null, "barrier": null, "brand": null, "contact:email": null, "landuse": null, "name:it": null, "toilets:wheelchair": null, "addr:ghanapostgps": null, "alt_name:en": null, "addr:community": null, "building:material": null, "roof:material": null, "addr:country": null, "addr:place": null, "fax": null, "note": null, "opening_hours:visitors": null }, "geometry": { "type": "Point", "coordinates": [ -0.1730511, 5.710573 ] } },
{ "type": "Feature", "properties": { "element": "node", "id": 13812882311, "amenity": "hospital", "name": "Medimoses Clinic and Prostate Center", "opening_hours": "Mo-Su 00:00-12:00", "healthcare": null, "addr:city": null, "addr:street": "Abbeville st", "healthcare:speciality": null, "disabled": null, "emergency": null, "operator": null, "addr:suburb": null, "phone": "0244068447", "type": null, "contact:phone": null, "contact:website": null, "check_date": null, "email": null, "operator:type": null, "ownership": null, "description": "All Prostate and health needs at one place", "addr:housenumber": "v6", "source": null, "fixme": null, "addr:full": null, "beds": null, "wikidata": null, "wikipedia": null, "short_name": null, "level": null, "dispensing": null, "electricity": null, "health_amenity:type": null, "insurance:health": null, "operational_status": null, "water_source": null, "wheelchair": null, "website": "https://medimoses.com.gh/", "branch": null, "internet_access": null, "payment:cash": null, "payment:cards": null, "payment:credit_cards": null, "payment:debit_cards": null, "addr:postcode": null, "addr:region": null, "contact:facebook": null, "operator:wikidata": null, "mobile": null, "name:ar": null, "alt_name": null, "building": null, "name:de": null, "internet_access:fee": null, "old_name": null, "name:en": null, "official_name": null, "building:levels": null, "denomination": null, "name:fr": null, "layer": null, "barrier": null, "brand": null, "contact:email": null, "landuse": null, "name:it": null, "toilets:wheelchair": null, "addr:ghanapostgps": null, "alt_name:en": null, "addr:community": null, "building:material": null, "roof:material": null, "addr:country": null, "addr:place": null, "fax": null, "note": null, "opening_hours:visitors": null }, "geometry": { "type": "Point", "coordinates": [ -0.1730917, 5.7104424 ] } },
{ "type": "Feature", "properties": { "element": "relation", "id": 8392527, "amenity": "hospital", "name": "Westphalian Hospital", "opening_hours": null, "healthcare": "hospital", "addr:city": null, "addr:street": null, "healthcare:speciality": null, "disabled": null, "emergency": null, "operator": null, "addr:suburb": null, "phone": null, "type": "multipolygon", "contact:phone": null, "contact:website": null, "check_date": null, "email": null, "operator:type": "private", "ownership": null, "description": null, "addr:housenumber": null, "source": null, "fixme": null, "addr:full": null, "beds": null, "wikidata": null, "wikipedia": null, "short_name": null, "level": null, "dispensing": null, "electricity": null, "health_amenity:type": null, "insurance:health": null, "operational_status": null, "water_source": null, "wheelchair": null, "website": null, "branch": null, "internet_access": null, "payment:cash": null, "payment:cards": null, "payment:credit_cards": null, "payment:debit_cards": null, "addr:postcode": null, "addr:region": null, "contact:facebook": null, "operator:wikidata": null, "mobile": null, "name:ar": null, "alt_name": null, "building": "yes", "name:de": null, "internet_access:fee": null, "old_name": null, "name:en": null, "official_name": null, "building:levels": null, "denomination": null, "name:fr": null, "layer": null, "barrier": null, "brand": null, "contact:email": null, "landuse": null, "name:it": null, "toilets:wheelchair": null, "addr:ghanapostgps": null, "alt_name:en": null, "addr:community": null, "building:material": null, "roof:material": null, "addr:country": null, "addr:place": null, "fax": null, "note": null, "opening_hours:visitors": null }, "geometry": { "type": "Polygon", "coordinates": [ [ [ -1.3906495, 6.8680618 ], [ -1.3906711, 6.8680139 ], [ -1.3905456, 6.8679583 ], [ -1.3905386, 6.8679737 ], [ -1.3903192, 6.8678765 ], [ -1.3903541, 6.8677989 ], [ -1.3904189, 6.8678276 ], [ -1.3904958, 6.8676563 ], [ -1.3907622, 6.8677743 ], [ -1.3907762, 6.8677432 ], [ -1.39066, 6.8676917 ], [ -1.3907052, 6.8675911 ], [ -1.3909876, 6.8677162 ], [ -1.3909534, 6.8677924 ], [ -1.390895, 6.8677665 ], [ -1.3908224, 6.8679281 ], [ -1.390878, 6.8679527 ], [ -1.3908289, 6.868062 ], [ -1.3907651, 6.8680337 ], [ -1.3907354, 6.8680999 ], [ -1.3906495, 6.8680618 ] ], [ [ -1.3907221, 6.8678498 ], [ -1.3906249, 6.8678059 ], [ -1.3905879, 6.8678866 ], [ -1.3906851, 6.8679305 ], [ -1.3907221, 6.8678498 ] ] ] } },
{ "type": "Feature", "properties": { "element": "relation", "id": 9360103, "amenity": "hospital", "name": "JamesBert Hospital", "opening_hours": null, "healthcare": null, "addr:city": null, "addr:street": null, "healthcare:speciality": null, "disabled": null, "emergency": null, "operator": null, "addr:suburb": null, "phone": null, "type": "multipolygon", "contact:phone": null, "contact:website": null, "check_date": null, "email": null, "operator:type": null, "ownership": null, "description": null, "addr:housenumber": null, "source": null, "fixme": null, "addr:full": null, "beds": null, "wikidata": null, "wikipedia": null, "short_name": null, "level": null, "dispensing": null, "electricity": null, "health_amenity:type": null, "insurance:health": null, "operational_status": null, "water_source": null, "wheelchair": null, "website": null, "branch": null, "internet_access": null, "payment:cash": null, "payment:cards": null, "payment:credit_cards": null, "payment:debit_cards": null, "addr:postcode": null, "addr:region": null, "contact:facebook": null, "operator:wikidata": null, "mobile": null, "name:ar": null, "alt_name": null, "building": "yes", "name:de": null, "internet_access:fee": null, "old_name": null, "name:en": null, "official_name": null, "building:levels": null, "denomination": null, "name:fr": null, "layer": null, "barrier": null, "brand": null, "contact:email": null, "landuse": null, "name:it": null, "toilets:wheelchair": null, "addr:ghanapostgps": null, "alt_name:en": null, "addr:community": null, "building:material": null, "roof:material": null, "addr:country": null, "addr:place": null, "fax": null, "note": null, "opening_hours:visitors": null }, "geometry": { "type": "Polygon", "coordinates": [ [ [ -2.1889561, 7.3872636 ], [ -2.1891239, 7.3870921 ], [ -2.1893207, 7.3872814 ], [ -2.189275, 7.3873281 ], [ -2.1892593, 7.387313 ], [ -2.1891372, 7.3874378 ], [ -2.1889561, 7.3872636 ] ], [ [ -2.1891157, 7.387221 ], [ -2.1890581, 7.3872685 ], [ -2.1891044, 7.3873237 ], [ -2.189162, 7.3872762 ], [ -2.1891157, 7.387221 ] ] ] } },
{ "type": "Feature", "properties": { "element": "relation", "id": 10953894, "amenity": "hospital", "name": "Family Hospital and Fertility Centre", "opening_hours": null, "healthcare": "hospital", "addr:city": null, "addr:street": null, "healthcare:speciality": null, "disabled": null, "emergency": null, "operator": null, "addr:suburb": null, "phone": null, "type": "multipolygon", "contact:phone": null, "contact:website": null, "check_date": null, "email": null, "operator:type": null, "ownership": null, "description": null, "addr:housenumber": null, "source": null, "fixme": null, "addr:full": null, "beds": null, "wikidata": null, "wikipedia": null, "short_name": null, "level": null, "dispensing": null, "electricity": null, "health_amenity:type": null, "insurance:health": null, "operational_status": null, "water_source": null, "wheelchair": null, "website": null, "branch": null, "internet_access": null, "payment:cash": null, "payment:cards": null, "payment:credit_cards": null, "payment:debit_cards": null, "addr:postcode": null, "addr:region": null, "contact:facebook": null, "operator:wikidata": null, "mobile": null, "name:ar": null, "alt_name": null, "building": null, "name:de": null, "internet_access:fee": null, "old_name": null, "name:en": null, "official_name": null, "building:levels": null, "denomination": null, "name:fr": null, "layer": null, "barrier": null, "brand": null, "contact:email": null, "landuse": null, "name:it": null, "toilets:wheelchair": null, "addr:ghanapostgps": null, "alt_name:en": null, "addr:community": null, "building:material": null, "roof:material": null, "addr:country": null, "addr:place": null, "fax": null, "note": null, "opening_hours:visitors": null }, "geometry": { "type": "MultiPolygon", "coordinates": [ [ [ [ -0.3547211, 5.5494557 ], [ -0.3547547, 5.5491872 ], [ -0.3556134, 5.5492862 ], [ -0.3555812, 5.5495877 ], [ -0.3547211, 5.5494557 ] ] ], [ [ [ -0.3557063, 5.5503707 ], [ -0.3557423, 5.5496449 ], [ -0.3567921, 5.5498498 ], [ -0.3566641, 5.5504755 ], [ -0.3557063, 5.5503707 ] ] ] ] } },
{ "type": "Feature", "properties": { "element": "relation", "id": 12581907, "amenity": "hospital", "name": "Kpedze Polyclinic", "opening_hours": null, "healthcare": null, "addr:city": null, "addr:street": null, "healthcare:speciality": null, "disabled": null, "emergency": null, "operator": null, "addr:suburb": null, "phone": null, "type": "multipolygon", "contact:phone": null, "contact:website": null, "check_date": null, "email": null, "operator:type": null, "ownership": null, "description": null, "addr:housenumber": null, "source": null, "fixme": null, "addr:full": null, "beds": null, "wikidata": null, "wikipedia": null, "short_name": null, "level": null, "dispensing": null, "electricity": null, "health_amenity:type": null, "insurance:health": null, "operational_status": null, "water_source": null, "wheelchair": null, "website": null, "branch": null, "internet_access": null, "payment:cash": null, "payment:cards": null, "payment:credit_cards": null, "payment:debit_cards": null, "addr:postcode": null, "addr:region": null, "contact:facebook": null, "operator:wikidata": null, "mobile": null, "name:ar": null, "alt_name": null, "building": "hospital", "name:de": null, "internet_access:fee": null, "old_name": null, "name:en": null, "official_name": null, "building:levels": null, "denomination": null, "name:fr": null, "layer": null, "barrier": null, "brand": null, "contact:email": null, "landuse": null, "name:it": null, "toilets:wheelchair": null, "addr:ghanapostgps": null, "alt_name:en": null, "addr:community": null, "building:material": null, "roof:material": null, "addr:country": null, "addr:place": null, "fax": null, "note": null, "opening_hours:visitors": null }, "geometry": { "type": "Polygon", "coordinates": [ [ [ 0.5039218, 6.8462794 ], [ 0.5039441, 6.8462521 ], [ 0.504039, 6.8463286 ], [ 0.5040005, 6.8463757 ], [ 0.5040624, 6.8464255 ], [ 0.5040436, 6.8464484 ], [ 0.5040875, 6.8464838 ], [ 0.5041497, 6.8464076 ], [ 0.5041912, 6.8464411 ], [ 0.5042342, 6.8463885 ], [ 0.5041309, 6.8463053 ], [ 0.5041849, 6.8462393 ], [ 0.5043878, 6.8464028 ], [ 0.504431, 6.84635 ], [ 0.5044587, 6.8463723 ], [ 0.5044774, 6.8463495 ], [ 0.5043856, 6.8462755 ], [ 0.5044048, 6.846252 ], [ 0.5043409, 6.8462005 ], [ 0.5043217, 6.846224 ], [ 0.5041416, 6.8460789 ], [ 0.5042336, 6.8459664 ], [ 0.5042147, 6.8459511 ], [ 0.504235, 6.8459261 ], [ 0.504159, 6.8458648 ], [ 0.5040466, 6.8460023 ], [ 0.5040261, 6.8459859 ], [ 0.5039917, 6.846028 ], [ 0.5039138, 6.8459653 ], [ 0.5038787, 6.8460082 ], [ 0.5039848, 6.8460937 ], [ 0.5039211, 6.8461717 ], [ 0.5038739, 6.8461337 ], [ 0.5038521, 6.8461603 ], [ 0.5038711, 6.8461756 ], [ 0.5038401, 6.8462135 ], [ 0.5039218, 6.8462794 ] ], [ [ 0.5041003, 6.8462566 ], [ 0.5040017, 6.8461754 ], [ 0.5040313, 6.84614 ], [ 0.5041299, 6.8462212 ], [ 0.5041003, 6.8462566 ] ] ] } },
{ "type": "Feature", "properties": { "element": "relation", "id": 17903286, "amenity": "hospital", "name": "Twifo Atti-Morkwa District Hospital", "opening_hours": null, "healthcare": null, "addr:city": null, "addr:street": null, "healthcare:speciality": null, "disabled": null, "emergency": null, "operator": null, "addr:suburb": null, "phone": null, "type": "multipolygon", "contact:phone": null, "contact:website": null, "check_date": null, "email": null, "operator:type": null, "ownership": null, "description": null, "addr:housenumber": null, "source": null, "fixme": null, "addr:full": null, "beds": null, "wikidata": null, "wikipedia": null, "short_name": null, "level": null, "dispensing": null, "electricity": null, "health_amenity:type": null, "insurance:health": null, "operational_status": null, "water_source": null, "wheelchair": null, "website": null, "branch": null, "internet_access": null, "payment:cash": null, "payment:cards": null, "payment:credit_cards": null, "payment:debit_cards": null, "addr:postcode": null, "addr:region": null, "contact:facebook": null, "operator:wikidata": null, "mobile": null, "name:ar": null, "alt_name": null, "building": null, "name:de": null, "internet_access:fee": null, "old_name": null, "name:en": null, "official_name": null, "building:levels": null, "denomination": null, "name:fr": null, "layer": null, "barrier": null, "brand": null, "contact:email": null, "landuse": null, "name:it": null, "toilets:wheelchair": null, "addr:ghanapostgps": null, "alt_name:en": null, "addr:community": null, "building:material": null, "roof:material": null, "addr:country": null, "addr:place": null, "fax": null, "note": null, "opening_hours:visitors": null }, "geometry": { "type": "Polygon", "coordinates": [ [ [ -1.5294576, 5.6183206 ], [ -1.5293698, 5.6182809 ], [ -1.5284979, 5.6178861 ], [ -1.5285383, 5.6177986 ], [ -1.5280518, 5.6175763 ], [ -1.5280107, 5.6176655 ], [ -1.5278374, 5.6175885 ], [ -1.5278571, 5.6175461 ], [ -1.5274342, 5.6173518 ], [ -1.5274146, 5.6173942 ], [ -1.5272696, 5.61733 ], [ -1.5272838, 5.617299 ], [ -1.5270615, 5.6171986 ], [ -1.5270474, 5.6172295 ], [ -1.526936, 5.617179 ], [ -1.5282127, 5.6138357 ], [ -1.530903, 5.6150502 ], [ -1.5303035, 5.6163582 ], [ -1.5317184, 5.6170055 ], [ -1.5307179, 5.6176889 ], [ -1.5303759, 5.6179838 ], [ -1.5300755, 5.6186004 ], [ -1.5294576, 5.6183206 ] ] ] } },
{ "type": "Feature", "properties": { "element": "way", "id": 154371093, "amenity": "hospital", "name": "SDA Hospital", "opening_hours": null, "healthcare": "hospital", "addr:city": null, "addr:street": null, "healthcare:speciality": null, "disabled": null, "emergency": "yes", "operator": "Seventh Day Adventist", "addr:suburb": null, "phone": null, "type": null, "contact:phone": null, "contact:website": null, "check_date": null, "email": null, "operator:type": null, "ownership": null, "description": null, "addr:housenumber": null, "source": null, "fixme": null, "addr:full": null, "beds": null, "wikidata": null, "wikipedia": null, "short_name": null, "level": null, "dispensing": null, "electricity": null, "health_amenity:type": null, "insurance:health": null, "operational_status": null, "water_source": null, "wheelchair": null, "website": null, "branch": null, "internet_access": null, "payment:cash": null, "payment:cards": null, "payment:credit_cards": null, "payment:debit_cards": null, "addr:postcode": null, "addr:region": null, "contact:facebook": null, "operator:wikidata": null, "mobile": null, "name:ar": null, "alt_name": null, "building": "hospital", "name:de": null, "internet_access:fee": null, "old_name": null, "name:en": null, "official_name": "Seventh Day Adventist Hospital", "building:levels": null, "denomination": null, "name:fr": null, "layer": null, "barrier": null, "brand": "Tamale", "contact:email": null, "landuse": null, "name:it": null, "toilets:wheelchair": null, "addr:ghanapostgps": null, "alt_name:en": null, "addr:community": null, "building:material": null, "roof:material": null, "addr:country": null, "addr:place": null, "fax": null, "note": null, "opening_hours:visitors": null }, "geometry": { "type": "Polygon", "coordinates": [ [ [ -0.8321802, 9.3997099 ], [ -0.8320637, 9.3999611 ], [ -0.8319886, 9.3999272 ], [ -0.8320664, 9.3997594 ], [ -0.8320492, 9.3997516 ], [ -0.8319655, 9.3999324 ], [ -0.8318884, 9.3998976 ], [ -0.8319715, 9.3997183 ], [ -0.8319422, 9.3997051 ], [ -0.831864, 9.399874 ], [ -0.8318035, 9.3998467 ], [ -0.831889, 9.399662 ], [ -0.8317493, 9.3995991 ], [ -0.8316678, 9.3997752 ], [ -0.8315799, 9.3997356 ], [ -0.8316917, 9.3994941 ], [ -0.8318684, 9.3995737 ], [ -0.8318819, 9.3995445 ], [ -0.8319383, 9.39957 ], [ -0.8319266, 9.3995954 ], [ -0.8321802, 9.3997099 ] ] ] } },
{ "type": "Feature", "properties": { "element": "way", "id": 176388864, "amenity": "hospital", "name": "Lawra Municipal Hospital", "opening_hours": "24/7", "healthcare": "hospital", "addr:city": "L:awra", "addr:street": "Lawra - Duori Road", "healthcare:speciality": "general;radiology;emergency;maternity;biochemistry;blood_check;dentistry", "disabled": null, "emergency": "yes", "operator": "National Property", "addr:suburb": null, "phone": null, "type": null, "contact:phone": null, "contact:website": null, "check_date": null, "email": null, "operator:type": null, "ownership": null, "description": null, "addr:housenumber": null, "source": null, "fixme": null, "addr:full": null, "beds": null, "wikidata": null, "wikipedia": null, "short_name": null, "level": null, "dispensing": null, "electricity": null, "health_amenity:type": null, "insurance:health": null, "operational_status": null, "water_source": null, "wheelchair": null, "website": null, "branch": null, "internet_access": null, "payment:cash": null, "payment:cards": null, "payment:credit_cards": null, "payment:debit_cards": null, "addr:postcode": "XL0001", "addr:region": null, "contact:facebook": null, "operator:wikidata": null, "mobile": null, "name:ar": null, "alt_name": null, "building": null, "name:de": null, "internet_access:fee": null, "old_name": null, "name:en": null, "official_name": null, "building:levels": null, "denomination": null, "name:fr": null, "layer": null, "barrier": null, "brand": null, "contact:email": null, "landuse": null, "name:it": null, "toilets:wheelchair": null, "addr:ghanapostgps": null, "alt_name:en": null, "addr:community": null, "building:material": null, "roof:material": null, "addr:country": null, "addr:place": null, "fax": null, "note": null, "opening_hours:visitors": null }, "geometry": { "type": "Polygon", "coordinates": [ [ [ -2.8899836, 10.6431103 ], [ -2.8895438, 10.6422562 ], [ -2.8894641, 10.6423026 ], [ -2.8889325, 10.6407273 ], [ -2.8877046, 10.6412376 ], [ -2.8868457, 10.6423669 ], [ -2.8859665, 10.6434994 ], [ -2.8868355, 10.6442955 ], [ -2.8878918, 10.6452192 ], [ -2.8882244, 10.6450241 ], [ -2.8884121, 10.6447236 ], [ -2.8888735, 10.6439011 ], [ -2.8890183, 10.6436797 ], [ -2.8890988, 10.6436112 ], [ -2.8899836, 10.6431103 ] ] ] } },
{ "type": "Feature", "properties": { "element": "way", "id": 192082873, "amenity": "hospital", "name": "Karikari Brobbey Hospital", "opening_hours": null, "healthcare": null, "addr:city": null, "addr:street": null, "healthcare:speciality": null, "disabled": null, "emergency": null, "operator": null, "addr:suburb": null, "phone": null, "type": null, "contact:phone": null, "contact:website": null, "check_date": null, "email": null, "operator:type": null, "ownership": null, "description": null, "addr:housenumber": null, "source": null, "fixme": null, "addr:full": null, "beds": null, "wikidata": null, "wikipedia": null, "short_name": null, "level": null, "dispensing": null, "electricity": null, "health_amenity:type": null, "insurance:health": null, "operational_status": null, "water_source": null, "wheelchair": null, "website": null, "branch": null, "internet_access": null, "payment:cash": null, "payment:cards": null, "payment:credit_cards": null, "payment:debit_cards": null, "addr:postcode": null, "addr:region": null, "contact:facebook": null, "operator:wikidata": null, "mobile": null, "name:ar": null, "alt_name": null, "building": null, "name:de": null, "internet_access:fee": null, "old_name": null, "name:en": null, "official_name": null, "building:levels": null, "denomination": null, "name:fr": null, "layer": null, "barrier": null, "brand": null, "contact:email": null, "landuse": null, "name:it": null, "toilets:wheelchair": null, "addr:ghanapostgps": null, "alt_name:en": null, "addr:community": null, "building:material": null, "roof:material": null, "addr:country": null, "addr:place": null, "fax": null, "note": null, "opening_hours:visitors": null }, "geometry": { "type": "Polygon", "coordinates": [ [ [ -0.2617807, 5.5310514 ], [ -0.2617227, 5.5309559 ], [ -0.2614103, 5.5311438 ], [ -0.2614682, 5.5312393 ], [ -0.2617807, 5.5310514 ] ] ] } },
{ "type": "Feature", "properties": { "element": "way", "id": 204590022, "amenity": "hospital", "name": "Ambulant Station Bachabordo", "opening_hours": null, "healthcare": null, "addr:city": null, "addr:street": null, "healthcare:speciality": null, "disabled": null, "emergency": null, "operator": null, "addr:suburb": null, "phone": null, "type": null, "contact:phone": null, "contact:website": null, "check_date": null, "email": null, "operator:type": null, "ownership": null, "description": null, "addr:housenumber": null, "source": "Bing, visit", "fixme": null, "addr:full": null, "beds": null, "wikidata": null, "wikipedia": null, "short_name": null, "level": null, "dispensing": null, "electricity": null, "health_amenity:type": null, "insurance:health": null, "operational_status": null, "water_source": null, "wheelchair": null, "website": null, "branch": null, "internet_access": null, "payment:cash": null, "payment:cards": null, "payment:credit_cards": null, "payment:debit_cards": null, "addr:postcode": null, "addr:region": null, "contact:facebook": null, "operator:wikidata": null, "mobile": null, "name:ar": null, "alt_name": null, "building": "yes", "name:de": null, "internet_access:fee": null, "old_name": null, "name:en": null, "official_name": null, "building:levels": null, "denomination": null, "name:fr": null, "layer": null, "barrier": null, "brand": null, "contact:email": null, "landuse": null, "name:it": null, "toilets:wheelchair": null, "addr:ghanapostgps": null, "alt_name:en": null, "addr:community": null, "building:material": null, "roof:material": null, "addr:country": null, "addr:place": null, "fax": null, "note": null, "opening_hours:visitors": null }, "geometry": { "type": "Polygon", "coordinates": [ [ [ -0.1575618, 9.3691328 ], [ -0.1574914, 9.3692841 ], [ -0.1574144, 9.3692492 ], [ -0.1574325, 9.3692103 ], [ -0.157445, 9.369216 ], [ -0.157458, 9.369188 ], [ -0.1574369, 9.3691784 ], [ -0.1574538, 9.369142 ], [ -0.1574758, 9.3691519 ], [ -0.1574981, 9.369104 ], [ -0.1575618, 9.3691328 ] ] ] } },
{ "type": "Feature", "properties": { "element": "way", "id": 213212229, "amenity": "hospital", "name": "Margret Marquart Catholic Hospital", "opening_hours": "24/7", "healthcare": "hospital", "addr:city": null, "addr:street": null, "healthcare:speciality": null, "disabled": null, "emergency": null, "operator": null, "addr:suburb": null, "phone": null, "type": null, "contact:phone": null, "contact:website": "http://mmcatholichospital.com/", "check_date": null, "email": null, "operator:type": null, "ownership": null, "description": null, "addr:housenumber": null, "source": null, "fixme": null, "addr:full": null, "beds": null, "wikidata": null, "wikipedia": null, "short_name": null, "level": null, "dispensing": null, "electricity": null, "health_amenity:type": null, "insurance:health": null, "operational_status": null, "water_source": null, "wheelchair": null, "website": null, "branch": null, "internet_access": null, "payment:cash": null, "payment:cards": null, "payment:credit_cards": null, "payment:debit_cards": null, "addr:postcode": null, "addr:region": null, "contact:facebook": null, "operator:wikidata": null, "mobile": null, "name:ar": null, "alt_name": null, "building": null, "name:de": null, "internet_access:fee": null, "old_name": null, "name:en": null, "official_name": null, "building:levels": null, "denomination": null, "name:fr": null, "layer": null, "barrier": null, "brand": null, "contact:email": "info.mmch1960@gmail.com", "landuse": null, "name:it": null, "toilets:wheelchair": null, "addr:ghanapostgps": null, "alt_name:en": null, "addr:community": null, "building:material": null, "roof:material": null, "addr:country": null, "addr:place": null, "fax": null, "note": null, "opening_hours:visitors": null }, "geometry": { "type": "Polygon", "coordinates": [ [ [ 0.3034671, 7.0004749 ], [ 0.3046024, 7.0000782 ], [ 0.3052729, 6.9991005 ], [ 0.3039426, 6.9983045 ], [ 0.3037012, 6.9986213 ], [ 0.3029877, 6.9981993 ], [ 0.3028241, 6.9983817 ], [ 0.3025907, 6.9982259 ], [ 0.3023225, 6.9985481 ], [ 0.3020596, 6.9983843 ], [ 0.3015997, 6.9989687 ], [ 0.3034671, 7.0004749 ] ] ] } },
{ "type": "Feature", "properties": { "element": "way", "id": 218967497, "amenity": "hospital", "name": "Yendi Hospital", "opening_hours": null, "healthcare": null, "addr:city": null, "addr:street": null, "healthcare:speciality": null, "disabled": null, "emergency": null, "operator": null, "addr:suburb": null, "phone": null, "type": null, "contact:phone": null, "contact:website": null, "check_date": "2025-05-10", "email": null, "operator:type": null, "ownership": null, "description": null, "addr:housenumber": null, "source": null, "fixme": null, "addr:full": null, "beds": null, "wikidata": null, "wikipedia": null, "short_name": null, "level": null, "dispensing": null, "electricity": null, "health_amenity:type": null, "insurance:health": null, "operational_status": null, "water_source": null, "wheelchair": null, "website": null, "branch": null, "internet_access": null, "payment:cash": null, "payment:cards": null, "payment:credit_cards": null, "payment:debit_cards": null, "addr:postcode": null, "addr:region": null, "contact:facebook": null, "operator:wikidata": null, "mobile": null, "name:ar": null, "alt_name": null, "building": null, "name:de": null, "internet_access:fee": null, "old_name": null, "name:en": null, "official_name": null, "building:levels": null, "denomination": null, "name:fr": null, "layer": null, "barrier": null, "brand": null, "contact:email": null, "landuse": null, "name:it": null, "toilets:wheelchair": null, "addr:ghanapostgps": null, "alt_name:en": null, "addr:community": null, "building:material": null, "roof:material": null, "addr:country": null, "addr:place": null, "fax": null, "note": null, "opening_hours:visitors": null }, "geometry": { "type": "Polygon", "coordinates": [ [ [ -0.0045781, 9.4468558 ], [ -0.002687, 9.4465437 ], [ -0.0031846, 9.444381 ], [ -0.0047941, 9.4446929 ], [ -0.0045781, 9.4468558 ] ] ] } },
{ "type": "Feature", "properties": { "element": "way", "id": 243542766, "amenity": "hospital", "name": "Fulera Maternity Clinic", "opening_hours": null, "healthcare": "hospital", "addr:city": null, "addr:street": null, "healthcare:speciality": null, "disabled": null, "emergency": "yes", "operator": null, "addr:suburb": null, "phone": null, "type": null, "contact:phone": null, "contact:website": null, "check_date": null, "email": null, "operator:type": null, "ownership": null, "description": null, "addr:housenumber": null, "source": null, "fixme": null, "addr:full": null, "beds": null, "wikidata": null, "wikipedia": null, "short_name": null, "level": null, "dispensing": null, "electricity": null, "health_amenity:type": null, "insurance:health": null, "operational_status": null, "water_source": null, "wheelchair": null, "website": null, "branch": null, "internet_access": null, "payment:cash": null, "payment:cards": null, "payment:credit_cards": null, "payment:debit_cards": null, "addr:postcode": null, "addr:region": null, "contact:facebook": null, "operator:wikidata": null, "mobile": null, "name:ar": null, "alt_name": null, "building": null, "name:de": null, "internet_access:fee": null, "old_name": null, "name:en": null, "official_name": null, "building:levels": null, "denomination": null, "name:fr": null, "layer": null, "barrier": null, "brand": null, "contact:email": null, "landuse": null, "name:it": null, "toilets:wheelchair": null, "addr:ghanapostgps": null, "alt_name:en": null, "addr:community": null, "building:material": null, "roof:material": null, "addr:country": null, "addr:place": null, "fax": null, "note": null, "opening_hours:visitors": null }, "geometry": { "type": "Polygon", "coordinates": [ [ [ -0.8606577, 9.4322 ], [ -0.8605558, 9.4322423 ], [ -0.8605343, 9.4321762 ], [ -0.8606443, 9.4321391 ], [ -0.8606577, 9.4322 ] ] ] } },
{ "type": "Feature", "properties": { "element": "way", "id": 247117144, "amenity": "hospital", "name": "New Hope Clinic", "opening_hours": null, "healthcare": null, "addr:city": null, "addr:street": "Torgbui A. Ahorsu Avenue", "healthcare:speciality": null, "disabled": null, "emergency": "yes", "operator": null, "addr:suburb": "Viepe", "phone": null, "type": null, "contact:phone": null, "contact:website": null, "check_date": null, "email": null, "operator:type": null, "ownership": null, "description": null, "addr:housenumber": null, "source": null, "fixme": null, "addr:full": null, "beds": null, "wikidata": null, "wikipedia": null, "short_name": null, "level": null, "dispensing": null, "electricity": null, "health_amenity:type": null, "insurance:health": null, "operational_status": null, "water_source": null, "wheelchair": null, "website": null, "branch": null, "internet_access": null, "payment:cash": null, "payment:cards": null, "payment:credit_cards": null, "payment:debit_cards": null, "addr:postcode": null, "addr:region": null, "contact:facebook": null, "operator:wikidata": null, "mobile": null, "name:ar": null, "alt_name": null, "building": null, "name:de": null, "internet_access:fee": null, "old_name": null, "name:en": null, "official_name": null, "building:levels": null, "denomination": null, "name:fr": null, "layer": null, "barrier": null, "brand": null, "contact:email": null, "landuse": null, "name:it": null, "toilets:wheelchair": null, "addr:ghanapostgps": null, "alt_name:en": null, "addr:community": null, "building:material": null, "roof:material": null, "addr:country": null, "addr:place": null, "fax": null, "note": null, "opening_hours:visitors": null }, "geometry": { "type": "Polygon", "coordinates": [ [ [ 1.1599857, 6.1090819 ], [ 1.1600933, 6.1093371 ], [ 1.1599133, 6.1094273 ], [ 1.1598878, 6.1094006 ], [ 1.1597474, 6.1094612 ], [ 1.1597191, 6.1094034 ], [ 1.1595816, 6.1093766 ], [ 1.1595731, 6.109323 ], [ 1.1597876, 6.1092094 ], [ 1.1597871, 6.109137 ], [ 1.1599857, 6.1090819 ] ] ] } },
{ "type": "Feature", "properties": { "element": "way", "id": 247155734, "amenity": "hospital", "name": "Keta Municipal Hospital", "opening_hours": null, "healthcare": "hospital", "addr:city": null, "addr:street": null, "healthcare:speciality": null, "disabled": null, "emergency": "yes", "operator": null, "addr:suburb": null, "phone": null, "type": null, "contact:phone": null, "contact:website": null, "check_date": null, "email": null, "operator:type": null, "ownership": null, "description": null, "addr:housenumber": null, "source": null, "fixme": null, "addr:full": null, "beds": null, "wikidata": null, "wikipedia": null, "short_name": null, "level": null, "dispensing": null, "electricity": null, "health_amenity:type": null, "insurance:health": null, "operational_status": null, "water_source": null, "wheelchair": null, "website": null, "branch": null, "internet_access": null, "payment:cash": null, "payment:cards": null, "payment:credit_cards": null, "payment:debit_cards": null, "addr:postcode": null, "addr:region": null, "contact:facebook": null, "operator:wikidata": null, "mobile": null, "name:ar": null, "alt_name": null, "building": null, "name:de": null, "internet_access:fee": null, "old_name": null, "name:en": null, "official_name": null, "building:levels": null, "denomination": null, "name:fr": null, "layer": null, "barrier": null, "brand": null, "contact:email": null, "landuse": null, "name:it": null, "toilets:wheelchair": null, "addr:ghanapostgps": null, "alt_name:en": null, "addr:community": null, "building:material": null, "roof:material": null, "addr:country": null, "addr:place": null, "fax": null, "note": null, "opening_hours:visitors": null }, "geometry": { "type": "Polygon", "coordinates": [ [ [ 0.9835673, 5.8885642 ], [ 0.9816436, 5.8891956 ], [ 0.9810327, 5.8878051 ], [ 0.9823749, 5.8873736 ], [ 0.9825623, 5.8877938 ], [ 0.9831664, 5.8876029 ], [ 0.9835673, 5.8885642 ] ] ] } },
{ "type": "Feature", "properties": { "element": "way", "id": 247224773, "amenity": "hospital", "name": "Ketu South District Hospital", "opening_hours": null, "healthcare": null, "addr:city": null, "addr:street": "Linus Koffie Road", "healthcare:speciality": null, "disabled": null, "emergency": "yes", "operator": null, "addr:suburb": null, "phone": null, "type": null, "contact:phone": null, "contact:website": null, "check_date": null, "email": null, "operator:type": null, "ownership": null, "description": null, "addr:housenumber": null, "source": null, "fixme": null, "addr:full": null, "beds": null, "wikidata": null, "wikipedia": null, "short_name": null, "level": null, "dispensing": null, "electricity": null, "health_amenity:type": null, "insurance:health": null, "operational_status": null, "water_source": null, "wheelchair": null, "website": null, "branch": null, "internet_access": null, "payment:cash": null, "payment:cards": null, "payment:credit_cards": null, "payment:debit_cards": null, "addr:postcode": null, "addr:region": null, "contact:facebook": null, "operator:wikidata": null, "mobile": null, "name:ar": null, "alt_name": null, "building": null, "name:de": null, "internet_access:fee": null, "old_name": null, "name:en": null, "official_name": null, "building:levels": null, "denomination": null, "name:fr": null, "layer": null, "barrier": null, "brand": null, "contact:email": null, "landuse": null, "name:it": null, "toilets:wheelchair": null, "addr:ghanapostgps": null, "alt_name:en": null, "addr:community": null, "building:material": null, "roof:material": null, "addr:country": null, "addr:place": null, "fax": null, "note": null, "opening_hours:visitors": null }, "geometry": { "type": "Polygon", "coordinates": [ [ [ 1.1792291, 6.1177771 ], [ 1.1798761, 6.1180195 ], [ 1.1802979, 6.1178577 ], [ 1.1804635, 6.1179916 ], [ 1.1805979, 6.1175822 ], [ 1.1808149, 6.1169215 ], [ 1.1796703, 6.1165741 ], [ 1.1795143, 6.1166289 ], [ 1.17944, 6.1172396 ], [ 1.1794467, 6.1175227 ], [ 1.1792852, 6.117501 ], [ 1.1792291, 6.1177771 ] ] ] } },
{ "type": "Feature", "properties": { "element": "way", "id": 247289779, "amenity": "hospital", "name": "Sape Agbo Memorial Hospital", "opening_hours": null, "healthcare": null, "addr:city": null, "addr:street": null, "healthcare:speciality": null, "disabled": null, "emergency": "yes", "operator": null, "addr:suburb": null, "phone": null, "type": null, "contact:phone": null, "contact:website": null, "check_date": null, "email": null, "operator:type": null, "ownership": null, "description": null, "addr:housenumber": null, "source": null, "fixme": null, "addr:full": null, "beds": null, "wikidata": null, "wikipedia": null, "short_name": null, "level": null, "dispensing": null, "electricity": null, "health_amenity:type": null, "insurance:health": null, "operational_status": null, "water_source": null, "wheelchair": null, "website": null, "branch": null, "internet_access": null, "payment:cash": null, "payment:cards": null, "payment:credit_cards": null, "payment:debit_cards": null, "addr:postcode": null, "addr:region": null, "contact:facebook": null, "operator:wikidata": null, "mobile": null, "name:ar": null, "alt_name": null, "building": null, "name:de": null, "internet_access:fee": null, "old_name": null, "name:en": null, "official_name": null, "building:levels": null, "denomination": null, "name:fr": null, "layer": null, "barrier": null, "brand": null, "contact:email": null, "landuse": null, "name:it": null, "toilets:wheelchair": null, "addr:ghanapostgps": null, "alt_name:en": null, "addr:community": null, "building:material": null, "roof:material": null, "addr:country": null, "addr:place": null, "fax": null, "note": null, "opening_hours:visitors": null }, "geometry": { "type": "Polygon", "coordinates": [ [ [ 1.1429182, 6.0968923 ], [ 1.142612, 6.0972819 ], [ 1.1425192, 6.0974119 ], [ 1.1428318, 6.0976493 ], [ 1.1432308, 6.0971297 ], [ 1.1429182, 6.0968923 ] ] ] } },
{ "type": "Feature", "properties": { "element": "way", "id": 252198855, "amenity": "hospital", "name": "Ho Teaching Hospital", "opening_hours": null, "healthcare": "hospital", "addr:city": null, "addr:street": "Denu - Ho Road", "healthcare:speciality": null, "disabled": null, "emergency": "yes", "operator": null, "addr:suburb": null, "phone": null, "type": null, "contact:phone": null, "contact:website": null, "check_date": null, "email": null, "operator:type": null, "ownership": null, "description": null, "addr:housenumber": null, "source": null, "fixme": null, "addr:full": null, "beds": null, "wikidata": "Q7309069", "wikipedia": "en:Ho Teaching Hospital", "short_name": null, "level": null, "dispensing": null, "electricity": null, "health_amenity:type": null, "insurance:health": null, "operational_status": null, "water_source": null, "wheelchair": "limited", "website": null, "branch": null, "internet_access": null, "payment:cash": null, "payment:cards": null, "payment:credit_cards": null, "payment:debit_cards": null, "addr:postcode": null, "addr:region": null, "contact:facebook": null, "operator:wikidata": null, "mobile": null, "name:ar": null, "alt_name": "Trafalgar", "building": null, "name:de": null, "internet_access:fee": null, "old_name": "Volta Regional Hospital", "name:en": null, "official_name": null, "building:levels": null, "denomination": null, "name:fr": null, "layer": null, "barrier": null, "brand": null, "contact:email": null, "landuse": null, "name:it": null, "toilets:wheelchair": null, "addr:ghanapostgps": null, "alt_name:en": null, "addr:community": null, "building:material": null, "roof:material": null, "addr:country": null, "addr:place": null, "fax": null, "note": null, "opening_hours:visitors": null }, "geometry": { "type": "Polygon", "coordinates": [ [ [ 0.4833689, 6.603142 ], [ 0.486204, 6.6027303 ], [ 0.4858097, 6.6004123 ], [ 0.4849957, 6.6005348 ], [ 0.4847878, 6.5992919 ], [ 0.4828218, 6.5997448 ], [ 0.4833689, 6.603142 ] ] ] } },
{ "type": "Feature", "properties": { "element": "way", "id": 255511063, "amenity": "hospital", "name": "Ghana Police Hospital", "opening_hours": null, "healthcare": "hospital", "addr:city": null, "addr:street": null, "healthcare:speciality": null, "disabled": null, "emergency": null, "operator": null, "addr:suburb": null, "phone": null, "type": null, "contact:phone": null, "contact:website": null, "check_date": null, "email": null, "operator:type": null, "ownership": null, "description": null, "addr:housenumber": null, "source": null, "fixme": null, "addr:full": null, "beds": null, "wikidata": null, "wikipedia": null, "short_name": null, "level": null, "dispensing": null, "electricity": null, "health_amenity:type": null, "insurance:health": null, "operational_status": null, "water_source": null, "wheelchair": null, "website": null, "branch": null, "internet_access": null, "payment:cash": null, "payment:cards": null, "payment:credit_cards": null, "payment:debit_cards": null, "addr:postcode": null, "addr:region": null, "contact:facebook": null, "operator:wikidata": null, "mobile": null, "name:ar": null, "alt_name": null, "building": null, "name:de": null, "internet_access:fee": null, "old_name": null, "name:en": null, "official_name": null, "building:levels": null, "denomination": null, "name:fr": null, "layer": null, "barrier": null, "brand": null, "contact:email": null, "landuse": null, "name:it": null, "toilets:wheelchair": null, "addr:ghanapostgps": null, "alt_name:en": null, "addr:community": null, "building:material": null, "roof:material": null, "addr:country": null, "addr:place": null, "fax": null, "note": null, "opening_hours:visitors": null }, "geometry": { "type": "Polygon", "coordinates": [ [ [ -0.1809369, 5.5675899 ], [ -0.1812955, 5.5677439 ], [ -0.1814043, 5.5675273 ], [ -0.1825108, 5.5681039 ], [ -0.1827606, 5.5682899 ], [ -0.1822748, 5.5692371 ], [ -0.1820081, 5.5690983 ], [ -0.1818411, 5.56935 ], [ -0.1812235, 5.5689885 ], [ -0.1811664, 5.5692886 ], [ -0.1806614, 5.5692067 ], [ -0.1807937, 5.5683204 ], [ -0.1809369, 5.5675899 ] ] ] } },
{ "type": "Feature", "properties": { "element": "way", "id": 268779320, "amenity": "hospital", "name": "Central Aflao Hospital", "opening_hours": null, "healthcare": null, "addr:city": null, "addr:street": null, "healthcare:speciality": null, "disabled": null, "emergency": null, "operator": null, "addr:suburb": null, "phone": null, "type": null, "contact:phone": null, "contact:website": null, "check_date": null, "email": null, "operator:type": null, "ownership": null, "description": null, "addr:housenumber": null, "source": null, "fixme": null, "addr:full": null, "beds": null, "wikidata": null, "wikipedia": null, "short_name": null, "level": null, "dispensing": null, "electricity": null, "health_amenity:type": null, "insurance:health": null, "operational_status": null, "water_source": null, "wheelchair": null, "website": null, "branch": null, "internet_access": null, "payment:cash": null, "payment:cards": null, "payment:credit_cards": null, "payment:debit_cards": null, "addr:postcode": null, "addr:region": null, "contact:facebook": null, "operator:wikidata": null, "mobile": null, "name:ar": null, "alt_name": null, "building": null, "name:de": null, "internet_access:fee": null, "old_name": null, "name:en": null, "official_name": null, "building:levels": null, "denomination": null, "name:fr": null, "layer": null, "barrier": null, "brand": null, "contact:email": null, "landuse": null, "name:it": null, "toilets:wheelchair": null, "addr:ghanapostgps": null, "alt_name:en": null, "addr:community": null, "building:material": null, "roof:material": null, "addr:country": null, "addr:place": null, "fax": null, "note": null, "opening_hours:visitors": null }, "geometry": { "type": "Polygon", "coordinates": [ [ [ 1.1684916, 6.1153901 ], [ 1.1686686, 6.1149687 ], [ 1.1689315, 6.1150514 ], [ 1.1689985, 6.1149314 ], [ 1.1693982, 6.1150834 ], [ 1.1692587, 6.1154034 ], [ 1.1691675, 6.1154648 ], [ 1.1690146, 6.1155021 ], [ 1.1684916, 6.1153901 ] ] ] } },
{ "type": "Feature", "properties": { "element": "way", "id": 277028141, "amenity": "hospital", "name": "MBA Hospital", "opening_hours": null, "healthcare": null, "addr:city": null, "addr:street": null, "healthcare:speciality": null, "disabled": null, "emergency": null, "operator": null, "addr:suburb": null, "phone": null, "type": null, "contact:phone": null, "contact:website": null, "check_date": "2025-07-25", "email": null, "operator:type": null, "ownership": null, "description": null, "addr:housenumber": null, "source": null, "fixme": null, "addr:full": null, "beds": null, "wikidata": null, "wikipedia": null, "short_name": null, "level": null, "dispensing": null, "electricity": null, "health_amenity:type": null, "insurance:health": null, "operational_status": null, "water_source": null, "wheelchair": null, "website": null, "branch": null, "internet_access": null, "payment:cash": null, "payment:cards": null, "payment:credit_cards": null, "payment:debit_cards": null, "addr:postcode": null, "addr:region": null, "contact:facebook": null, "operator:wikidata": null, "mobile": null, "name:ar": null, "alt_name": null, "building": null, "name:de": null, "internet_access:fee": null, "old_name": null, "name:en": null, "official_name": null, "building:levels": null, "denomination": null, "name:fr": null, "layer": null, "barrier": null, "brand": null, "contact:email": null, "landuse": null, "name:it": null, "toilets:wheelchair": null, "addr:ghanapostgps": null, "alt_name:en": null, "addr:community": null, "building:material": null, "roof:material": null, "addr:country": null, "addr:place": null, "fax": null, "note": null, "opening_hours:visitors": null }, "geometry": { "type": "Polygon", "coordinates": [ [ [ -0.2569506, 5.6016575 ], [ -0.2571847, 5.6012495 ], [ -0.2566769, 5.600961 ], [ -0.2564428, 5.601369 ], [ -0.2569506, 5.6016575 ] ] ] } },
{ "type": "Feature", "properties": { "element": "way", "id": 278268702, "amenity": "hospital", "name": "University of Ghana Hospital", "opening_hours": null, "healthcare": "hospital", "addr:city": null, "addr:street": null, "healthcare:speciality": null, "disabled": null, "emergency": null, "operator": null, "addr:suburb": null, "phone": null, "type": null, "contact:phone": null, "contact:website": null, "check_date": null, "email": null, "operator:type": null, "ownership": null, "description": null, "addr:housenumber": null, "source": null, "fixme": null, "addr:full": null, "beds": null, "wikidata": null, "wikipedia": null, "short_name": null, "level": null, "dispensing": null, "electricity": null, "health_amenity:type": null, "insurance:health": null, "operational_status": null, "water_source": null, "wheelchair": null, "website": null, "branch": null, "internet_access": null, "payment:cash": null, "payment:cards": null, "payment:credit_cards": null, "payment:debit_cards": null, "addr:postcode": null, "addr:region": null, "contact:facebook": null, "operator:wikidata": null, "mobile": null, "name:ar": null, "alt_name": null, "building": null, "name:de": null, "internet_access:fee": null, "old_name": null, "name:en": null, "official_name": null, "building:levels": null, "denomination": null, "name:fr": null, "layer": null, "barrier": null, "brand": null, "contact:email": null, "landuse": null, "name:it": null, "toilets:wheelchair": null, "addr:ghanapostgps": null, "alt_name:en": null, "addr:community": null, "building:material": null, "roof:material": null, "addr:country": null, "addr:place": null, "fax": null, "note": null, "opening_hours:visitors": null }, "geometry": { "type": "Polygon", "coordinates": [ [ [ -0.1774359, 5.6527401 ], [ -0.1775024, 5.6509472 ], [ -0.1774548, 5.6508631 ], [ -0.1774525, 5.65069 ], [ -0.178778, 5.6507092 ], [ -0.1787283, 5.6527593 ], [ -0.1774359, 5.6527401 ] ] ] } },
{ "type": "Feature", "properties": { "element": "way", "id": 297185541, "amenity": "hospital", "name": "Akatsi District Hospital", "opening_hours": null, "healthcare": null, "addr:city": null, "addr:street": null, "healthcare:speciality": null, "disabled": null, "emergency": null, "operator": "Ghana Health Service", "addr:suburb": null, "phone": null, "type": null, "contact:phone": null, "contact:website": null, "check_date": null, "email": null, "operator:type": null, "ownership": null, "description": null, "addr:housenumber": null, "source": null, "fixme": "split, farmlands", "addr:full": null, "beds": null, "wikidata": null, "wikipedia": null, "short_name": null, "level": null, "dispensing": null, "electricity": null, "health_amenity:type": null, "insurance:health": null, "operational_status": null, "water_source": null, "wheelchair": null, "website": null, "branch": null, "internet_access": null, "payment:cash": null, "payment:cards": null, "payment:credit_cards": null, "payment:debit_cards": null, "addr:postcode": null, "addr:region": null, "contact:facebook": null, "operator:wikidata": null, "mobile": null, "name:ar": null, "alt_name": null, "building": null, "name:de": null, "internet_access:fee": null, "old_name": null, "name:en": null, "official_name": null, "building:levels": null, "denomination": null, "name:fr": null, "layer": null, "barrier": null, "brand": null, "contact:email": null, "landuse": "residential", "name:it": null, "toilets:wheelchair": null, "addr:ghanapostgps": null, "alt_name:en": null, "addr:community": null, "building:material": null, "roof:material": null, "addr:country": null, "addr:place": null, "fax": null, "note": null, "opening_hours:visitors": null }, "geometry": { "type": "Polygon", "coordinates": [ [ [ 0.8075091, 6.137162 ], [ 0.8098555, 6.1386587 ], [ 0.8100983, 6.1388034 ], [ 0.8096036, 6.1395776 ], [ 0.8093025, 6.1394677 ], [ 0.8082657, 6.1412166 ], [ 0.806856, 6.1405054 ], [ 0.8071559, 6.1398061 ], [ 0.8067174, 6.1397084 ], [ 0.8069805, 6.1390928 ], [ 0.8063614, 6.1387161 ], [ 0.8075091, 6.137162 ] ] ] } },
{ "type": "Feature", "properties": { "element": "way", "id": 298258033, "amenity": "hospital", "name": "Korle Bu Policlinic", "opening_hours": null, "healthcare": null, "addr:city": null, "addr:street": null, "healthcare:speciality": null, "disabled": null, "emergency": null, "operator": null, "addr:suburb": null, "phone": null, "type": null, "contact:phone": null, "contact:website": null, "check_date": null, "email": null, "operator:type": null, "ownership": null, "description": null, "addr:housenumber": null, "source": null, "fixme": null, "addr:full": null, "beds": null, "wikidata": null, "wikipedia": null, "short_name": null, "level": null, "dispensing": null, "electricity": null, "health_amenity:type": null, "insurance:health": null, "operational_status": null, "water_source": null, "wheelchair": null, "website": null, "branch": null, "internet_access": null, "payment:cash": null, "payment:cards": null, "payment:credit_cards": null, "payment:debit_cards": null, "addr:postcode": null, "addr:region": null, "contact:facebook": null, "operator:wikidata": null, "mobile": null, "name:ar": null, "alt_name": null, "building": null, "name:de": null, "internet_access:fee": null, "old_name": null, "name:en": null, "official_name": null, "building:levels": null, "denomination": null, "name:fr": null, "layer": null, "barrier": null, "brand": null, "contact:email": null, "landuse": null, "name:it": null, "toilets:wheelchair": null, "addr:ghanapostgps": null, "alt_name:en": null, "addr:community": null, "building:material": null, "roof:material": null, "addr:country": null, "addr:place": null, "fax": null, "note": null, "opening_hours:visitors": null }, "geometry": { "type": "Polygon", "coordinates": [ [ [ -0.2240535, 5.538735 ], [ -0.2236347, 5.5387512 ], [ -0.2234152, 5.5384436 ], [ -0.223338, 5.5381968 ], [ -0.2231835, 5.5382251 ], [ -0.2228908, 5.5370921 ], [ -0.2236917, 5.5369829 ], [ -0.2240535, 5.538735 ] ] ] } },
{ "type": "Feature", "properties": { "element": "way", "id": 298260306, "amenity": "hospital", "name": "Ridge Hospital", "opening_hours": null, "healthcare": "birthing_centre;blood_donation;hospital;pharmacy", "addr:city": "Accra", "addr:street": "Castle Road", "healthcare:speciality": null, "disabled": null, "emergency": "yes", "operator": null, "addr:suburb": null, "phone": null, "type": null, "contact:phone": null, "contact:website": null, "check_date": null, "email": null, "operator:type": "government", "ownership": null, "description": null, "addr:housenumber": null, "source": null, "fixme": null, "addr:full": null, "beds": null, "wikidata": null, "wikipedia": null, "short_name": null, "level": null, "dispensing": null, "electricity": null, "health_amenity:type": "emergency_department", "insurance:health": null, "operational_status": null, "water_source": null, "wheelchair": null, "website": null, "branch": null, "internet_access": null, "payment:cash": null, "payment:cards": null, "payment:credit_cards": null, "payment:debit_cards": null, "addr:postcode": null, "addr:region": null, "contact:facebook": null, "operator:wikidata": null, "mobile": null, "name:ar": null, "alt_name": "The Greater Accra Regional Hospital", "building": null, "name:de": null, "internet_access:fee": null, "old_name": null, "name:en": null, "official_name": null, "building:levels": null, "denomination": null, "name:fr": null, "layer": null, "barrier": null, "brand": null, "contact:email": null, "landuse": null, "name:it": "Ridge", "toilets:wheelchair": null, "addr:ghanapostgps": null, "alt_name:en": null, "addr:community": null, "building:material": null, "roof:material": null, "addr:country": null, "addr:place": null, "fax": null, "note": null, "opening_hours:visitors": null }, "geometry": { "type": "Polygon", "coordinates": [ [ [ -0.1986819, 5.5609186 ], [ -0.2003664, 5.5623938 ], [ -0.2007607, 5.5626354 ], [ -0.2011684, 5.5628183 ], [ -0.2012143, 5.5628562 ], [ -0.2000767, 5.5636799 ], [ -0.1995121, 5.5635951 ], [ -0.1995952, 5.5631733 ], [ -0.1993652, 5.5631046 ], [ -0.1992419, 5.5631253 ], [ -0.1990306, 5.5631012 ], [ -0.1984734, 5.5630272 ], [ -0.1975662, 5.5627455 ], [ -0.1979296, 5.5618285 ], [ -0.1980382, 5.5615769 ], [ -0.1983795, 5.5610657 ], [ -0.198574, 5.5609269 ], [ -0.1986819, 5.5609186 ] ] ] } },
{ "type": "Feature", "properties": { "element": "way", "id": 299668118, "amenity": "hospital", "name": "Nyaho Clinic", "opening_hours": null, "healthcare": "hospital", "addr:city": null, "addr:street": null, "healthcare:speciality": null, "disabled": null, "emergency": null, "operator": null, "addr:suburb": null, "phone": null, "type": null, "contact:phone": null, "contact:website": null, "check_date": null, "email": null, "operator:type": null, "ownership": null, "description": null, "addr:housenumber": null, "source": null, "fixme": null, "addr:full": null, "beds": null, "wikidata": null, "wikipedia": null, "short_name": null, "level": null, "dispensing": null, "electricity": null, "health_amenity:type": null, "insurance:health": null, "operational_status": null, "water_source": null, "wheelchair": "yes", "website": null, "branch": null, "internet_access": null, "payment:cash": null, "payment:cards": null, "payment:credit_cards": null, "payment:debit_cards": null, "addr:postcode": null, "addr:region": null, "contact:facebook": null, "operator:wikidata": null, "mobile": null, "name:ar": null, "alt_name": null, "building": null, "name:de": null, "internet_access:fee": null, "old_name": null, "name:en": null, "official_name": null, "building:levels": null, "denomination": null, "name:fr": null, "layer": null, "barrier": null, "brand": null, "contact:email": null, "landuse": null, "name:it": null, "toilets:wheelchair": "yes", "addr:ghanapostgps": null, "alt_name:en": null, "addr:community": null, "building:material": null, "roof:material": null, "addr:country": null, "addr:place": null, "fax": null, "note": null, "opening_hours:visitors": null }, "geometry": { "type": "Polygon", "coordinates": [ [ [ -0.1841222, 5.6154172 ], [ -0.1841533, 5.6143692 ], [ -0.1854153, 5.613695 ], [ -0.1858652, 5.6143325 ], [ -0.1854547, 5.614588 ], [ -0.1851724, 5.6147636 ], [ -0.1841222, 5.6154172 ] ] ] } },
{ "type": "Feature", "properties": { "element": "way", "id": 303162760, "amenity": "hospital", "name": "Korle Bu Teaching Hospital", "opening_hours": null, "healthcare": "birthing_center;dentist;doctor;hospital;laboratory;optometrist;pharmacy;physiotherapist", "addr:city": "Accra", "addr:street": "Harley Street", "healthcare:speciality": null, "disabled": null, "emergency": null, "operator": null, "addr:suburb": null, "phone": null, "type": null, "contact:phone": "+233 30 273 9510", "contact:website": null, "check_date": null, "email": null, "operator:type": null, "ownership": null, "description": null, "addr:housenumber": null, "source": null, "fixme": null, "addr:full": null, "beds": null, "wikidata": "Q6432357", "wikipedia": null, "short_name": null, "level": null, "dispensing": null, "electricity": null, "health_amenity:type": "emergency_department;intensive_care_unit;operating_theater", "insurance:health": null, "operational_status": null, "water_source": null, "wheelchair": null, "website": null, "branch": null, "internet_access": null, "payment:cash": null, "payment:cards": null, "payment:credit_cards": null, "payment:debit_cards": null, "addr:postcode": "GA221", "addr:region": null, "contact:facebook": null, "operator:wikidata": null, "mobile": null, "name:ar": null, "alt_name": null, "building": null, "name:de": null, "internet_access:fee": null, "old_name": null, "name:en": null, "official_name": null, "building:levels": null, "denomination": null, "name:fr": null, "layer": null, "barrier": null, "brand": null, "contact:email": null, "landuse": null, "name:it": null, "toilets:wheelchair": null, "addr:ghanapostgps": "GA-221-1570", "alt_name:en": null, "addr:community": null, "building:material": null, "roof:material": null, "addr:country": null, "addr:place": null, "fax": null, "note": null, "opening_hours:visitors": null }, "geometry": { "type": "Polygon", "coordinates": [ [ [ -0.2292134, 5.5357968 ], [ -0.229441, 5.5367566 ], [ -0.2294162, 5.5369328 ], [ -0.2271093, 5.5403647 ], [ -0.2250479, 5.5390344 ], [ -0.2249633, 5.5388408 ], [ -0.2249986, 5.5388347 ], [ -0.2250362, 5.5388178 ], [ -0.2250629, 5.53879 ], [ -0.2252075, 5.5385724 ], [ -0.2250787, 5.538061 ], [ -0.2251127, 5.5379763 ], [ -0.2250557, 5.5377273 ], [ -0.2256958, 5.5375979 ], [ -0.2256861, 5.5375145 ], [ -0.2258192, 5.5373353 ], [ -0.2258695, 5.5372331 ], [ -0.2258941, 5.5371344 ], [ -0.225927, 5.5370106 ], [ -0.2260829, 5.5369894 ], [ -0.2259981, 5.5366328 ], [ -0.2255668, 5.5367255 ], [ -0.2255254, 5.5365349 ], [ -0.2292134, 5.5357968 ] ] ] } },
{ "type": "Feature", "properties": { "element": "way", "id": 310088363, "amenity": "hospital", "name": "Lapaz Community Hospital", "opening_hours": null, "healthcare": "hospital", "addr:city": null, "addr:street": null, "healthcare:speciality": null, "disabled": null, "emergency": "yes", "operator": null, "addr:suburb": null, "phone": null, "type": null, "contact:phone": null, "contact:website": null, "check_date": null, "email": null, "operator:type": null, "ownership": null, "description": null, "addr:housenumber": null, "source": null, "fixme": null, "addr:full": null, "beds": null, "wikidata": null, "wikipedia": null, "short_name": null, "level": null, "dispensing": null, "electricity": null, "health_amenity:type": null, "insurance:health": null, "operational_status": null, "water_source": null, "wheelchair": null, "website": null, "branch": null, "internet_access": null, "payment:cash": null, "payment:cards": null, "payment:credit_cards": null, "payment:debit_cards": null, "addr:postcode": null, "addr:region": null, "contact:facebook": null, "operator:wikidata": null, "mobile": null, "name:ar": null, "alt_name": null, "building": null, "name:de": null, "internet_access:fee": null, "old_name": null, "name:en": null, "official_name": null, "building:levels": null, "denomination": null, "name:fr": null, "layer": null, "barrier": null, "brand": null, "contact:email": null, "landuse": null, "name:it": null, "toilets:wheelchair": null, "addr:ghanapostgps": null, "alt_name:en": null, "addr:community": null, "building:material": null, "roof:material": null, "addr:country": null, "addr:place": null, "fax": null, "note": null, "opening_hours:visitors": null }, "geometry": { "type": "Polygon", "coordinates": [ [ [ -0.2534225, 5.6087285 ], [ -0.2536887, 5.6088667 ], [ -0.2539928, 5.6089935 ], [ -0.2540429, 5.6087724 ], [ -0.2537496, 5.6086459 ], [ -0.2534863, 5.6085398 ], [ -0.2534225, 5.6087285 ] ] ] } },
{ "type": "Feature", "properties": { "element": "way", "id": 316141751, "amenity": "hospital", "name": "Princess Marie Louie Children's Hospital", "opening_hours": null, "healthcare": "hospital", "addr:city": null, "addr:street": null, "healthcare:speciality": null, "disabled": null, "emergency": null, "operator": null, "addr:suburb": null, "phone": "+233 302 664137", "type": null, "contact:phone": null, "contact:website": null, "check_date": null, "email": null, "operator:type": null, "ownership": null, "description": null, "addr:housenumber": null, "source": null, "fixme": null, "addr:full": null, "beds": null, "wikidata": null, "wikipedia": null, "short_name": null, "level": null, "dispensing": null, "electricity": null, "health_amenity:type": null, "insurance:health": null, "operational_status": null, "water_source": null, "wheelchair": null, "website": null, "branch": null, "internet_access": null, "payment:cash": null, "payment:cards": null, "payment:credit_cards": null, "payment:debit_cards": null, "addr:postcode": null, "addr:region": null, "contact:facebook": null, "operator:wikidata": null, "mobile": null, "name:ar": null, "alt_name": "Children's Hospital", "building": null, "name:de": null, "internet_access:fee": null, "old_name": null, "name:en": null, "official_name": null, "building:levels": null, "denomination": null, "name:fr": null, "layer": null, "barrier": null, "brand": null, "contact:email": null, "landuse": null, "name:it": null, "toilets:wheelchair": null, "addr:ghanapostgps": null, "alt_name:en": null, "addr:community": null, "building:material": null, "roof:material": null, "addr:country": null, "addr:place": null, "fax": null, "note": null, "opening_hours:visitors": null }, "geometry": { "type": "Polygon", "coordinates": [ [ [ -0.2137833, 5.5449935 ], [ -0.2135091, 5.5441346 ], [ -0.2131136, 5.5442097 ], [ -0.2128024, 5.5442497 ], [ -0.2127015, 5.5443242 ], [ -0.2127036, 5.5445473 ], [ -0.2128296, 5.5451563 ], [ -0.2137833, 5.5449935 ] ] ] } },
{ "type": "Feature", "properties": { "element": "way", "id": 334626017, "amenity": "hospital", "name": "St. Elizabeth Hospital", "opening_hours": null, "healthcare": null, "addr:city": null, "addr:street": null, "healthcare:speciality": null, "disabled": null, "emergency": null, "operator": null, "addr:suburb": null, "phone": null, "type": null, "contact:phone": null, "contact:website": null, "check_date": null, "email": null, "operator:type": null, "ownership": null, "description": null, "addr:housenumber": null, "source": null, "fixme": null, "addr:full": null, "beds": null, "wikidata": null, "wikipedia": null, "short_name": null, "level": null, "dispensing": null, "electricity": null, "health_amenity:type": null, "insurance:health": null, "operational_status": null, "water_source": null, "wheelchair": null, "website": null, "branch": null, "internet_access": null, "payment:cash": null, "payment:cards": null, "payment:credit_cards": null, "payment:debit_cards": null, "addr:postcode": null, "addr:region": null, "contact:facebook": null, "operator:wikidata": null, "mobile": null, "name:ar": null, "alt_name": null, "building": null, "name:de": null, "internet_access:fee": null, "old_name": null, "name:en": null, "official_name": null, "building:levels": null, "denomination": "roman_catholic", "name:fr": null, "layer": null, "barrier": null, "brand": null, "contact:email": null, "landuse": null, "name:it": null, "toilets:wheelchair": null, "addr:ghanapostgps": null, "alt_name:en": null, "addr:community": null, "building:material": null, "roof:material": null, "addr:country": null, "addr:place": null, "fax": null, "note": null, "opening_hours:visitors": null }, "geometry": { "type": "Polygon", "coordinates": [ [ [ -2.359066, 6.932122 ], [ -2.3583785, 6.9326448 ], [ -2.3573574, 6.9334213 ], [ -2.3569899, 6.9327878 ], [ -2.3569887, 6.932062 ], [ -2.3573452, 6.9318519 ], [ -2.357529, 6.9317361 ], [ -2.3577462, 6.931563 ], [ -2.358115, 6.9312462 ], [ -2.3579621, 6.9308894 ], [ -2.3581581, 6.9307494 ], [ -2.3583095, 6.930932 ], [ -2.3583095, 6.931185 ], [ -2.359066, 6.932122 ] ] ] } },
{ "type": "Feature", "properties": { "element": "way", "id": 353537474, "amenity": "hospital", "name": "Sunyani Regional Hospital", "opening_hours": "24/7", "healthcare": "hospital", "addr:city": null, "addr:street": null, "healthcare:speciality": null, "disabled": null, "emergency": null, "operator": null, "addr:suburb": null, "phone": null, "type": null, "contact:phone": null, "contact:website": null, "check_date": null, "email": null, "operator:type": null, "ownership": null, "description": null, "addr:housenumber": null, "source": null, "fixme": null, "addr:full": null, "beds": null, "wikidata": null, "wikipedia": null, "short_name": null, "level": null, "dispensing": null, "electricity": null, "health_amenity:type": "emergency_department;laboratory;operating_theater;x_ray", "insurance:health": "public", "operational_status": null, "water_source": null, "wheelchair": null, "website": null, "branch": null, "internet_access": null, "payment:cash": null, "payment:cards": null, "payment:credit_cards": null, "payment:debit_cards": null, "addr:postcode": null, "addr:region": null, "contact:facebook": null, "operator:wikidata": null, "mobile": null, "name:ar": null, "alt_name": null, "building": null, "name:de": null, "internet_access:fee": null, "old_name": null, "name:en": null, "official_name": null, "building:levels": null, "denomination": null, "name:fr": null, "layer": null, "barrier": null, "brand": null, "contact:email": null, "landuse": null, "name:it": null, "toilets:wheelchair": null, "addr:ghanapostgps": null, "alt_name:en": null, "addr:community": null, "building:material": null, "roof:material": null, "addr:country": null, "addr:place": null, "fax": null, "note": null, "opening_hours:visitors": null }, "geometry": { "type": "Polygon", "coordinates": [ [ [ -2.3156691, 7.3475674 ], [ -2.3128836, 7.3475794 ], [ -2.3128581, 7.3472216 ], [ -2.3115291, 7.3472203 ], [ -2.3115505, 7.3466071 ], [ -2.3119931, 7.3465659 ], [ -2.3119824, 7.3455537 ], [ -2.3118831, 7.3455543 ], [ -2.3118871, 7.3454925 ], [ -2.3119857, 7.3454951 ], [ -2.3119529, 7.3440713 ], [ -2.3156476, 7.3442222 ], [ -2.3155819, 7.3454592 ], [ -2.3165448, 7.3454832 ], [ -2.3165448, 7.3458463 ], [ -2.3167728, 7.3458516 ], [ -2.3167956, 7.3461389 ], [ -2.3156543, 7.3461868 ], [ -2.3156691, 7.3475674 ] ] ] } },
{ "type": "Feature", "properties": { "element": "way", "id": 356767423, "amenity": "hospital", "name": "Kaneshie Polyclinic", "opening_hours": null, "healthcare": null, "addr:city": null, "addr:street": null, "healthcare:speciality": null, "disabled": null, "emergency": null, "operator": "Government", "addr:suburb": null, "phone": null, "type": null, "contact:phone": null, "contact:website": null, "check_date": null, "email": null, "operator:type": null, "ownership": null, "description": null, "addr:housenumber": null, "source": null, "fixme": null, "addr:full": null, "beds": null, "wikidata": null, "wikipedia": null, "short_name": null, "level": null, "dispensing": null, "electricity": null, "health_amenity:type": null, "insurance:health": null, "operational_status": null, "water_source": null, "wheelchair": null, "website": null, "branch": null, "internet_access": null, "payment:cash": null, "payment:cards": null, "payment:credit_cards": null, "payment:debit_cards": null, "addr:postcode": null, "addr:region": null, "contact:facebook": null, "operator:wikidata": null, "mobile": null, "name:ar": null, "alt_name": null, "building": null, "name:de": null, "internet_access:fee": null, "old_name": null, "name:en": null, "official_name": null, "building:levels": null, "denomination": null, "name:fr": null, "layer": null, "barrier": null, "brand": null, "contact:email": null, "landuse": null, "name:it": null, "toilets:wheelchair": null, "addr:ghanapostgps": null, "alt_name:en": null, "addr:community": null, "building:material": null, "roof:material": null, "addr:country": null, "addr:place": null, "fax": null, "note": null, "opening_hours:visitors": null }, "geometry": { "type": "Polygon", "coordinates": [ [ [ -0.2312982, 5.5746274 ], [ -0.2309213, 5.5749523 ], [ -0.2305524, 5.5745284 ], [ -0.2309292, 5.5742035 ], [ -0.2312982, 5.5746274 ] ] ] } },
{ "type": "Feature", "properties": { "element": "way", "id": 358330133, "amenity": "hospital", "name": "Bengali Hospital", "opening_hours": null, "healthcare": "hospital", "addr:city": null, "addr:street": null, "healthcare:speciality": null, "disabled": null, "emergency": null, "operator": null, "addr:suburb": null, "phone": null, "type": null, "contact:phone": null, "contact:website": null, "check_date": null, "email": null, "operator:type": null, "ownership": null, "description": null, "addr:housenumber": null, "source": "DG Premium", "fixme": null, "addr:full": null, "beds": null, "wikidata": null, "wikipedia": null, "short_name": null, "level": null, "dispensing": null, "electricity": null, "health_amenity:type": null, "insurance:health": null, "operational_status": null, "water_source": null, "wheelchair": null, "website": null, "branch": null, "internet_access": null, "payment:cash": null, "payment:cards": null, "payment:credit_cards": null, "payment:debit_cards": null, "addr:postcode": null, "addr:region": null, "contact:facebook": null, "operator:wikidata": null, "mobile": null, "name:ar": null, "alt_name": null, "building": "hospital", "name:de": null, "internet_access:fee": null, "old_name": null, "name:en": null, "official_name": null, "building:levels": null, "denomination": null, "name:fr": null, "layer": null, "barrier": null, "brand": null, "contact:email": null, "landuse": null, "name:it": null, "toilets:wheelchair": null, "addr:ghanapostgps": null, "alt_name:en": null, "addr:community": null, "building:material": null, "roof:material": null, "addr:country": null, "addr:place": null, "fax": null, "note": null, "opening_hours:visitors": null }, "geometry": { "type": "Polygon", "coordinates": [ [ [ -0.0205229, 5.6678515 ], [ -0.0204439, 5.6676667 ], [ -0.0200577, 5.6678304 ], [ -0.0201368, 5.6680151 ], [ -0.0205229, 5.6678515 ] ] ] } },
{ "type": "Feature", "properties": { "element": "way", "id": 358337142, "amenity": "hospital", "name": "Tema General Hospital", "opening_hours": null, "healthcare": "hospital", "addr:city": null, "addr:street": null, "healthcare:speciality": null, "disabled": null, "emergency": null, "operator": null, "addr:suburb": null, "phone": null, "type": null, "contact:phone": null, "contact:website": null, "check_date": null, "email": null, "operator:type": null, "ownership": null, "description": null, "addr:housenumber": null, "source": null, "fixme": null, "addr:full": null, "beds": null, "wikidata": null, "wikipedia": null, "short_name": null, "level": null, "dispensing": null, "electricity": null, "health_amenity:type": null, "insurance:health": null, "operational_status": null, "water_source": null, "wheelchair": null, "website": null, "branch": null, "internet_access": null, "payment:cash": null, "payment:cards": null, "payment:credit_cards": null, "payment:debit_cards": null, "addr:postcode": null, "addr:region": null, "contact:facebook": null, "operator:wikidata": null, "mobile": null, "name:ar": null, "alt_name": null, "building": null, "name:de": null, "internet_access:fee": null, "old_name": null, "name:en": null, "official_name": null, "building:levels": null, "denomination": null, "name:fr": null, "layer": null, "barrier": null, "brand": null, "contact:email": null, "landuse": null, "name:it": null, "toilets:wheelchair": null, "addr:ghanapostgps": null, "alt_name:en": null, "addr:community": null, "building:material": null, "roof:material": null, "addr:country": null, "addr:place": null, "fax": null, "note": null, "opening_hours:visitors": null }, "geometry": { "type": "Polygon", "coordinates": [ [ [ -0.0232339, 5.6784905 ], [ -0.0246951, 5.6783989 ], [ -0.0267529, 5.6768509 ], [ -0.02913, 5.6750273 ], [ -0.0270521, 5.6721767 ], [ -0.0252861, 5.669944 ], [ -0.0243886, 5.6707343 ], [ -0.0211802, 5.6733093 ], [ -0.0232339, 5.6784905 ] ] ] } },
{ "type": "Feature", "properties": { "element": "way", "id": 382961412, "amenity": "hospital", "name": "Sam Jonah Clinic", "opening_hours": null, "healthcare": null, "addr:city": null, "addr:street": null, "healthcare:speciality": null, "disabled": null, "emergency": null, "operator": null, "addr:suburb": null, "phone": null, "type": null, "contact:phone": null, "contact:website": null, "check_date": null, "email": null, "operator:type": null, "ownership": null, "description": null, "addr:housenumber": null, "source": null, "fixme": null, "addr:full": null, "beds": null, "wikidata": null, "wikipedia": null, "short_name": null, "level": null, "dispensing": null, "electricity": null, "health_amenity:type": null, "insurance:health": null, "operational_status": null, "water_source": null, "wheelchair": null, "website": null, "branch": null, "internet_access": null, "payment:cash": null, "payment:cards": null, "payment:credit_cards": null, "payment:debit_cards": null, "addr:postcode": null, "addr:region": null, "contact:facebook": null, "operator:wikidata": null, "mobile": null, "name:ar": null, "alt_name": null, "building": null, "name:de": null, "internet_access:fee": null, "old_name": null, "name:en": null, "official_name": null, "building:levels": null, "denomination": null, "name:fr": null, "layer": null, "barrier": null, "brand": null, "contact:email": null, "landuse": null, "name:it": null, "toilets:wheelchair": null, "addr:ghanapostgps": null, "alt_name:en": null, "addr:community": null, "building:material": null, "roof:material": null, "addr:country": null, "addr:place": null, "fax": null, "note": null, "opening_hours:visitors": null }, "geometry": { "type": "Polygon", "coordinates": [ [ [ -2.0450039, 5.2453835 ], [ -2.0449337, 5.2452896 ], [ -2.0448043, 5.2451783 ], [ -2.0453649, 5.2447377 ], [ -2.0453793, 5.2448777 ], [ -2.045349, 5.2449795 ], [ -2.045325, 5.2450813 ], [ -2.0451301, 5.2452992 ], [ -2.0450039, 5.2453835 ] ] ] } },
{ "type": "Feature", "properties": { "element": "way", "id": 391750854, "amenity": "hospital", "name": "Mamobi General Hospital", "opening_hours": "24/7", "healthcare": "birthing_centre;doctor;hospital", "addr:city": "Accra", "addr:street": "Abavana Street", "healthcare:speciality": null, "disabled": null, "emergency": null, "operator": null, "addr:suburb": null, "phone": null, "type": null, "contact:phone": "024 089 8458", "contact:website": null, "check_date": null, "email": null, "operator:type": "public", "ownership": null, "description": null, "addr:housenumber": null, "source": null, "fixme": null, "addr:full": null, "beds": null, "wikidata": null, "wikipedia": null, "short_name": null, "level": null, "dispensing": null, "electricity": null, "health_amenity:type": null, "insurance:health": null, "operational_status": null, "water_source": null, "wheelchair": null, "website": null, "branch": null, "internet_access": null, "payment:cash": null, "payment:cards": null, "payment:credit_cards": null, "payment:debit_cards": null, "addr:postcode": null, "addr:region": null, "contact:facebook": null, "operator:wikidata": null, "mobile": null, "name:ar": null, "alt_name": "Maamobi General Hospital", "building": null, "name:de": null, "internet_access:fee": null, "old_name": null, "name:en": null, "official_name": null, "building:levels": null, "denomination": null, "name:fr": null, "layer": null, "barrier": null, "brand": null, "contact:email": null, "landuse": null, "name:it": null, "toilets:wheelchair": null, "addr:ghanapostgps": null, "alt_name:en": "Mamobi Poly Clinic", "addr:community": null, "building:material": null, "roof:material": null, "addr:country": null, "addr:place": null, "fax": null, "note": null, "opening_hours:visitors": null }, "geometry": { "type": "Polygon", "coordinates": [ [ [ -0.1991948, 5.5921015 ], [ -0.1982572, 5.591684 ], [ -0.199168, 5.5906261 ], [ -0.1999144, 5.5913014 ], [ -0.199386, 5.5918786 ], [ -0.1991948, 5.5921015 ] ] ] } },
{ "type": "Feature", "properties": { "element": "way", "id": 406732167, "amenity": "hospital", "name": "War Memorial Hospital", "opening_hours": null, "healthcare": "hospital", "addr:city": "Navrongo", "addr:street": null, "healthcare:speciality": "general;paediatrics;psychiatry;ophthalmology;dermatology;radiology;emergency;maternity", "disabled": null, "emergency": null, "operator": "Ministry of Health", "addr:suburb": null, "phone": null, "type": null, "contact:phone": null, "contact:website": null, "check_date": null, "email": null, "operator:type": "government", "ownership": null, "description": null, "addr:housenumber": null, "source": null, "fixme": null, "addr:full": null, "beds": null, "wikidata": null, "wikipedia": null, "short_name": null, "level": null, "dispensing": null, "electricity": null, "health_amenity:type": null, "insurance:health": null, "operational_status": null, "water_source": null, "wheelchair": null, "website": null, "branch": null, "internet_access": null, "payment:cash": null, "payment:cards": null, "payment:credit_cards": null, "payment:debit_cards": null, "addr:postcode": "P.O Box 34 Navrongo", "addr:region": null, "contact:facebook": null, "operator:wikidata": null, "mobile": null, "name:ar": null, "alt_name": null, "building": null, "name:de": null, "internet_access:fee": null, "old_name": null, "name:en": null, "official_name": null, "building:levels": null, "denomination": null, "name:fr": null, "layer": null, "barrier": null, "brand": null, "contact:email": null, "landuse": null, "name:it": null, "toilets:wheelchair": null, "addr:ghanapostgps": null, "alt_name:en": null, "addr:community": null, "building:material": null, "roof:material": null, "addr:country": null, "addr:place": null, "fax": null, "note": null, "opening_hours:visitors": null }, "geometry": { "type": "Polygon", "coordinates": [ [ [ -1.0841562, 10.8815817 ], [ -1.0863452, 10.8807413 ], [ -1.0871011, 10.881547 ], [ -1.0871752, 10.8818007 ], [ -1.0870724, 10.8821742 ], [ -1.0869504, 10.8821625 ], [ -1.0865294, 10.8825548 ], [ -1.086271, 10.8832877 ], [ -1.0852639, 10.8841404 ], [ -1.0851471, 10.8841421 ], [ -1.084929, 10.8835132 ], [ -1.0841562, 10.8815817 ] ] ] } },
{ "type": "Feature", "properties": { "element": "way", "id": 406732178, "amenity": "hospital", "name": "Wa Municipal Hospital", "opening_hours": null, "healthcare": "hospital", "addr:city": "Wa", "addr:street": "Tendaamba Crescent", "healthcare:speciality": null, "disabled": null, "emergency": null, "operator": null, "addr:suburb": null, "phone": null, "type": null, "contact:phone": null, "contact:website": null, "check_date": null, "email": null, "operator:type": null, "ownership": null, "description": null, "addr:housenumber": null, "source": null, "fixme": null, "addr:full": null, "beds": null, "wikidata": null, "wikipedia": null, "short_name": null, "level": null, "dispensing": null, "electricity": null, "health_amenity:type": null, "insurance:health": null, "operational_status": null, "water_source": null, "wheelchair": null, "website": null, "branch": null, "internet_access": null, "payment:cash": null, "payment:cards": null, "payment:credit_cards": null, "payment:debit_cards": null, "addr:postcode": null, "addr:region": null, "contact:facebook": null, "operator:wikidata": null, "mobile": null, "name:ar": null, "alt_name": null, "building": null, "name:de": null, "internet_access:fee": null, "old_name": null, "name:en": null, "official_name": null, "building:levels": null, "denomination": null, "name:fr": null, "layer": null, "barrier": null, "brand": null, "contact:email": null, "landuse": null, "name:it": null, "toilets:wheelchair": null, "addr:ghanapostgps": null, "alt_name:en": null, "addr:community": null, "building:material": null, "roof:material": null, "addr:country": null, "addr:place": null, "fax": null, "note": null, "opening_hours:visitors": null }, "geometry": { "type": "Polygon", "coordinates": [ [ [ -2.4992117, 10.0569045 ], [ -2.4976493, 10.0581188 ], [ -2.4956978, 10.056013 ], [ -2.4956185, 10.0559277 ], [ -2.4981859, 10.0543477 ], [ -2.4984215, 10.0542656 ], [ -2.4984163, 10.0545037 ], [ -2.4981615, 10.054875 ], [ -2.4987004, 10.0554932 ], [ -2.4992117, 10.0569045 ] ] ] } },
{ "type": "Feature", "properties": { "element": "way", "id": 406732179, "amenity": "hospital", "name": "New Upper West Regional Hospital Site", "opening_hours": null, "healthcare": "hospital", "addr:city": null, "addr:street": null, "healthcare:speciality": null, "disabled": null, "emergency": null, "operator": null, "addr:suburb": null, "phone": null, "type": null, "contact:phone": null, "contact:website": null, "check_date": null, "email": null, "operator:type": null, "ownership": null, "description": null, "addr:housenumber": null, "source": null, "fixme": null, "addr:full": null, "beds": null, "wikidata": null, "wikipedia": null, "short_name": null, "level": null, "dispensing": null, "electricity": null, "health_amenity:type": null, "insurance:health": null, "operational_status": null, "water_source": null, "wheelchair": null, "website": null, "branch": null, "internet_access": null, "payment:cash": null, "payment:cards": null, "payment:credit_cards": null, "payment:debit_cards": null, "addr:postcode": null, "addr:region": null, "contact:facebook": null, "operator:wikidata": null, "mobile": null, "name:ar": null, "alt_name": null, "building": null, "name:de": null, "internet_access:fee": null, "old_name": null, "name:en": null, "official_name": null, "building:levels": null, "denomination": null, "name:fr": null, "layer": null, "barrier": null, "brand": null, "contact:email": null, "landuse": null, "name:it": null, "toilets:wheelchair": null, "addr:ghanapostgps": null, "alt_name:en": null, "addr:community": null, "building:material": null, "roof:material": null, "addr:country": null, "addr:place": null, "fax": null, "note": null, "opening_hours:visitors": null }, "geometry": { "type": "Polygon", "coordinates": [ [ [ -2.5216104, 10.0850942 ], [ -2.519702, 10.0865242 ], [ -2.5198482, 10.0867143 ], [ -2.5195666, 10.0869348 ], [ -2.5194338, 10.0870299 ], [ -2.5193158, 10.0870207 ], [ -2.5190964, 10.0871854 ], [ -2.5208739, 10.08936 ], [ -2.5216359, 10.0888309 ], [ -2.5219497, 10.0892693 ], [ -2.5227946, 10.0887187 ], [ -2.5227115, 10.0885668 ], [ -2.5230628, 10.0883093 ], [ -2.5227933, 10.087937 ], [ -2.5234385, 10.0874161 ], [ -2.5216104, 10.0850942 ] ] ] } },
{ "type": "Feature", "properties": { "element": "way", "id": 406732183, "amenity": "hospital", "name": "Bawku Presbyterian Hospital", "opening_hours": null, "healthcare": null, "addr:city": null, "addr:street": null, "healthcare:speciality": null, "disabled": null, "emergency": null, "operator": null, "addr:suburb": null, "phone": null, "type": null, "contact:phone": null, "contact:website": null, "check_date": null, "email": null, "operator:type": null, "ownership": null, "description": null, "addr:housenumber": null, "source": null, "fixme": null, "addr:full": null, "beds": null, "wikidata": null, "wikipedia": null, "short_name": null, "level": null, "dispensing": null, "electricity": null, "health_amenity:type": null, "insurance:health": null, "operational_status": null, "water_source": null, "wheelchair": null, "website": null, "branch": null, "internet_access": null, "payment:cash": null, "payment:cards": null, "payment:credit_cards": null, "payment:debit_cards": null, "addr:postcode": null, "addr:region": null, "contact:facebook": null, "operator:wikidata": null, "mobile": null, "name:ar": null, "alt_name": null, "building": null, "name:de": null, "internet_access:fee": null, "old_name": null, "name:en": null, "official_name": null, "building:levels": null, "denomination": null, "name:fr": null, "layer": null, "barrier": null, "brand": null, "contact:email": null, "landuse": null, "name:it": null, "toilets:wheelchair": null, "addr:ghanapostgps": null, "alt_name:en": null, "addr:community": null, "building:material": null, "roof:material": null, "addr:country": null, "addr:place": null, "fax": null, "note": null, "opening_hours:visitors": null }, "geometry": { "type": "Polygon", "coordinates": [ [ [ -0.2322143, 11.0623303 ], [ -0.2332985, 11.062082 ], [ -0.2343977, 11.0617701 ], [ -0.2328921, 11.0581547 ], [ -0.2318529, 11.0582424 ], [ -0.2316248, 11.0593839 ], [ -0.2315095, 11.0593786 ], [ -0.2315077, 11.0599547 ], [ -0.2319681, 11.0610653 ], [ -0.2322143, 11.0623303 ] ] ] } },
{ "type": "Feature", "properties": { "element": "way", "id": 427745987, "amenity": "hospital", "name": "Sunyani Municipal Hospital", "opening_hours": "24/7", "healthcare": "hospital", "addr:city": null, "addr:street": null, "healthcare:speciality": null, "disabled": null, "emergency": "yes", "operator": null, "addr:suburb": null, "phone": null, "type": null, "contact:phone": null, "contact:website": null, "check_date": null, "email": null, "operator:type": null, "ownership": null, "description": null, "addr:housenumber": null, "source": null, "fixme": null, "addr:full": null, "beds": null, "wikidata": null, "wikipedia": null, "short_name": null, "level": null, "dispensing": null, "electricity": null, "health_amenity:type": "emergency_department", "insurance:health": "public", "operational_status": null, "water_source": null, "wheelchair": null, "website": null, "branch": null, "internet_access": null, "payment:cash": null, "payment:cards": null, "payment:credit_cards": null, "payment:debit_cards": null, "addr:postcode": null, "addr:region": null, "contact:facebook": null, "operator:wikidata": null, "mobile": null, "name:ar": null, "alt_name": null, "building": null, "name:de": null, "internet_access:fee": null, "old_name": null, "name:en": null, "official_name": null, "building:levels": null, "denomination": null, "name:fr": "Hôpital municipal de Sunyani", "layer": null, "barrier": null, "brand": null, "contact:email": null, "landuse": null, "name:it": null, "toilets:wheelchair": null, "addr:ghanapostgps": null, "alt_name:en": null, "addr:community": null, "building:material": null, "roof:material": null, "addr:country": null, "addr:place": null, "fax": null, "note": null, "opening_hours:visitors": null }, "geometry": { "type": "Polygon", "coordinates": [ [ [ -2.330344, 7.3371885 ], [ -2.3296412, 7.3369091 ], [ -2.3288875, 7.3366378 ], [ -2.328732, 7.3369809 ], [ -2.3285335, 7.3374757 ], [ -2.3282546, 7.338178 ], [ -2.3278463, 7.3393394 ], [ -2.3283108, 7.3395959 ], [ -2.3287582, 7.3395309 ], [ -2.3293597, 7.3395986 ], [ -2.3296627, 7.3386463 ], [ -2.330344, 7.3371885 ] ] ] } },
{ "type": "Feature", "properties": { "element": "way", "id": 437380195, "amenity": "hospital", "name": "Achimota Hospital", "opening_hours": null, "healthcare": null, "addr:city": null, "addr:street": null, "healthcare:speciality": null, "disabled": null, "emergency": null, "operator": null, "addr:suburb": null, "phone": null, "type": null, "contact:phone": null, "contact:website": null, "check_date": null, "email": null, "operator:type": null, "ownership": null, "description": null, "addr:housenumber": null, "source": null, "fixme": null, "addr:full": null, "beds": null, "wikidata": null, "wikipedia": null, "short_name": null, "level": null, "dispensing": null, "electricity": null, "health_amenity:type": null, "insurance:health": null, "operational_status": null, "water_source": null, "wheelchair": null, "website": null, "branch": null, "internet_access": null, "payment:cash": null, "payment:cards": null, "payment:credit_cards": null, "payment:debit_cards": null, "addr:postcode": null, "addr:region": null, "contact:facebook": null, "operator:wikidata": null, "mobile": null, "name:ar": null, "alt_name": null, "building": null, "name:de": null, "internet_access:fee": null, "old_name": null, "name:en": null, "official_name": null, "building:levels": null, "denomination": null, "name:fr": null, "layer": null, "barrier": null, "brand": null, "contact:email": null, "landuse": null, "name:it": null, "toilets:wheelchair": null, "addr:ghanapostgps": null, "alt_name:en": null, "addr:community": null, "building:material": null, "roof:material": null, "addr:country": null, "addr:place": null, "fax": null, "note": null, "opening_hours:visitors": null }, "geometry": { "type": "Polygon", "coordinates": [ [ [ -0.2179174, 5.63053 ], [ -0.2162525, 5.6301794 ], [ -0.2164753, 5.6291314 ], [ -0.2181403, 5.629482 ], [ -0.2179174, 5.63053 ] ] ] } },
{ "type": "Feature", "properties": { "element": "way", "id": 439346942, "amenity": "hospital", "name": "Civil Service Polyclinic", "opening_hours": null, "healthcare": "hospital", "addr:city": null, "addr:street": null, "healthcare:speciality": null, "disabled": null, "emergency": null, "operator": null, "addr:suburb": null, "phone": null, "type": null, "contact:phone": null, "contact:website": null, "check_date": null, "email": null, "operator:type": null, "ownership": null, "description": null, "addr:housenumber": null, "source": null, "fixme": null, "addr:full": null, "beds": null, "wikidata": null, "wikipedia": null, "short_name": null, "level": null, "dispensing": null, "electricity": null, "health_amenity:type": null, "insurance:health": null, "operational_status": null, "water_source": null, "wheelchair": null, "website": null, "branch": null, "internet_access": null, "payment:cash": null, "payment:cards": null, "payment:credit_cards": null, "payment:debit_cards": null, "addr:postcode": null, "addr:region": null, "contact:facebook": null, "operator:wikidata": null, "mobile": null, "name:ar": null, "alt_name": null, "building": "office", "name:de": null, "internet_access:fee": null, "old_name": null, "name:en": null, "official_name": null, "building:levels": "2", "denomination": null, "name:fr": null, "layer": null, "barrier": null, "brand": null, "contact:email": null, "landuse": null, "name:it": null, "toilets:wheelchair": null, "addr:ghanapostgps": null, "alt_name:en": null, "addr:community": null, "building:material": null, "roof:material": null, "addr:country": null, "addr:place": null, "fax": null, "note": null, "opening_hours:visitors": null }, "geometry": { "type": "Polygon", "coordinates": [ [ [ -0.1961761, 5.5511394 ], [ -0.1958125, 5.5510674 ], [ -0.1958352, 5.5509537 ], [ -0.1960063, 5.5509875 ], [ -0.1960157, 5.5509404 ], [ -0.1962082, 5.5509786 ], [ -0.1961761, 5.5511394 ] ] ] } },
{ "type": "Feature", "properties": { "element": "way", "id": 441237332, "amenity": "hospital", "name": "Pishigu Clinic", "opening_hours": null, "healthcare": null, "addr:city": null, "addr:street": null, "healthcare:speciality": null, "disabled": null, "emergency": null, "operator": "Ghana Health Services", "addr:suburb": null, "phone": null, "type": null, "contact:phone": null, "contact:website": null, "check_date": null, "email": null, "operator:type": null, "ownership": null, "description": null, "addr:housenumber": null, "source": null, "fixme": null, "addr:full": null, "beds": null, "wikidata": null, "wikipedia": null, "short_name": null, "level": null, "dispensing": null, "electricity": null, "health_amenity:type": null, "insurance:health": null, "operational_status": null, "water_source": null, "wheelchair": null, "website": null, "branch": null, "internet_access": null, "payment:cash": null, "payment:cards": null, "payment:credit_cards": null, "payment:debit_cards": null, "addr:postcode": null, "addr:region": null, "contact:facebook": null, "operator:wikidata": null, "mobile": null, "name:ar": null, "alt_name": null, "building": null, "name:de": null, "internet_access:fee": null, "old_name": null, "name:en": null, "official_name": null, "building:levels": null, "denomination": null, "name:fr": null, "layer": null, "barrier": null, "brand": null, "contact:email": null, "landuse": null, "name:it": null, "toilets:wheelchair": null, "addr:ghanapostgps": null, "alt_name:en": null, "addr:community": null, "building:material": null, "roof:material": null, "addr:country": null, "addr:place": null, "fax": null, "note": null, "opening_hours:visitors": null }, "geometry": { "type": "Polygon", "coordinates": [ [ [ -0.6476916, 9.9675202 ], [ -0.6479709, 9.9668952 ], [ -0.6478877, 9.9668714 ], [ -0.647995, 9.9666099 ], [ -0.6475565, 9.9664713 ], [ -0.6472976, 9.9664065 ], [ -0.6472341, 9.966684 ], [ -0.6470113, 9.9666345 ], [ -0.6470748, 9.966357 ], [ -0.6469811, 9.9663325 ], [ -0.6466268, 9.9662499 ], [ -0.6464202, 9.9671195 ], [ -0.6476916, 9.9675202 ] ] ] } },
{ "type": "Feature", "properties": { "element": "way", "id": 443765697, "amenity": "hospital", "name": "Tema Polyclinic", "opening_hours": null, "healthcare": "hospital", "addr:city": null, "addr:street": null, "healthcare:speciality": null, "disabled": null, "emergency": null, "operator": null, "addr:suburb": null, "phone": null, "type": null, "contact:phone": null, "contact:website": null, "check_date": null, "email": null, "operator:type": null, "ownership": null, "description": null, "addr:housenumber": null, "source": null, "fixme": null, "addr:full": null, "beds": null, "wikidata": null, "wikipedia": null, "short_name": null, "level": null, "dispensing": null, "electricity": null, "health_amenity:type": null, "insurance:health": null, "operational_status": null, "water_source": null, "wheelchair": null, "website": null, "branch": null, "internet_access": null, "payment:cash": null, "payment:cards": null, "payment:credit_cards": null, "payment:debit_cards": null, "addr:postcode": null, "addr:region": null, "contact:facebook": null, "operator:wikidata": null, "mobile": null, "name:ar": null, "alt_name": null, "building": null, "name:de": null, "internet_access:fee": null, "old_name": null, "name:en": null, "official_name": null, "building:levels": null, "denomination": null, "name:fr": null, "layer": null, "barrier": null, "brand": null, "contact:email": null, "landuse": null, "name:it": null, "toilets:wheelchair": null, "addr:ghanapostgps": null, "alt_name:en": null, "addr:community": null, "building:material": null, "roof:material": null, "addr:country": null, "addr:place": null, "fax": null, "note": null, "opening_hours:visitors": null }, "geometry": { "type": "Polygon", "coordinates": [ [ [ -0.0077728, 5.6361361 ], [ -0.0066132, 5.6363554 ], [ -0.0061867, 5.6362501 ], [ -0.0057814, 5.63504 ], [ -0.006044, 5.6349488 ], [ -0.0067119, 5.6353189 ], [ -0.0078168, 5.6359748 ], [ -0.0077728, 5.6361361 ] ] ] } },
{ "type": "Feature", "properties": { "element": "way", "id": 448577658, "amenity": "hospital", "name": "Takoradi Hospital", "opening_hours": null, "healthcare": "hospital", "addr:city": null, "addr:street": null, "healthcare:speciality": null, "disabled": null, "emergency": null, "operator": null, "addr:suburb": null, "phone": null, "type": null, "contact:phone": null, "contact:website": null, "check_date": null, "email": null, "operator:type": null, "ownership": null, "description": null, "addr:housenumber": null, "source": null, "fixme": null, "addr:full": null, "beds": null, "wikidata": null, "wikipedia": null, "short_name": null, "level": null, "dispensing": null, "electricity": null, "health_amenity:type": null, "insurance:health": null, "operational_status": null, "water_source": null, "wheelchair": null, "website": null, "branch": null, "internet_access": null, "payment:cash": null, "payment:cards": null, "payment:credit_cards": null, "payment:debit_cards": null, "addr:postcode": null, "addr:region": null, "contact:facebook": null, "operator:wikidata": null, "mobile": null, "name:ar": "مستشفى تاكورادي", "alt_name": null, "building": null, "name:de": null, "internet_access:fee": null, "old_name": null, "name:en": null, "official_name": null, "building:levels": null, "denomination": null, "name:fr": null, "layer": null, "barrier": null, "brand": null, "contact:email": null, "landuse": null, "name:it": null, "toilets:wheelchair": null, "addr:ghanapostgps": null, "alt_name:en": null, "addr:community": null, "building:material": null, "roof:material": null, "addr:country": null, "addr:place": null, "fax": null, "note": null, "opening_hours:visitors": null }, "geometry": { "type": "Polygon", "coordinates": [ [ [ -1.7543665, 4.885969 ], [ -1.7545087, 4.8856029 ], [ -1.7548735, 4.8856617 ], [ -1.7554126, 4.8849828 ], [ -1.7532722, 4.8832431 ], [ -1.7531354, 4.8832671 ], [ -1.7509896, 4.8858113 ], [ -1.7505793, 4.8865322 ], [ -1.7504264, 4.8875157 ], [ -1.7505511, 4.8883268 ], [ -1.7510915, 4.8893476 ], [ -1.7521108, 4.8880295 ], [ -1.751196, 4.8874729 ], [ -1.7518679, 4.8866057 ], [ -1.7524186, 4.8871032 ], [ -1.7527363, 4.887332 ], [ -1.7538784, 4.8878157 ], [ -1.7539669, 4.8876473 ], [ -1.7543665, 4.885969 ] ] ] } },
{ "type": "Feature", "properties": { "element": "way", "id": 452696674, "amenity": "hospital", "name": "Apradang Clinic", "opening_hours": null, "healthcare": null, "addr:city": null, "addr:street": null, "healthcare:speciality": null, "disabled": null, "emergency": null, "operator": null, "addr:suburb": null, "phone": null, "type": null, "contact:phone": null, "contact:website": null, "check_date": null, "email": null, "operator:type": null, "ownership": null, "description": null, "addr:housenumber": null, "source": null, "fixme": null, "addr:full": null, "beds": null, "wikidata": null, "wikipedia": null, "short_name": null, "level": null, "dispensing": null, "electricity": null, "health_amenity:type": null, "insurance:health": null, "operational_status": null, "water_source": null, "wheelchair": null, "website": null, "branch": null, "internet_access": null, "payment:cash": null, "payment:cards": null, "payment:credit_cards": null, "payment:debit_cards": null, "addr:postcode": null, "addr:region": null, "contact:facebook": null, "operator:wikidata": null, "mobile": null, "name:ar": null, "alt_name": null, "building": null, "name:de": null, "internet_access:fee": null, "old_name": null, "name:en": null, "official_name": null, "building:levels": null, "denomination": null, "name:fr": null, "layer": null, "barrier": null, "brand": null, "contact:email": null, "landuse": null, "name:it": null, "toilets:wheelchair": null, "addr:ghanapostgps": null, "alt_name:en": null, "addr:community": null, "building:material": null, "roof:material": null, "addr:country": null, "addr:place": null, "fax": null, "note": null, "opening_hours:visitors": null }, "geometry": { "type": "Polygon", "coordinates": [ [ [ -0.8663327, 6.5487386 ], [ -0.8662254, 6.5487173 ], [ -0.8662951, 6.5485307 ], [ -0.8663917, 6.548552 ], [ -0.8663327, 6.5487386 ] ] ] } },
{ "type": "Feature", "properties": { "element": "way", "id": 452698029, "amenity": "hospital", "name": "Matermity Ward", "opening_hours": null, "healthcare": null, "addr:city": null, "addr:street": null, "healthcare:speciality": null, "disabled": null, "emergency": null, "operator": null, "addr:suburb": null, "phone": null, "type": null, "contact:phone": null, "contact:website": null, "check_date": null, "email": null, "operator:type": null, "ownership": null, "description": null, "addr:housenumber": null, "source": null, "fixme": null, "addr:full": null, "beds": null, "wikidata": null, "wikipedia": null, "short_name": null, "level": null, "dispensing": null, "electricity": null, "health_amenity:type": null, "insurance:health": null, "operational_status": null, "water_source": null, "wheelchair": null, "website": null, "branch": null, "internet_access": null, "payment:cash": null, "payment:cards": null, "payment:credit_cards": null, "payment:debit_cards": null, "addr:postcode": null, "addr:region": null, "contact:facebook": null, "operator:wikidata": null, "mobile": null, "name:ar": null, "alt_name": null, "building": null, "name:de": null, "internet_access:fee": null, "old_name": null, "name:en": null, "official_name": null, "building:levels": null, "denomination": null, "name:fr": null, "layer": null, "barrier": null, "brand": null, "contact:email": null, "landuse": null, "name:it": null, "toilets:wheelchair": null, "addr:ghanapostgps": null, "alt_name:en": null, "addr:community": null, "building:material": null, "roof:material": null, "addr:country": null, "addr:place": null, "fax": null, "note": null, "opening_hours:visitors": null }, "geometry": { "type": "Polygon", "coordinates": [ [ [ -0.8664319, 6.5484055 ], [ -0.8663246, 6.5483735 ], [ -0.8663273, 6.548211 ], [ -0.8664627, 6.5482363 ], [ -0.8664319, 6.5484055 ] ] ] } },
{ "type": "Feature", "properties": { "element": "way", "id": 452698167, "amenity": "hospital", "name": "CWC", "opening_hours": null, "healthcare": null, "addr:city": null, "addr:street": null, "healthcare:speciality": null, "disabled": null, "emergency": null, "operator": null, "addr:suburb": null, "phone": null, "type": null, "contact:phone": null, "contact:website": null, "check_date": null, "email": null, "operator:type": null, "ownership": null, "description": null, "addr:housenumber": null, "source": null, "fixme": null, "addr:full": null, "beds": null, "wikidata": null, "wikipedia": null, "short_name": null, "level": null, "dispensing": null, "electricity": null, "health_amenity:type": null, "insurance:health": null, "operational_status": null, "water_source": null, "wheelchair": null, "website": null, "branch": null, "internet_access": null, "payment:cash": null, "payment:cards": null, "payment:credit_cards": null, "payment:debit_cards": null, "addr:postcode": null, "addr:region": null, "contact:facebook": null, "operator:wikidata": null, "mobile": null, "name:ar": null, "alt_name": null, "building": null, "name:de": null, "internet_access:fee": null, "old_name": null, "name:en": null, "official_name": null, "building:levels": null, "denomination": null, "name:fr": null, "layer": null, "barrier": null, "brand": null, "contact:email": null, "landuse": null, "name:it": null, "toilets:wheelchair": null, "addr:ghanapostgps": null, "alt_name:en": null, "addr:community": null, "building:material": null, "roof:material": null, "addr:country": null, "addr:place": null, "fax": null, "note": null, "opening_hours:visitors": null }, "geometry": { "type": "Polygon", "coordinates": [ [ [ -0.8662106, 6.5484401 ], [ -0.8661315, 6.5484188 ], [ -0.8661395, 6.5483402 ], [ -0.8662254, 6.5483589 ], [ -0.8662106, 6.5484401 ] ] ] } },
{ "type": "Feature", "properties": { "element": "way", "id": 455565143, "amenity": "hospital", "name": "North Deseret Hospital", "opening_hours": null, "healthcare": "hospital", "addr:city": "Antie-Aku Sowutuom", "addr:street": "Deseret Road", "healthcare:speciality": null, "disabled": null, "emergency": null, "operator": null, "addr:suburb": null, "phone": null, "type": null, "contact:phone": null, "contact:website": null, "check_date": "2025-03-02", "email": null, "operator:type": null, "ownership": null, "description": null, "addr:housenumber": null, "source": null, "fixme": null, "addr:full": null, "beds": null, "wikidata": null, "wikipedia": null, "short_name": null, "level": null, "dispensing": null, "electricity": null, "health_amenity:type": null, "insurance:health": null, "operational_status": null, "water_source": null, "wheelchair": null, "website": null, "branch": null, "internet_access": null, "payment:cash": null, "payment:cards": null, "payment:credit_cards": null, "payment:debit_cards": null, "addr:postcode": null, "addr:region": null, "contact:facebook": null, "operator:wikidata": null, "mobile": null, "name:ar": null, "alt_name": null, "building": null, "name:de": null, "internet_access:fee": null, "old_name": null, "name:en": "North Desert Hospital", "official_name": null, "building:levels": null, "denomination": null, "name:fr": null, "layer": null, "barrier": null, "brand": null, "contact:email": null, "landuse": null, "name:it": null, "toilets:wheelchair": null, "addr:ghanapostgps": null, "alt_name:en": null, "addr:community": null, "building:material": null, "roof:material": null, "addr:country": null, "addr:place": null, "fax": null, "note": null, "opening_hours:visitors": null }, "geometry": { "type": "Polygon", "coordinates": [ [ [ -0.2787487, 5.6079096 ], [ -0.2785908, 5.6078955 ], [ -0.2785676, 5.6081521 ], [ -0.2787234, 5.608166 ], [ -0.2787307, 5.6080857 ], [ -0.278982, 5.6081081 ], [ -0.2789979, 5.6079319 ], [ -0.2787487, 5.6079096 ] ] ] } },
{ "type": "Feature", "properties": { "element": "way", "id": 457229787, "amenity": "hospital", "name": "Ada East District Hospital", "opening_hours": null, "healthcare": "hospital", "addr:city": "Ada", "addr:street": null, "healthcare:speciality": null, "disabled": null, "emergency": null, "operator": null, "addr:suburb": null, "phone": null, "type": null, "contact:phone": null, "contact:website": null, "check_date": null, "email": null, "operator:type": null, "ownership": null, "description": null, "addr:housenumber": null, "source": null, "fixme": null, "addr:full": null, "beds": null, "wikidata": null, "wikipedia": null, "short_name": null, "level": null, "dispensing": null, "electricity": null, "health_amenity:type": null, "insurance:health": null, "operational_status": null, "water_source": null, "wheelchair": null, "website": null, "branch": null, "internet_access": null, "payment:cash": null, "payment:cards": null, "payment:credit_cards": null, "payment:debit_cards": null, "addr:postcode": null, "addr:region": null, "contact:facebook": null, "operator:wikidata": null, "mobile": null, "name:ar": null, "alt_name": null, "building": null, "name:de": null, "internet_access:fee": null, "old_name": null, "name:en": null, "official_name": null, "building:levels": null, "denomination": null, "name:fr": null, "layer": null, "barrier": null, "brand": null, "contact:email": null, "landuse": null, "name:it": null, "toilets:wheelchair": null, "addr:ghanapostgps": null, "alt_name:en": null, "addr:community": null, "building:material": null, "roof:material": null, "addr:country": null, "addr:place": null, "fax": null, "note": null, "opening_hours:visitors": null }, "geometry": { "type": "Polygon", "coordinates": [ [ [ 0.5697843, 5.8906675 ], [ 0.5708208, 5.8900653 ], [ 0.5696667, 5.8881 ], [ 0.5686302, 5.8887022 ], [ 0.5697843, 5.8906675 ] ] ] } },
{ "type": "Feature", "properties": { "element": "way", "id": 459562807, "amenity": "hospital", "name": "Valley View University Hospital", "opening_hours": null, "healthcare": null, "addr:city": null, "addr:street": null, "healthcare:speciality": null, "disabled": null, "emergency": null, "operator": null, "addr:suburb": null, "phone": null, "type": null, "contact:phone": null, "contact:website": null, "check_date": null, "email": null, "operator:type": null, "ownership": null, "description": null, "addr:housenumber": null, "source": "Bing 9/2/2010-9/17/2016", "fixme": null, "addr:full": null, "beds": null, "wikidata": null, "wikipedia": null, "short_name": null, "level": null, "dispensing": null, "electricity": null, "health_amenity:type": null, "insurance:health": null, "operational_status": null, "water_source": null, "wheelchair": null, "website": null, "branch": null, "internet_access": null, "payment:cash": null, "payment:cards": null, "payment:credit_cards": null, "payment:debit_cards": null, "addr:postcode": null, "addr:region": null, "contact:facebook": null, "operator:wikidata": null, "mobile": null, "name:ar": null, "alt_name": null, "building": "yes", "name:de": null, "internet_access:fee": null, "old_name": null, "name:en": null, "official_name": null, "building:levels": null, "denomination": null, "name:fr": null, "layer": null, "barrier": null, "brand": null, "contact:email": null, "landuse": null, "name:it": null, "toilets:wheelchair": null, "addr:ghanapostgps": null, "alt_name:en": null, "addr:community": null, "building:material": null, "roof:material": null, "addr:country": null, "addr:place": null, "fax": null, "note": null, "opening_hours:visitors": null }, "geometry": { "type": "Polygon", "coordinates": [ [ [ -0.1258204, 5.7981698 ], [ -0.1258992, 5.7979208 ], [ -0.1260228, 5.7979595 ], [ -0.1259904, 5.7980621 ], [ -0.1260268, 5.7980735 ], [ -0.126007, 5.7981359 ], [ -0.1259682, 5.7981237 ], [ -0.1259416, 5.7982078 ], [ -0.1258204, 5.7981698 ] ] ] } },
{ "type": "Feature", "properties": { "element": "way", "id": 464683570, "amenity": "hospital", "name": "University of Ghana Medical Center Limited", "opening_hours": null, "healthcare": "hospital", "addr:city": "Legon, Accra", "addr:street": "Jubilee Link", "healthcare:speciality": "general;paediatrics;ophthalmology;dialysis;dentistry;vaccination;dermatology;surgery;maternity;blood_check;community", "disabled": null, "emergency": "yes", "operator": "University of Ghana", "addr:suburb": null, "phone": "+233 302 550843", "type": null, "contact:phone": null, "contact:website": null, "check_date": null, "email": null, "operator:type": "government_facility-public", "ownership": null, "description": null, "addr:housenumber": null, "source": null, "fixme": null, "addr:full": null, "beds": null, "wikidata": null, "wikipedia": null, "short_name": "UGMC", "level": null, "dispensing": null, "electricity": null, "health_amenity:type": null, "insurance:health": null, "operational_status": null, "water_source": null, "wheelchair": null, "website": "https://ugmedicalcentre.org/", "branch": null, "internet_access": null, "payment:cash": null, "payment:cards": null, "payment:credit_cards": null, "payment:debit_cards": null, "addr:postcode": "LG 25", "addr:region": null, "contact:facebook": null, "operator:wikidata": null, "mobile": null, "name:ar": null, "alt_name": "UG Medical Centre", "building": null, "name:de": null, "internet_access:fee": null, "old_name": null, "name:en": null, "official_name": null, "building:levels": null, "denomination": null, "name:fr": null, "layer": null, "barrier": null, "brand": null, "contact:email": null, "landuse": null, "name:it": null, "toilets:wheelchair": null, "addr:ghanapostgps": null, "alt_name:en": null, "addr:community": null, "building:material": null, "roof:material": null, "addr:country": null, "addr:place": null, "fax": null, "note": null, "opening_hours:visitors": null }, "geometry": { "type": "Polygon", "coordinates": [ [ [ -0.1834698, 5.6307244 ], [ -0.1839915, 5.6316479 ], [ -0.18385, 5.63172 ], [ -0.1854218, 5.6345321 ], [ -0.1883796, 5.6328424 ], [ -0.1863331, 5.6291955 ], [ -0.1834698, 5.6307244 ] ] ] } },
{ "type": "Feature", "properties": { "element": "way", "id": 465805352, "amenity": "hospital", "name": "International Mission Hospital", "opening_hours": null, "healthcare": null, "addr:city": null, "addr:street": null, "healthcare:speciality": null, "disabled": null, "emergency": null, "operator": null, "addr:suburb": null, "phone": null, "type": null, "contact:phone": null, "contact:website": null, "check_date": null, "email": null, "operator:type": null, "ownership": null, "description": null, "addr:housenumber": null, "source": "survey; MapBox", "fixme": null, "addr:full": null, "beds": null, "wikidata": null, "wikipedia": null, "short_name": null, "level": null, "dispensing": null, "electricity": null, "health_amenity:type": null, "insurance:health": null, "operational_status": null, "water_source": null, "wheelchair": null, "website": null, "branch": null, "internet_access": null, "payment:cash": null, "payment:cards": null, "payment:credit_cards": null, "payment:debit_cards": null, "addr:postcode": null, "addr:region": null, "contact:facebook": null, "operator:wikidata": null, "mobile": null, "name:ar": null, "alt_name": null, "building": null, "name:de": null, "internet_access:fee": null, "old_name": null, "name:en": null, "official_name": null, "building:levels": null, "denomination": null, "name:fr": null, "layer": null, "barrier": null, "brand": null, "contact:email": null, "landuse": null, "name:it": null, "toilets:wheelchair": null, "addr:ghanapostgps": null, "alt_name:en": null, "addr:community": null, "building:material": null, "roof:material": null, "addr:country": null, "addr:place": null, "fax": null, "note": null, "opening_hours:visitors": null }, "geometry": { "type": "Polygon", "coordinates": [ [ [ 0.992225, 6.0584986 ], [ 0.9915759, 6.0582683 ], [ 0.9916135, 6.0535733 ], [ 0.9932443, 6.0538133 ], [ 0.9930726, 6.0569127 ], [ 0.992225, 6.0584986 ] ] ] } },
{ "type": "Feature", "properties": { "element": "way", "id": 478696524, "amenity": "hospital", "name": "Eastern Regional Hospital", "opening_hours": null, "healthcare": "hospital", "addr:city": "Koforidua", "addr:street": null, "healthcare:speciality": "general;psychiatry;paediatrics;dentistry;gynaecology;emergency;radiology;oncology;surgery;maternity;cardiology;osteopathy", "disabled": null, "emergency": "yes", "operator": null, "addr:suburb": null, "phone": null, "type": null, "contact:phone": "+233 34 202 3011", "contact:website": "https://erhk.org/", "check_date": null, "email": null, "operator:type": null, "ownership": null, "description": null, "addr:housenumber": null, "source": null, "fixme": null, "addr:full": null, "beds": null, "wikidata": "Q5330410", "wikipedia": null, "short_name": null, "level": null, "dispensing": null, "electricity": null, "health_amenity:type": null, "insurance:health": null, "operational_status": null, "water_source": null, "wheelchair": null, "website": null, "branch": null, "internet_access": null, "payment:cash": null, "payment:cards": null, "payment:credit_cards": null, "payment:debit_cards": null, "addr:postcode": null, "addr:region": null, "contact:facebook": null, "operator:wikidata": null, "mobile": null, "name:ar": null, "alt_name": "Koforidua Regional Hospital", "building": null, "name:de": null, "internet_access:fee": null, "old_name": null, "name:en": null, "official_name": null, "building:levels": null, "denomination": null, "name:fr": null, "layer": null, "barrier": null, "brand": null, "contact:email": "info@erhk.org", "landuse": null, "name:it": null, "toilets:wheelchair": null, "addr:ghanapostgps": null, "alt_name:en": null, "addr:community": null, "building:material": null, "roof:material": null, "addr:country": null, "addr:place": null, "fax": null, "note": null, "opening_hours:visitors": null }, "geometry": { "type": "Polygon", "coordinates": [ [ [ -0.2571607, 6.0992787 ], [ -0.2570713, 6.0993652 ], [ -0.2561399, 6.0983827 ], [ -0.2559799, 6.0981951 ], [ -0.255772, 6.0979742 ], [ -0.2552641, 6.0974188 ], [ -0.2556457, 6.0972521 ], [ -0.2558656, 6.0972441 ], [ -0.2568004, 6.09682 ], [ -0.2579607, 6.0961645 ], [ -0.2586934, 6.0971865 ], [ -0.2578904, 6.0982638 ], [ -0.2571607, 6.0992787 ] ] ] } },
{ "type": "Feature", "properties": { "element": "way", "id": 481195130, "amenity": "hospital", "name": "Bemuah Royal Hospital", "opening_hours": null, "healthcare": null, "addr:city": null, "addr:street": null, "healthcare:speciality": null, "disabled": null, "emergency": null, "operator": null, "addr:suburb": null, "phone": null, "type": null, "contact:phone": null, "contact:website": null, "check_date": null, "email": null, "operator:type": null, "ownership": null, "description": null, "addr:housenumber": null, "source": null, "fixme": null, "addr:full": null, "beds": null, "wikidata": null, "wikipedia": null, "short_name": null, "level": null, "dispensing": null, "electricity": null, "health_amenity:type": null, "insurance:health": null, "operational_status": null, "water_source": null, "wheelchair": null, "website": null, "branch": null, "internet_access": null, "payment:cash": null, "payment:cards": null, "payment:credit_cards": null, "payment:debit_cards": null, "addr:postcode": null, "addr:region": null, "contact:facebook": null, "operator:wikidata": null, "mobile": null, "name:ar": null, "alt_name": null, "building": null, "name:de": null, "internet_access:fee": null, "old_name": null, "name:en": null, "official_name": null, "building:levels": null, "denomination": null, "name:fr": null, "layer": null, "barrier": null, "brand": null, "contact:email": null, "landuse": null, "name:it": null, "toilets:wheelchair": null, "addr:ghanapostgps": null, "alt_name:en": null, "addr:community": null, "building:material": null, "roof:material": null, "addr:country": null, "addr:place": null, "fax": null, "note": null, "opening_hours:visitors": null }, "geometry": { "type": "Polygon", "coordinates": [ [ [ -0.1570243, 5.6456102 ], [ -0.1570279, 5.6460873 ], [ -0.1566584, 5.6460866 ], [ -0.1565679, 5.6459465 ], [ -0.1570243, 5.6456102 ] ] ] } },
{ "type": "Feature", "properties": { "element": "way", "id": 486409430, "amenity": "hospital", "name": "Tarkwa Nsuaem Municipal Hospital", "opening_hours": null, "healthcare": "hospital", "addr:city": null, "addr:street": null, "healthcare:speciality": null, "disabled": null, "emergency": "yes", "operator": "Ghana Health Service", "addr:suburb": null, "phone": null, "type": null, "contact:phone": null, "contact:website": null, "check_date": null, "email": null, "operator:type": null, "ownership": null, "description": null, "addr:housenumber": null, "source": null, "fixme": null, "addr:full": null, "beds": null, "wikidata": "Q118793297", "wikipedia": null, "short_name": null, "level": null, "dispensing": null, "electricity": null, "health_amenity:type": null, "insurance:health": null, "operational_status": null, "water_source": null, "wheelchair": null, "website": null, "branch": null, "internet_access": null, "payment:cash": null, "payment:cards": null, "payment:credit_cards": null, "payment:debit_cards": null, "addr:postcode": null, "addr:region": null, "contact:facebook": null, "operator:wikidata": null, "mobile": null, "name:ar": null, "alt_name": "New Government Hospital", "building": null, "name:de": null, "internet_access:fee": null, "old_name": null, "name:en": null, "official_name": null, "building:levels": null, "denomination": null, "name:fr": null, "layer": null, "barrier": null, "brand": null, "contact:email": null, "landuse": null, "name:it": null, "toilets:wheelchair": null, "addr:ghanapostgps": null, "alt_name:en": null, "addr:community": null, "building:material": null, "roof:material": null, "addr:country": null, "addr:place": null, "fax": null, "note": null, "opening_hours:visitors": null }, "geometry": { "type": "Polygon", "coordinates": [ [ [ -1.9779638, 5.3052214 ], [ -1.9770401, 5.3069919 ], [ -1.9748015, 5.305834 ], [ -1.9757252, 5.3040635 ], [ -1.9779638, 5.3052214 ] ] ] } },
{ "type": "Feature", "properties": { "element": "way", "id": 488708454, "amenity": "hospital", "name": "Fountain Care Hospital", "opening_hours": "24/7", "healthcare": "hospital", "addr:city": null, "addr:street": null, "healthcare:speciality": null, "disabled": null, "emergency": null, "operator": null, "addr:suburb": null, "phone": null, "type": null, "contact:phone": null, "contact:website": null, "check_date": null, "email": null, "operator:type": null, "ownership": null, "description": null, "addr:housenumber": null, "source": null, "fixme": null, "addr:full": null, "beds": null, "wikidata": null, "wikipedia": null, "short_name": null, "level": null, "dispensing": null, "electricity": null, "health_amenity:type": null, "insurance:health": null, "operational_status": null, "water_source": null, "wheelchair": null, "website": null, "branch": null, "internet_access": null, "payment:cash": null, "payment:cards": null, "payment:credit_cards": null, "payment:debit_cards": null, "addr:postcode": null, "addr:region": null, "contact:facebook": null, "operator:wikidata": null, "mobile": null, "name:ar": null, "alt_name": null, "building": "hospital", "name:de": null, "internet_access:fee": null, "old_name": null, "name:en": null, "official_name": null, "building:levels": null, "denomination": null, "name:fr": null, "layer": null, "barrier": null, "brand": null, "contact:email": null, "landuse": null, "name:it": null, "toilets:wheelchair": null, "addr:ghanapostgps": null, "alt_name:en": null, "addr:community": null, "building:material": null, "roof:material": null, "addr:country": null, "addr:place": null, "fax": null, "note": null, "opening_hours:visitors": null }, "geometry": { "type": "Polygon", "coordinates": [ [ [ -2.6961774, 7.9544181 ], [ -2.696006, 7.9543881 ], [ -2.6959743, 7.9545654 ], [ -2.6961457, 7.9545954 ], [ -2.6961774, 7.9544181 ] ] ] } },
{ "type": "Feature", "properties": { "element": "way", "id": 494834248, "amenity": "hospital", "name": "Nanton Kurug Clinic (New)", "opening_hours": null, "healthcare": null, "addr:city": null, "addr:street": null, "healthcare:speciality": null, "disabled": null, "emergency": null, "operator": null, "addr:suburb": null, "phone": null, "type": null, "contact:phone": null, "contact:website": null, "check_date": null, "email": null, "operator:type": null, "ownership": null, "description": null, "addr:housenumber": null, "source": null, "fixme": null, "addr:full": null, "beds": null, "wikidata": null, "wikipedia": null, "short_name": null, "level": null, "dispensing": null, "electricity": null, "health_amenity:type": null, "insurance:health": null, "operational_status": null, "water_source": null, "wheelchair": null, "website": null, "branch": null, "internet_access": null, "payment:cash": null, "payment:cards": null, "payment:credit_cards": null, "payment:debit_cards": null, "addr:postcode": null, "addr:region": null, "contact:facebook": null, "operator:wikidata": null, "mobile": null, "name:ar": null, "alt_name": null, "building": null, "name:de": null, "internet_access:fee": null, "old_name": null, "name:en": null, "official_name": null, "building:levels": null, "denomination": null, "name:fr": null, "layer": null, "barrier": null, "brand": null, "contact:email": null, "landuse": null, "name:it": null, "toilets:wheelchair": null, "addr:ghanapostgps": null, "alt_name:en": null, "addr:community": null, "building:material": null, "roof:material": null, "addr:country": null, "addr:place": null, "fax": null, "note": null, "opening_hours:visitors": null }, "geometry": { "type": "Polygon", "coordinates": [ [ [ -0.7454675, 9.6172019 ], [ -0.7453676, 9.6172347 ], [ -0.7453093, 9.6170869 ], [ -0.7454841, 9.6170705 ], [ -0.7454675, 9.6172019 ] ] ] } },
{ "type": "Feature", "properties": { "element": "way", "id": 506292206, "amenity": "hospital", "name": "Cross Medical Centre", "opening_hours": null, "healthcare": "hospital", "addr:city": null, "addr:street": null, "healthcare:speciality": null, "disabled": null, "emergency": null, "operator": "private", "addr:suburb": null, "phone": null, "type": null, "contact:phone": null, "contact:website": null, "check_date": null, "email": null, "operator:type": null, "ownership": null, "description": null, "addr:housenumber": null, "source": null, "fixme": null, "addr:full": null, "beds": null, "wikidata": null, "wikipedia": null, "short_name": null, "level": null, "dispensing": null, "electricity": null, "health_amenity:type": null, "insurance:health": null, "operational_status": null, "water_source": null, "wheelchair": null, "website": null, "branch": null, "internet_access": null, "payment:cash": null, "payment:cards": null, "payment:credit_cards": null, "payment:debit_cards": null, "addr:postcode": null, "addr:region": null, "contact:facebook": null, "operator:wikidata": null, "mobile": null, "name:ar": null, "alt_name": null, "building": "yes", "name:de": null, "internet_access:fee": null, "old_name": null, "name:en": null, "official_name": null, "building:levels": null, "denomination": null, "name:fr": null, "layer": null, "barrier": null, "brand": null, "contact:email": null, "landuse": null, "name:it": null, "toilets:wheelchair": null, "addr:ghanapostgps": null, "alt_name:en": null, "addr:community": null, "building:material": null, "roof:material": null, "addr:country": null, "addr:place": null, "fax": null, "note": null, "opening_hours:visitors": null }, "geometry": { "type": "Polygon", "coordinates": [ [ [ -1.3761382, 7.008092 ], [ -1.3760678, 7.008086 ], [ -1.3760648, 7.0081293 ], [ -1.3760249, 7.0081256 ], [ -1.3760275, 7.00808 ], [ -1.3759652, 7.008076 ], [ -1.3759725, 7.0079716 ], [ -1.3761469, 7.0079872 ], [ -1.3761382, 7.008092 ] ] ] } },
{ "type": "Feature", "properties": { "element": "way", "id": 506292213, "amenity": "hospital", "name": "Cross Medical Centre", "opening_hours": null, "healthcare": "hospital", "addr:city": null, "addr:street": null, "healthcare:speciality": null, "disabled": null, "emergency": null, "operator": "private", "addr:suburb": null, "phone": null, "type": null, "contact:phone": null, "contact:website": null, "check_date": null, "email": null, "operator:type": null, "ownership": null, "description": null, "addr:housenumber": null, "source": null, "fixme": null, "addr:full": null, "beds": null, "wikidata": null, "wikipedia": null, "short_name": null, "level": null, "dispensing": null, "electricity": null, "health_amenity:type": null, "insurance:health": null, "operational_status": null, "water_source": null, "wheelchair": null, "website": null, "branch": null, "internet_access": null, "payment:cash": null, "payment:cards": null, "payment:credit_cards": null, "payment:debit_cards": null, "addr:postcode": null, "addr:region": null, "contact:facebook": null, "operator:wikidata": null, "mobile": null, "name:ar": null, "alt_name": null, "building": "yes", "name:de": null, "internet_access:fee": null, "old_name": null, "name:en": null, "official_name": null, "building:levels": null, "denomination": null, "name:fr": null, "layer": null, "barrier": null, "brand": null, "contact:email": null, "landuse": null, "name:it": null, "toilets:wheelchair": null, "addr:ghanapostgps": null, "alt_name:en": null, "addr:community": null, "building:material": null, "roof:material": null, "addr:country": null, "addr:place": null, "fax": null, "note": null, "opening_hours:visitors": null }, "geometry": { "type": "Polygon", "coordinates": [ [ [ -1.3760845, 7.008506 ], [ -1.3758954, 7.0084794 ], [ -1.3759075, 7.0083715 ], [ -1.3759357, 7.0083729 ], [ -1.375941, 7.0082837 ], [ -1.3760175, 7.0082943 ], [ -1.3760094, 7.0083942 ], [ -1.3760892, 7.008407 ], [ -1.3760845, 7.008506 ] ] ] } },
{ "type": "Feature", "properties": { "element": "way", "id": 527858076, "amenity": "hospital", "name": "Redeemer Hospital", "opening_hours": null, "healthcare": "hospital", "addr:city": null, "addr:street": null, "healthcare:speciality": null, "disabled": null, "emergency": null, "operator": null, "addr:suburb": null, "phone": null, "type": null, "contact:phone": null, "contact:website": null, "check_date": null, "email": null, "operator:type": null, "ownership": null, "description": null, "addr:housenumber": null, "source": null, "fixme": null, "addr:full": null, "beds": null, "wikidata": null, "wikipedia": null, "short_name": null, "level": null, "dispensing": null, "electricity": null, "health_amenity:type": null, "insurance:health": null, "operational_status": null, "water_source": null, "wheelchair": null, "website": null, "branch": null, "internet_access": null, "payment:cash": null, "payment:cards": null, "payment:credit_cards": null, "payment:debit_cards": null, "addr:postcode": null, "addr:region": null, "contact:facebook": null, "operator:wikidata": null, "mobile": null, "name:ar": null, "alt_name": null, "building": "hospital", "name:de": null, "internet_access:fee": null, "old_name": null, "name:en": null, "official_name": null, "building:levels": null, "denomination": null, "name:fr": null, "layer": null, "barrier": null, "brand": null, "contact:email": null, "landuse": null, "name:it": null, "toilets:wheelchair": null, "addr:ghanapostgps": null, "alt_name:en": null, "addr:community": null, "building:material": null, "roof:material": null, "addr:country": null, "addr:place": null, "fax": null, "note": null, "opening_hours:visitors": null }, "geometry": { "type": "Polygon", "coordinates": [ [ [ -1.9857323, 5.2895866 ], [ -1.9857565, 5.2897624 ], [ -1.9855844, 5.2897859 ], [ -1.9855602, 5.2896101 ], [ -1.9857323, 5.2895866 ] ] ] } },
{ "type": "Feature", "properties": { "element": "way", "id": 530780650, "amenity": "hospital", "name": null, "opening_hours": null, "healthcare": "hospital", "addr:city": null, "addr:street": null, "healthcare:speciality": null, "disabled": null, "emergency": null, "operator": null, "addr:suburb": null, "phone": null, "type": null, "contact:phone": null, "contact:website": null, "check_date": null, "email": null, "operator:type": null, "ownership": null, "description": null, "addr:housenumber": null, "source": null, "fixme": null, "addr:full": null, "beds": null, "wikidata": null, "wikipedia": null, "short_name": null, "level": null, "dispensing": null, "electricity": null, "health_amenity:type": null, "insurance:health": null, "operational_status": null, "water_source": null, "wheelchair": null, "website": null, "branch": null, "internet_access": null, "payment:cash": null, "payment:cards": null, "payment:credit_cards": null, "payment:debit_cards": null, "addr:postcode": null, "addr:region": null, "contact:facebook": null, "operator:wikidata": null, "mobile": null, "name:ar": null, "alt_name": null, "building": null, "name:de": null, "internet_access:fee": null, "old_name": null, "name:en": null, "official_name": null, "building:levels": null, "denomination": null, "name:fr": null, "layer": null, "barrier": null, "brand": null, "contact:email": null, "landuse": null, "name:it": null, "toilets:wheelchair": null, "addr:ghanapostgps": null, "alt_name:en": null, "addr:community": null, "building:material": null, "roof:material": null, "addr:country": null, "addr:place": null, "fax": null, "note": null, "opening_hours:visitors": null }, "geometry": { "type": "Polygon", "coordinates": [ [ [ -1.2596013, 5.1024602 ], [ -1.2589628, 5.1024967 ], [ -1.2589548, 5.1023597 ], [ -1.2590077, 5.1023566 ], [ -1.2590034, 5.102281 ], [ -1.2588672, 5.1022888 ], [ -1.2588718, 5.1023684 ], [ -1.2589211, 5.1023655 ], [ -1.2589288, 5.1024987 ], [ -1.258146, 5.1025436 ], [ -1.2581517, 5.1026429 ], [ -1.2583007, 5.1026344 ], [ -1.2583031, 5.1026765 ], [ -1.2582824, 5.1026777 ], [ -1.258287, 5.1027565 ], [ -1.2583583, 5.1027524 ], [ -1.2583556, 5.1027061 ], [ -1.2584234, 5.1027022 ], [ -1.258419, 5.1026264 ], [ -1.2585921, 5.1026165 ], [ -1.2585946, 5.1026601 ], [ -1.2585757, 5.1026611 ], [ -1.2585811, 5.1027551 ], [ -1.2586005, 5.102754 ], [ -1.258604, 5.102815 ], [ -1.2581381, 5.1028416 ], [ -1.2581432, 5.1029299 ], [ -1.2589453, 5.1028839 ], [ -1.258956, 5.1030696 ], [ -1.2586256, 5.1030886 ], [ -1.2586343, 5.1032391 ], [ -1.2588458, 5.103227 ], [ -1.2588432, 5.1031821 ], [ -1.2590528, 5.10317 ], [ -1.2590514, 5.1031459 ], [ -1.2594808, 5.1031213 ], [ -1.2594734, 5.1029927 ], [ -1.2593736, 5.1029985 ], [ -1.2593759, 5.1030397 ], [ -1.2589981, 5.1030614 ], [ -1.2589873, 5.1028756 ], [ -1.2594644, 5.1028483 ], [ -1.2594597, 5.102767 ], [ -1.2593082, 5.1027757 ], [ -1.2593039, 5.1027012 ], [ -1.2593269, 5.1026999 ], [ -1.2593223, 5.10262 ], [ -1.2592966, 5.1026215 ], [ -1.2592937, 5.1025705 ], [ -1.2596066, 5.1025525 ], [ -1.2596013, 5.1024602 ] ] ] } },
{ "type": "Feature", "properties": { "element": "way", "id": 532459266, "amenity": "hospital", "name": "Amasaman Hospital", "opening_hours": null, "healthcare": "hospital", "addr:city": "Amasaman", "addr:street": null, "healthcare:speciality": "general;community;maternity;emergency", "disabled": null, "emergency": null, "operator": "Ministry of Health, Ghana", "addr:suburb": null, "phone": null, "type": null, "contact:phone": null, "contact:website": null, "check_date": null, "email": null, "operator:type": null, "ownership": null, "description": null, "addr:housenumber": null, "source": null, "fixme": null, "addr:full": null, "beds": null, "wikidata": null, "wikipedia": null, "short_name": null, "level": null, "dispensing": null, "electricity": null, "health_amenity:type": null, "insurance:health": null, "operational_status": null, "water_source": null, "wheelchair": null, "website": null, "branch": null, "internet_access": null, "payment:cash": null, "payment:cards": null, "payment:credit_cards": null, "payment:debit_cards": null, "addr:postcode": null, "addr:region": null, "contact:facebook": null, "operator:wikidata": null, "mobile": null, "name:ar": null, "alt_name": null, "building": null, "name:de": null, "internet_access:fee": null, "old_name": null, "name:en": null, "official_name": null, "building:levels": null, "denomination": null, "name:fr": null, "layer": null, "barrier": null, "brand": null, "contact:email": null, "landuse": null, "name:it": null, "toilets:wheelchair": null, "addr:ghanapostgps": null, "alt_name:en": null, "addr:community": null, "building:material": null, "roof:material": null, "addr:country": null, "addr:place": null, "fax": null, "note": null, "opening_hours:visitors": null }, "geometry": { "type": "Polygon", "coordinates": [ [ [ -0.299741, 5.7027563 ], [ -0.2985045, 5.7017982 ], [ -0.2990007, 5.7010829 ], [ -0.2990785, 5.7010829 ], [ -0.3001916, 5.7019823 ], [ -0.3001246, 5.7022412 ], [ -0.299741, 5.7027563 ] ] ] } },
{ "type": "Feature", "properties": { "element": "way", "id": 542892105, "amenity": "hospital", "name": "Manna Mission", "opening_hours": null, "healthcare": null, "addr:city": null, "addr:street": null, "healthcare:speciality": null, "disabled": null, "emergency": null, "operator": null, "addr:suburb": null, "phone": null, "type": null, "contact:phone": null, "contact:website": null, "check_date": null, "email": null, "operator:type": null, "ownership": null, "description": null, "addr:housenumber": null, "source": null, "fixme": null, "addr:full": null, "beds": null, "wikidata": null, "wikipedia": null, "short_name": null, "level": null, "dispensing": null, "electricity": null, "health_amenity:type": null, "insurance:health": null, "operational_status": null, "water_source": null, "wheelchair": null, "website": null, "branch": null, "internet_access": null, "payment:cash": null, "payment:cards": null, "payment:credit_cards": null, "payment:debit_cards": null, "addr:postcode": null, "addr:region": null, "contact:facebook": null, "operator:wikidata": null, "mobile": null, "name:ar": null, "alt_name": null, "building": "yes", "name:de": null, "internet_access:fee": null, "old_name": null, "name:en": null, "official_name": null, "building:levels": null, "denomination": null, "name:fr": null, "layer": null, "barrier": null, "brand": null, "contact:email": null, "landuse": null, "name:it": null, "toilets:wheelchair": null, "addr:ghanapostgps": null, "alt_name:en": null, "addr:community": null, "building:material": null, "roof:material": null, "addr:country": null, "addr:place": null, "fax": null, "note": null, "opening_hours:visitors": null }, "geometry": { "type": "Polygon", "coordinates": [ [ [ -0.107541, 5.6073565 ], [ -0.1074914, 5.6072343 ], [ -0.1075436, 5.6072133 ], [ -0.1075168, 5.6071474 ], [ -0.1074638, 5.6071687 ], [ -0.1073942, 5.6069974 ], [ -0.1074495, 5.6069751 ], [ -0.1074182, 5.6068981 ], [ -0.1073611, 5.606921 ], [ -0.1073091, 5.6067931 ], [ -0.1072049, 5.606835 ], [ -0.1072571, 5.6069634 ], [ -0.107235, 5.6069723 ], [ -0.107266, 5.6070485 ], [ -0.1072881, 5.6070396 ], [ -0.1074344, 5.6073995 ], [ -0.107541, 5.6073565 ] ] ] } },
{ "type": "Feature", "properties": { "element": "way", "id": 543467738, "amenity": "hospital", "name": "Grace Memorial Hospital", "opening_hours": null, "healthcare": "hospital", "addr:city": null, "addr:street": null, "healthcare:speciality": null, "disabled": null, "emergency": null, "operator": null, "addr:suburb": null, "phone": null, "type": null, "contact:phone": null, "contact:website": null, "check_date": null, "email": null, "operator:type": null, "ownership": null, "description": null, "addr:housenumber": null, "source": null, "fixme": null, "addr:full": null, "beds": null, "wikidata": null, "wikipedia": null, "short_name": null, "level": null, "dispensing": null, "electricity": null, "health_amenity:type": null, "insurance:health": null, "operational_status": null, "water_source": null, "wheelchair": null, "website": null, "branch": null, "internet_access": null, "payment:cash": null, "payment:cards": null, "payment:credit_cards": null, "payment:debit_cards": null, "addr:postcode": null, "addr:region": null, "contact:facebook": null, "operator:wikidata": null, "mobile": null, "name:ar": null, "alt_name": null, "building": "yes", "name:de": null, "internet_access:fee": null, "old_name": null, "name:en": null, "official_name": null, "building:levels": null, "denomination": null, "name:fr": null, "layer": null, "barrier": null, "brand": null, "contact:email": null, "landuse": null, "name:it": null, "toilets:wheelchair": null, "addr:ghanapostgps": null, "alt_name:en": null, "addr:community": null, "building:material": null, "roof:material": null, "addr:country": null, "addr:place": null, "fax": null, "note": null, "opening_hours:visitors": null }, "geometry": { "type": "Polygon", "coordinates": [ [ [ -0.1124019, 5.5970488 ], [ -0.1123642, 5.5969694 ], [ -0.1122808, 5.5970086 ], [ -0.112298, 5.5970449 ], [ -0.1123207, 5.5970342 ], [ -0.1123289, 5.5970516 ], [ -0.1123074, 5.5970617 ], [ -0.1123196, 5.5970875 ], [ -0.1124019, 5.5970488 ] ] ] } },
{ "type": "Feature", "properties": { "element": "way", "id": 553381087, "amenity": "hospital", "name": "Bibiani Government Hospital", "opening_hours": null, "healthcare": "hospital", "addr:city": "Bibiani", "addr:street": null, "healthcare:speciality": null, "disabled": null, "emergency": "yes", "operator": "Ghana Health Service", "addr:suburb": null, "phone": null, "type": null, "contact:phone": null, "contact:website": null, "check_date": null, "email": null, "operator:type": "government", "ownership": null, "description": null, "addr:housenumber": null, "source": null, "fixme": null, "addr:full": null, "beds": null, "wikidata": null, "wikipedia": null, "short_name": null, "level": null, "dispensing": null, "electricity": null, "health_amenity:type": null, "insurance:health": null, "operational_status": null, "water_source": null, "wheelchair": null, "website": null, "branch": null, "internet_access": null, "payment:cash": null, "payment:cards": null, "payment:credit_cards": null, "payment:debit_cards": null, "addr:postcode": null, "addr:region": null, "contact:facebook": null, "operator:wikidata": null, "mobile": null, "name:ar": null, "alt_name": null, "building": null, "name:de": null, "internet_access:fee": null, "old_name": null, "name:en": null, "official_name": null, "building:levels": null, "denomination": null, "name:fr": null, "layer": null, "barrier": null, "brand": null, "contact:email": null, "landuse": null, "name:it": null, "toilets:wheelchair": null, "addr:ghanapostgps": null, "alt_name:en": null, "addr:community": null, "building:material": null, "roof:material": null, "addr:country": null, "addr:place": null, "fax": null, "note": null, "opening_hours:visitors": null }, "geometry": { "type": "Polygon", "coordinates": [ [ [ -2.3243809, 6.4558912 ], [ -2.3232168, 6.4576076 ], [ -2.3217684, 6.4569706 ], [ -2.3226911, 6.4553529 ], [ -2.3243809, 6.4558912 ] ] ] } },
{ "type": "Feature", "properties": { "element": "way", "id": 554224617, "amenity": "hospital", "name": "Diare Health Center", "opening_hours": null, "healthcare": "hospital", "addr:city": null, "addr:street": null, "healthcare:speciality": null, "disabled": null, "emergency": "no", "operator": null, "addr:suburb": null, "phone": null, "type": null, "contact:phone": null, "contact:website": null, "check_date": null, "email": null, "operator:type": null, "ownership": null, "description": null, "addr:housenumber": null, "source": "Bing 11/29/2010-4/27/2014", "fixme": null, "addr:full": null, "beds": null, "wikidata": null, "wikipedia": null, "short_name": null, "level": null, "dispensing": null, "electricity": null, "health_amenity:type": null, "insurance:health": null, "operational_status": null, "water_source": null, "wheelchair": null, "website": null, "branch": null, "internet_access": null, "payment:cash": null, "payment:cards": null, "payment:credit_cards": null, "payment:debit_cards": null, "addr:postcode": null, "addr:region": null, "contact:facebook": null, "operator:wikidata": null, "mobile": null, "name:ar": null, "alt_name": null, "building": "yes", "name:de": null, "internet_access:fee": null, "old_name": null, "name:en": null, "official_name": null, "building:levels": null, "denomination": null, "name:fr": null, "layer": null, "barrier": null, "brand": null, "contact:email": null, "landuse": null, "name:it": null, "toilets:wheelchair": null, "addr:ghanapostgps": null, "alt_name:en": null, "addr:community": null, "building:material": null, "roof:material": null, "addr:country": null, "addr:place": null, "fax": null, "note": null, "opening_hours:visitors": null }, "geometry": { "type": "Polygon", "coordinates": [ [ [ -0.8718829, 9.8774134 ], [ -0.8719798, 9.8774284 ], [ -0.8719449, 9.8776477 ], [ -0.871848, 9.8776327 ], [ -0.8718829, 9.8774134 ] ] ] } },
{ "type": "Feature", "properties": { "element": "way", "id": 556253601, "amenity": "hospital", "name": "Komfo Anokye Teaching Hospital", "opening_hours": null, "healthcare": null, "addr:city": null, "addr:street": null, "healthcare:speciality": null, "disabled": null, "emergency": "yes", "operator": null, "addr:suburb": null, "phone": null, "type": null, "contact:phone": null, "contact:website": null, "check_date": null, "email": null, "operator:type": null, "ownership": null, "description": null, "addr:housenumber": null, "source": null, "fixme": null, "addr:full": null, "beds": null, "wikidata": "Q6428308", "wikipedia": "en:Komfo Anokye Teaching Hospital", "short_name": "KATH", "level": null, "dispensing": null, "electricity": null, "health_amenity:type": null, "insurance:health": null, "operational_status": null, "water_source": null, "wheelchair": null, "website": "http://www.kathhsp.org", "branch": null, "internet_access": null, "payment:cash": null, "payment:cards": null, "payment:credit_cards": null, "payment:debit_cards": null, "addr:postcode": null, "addr:region": null, "contact:facebook": null, "operator:wikidata": null, "mobile": null, "name:ar": null, "alt_name": null, "building": null, "name:de": null, "internet_access:fee": null, "old_name": null, "name:en": null, "official_name": null, "building:levels": null, "denomination": null, "name:fr": null, "layer": null, "barrier": null, "brand": null, "contact:email": null, "landuse": null, "name:it": null, "toilets:wheelchair": null, "addr:ghanapostgps": null, "alt_name:en": null, "addr:community": null, "building:material": null, "roof:material": null, "addr:country": null, "addr:place": null, "fax": null, "note": null, "opening_hours:visitors": null }, "geometry": { "type": "Polygon", "coordinates": [ [ [ -1.6331086, 6.696124 ], [ -1.6333084, 6.6962852 ], [ -1.6313021, 6.6983044 ], [ -1.6311385, 6.6983524 ], [ -1.6310017, 6.6984855 ], [ -1.6309802, 6.6986041 ], [ -1.6301702, 6.6992887 ], [ -1.6298457, 6.6994765 ], [ -1.6287406, 6.6999094 ], [ -1.6283986, 6.6999427 ], [ -1.6281545, 6.699972 ], [ -1.6277871, 6.6999294 ], [ -1.6274598, 6.6998708 ], [ -1.6271111, 6.6997882 ], [ -1.6268724, 6.6996843 ], [ -1.6265506, 6.6994898 ], [ -1.626454, 6.6993906 ], [ -1.6264627, 6.6989977 ], [ -1.6262817, 6.6988785 ], [ -1.6265304, 6.6986507 ], [ -1.6267286, 6.6983813 ], [ -1.6268188, 6.6981392 ], [ -1.6271085, 6.6972795 ], [ -1.6273807, 6.6964896 ], [ -1.6273016, 6.696459 ], [ -1.6273659, 6.6963384 ], [ -1.627256, 6.6962425 ], [ -1.627425, 6.6960481 ], [ -1.6269743, 6.6956245 ], [ -1.6269019, 6.6953102 ], [ -1.6267651, 6.6952329 ], [ -1.6265318, 6.6950251 ], [ -1.6264942, 6.6949053 ], [ -1.6267712, 6.6946502 ], [ -1.6268583, 6.6947311 ], [ -1.6269127, 6.6946841 ], [ -1.6275097, 6.69525 ], [ -1.6276925, 6.6950704 ], [ -1.6283624, 6.6956858 ], [ -1.6285915, 6.6956071 ], [ -1.6289498, 6.6951663 ], [ -1.6289833, 6.6950678 ], [ -1.6292811, 6.6943578 ], [ -1.6297974, 6.6936186 ], [ -1.6303821, 6.6938517 ], [ -1.6310218, 6.6942939 ], [ -1.6319861, 6.6953381 ], [ -1.6327733, 6.6959761 ], [ -1.6331086, 6.696124 ] ] ] } },
{ "type": "Feature", "properties": { "element": "way", "id": 556255906, "amenity": "hospital", "name": "Afari Military Hospital", "opening_hours": null, "healthcare": null, "addr:city": null, "addr:street": null, "healthcare:speciality": null, "disabled": null, "emergency": null, "operator": null, "addr:suburb": null, "phone": null, "type": null, "contact:phone": null, "contact:website": null, "check_date": null, "email": null, "operator:type": null, "ownership": null, "description": null, "addr:housenumber": null, "source": null, "fixme": null, "addr:full": null, "beds": null, "wikidata": "Q30688554", "wikipedia": "en:Kumasi Military Hospital", "short_name": null, "level": null, "dispensing": null, "electricity": null, "health_amenity:type": null, "insurance:health": null, "operational_status": null, "water_source": null, "wheelchair": null, "website": null, "branch": null, "internet_access": null, "payment:cash": null, "payment:cards": null, "payment:credit_cards": null, "payment:debit_cards": null, "addr:postcode": null, "addr:region": null, "contact:facebook": null, "operator:wikidata": null, "mobile": null, "name:ar": null, "alt_name": "Kumasi Military Hospital", "building": null, "name:de": null, "internet_access:fee": null, "old_name": null, "name:en": null, "official_name": null, "building:levels": null, "denomination": null, "name:fr": null, "layer": null, "barrier": null, "brand": null, "contact:email": null, "landuse": null, "name:it": null, "toilets:wheelchair": null, "addr:ghanapostgps": null, "alt_name:en": null, "addr:community": null, "building:material": null, "roof:material": null, "addr:country": null, "addr:place": null, "fax": null, "note": null, "opening_hours:visitors": null }, "geometry": { "type": "Polygon", "coordinates": [ [ [ -1.7930518, 6.6856892 ], [ -1.7927603, 6.6862381 ], [ -1.7923526, 6.6868841 ], [ -1.7913669, 6.6862068 ], [ -1.7899065, 6.686069 ], [ -1.7884152, 6.6861875 ], [ -1.7869869, 6.6861755 ], [ -1.7869949, 6.6835035 ], [ -1.7868514, 6.6835049 ], [ -1.7868528, 6.6834476 ], [ -1.785796, 6.6834609 ], [ -1.78418, 6.6834529 ], [ -1.7841826, 6.6815108 ], [ -1.79086, 6.6815162 ], [ -1.7908426, 6.6839351 ], [ -1.7913374, 6.6847889 ], [ -1.7914511, 6.6849038 ], [ -1.7917196, 6.685076 ], [ -1.7921619, 6.685328 ], [ -1.7927442, 6.6856584 ], [ -1.792815, 6.6856684 ], [ -1.792933, 6.6857306 ], [ -1.7930518, 6.6856892 ] ] ] } },
{ "type": "Feature", "properties": { "element": "way", "id": 563750981, "amenity": "hospital", "name": "Apinto Government Hospital", "opening_hours": null, "healthcare": "hospital", "addr:city": null, "addr:street": null, "healthcare:speciality": null, "disabled": null, "emergency": null, "operator": "Ghana Health Service", "addr:suburb": null, "phone": null, "type": null, "contact:phone": null, "contact:website": null, "check_date": null, "email": null, "operator:type": null, "ownership": null, "description": null, "addr:housenumber": null, "source": null, "fixme": null, "addr:full": null, "beds": null, "wikidata": null, "wikipedia": null, "short_name": null, "level": null, "dispensing": null, "electricity": null, "health_amenity:type": null, "insurance:health": null, "operational_status": null, "water_source": null, "wheelchair": null, "website": null, "branch": null, "internet_access": null, "payment:cash": null, "payment:cards": null, "payment:credit_cards": null, "payment:debit_cards": null, "addr:postcode": null, "addr:region": null, "contact:facebook": null, "operator:wikidata": null, "mobile": null, "name:ar": null, "alt_name": "Tarkwa Old Government Hospital", "building": null, "name:de": null, "internet_access:fee": null, "old_name": null, "name:en": null, "official_name": null, "building:levels": null, "denomination": null, "name:fr": null, "layer": null, "barrier": null, "brand": null, "contact:email": null, "landuse": null, "name:it": null, "toilets:wheelchair": null, "addr:ghanapostgps": null, "alt_name:en": null, "addr:community": null, "building:material": null, "roof:material": null, "addr:country": null, "addr:place": null, "fax": null, "note": null, "opening_hours:visitors": null }, "geometry": { "type": "Polygon", "coordinates": [ [ [ -1.9866747, 5.3056907 ], [ -1.9867511, 5.3054476 ], [ -1.9861966, 5.305487 ], [ -1.985933, 5.3057468 ], [ -1.986275, 5.3060512 ], [ -1.9866747, 5.3056907 ] ] ] } },
{ "type": "Feature", "properties": { "element": "way", "id": 590279173, "amenity": "hospital", "name": "County Hospital", "opening_hours": null, "healthcare": null, "addr:city": null, "addr:street": null, "healthcare:speciality": null, "disabled": null, "emergency": null, "operator": null, "addr:suburb": null, "phone": null, "type": null, "contact:phone": null, "contact:website": null, "check_date": null, "email": null, "operator:type": null, "ownership": null, "description": null, "addr:housenumber": null, "source": null, "fixme": null, "addr:full": null, "beds": null, "wikidata": null, "wikipedia": null, "short_name": null, "level": null, "dispensing": null, "electricity": null, "health_amenity:type": null, "insurance:health": null, "operational_status": null, "water_source": null, "wheelchair": null, "website": null, "branch": null, "internet_access": null, "payment:cash": null, "payment:cards": null, "payment:credit_cards": null, "payment:debit_cards": null, "addr:postcode": null, "addr:region": null, "contact:facebook": null, "operator:wikidata": null, "mobile": null, "name:ar": null, "alt_name": null, "building": null, "name:de": null, "internet_access:fee": null, "old_name": null, "name:en": null, "official_name": null, "building:levels": null, "denomination": null, "name:fr": null, "layer": null, "barrier": null, "brand": null, "contact:email": null, "landuse": null, "name:it": null, "toilets:wheelchair": null, "addr:ghanapostgps": null, "alt_name:en": null, "addr:community": null, "building:material": null, "roof:material": null, "addr:country": null, "addr:place": null, "fax": null, "note": null, "opening_hours:visitors": null }, "geometry": { "type": "Polygon", "coordinates": [ [ [ -1.6580786, 6.7268246 ], [ -1.6585667, 6.7267287 ], [ -1.6585671, 6.7267194 ], [ -1.6585922, 6.7260508 ], [ -1.6584776, 6.7259847 ], [ -1.6580424, 6.7257338 ], [ -1.6579056, 6.7264211 ], [ -1.6579003, 6.7264553 ], [ -1.6578841, 6.7265596 ], [ -1.6579324, 6.7266402 ], [ -1.6580786, 6.7268246 ] ] ] } },
{ "type": "Feature", "properties": { "element": "way", "id": 594675123, "amenity": "hospital", "name": "Lighthouse Hospital", "opening_hours": null, "healthcare": null, "addr:city": null, "addr:street": null, "healthcare:speciality": null, "disabled": null, "emergency": null, "operator": null, "addr:suburb": null, "phone": null, "type": null, "contact:phone": null, "contact:website": null, "check_date": null, "email": null, "operator:type": null, "ownership": null, "description": null, "addr:housenumber": null, "source": null, "fixme": null, "addr:full": null, "beds": null, "wikidata": null, "wikipedia": null, "short_name": null, "level": null, "dispensing": null, "electricity": null, "health_amenity:type": null, "insurance:health": null, "operational_status": null, "water_source": null, "wheelchair": null, "website": null, "branch": null, "internet_access": null, "payment:cash": null, "payment:cards": null, "payment:credit_cards": null, "payment:debit_cards": null, "addr:postcode": null, "addr:region": null, "contact:facebook": null, "operator:wikidata": null, "mobile": null, "name:ar": null, "alt_name": null, "building": null, "name:de": null, "internet_access:fee": null, "old_name": null, "name:en": null, "official_name": null, "building:levels": null, "denomination": null, "name:fr": null, "layer": null, "barrier": null, "brand": null, "contact:email": null, "landuse": null, "name:it": null, "toilets:wheelchair": null, "addr:ghanapostgps": null, "alt_name:en": null, "addr:community": null, "building:material": null, "roof:material": null, "addr:country": null, "addr:place": null, "fax": null, "note": null, "opening_hours:visitors": null }, "geometry": { "type": "Polygon", "coordinates": [ [ [ 0.0239642, 5.648428 ], [ 0.0247085, 5.648412 ], [ 0.0246915, 5.6476279 ], [ 0.0239472, 5.6476439 ], [ 0.0239642, 5.648428 ] ] ] } },
{ "type": "Feature", "properties": { "element": "way", "id": 597939156, "amenity": "hospital", "name": "SSNIT Mother and Child", "opening_hours": null, "healthcare": "hospital", "addr:city": null, "addr:street": null, "healthcare:speciality": null, "disabled": null, "emergency": null, "operator": null, "addr:suburb": null, "phone": null, "type": null, "contact:phone": null, "contact:website": null, "check_date": null, "email": null, "operator:type": null, "ownership": null, "description": null, "addr:housenumber": null, "source": null, "fixme": null, "addr:full": null, "beds": null, "wikidata": null, "wikipedia": null, "short_name": null, "level": null, "dispensing": null, "electricity": null, "health_amenity:type": null, "insurance:health": null, "operational_status": null, "water_source": null, "wheelchair": null, "website": null, "branch": null, "internet_access": null, "payment:cash": null, "payment:cards": null, "payment:credit_cards": null, "payment:debit_cards": null, "addr:postcode": null, "addr:region": null, "contact:facebook": null, "operator:wikidata": null, "mobile": null, "name:ar": null, "alt_name": null, "building": "yes", "name:de": null, "internet_access:fee": null, "old_name": null, "name:en": null, "official_name": null, "building:levels": null, "denomination": null, "name:fr": null, "layer": null, "barrier": null, "brand": null, "contact:email": null, "landuse": null, "name:it": null, "toilets:wheelchair": null, "addr:ghanapostgps": null, "alt_name:en": null, "addr:community": null, "building:material": null, "roof:material": null, "addr:country": null, "addr:place": null, "fax": null, "note": null, "opening_hours:visitors": null }, "geometry": { "type": "Polygon", "coordinates": [ [ [ -0.1791499, 5.555271 ], [ -0.1791047, 5.5551447 ], [ -0.1794469, 5.5550232 ], [ -0.1794882, 5.5551383 ], [ -0.17933, 5.5551945 ], [ -0.1793371, 5.5552145 ], [ -0.179285, 5.555233 ], [ -0.1792819, 5.5552241 ], [ -0.1792613, 5.5552314 ], [ -0.1791971, 5.5552543 ], [ -0.1791499, 5.555271 ] ] ] } },
{ "type": "Feature", "properties": { "element": "way", "id": 603862968, "amenity": "hospital", "name": "Alpha Homeopathic & Boatnic Medical Clinic", "opening_hours": null, "healthcare": "hospital", "addr:city": null, "addr:street": null, "healthcare:speciality": null, "disabled": null, "emergency": null, "operator": null, "addr:suburb": null, "phone": null, "type": null, "contact:phone": null, "contact:website": null, "check_date": null, "email": null, "operator:type": null, "ownership": null, "description": null, "addr:housenumber": null, "source": null, "fixme": null, "addr:full": null, "beds": null, "wikidata": null, "wikipedia": null, "short_name": null, "level": null, "dispensing": null, "electricity": null, "health_amenity:type": null, "insurance:health": null, "operational_status": null, "water_source": null, "wheelchair": null, "website": null, "branch": null, "internet_access": null, "payment:cash": null, "payment:cards": null, "payment:credit_cards": null, "payment:debit_cards": null, "addr:postcode": null, "addr:region": null, "contact:facebook": null, "operator:wikidata": null, "mobile": null, "name:ar": null, "alt_name": null, "building": "yes", "name:de": null, "internet_access:fee": null, "old_name": null, "name:en": null, "official_name": null, "building:levels": null, "denomination": null, "name:fr": null, "layer": null, "barrier": null, "brand": null, "contact:email": null, "landuse": null, "name:it": null, "toilets:wheelchair": null, "addr:ghanapostgps": null, "alt_name:en": null, "addr:community": null, "building:material": null, "roof:material": null, "addr:country": null, "addr:place": null, "fax": null, "note": null, "opening_hours:visitors": null }, "geometry": { "type": "Polygon", "coordinates": [ [ [ -0.7555233, 6.5559609 ], [ -0.7552886, 6.5559609 ], [ -0.7552886, 6.555797 ], [ -0.7553597, 6.555797 ], [ -0.7553597, 6.5558876 ], [ -0.7554375, 6.5558876 ], [ -0.7554375, 6.5557677 ], [ -0.7555233, 6.5557677 ], [ -0.7555233, 6.5559609 ] ] ] } },
{ "type": "Feature", "properties": { "element": "way", "id": 612412970, "amenity": "hospital", "name": "Asakraka Clinic", "opening_hours": null, "healthcare": "hospital", "addr:city": null, "addr:street": null, "healthcare:speciality": null, "disabled": null, "emergency": null, "operator": null, "addr:suburb": null, "phone": null, "type": null, "contact:phone": null, "contact:website": null, "check_date": null, "email": null, "operator:type": null, "ownership": null, "description": null, "addr:housenumber": null, "source": null, "fixme": null, "addr:full": null, "beds": null, "wikidata": null, "wikipedia": null, "short_name": null, "level": null, "dispensing": null, "electricity": null, "health_amenity:type": null, "insurance:health": null, "operational_status": null, "water_source": null, "wheelchair": null, "website": null, "branch": null, "internet_access": null, "payment:cash": null, "payment:cards": null, "payment:credit_cards": null, "payment:debit_cards": null, "addr:postcode": null, "addr:region": null, "contact:facebook": null, "operator:wikidata": null, "mobile": null, "name:ar": null, "alt_name": null, "building": "hospital", "name:de": null, "internet_access:fee": null, "old_name": null, "name:en": null, "official_name": null, "building:levels": null, "denomination": null, "name:fr": null, "layer": null, "barrier": null, "brand": null, "contact:email": null, "landuse": null, "name:it": null, "toilets:wheelchair": null, "addr:ghanapostgps": null, "alt_name:en": null, "addr:community": null, "building:material": null, "roof:material": null, "addr:country": null, "addr:place": null, "fax": null, "note": null, "opening_hours:visitors": null }, "geometry": { "type": "Polygon", "coordinates": [ [ [ -0.6846779, 6.6321601 ], [ -0.6845243, 6.6322435 ], [ -0.6845221, 6.6322394 ], [ -0.6845139, 6.632224 ], [ -0.6844831, 6.6321664 ], [ -0.6846399, 6.6320846 ], [ -0.6846779, 6.6321601 ] ] ] } },
{ "type": "Feature", "properties": { "element": "way", "id": 613752958, "amenity": "hospital", "name": "Kropo Charity Hospital", "opening_hours": null, "healthcare": null, "addr:city": null, "addr:street": null, "healthcare:speciality": null, "disabled": null, "emergency": null, "operator": null, "addr:suburb": null, "phone": null, "type": null, "contact:phone": null, "contact:website": null, "check_date": null, "email": null, "operator:type": null, "ownership": null, "description": null, "addr:housenumber": null, "source": null, "fixme": null, "addr:full": null, "beds": null, "wikidata": null, "wikipedia": null, "short_name": null, "level": null, "dispensing": null, "electricity": null, "health_amenity:type": null, "insurance:health": null, "operational_status": null, "water_source": null, "wheelchair": null, "website": null, "branch": null, "internet_access": null, "payment:cash": null, "payment:cards": null, "payment:credit_cards": null, "payment:debit_cards": null, "addr:postcode": null, "addr:region": null, "contact:facebook": null, "operator:wikidata": null, "mobile": null, "name:ar": null, "alt_name": null, "building": null, "name:de": "Kripo Wohltätigkeitskrankenhaus", "internet_access:fee": null, "old_name": null, "name:en": null, "official_name": null, "building:levels": null, "denomination": null, "name:fr": null, "layer": null, "barrier": null, "brand": null, "contact:email": null, "landuse": null, "name:it": null, "toilets:wheelchair": null, "addr:ghanapostgps": null, "alt_name:en": null, "addr:community": null, "building:material": null, "roof:material": null, "addr:country": null, "addr:place": null, "fax": null, "note": null, "opening_hours:visitors": null }, "geometry": { "type": "Polygon", "coordinates": [ [ [ -1.6345838, 6.7236601 ], [ -1.6346039, 6.7234423 ], [ -1.6344396, 6.723433 ], [ -1.6343819, 6.7234436 ], [ -1.6343491, 6.723467 ], [ -1.6343464, 6.7235355 ], [ -1.6343672, 6.7235375 ], [ -1.6343658, 6.7235888 ], [ -1.6343417, 6.7235895 ], [ -1.6343397, 6.7236614 ], [ -1.6344148, 6.7236627 ], [ -1.6344443, 6.7236627 ], [ -1.6344456, 6.7236501 ], [ -1.6345838, 6.7236601 ] ] ] } },
{ "type": "Feature", "properties": { "element": "way", "id": 614521670, "amenity": "hospital", "name": "Faith Evangelical Mission Hospital", "opening_hours": "24/7", "healthcare": "hospital", "addr:city": null, "addr:street": "Kpetenkple Street", "healthcare:speciality": null, "disabled": null, "emergency": null, "operator": null, "addr:suburb": null, "phone": null, "type": null, "contact:phone": null, "contact:website": null, "check_date": null, "email": null, "operator:type": null, "ownership": null, "description": null, "addr:housenumber": null, "source": null, "fixme": null, "addr:full": null, "beds": null, "wikidata": null, "wikipedia": null, "short_name": null, "level": null, "dispensing": null, "electricity": null, "health_amenity:type": null, "insurance:health": null, "operational_status": null, "water_source": null, "wheelchair": null, "website": null, "branch": null, "internet_access": null, "payment:cash": null, "payment:cards": null, "payment:credit_cards": null, "payment:debit_cards": null, "addr:postcode": null, "addr:region": null, "contact:facebook": null, "operator:wikidata": null, "mobile": null, "name:ar": null, "alt_name": null, "building": "yes", "name:de": null, "internet_access:fee": null, "old_name": null, "name:en": null, "official_name": null, "building:levels": null, "denomination": null, "name:fr": null, "layer": null, "barrier": null, "brand": null, "contact:email": null, "landuse": null, "name:it": null, "toilets:wheelchair": null, "addr:ghanapostgps": null, "alt_name:en": null, "addr:community": null, "building:material": null, "roof:material": null, "addr:country": null, "addr:place": null, "fax": null, "note": null, "opening_hours:visitors": null }, "geometry": { "type": "Polygon", "coordinates": [ [ [ -0.2451579, 5.5792493 ], [ -0.2450681, 5.5794014 ], [ -0.2449922, 5.579357 ], [ -0.2450105, 5.579326 ], [ -0.244938, 5.5792836 ], [ -0.244941, 5.5792786 ], [ -0.2450096, 5.5791625 ], [ -0.2450875, 5.5792081 ], [ -0.2450567, 5.5792602 ], [ -0.2450914, 5.5792805 ], [ -0.2451222, 5.5792284 ], [ -0.2451579, 5.5792493 ] ] ] } },
{ "type": "Feature", "properties": { "element": "way", "id": 614772758, "amenity": "hospital", "name": "Clinic", "opening_hours": null, "healthcare": "hospital", "addr:city": null, "addr:street": null, "healthcare:speciality": null, "disabled": null, "emergency": null, "operator": null, "addr:suburb": null, "phone": null, "type": null, "contact:phone": null, "contact:website": null, "check_date": null, "email": null, "operator:type": null, "ownership": null, "description": null, "addr:housenumber": null, "source": null, "fixme": null, "addr:full": null, "beds": null, "wikidata": null, "wikipedia": null, "short_name": null, "level": null, "dispensing": null, "electricity": null, "health_amenity:type": null, "insurance:health": null, "operational_status": null, "water_source": null, "wheelchair": null, "website": null, "branch": null, "internet_access": null, "payment:cash": null, "payment:cards": null, "payment:credit_cards": null, "payment:debit_cards": null, "addr:postcode": null, "addr:region": null, "contact:facebook": null, "operator:wikidata": null, "mobile": null, "name:ar": null, "alt_name": null, "building": "yes", "name:de": null, "internet_access:fee": null, "old_name": null, "name:en": null, "official_name": null, "building:levels": null, "denomination": null, "name:fr": null, "layer": null, "barrier": null, "brand": null, "contact:email": null, "landuse": null, "name:it": null, "toilets:wheelchair": null, "addr:ghanapostgps": null, "alt_name:en": null, "addr:community": null, "building:material": null, "roof:material": null, "addr:country": null, "addr:place": null, "fax": null, "note": null, "opening_hours:visitors": null }, "geometry": { "type": "Polygon", "coordinates": [ [ [ -1.8181808, 9.0853555 ], [ -1.8181814, 9.0854256 ], [ -1.8179486, 9.0854275 ], [ -1.8179465, 9.0851891 ], [ -1.8180767, 9.085188 ], [ -1.8180773, 9.0852562 ], [ -1.8180014, 9.0852569 ], [ -1.8180024, 9.085357 ], [ -1.8181808, 9.0853555 ] ] ] } },
{ "type": "Feature", "properties": { "element": "way", "id": 615856687, "amenity": "hospital", "name": "County Hospital", "opening_hours": null, "healthcare": null, "addr:city": null, "addr:street": null, "healthcare:speciality": null, "disabled": null, "emergency": null, "operator": null, "addr:suburb": null, "phone": null, "type": null, "contact:phone": null, "contact:website": null, "check_date": null, "email": null, "operator:type": null, "ownership": null, "description": null, "addr:housenumber": null, "source": null, "fixme": null, "addr:full": null, "beds": null, "wikidata": null, "wikipedia": null, "short_name": null, "level": null, "dispensing": null, "electricity": null, "health_amenity:type": null, "insurance:health": null, "operational_status": null, "water_source": null, "wheelchair": null, "website": null, "branch": null, "internet_access": null, "payment:cash": null, "payment:cards": null, "payment:credit_cards": null, "payment:debit_cards": null, "addr:postcode": null, "addr:region": null, "contact:facebook": null, "operator:wikidata": null, "mobile": null, "name:ar": null, "alt_name": null, "building": "yes", "name:de": null, "internet_access:fee": null, "old_name": null, "name:en": null, "official_name": null, "building:levels": null, "denomination": null, "name:fr": null, "layer": null, "barrier": null, "brand": null, "contact:email": null, "landuse": null, "name:it": null, "toilets:wheelchair": null, "addr:ghanapostgps": null, "alt_name:en": null, "addr:community": null, "building:material": null, "roof:material": null, "addr:country": null, "addr:place": null, "fax": null, "note": null, "opening_hours:visitors": null }, "geometry": { "type": "Polygon", "coordinates": [ [ [ -1.6581631, 6.7267167 ], [ -1.658147, 6.7263864 ], [ -1.6582066, 6.7263836 ], [ -1.6582083, 6.7264172 ], [ -1.6582364, 6.7264159 ], [ -1.6582348, 6.7263822 ], [ -1.6582968, 6.7263792 ], [ -1.6583019, 6.726485 ], [ -1.6582952, 6.7264853 ], [ -1.6582982, 6.7265452 ], [ -1.6583048, 6.7265449 ], [ -1.6583129, 6.7267095 ], [ -1.6581631, 6.7267167 ] ] ] } },
{ "type": "Feature", "properties": { "element": "way", "id": 621692284, "amenity": "hospital", "name": "Samartex Hospital", "opening_hours": null, "healthcare": "hospital", "addr:city": null, "addr:street": null, "healthcare:speciality": null, "disabled": null, "emergency": null, "operator": null, "addr:suburb": null, "phone": null, "type": null, "contact:phone": null, "contact:website": null, "check_date": null, "email": null, "operator:type": null, "ownership": null, "description": null, "addr:housenumber": null, "source": null, "fixme": null, "addr:full": null, "beds": null, "wikidata": null, "wikipedia": null, "short_name": null, "level": null, "dispensing": null, "electricity": null, "health_amenity:type": null, "insurance:health": null, "operational_status": null, "water_source": null, "wheelchair": null, "website": null, "branch": null, "internet_access": null, "payment:cash": null, "payment:cards": null, "payment:credit_cards": null, "payment:debit_cards": null, "addr:postcode": null, "addr:region": null, "contact:facebook": null, "operator:wikidata": null, "mobile": null, "name:ar": null, "alt_name": null, "building": null, "name:de": null, "internet_access:fee": null, "old_name": null, "name:en": null, "official_name": null, "building:levels": null, "denomination": null, "name:fr": null, "layer": null, "barrier": null, "brand": null, "contact:email": null, "landuse": null, "name:it": null, "toilets:wheelchair": null, "addr:ghanapostgps": null, "alt_name:en": null, "addr:community": null, "building:material": null, "roof:material": null, "addr:country": null, "addr:place": null, "fax": null, "note": null, "opening_hours:visitors": null }, "geometry": { "type": "Polygon", "coordinates": [ [ [ -2.5648047, 5.6162901 ], [ -2.5648543, 5.6155961 ], [ -2.5649589, 5.6155734 ], [ -2.5649294, 5.6154279 ], [ -2.5635883, 5.6153812 ], [ -2.5635588, 5.6162541 ], [ -2.5648047, 5.6162901 ] ] ] } },
{ "type": "Feature", "properties": { "element": "way", "id": 622139394, "amenity": "hospital", "name": "Goaso Municipal Hospital", "opening_hours": null, "healthcare": "hospital", "addr:city": null, "addr:street": "Municipal Hospital Road", "healthcare:speciality": null, "disabled": null, "emergency": "yes", "operator": "Abdul Wiser", "addr:suburb": null, "phone": null, "type": null, "contact:phone": null, "contact:website": null, "check_date": null, "email": null, "operator:type": "public", "ownership": null, "description": null, "addr:housenumber": null, "source": null, "fixme": null, "addr:full": null, "beds": null, "wikidata": null, "wikipedia": null, "short_name": null, "level": null, "dispensing": null, "electricity": null, "health_amenity:type": null, "insurance:health": null, "operational_status": null, "water_source": null, "wheelchair": null, "website": null, "branch": null, "internet_access": null, "payment:cash": null, "payment:cards": null, "payment:credit_cards": null, "payment:debit_cards": null, "addr:postcode": null, "addr:region": null, "contact:facebook": null, "operator:wikidata": null, "mobile": null, "name:ar": null, "alt_name": null, "building": null, "name:de": null, "internet_access:fee": null, "old_name": null, "name:en": null, "official_name": null, "building:levels": null, "denomination": null, "name:fr": null, "layer": null, "barrier": null, "brand": null, "contact:email": null, "landuse": null, "name:it": null, "toilets:wheelchair": null, "addr:ghanapostgps": null, "alt_name:en": null, "addr:community": null, "building:material": null, "roof:material": null, "addr:country": null, "addr:place": null, "fax": null, "note": null, "opening_hours:visitors": null }, "geometry": { "type": "Polygon", "coordinates": [ [ [ -2.5226015, 6.8054054 ], [ -2.5219256, 6.8066731 ], [ -2.5214294, 6.8076665 ], [ -2.5211048, 6.8082684 ], [ -2.520555, 6.8078529 ], [ -2.5200695, 6.8069448 ], [ -2.5202546, 6.8066891 ], [ -2.5203814, 6.8064029 ], [ -2.5201165, 6.8062443 ], [ -2.5198388, 6.8061111 ], [ -2.5201687, 6.8054293 ], [ -2.5206515, 6.8044732 ], [ -2.5215849, 6.80487 ], [ -2.5216681, 6.8048521 ], [ -2.5217787, 6.8046144 ], [ -2.5221147, 6.8048327 ], [ -2.5223735, 6.8050658 ], [ -2.5224446, 6.805155 ], [ -2.5226377, 6.8053681 ], [ -2.5226015, 6.8054054 ] ] ] } },
{ "type": "Feature", "properties": { "element": "way", "id": 624514212, "amenity": "hospital", "name": "Agyei-Mensah Memorial Home", "opening_hours": "24/7", "healthcare": null, "addr:city": null, "addr:street": null, "healthcare:speciality": null, "disabled": null, "emergency": null, "operator": null, "addr:suburb": null, "phone": null, "type": null, "contact:phone": null, "contact:website": null, "check_date": null, "email": null, "operator:type": null, "ownership": null, "description": null, "addr:housenumber": null, "source": null, "fixme": null, "addr:full": null, "beds": null, "wikidata": null, "wikipedia": null, "short_name": null, "level": null, "dispensing": null, "electricity": null, "health_amenity:type": null, "insurance:health": null, "operational_status": null, "water_source": null, "wheelchair": null, "website": null, "branch": null, "internet_access": null, "payment:cash": null, "payment:cards": null, "payment:credit_cards": null, "payment:debit_cards": null, "addr:postcode": null, "addr:region": null, "contact:facebook": null, "operator:wikidata": null, "mobile": null, "name:ar": null, "alt_name": null, "building": "hospital", "name:de": null, "internet_access:fee": null, "old_name": null, "name:en": null, "official_name": null, "building:levels": null, "denomination": null, "name:fr": null, "layer": null, "barrier": null, "brand": null, "contact:email": null, "landuse": null, "name:it": null, "toilets:wheelchair": null, "addr:ghanapostgps": null, "alt_name:en": null, "addr:community": null, "building:material": null, "roof:material": null, "addr:country": null, "addr:place": null, "fax": null, "note": null, "opening_hours:visitors": null }, "geometry": { "type": "Polygon", "coordinates": [ [ [ -2.5172706, 6.8020216 ], [ -2.5172499, 6.8021949 ], [ -2.5170643, 6.8021731 ], [ -2.517072, 6.802108 ], [ -2.5171762, 6.8021203 ], [ -2.5171828, 6.8020652 ], [ -2.517054, 6.80205 ], [ -2.5170397, 6.8021702 ], [ -2.5169769, 6.8021628 ], [ -2.5169976, 6.8019895 ], [ -2.5172706, 6.8020216 ] ] ] } },
{ "type": "Feature", "properties": { "element": "way", "id": 635023706, "amenity": "hospital", "name": "Al-Ayar Hospital", "opening_hours": "24/7", "healthcare": "hospital", "addr:city": "Accra", "addr:street": "Dzagble Avenue", "healthcare:speciality": null, "disabled": null, "emergency": "yes", "operator": "private_profit", "addr:suburb": "Akweteyman", "phone": "0544193852", "type": null, "contact:phone": null, "contact:website": null, "check_date": null, "email": null, "operator:type": null, "ownership": null, "description": null, "addr:housenumber": null, "source": "Open Cities Accra / GARID- Field Survey", "fixme": null, "addr:full": null, "beds": null, "wikidata": null, "wikipedia": null, "short_name": null, "level": null, "dispensing": "yes", "electricity": null, "health_amenity:type": null, "insurance:health": null, "operational_status": null, "water_source": null, "wheelchair": null, "website": null, "branch": null, "internet_access": null, "payment:cash": null, "payment:cards": null, "payment:credit_cards": null, "payment:debit_cards": null, "addr:postcode": null, "addr:region": null, "contact:facebook": null, "operator:wikidata": null, "mobile": null, "name:ar": null, "alt_name": null, "building": "hospital", "name:de": null, "internet_access:fee": null, "old_name": null, "name:en": null, "official_name": null, "building:levels": "2", "denomination": null, "name:fr": null, "layer": null, "barrier": null, "brand": null, "contact:email": null, "landuse": null, "name:it": null, "toilets:wheelchair": null, "addr:ghanapostgps": null, "alt_name:en": null, "addr:community": "Uran Clinic;Akweteyman Zongo", "building:material": "cement_block", "roof:material": "metal", "addr:country": null, "addr:place": null, "fax": null, "note": null, "opening_hours:visitors": null }, "geometry": { "type": "Polygon", "coordinates": [ [ [ -0.2403744, 5.6138856 ], [ -0.2404309, 5.6138708 ], [ -0.2404583, 5.6138642 ], [ -0.2404486, 5.6138335 ], [ -0.2404264, 5.6137496 ], [ -0.2402765, 5.6137889 ], [ -0.2403123, 5.6139242 ], [ -0.24038, 5.6139065 ], [ -0.2403744, 5.6138856 ] ] ] } },
{ "type": "Feature", "properties": { "element": "way", "id": 655981415, "amenity": "hospital", "name": "Nagel Memorial Hospital", "opening_hours": null, "healthcare": "hospital", "addr:city": null, "addr:street": null, "healthcare:speciality": "vaccination;family_planning;maternity;dentist", "disabled": null, "emergency": "yes", "operator": null, "addr:suburb": null, "phone": null, "type": null, "contact:phone": null, "contact:website": null, "check_date": "2026-05-23", "email": null, "operator:type": "private", "ownership": null, "description": null, "addr:housenumber": null, "source": null, "fixme": null, "addr:full": null, "beds": null, "wikidata": null, "wikipedia": null, "short_name": null, "level": null, "dispensing": null, "electricity": null, "health_amenity:type": null, "insurance:health": null, "operational_status": null, "water_source": null, "wheelchair": "no", "website": null, "branch": null, "internet_access": "wlan", "payment:cash": "yes", "payment:cards": null, "payment:credit_cards": "yes", "payment:debit_cards": "yes", "addr:postcode": null, "addr:region": null, "contact:facebook": null, "operator:wikidata": null, "mobile": null, "name:ar": null, "alt_name": "Nagel Memorial SDA Clinic", "building": "yes", "name:de": null, "internet_access:fee": "customers", "old_name": null, "name:en": null, "official_name": null, "building:levels": null, "denomination": null, "name:fr": null, "layer": null, "barrier": null, "brand": null, "contact:email": null, "landuse": null, "name:it": null, "toilets:wheelchair": null, "addr:ghanapostgps": null, "alt_name:en": null, "addr:community": null, "building:material": null, "roof:material": null, "addr:country": null, "addr:place": null, "fax": null, "note": null, "opening_hours:visitors": null }, "geometry": { "type": "Polygon", "coordinates": [ [ [ -1.7667094, 4.9015436 ], [ -1.7665806, 4.9017481 ], [ -1.7664359, 4.9016576 ], [ -1.7665647, 4.9014532 ], [ -1.7667094, 4.9015436 ] ] ] } },
{ "type": "Feature", "properties": { "element": "way", "id": 665592937, "amenity": "hospital", "name": "Divine Love Hospital", "opening_hours": null, "healthcare": "hospital", "addr:city": null, "addr:street": null, "healthcare:speciality": "general;maternity", "disabled": null, "emergency": "yes", "operator": "Private Hospital", "addr:suburb": null, "phone": null, "type": null, "contact:phone": null, "contact:website": null, "check_date": null, "email": null, "operator:type": null, "ownership": null, "description": null, "addr:housenumber": null, "source": null, "fixme": null, "addr:full": null, "beds": null, "wikidata": null, "wikipedia": null, "short_name": null, "level": null, "dispensing": null, "electricity": null, "health_amenity:type": null, "insurance:health": null, "operational_status": null, "water_source": null, "wheelchair": null, "website": null, "branch": null, "internet_access": null, "payment:cash": null, "payment:cards": null, "payment:credit_cards": null, "payment:debit_cards": null, "addr:postcode": null, "addr:region": null, "contact:facebook": null, "operator:wikidata": null, "mobile": null, "name:ar": null, "alt_name": null, "building": null, "name:de": null, "internet_access:fee": null, "old_name": null, "name:en": null, "official_name": null, "building:levels": null, "denomination": null, "name:fr": null, "layer": null, "barrier": null, "brand": null, "contact:email": null, "landuse": null, "name:it": null, "toilets:wheelchair": null, "addr:ghanapostgps": null, "alt_name:en": null, "addr:community": null, "building:material": null, "roof:material": null, "addr:country": null, "addr:place": null, "fax": null, "note": null, "opening_hours:visitors": null }, "geometry": { "type": "Polygon", "coordinates": [ [ [ -2.3170282, 6.4554325 ], [ -2.3170588, 6.4551165 ], [ -2.3167206, 6.4550842 ], [ -2.31669, 6.4554002 ], [ -2.3170282, 6.4554325 ] ] ] } },
{ "type": "Feature", "properties": { "element": "way", "id": 665607745, "amenity": "hospital", "name": "DAKS Medical Center", "opening_hours": null, "healthcare": "hospital", "addr:city": null, "addr:street": null, "healthcare:speciality": null, "disabled": null, "emergency": null, "operator": null, "addr:suburb": null, "phone": null, "type": null, "contact:phone": null, "contact:website": null, "check_date": null, "email": null, "operator:type": null, "ownership": null, "description": null, "addr:housenumber": null, "source": null, "fixme": null, "addr:full": null, "beds": null, "wikidata": null, "wikipedia": null, "short_name": null, "level": null, "dispensing": null, "electricity": null, "health_amenity:type": null, "insurance:health": null, "operational_status": null, "water_source": null, "wheelchair": null, "website": null, "branch": null, "internet_access": null, "payment:cash": null, "payment:cards": null, "payment:credit_cards": null, "payment:debit_cards": null, "addr:postcode": null, "addr:region": null, "contact:facebook": null, "operator:wikidata": null, "mobile": null, "name:ar": null, "alt_name": null, "building": "hospital", "name:de": null, "internet_access:fee": null, "old_name": null, "name:en": null, "official_name": null, "building:levels": null, "denomination": null, "name:fr": null, "layer": null, "barrier": null, "brand": null, "contact:email": null, "landuse": null, "name:it": null, "toilets:wheelchair": null, "addr:ghanapostgps": null, "alt_name:en": null, "addr:community": null, "building:material": null, "roof:material": null, "addr:country": null, "addr:place": null, "fax": null, "note": null, "opening_hours:visitors": null }, "geometry": { "type": "Polygon", "coordinates": [ [ [ -2.3019811, 6.4567155 ], [ -2.3017742, 6.4567476 ], [ -2.3017481, 6.4565822 ], [ -2.301955, 6.4565501 ], [ -2.3019811, 6.4567155 ] ] ] } },
{ "type": "Feature", "properties": { "element": "way", "id": 665805262, "amenity": "hospital", "name": "Sam J Hospital", "opening_hours": null, "healthcare": null, "addr:city": null, "addr:street": null, "healthcare:speciality": null, "disabled": null, "emergency": null, "operator": null, "addr:suburb": null, "phone": null, "type": null, "contact:phone": null, "contact:website": null, "check_date": null, "email": null, "operator:type": null, "ownership": null, "description": null, "addr:housenumber": null, "source": null, "fixme": null, "addr:full": null, "beds": null, "wikidata": null, "wikipedia": null, "short_name": null, "level": null, "dispensing": null, "electricity": null, "health_amenity:type": null, "insurance:health": null, "operational_status": null, "water_source": null, "wheelchair": null, "website": null, "branch": null, "internet_access": null, "payment:cash": null, "payment:cards": null, "payment:credit_cards": null, "payment:debit_cards": null, "addr:postcode": null, "addr:region": null, "contact:facebook": null, "operator:wikidata": null, "mobile": null, "name:ar": null, "alt_name": null, "building": "hospital", "name:de": null, "internet_access:fee": null, "old_name": null, "name:en": null, "official_name": null, "building:levels": null, "denomination": null, "name:fr": null, "layer": null, "barrier": null, "brand": null, "contact:email": null, "landuse": null, "name:it": null, "toilets:wheelchair": null, "addr:ghanapostgps": null, "alt_name:en": null, "addr:community": null, "building:material": null, "roof:material": null, "addr:country": null, "addr:place": null, "fax": null, "note": null, "opening_hours:visitors": null }, "geometry": { "type": "Polygon", "coordinates": [ [ [ -0.20312, 5.6775202 ], [ -0.2029231, 5.6774615 ], [ -0.202942, 5.6773989 ], [ -0.2028913, 5.6773838 ], [ -0.2029061, 5.6773347 ], [ -0.2029481, 5.6773472 ], [ -0.2029688, 5.6772786 ], [ -0.2030782, 5.6773113 ], [ -0.2030604, 5.6773704 ], [ -0.2031261, 5.6773901 ], [ -0.203134, 5.6773638 ], [ -0.2031644, 5.6773729 ], [ -0.20312, 5.6775202 ] ] ] } },
{ "type": "Feature", "properties": { "element": "way", "id": 672444403, "amenity": "hospital", "name": "Gewah Hospital", "opening_hours": null, "healthcare": null, "addr:city": null, "addr:street": "Top Base Road", "healthcare:speciality": null, "disabled": null, "emergency": null, "operator": null, "addr:suburb": null, "phone": null, "type": null, "contact:phone": null, "contact:website": null, "check_date": null, "email": null, "operator:type": null, "ownership": null, "description": null, "addr:housenumber": null, "source": null, "fixme": null, "addr:full": null, "beds": null, "wikidata": null, "wikipedia": null, "short_name": null, "level": null, "dispensing": null, "electricity": null, "health_amenity:type": null, "insurance:health": null, "operational_status": null, "water_source": null, "wheelchair": null, "website": null, "branch": null, "internet_access": null, "payment:cash": null, "payment:cards": null, "payment:credit_cards": null, "payment:debit_cards": null, "addr:postcode": null, "addr:region": null, "contact:facebook": null, "operator:wikidata": null, "mobile": null, "name:ar": null, "alt_name": null, "building": "hospital", "name:de": null, "internet_access:fee": null, "old_name": null, "name:en": null, "official_name": null, "building:levels": null, "denomination": null, "name:fr": null, "layer": null, "barrier": null, "brand": null, "contact:email": null, "landuse": null, "name:it": null, "toilets:wheelchair": null, "addr:ghanapostgps": null, "alt_name:en": null, "addr:community": null, "building:material": null, "roof:material": null, "addr:country": null, "addr:place": null, "fax": null, "note": null, "opening_hours:visitors": null }, "geometry": { "type": "Polygon", "coordinates": [ [ [ -0.3100195, 5.5617059 ], [ -0.310166, 5.5617705 ], [ -0.310209, 5.5616739 ], [ -0.3100611, 5.5616087 ], [ -0.310067, 5.5615954 ], [ -0.309948, 5.5615302 ], [ -0.309946, 5.5617151 ], [ -0.3100178, 5.5617244 ], [ -0.3100195, 5.5617059 ] ] ] } },
{ "type": "Feature", "properties": { "element": "way", "id": 672667634, "amenity": "hospital", "name": "Weija-Gbawe Municipal Hospital", "opening_hours": null, "healthcare": null, "addr:city": null, "addr:street": "Winneba Road", "healthcare:speciality": null, "disabled": null, "emergency": null, "operator": null, "addr:suburb": null, "phone": null, "type": null, "contact:phone": null, "contact:website": null, "check_date": null, "email": null, "operator:type": null, "ownership": null, "description": null, "addr:housenumber": null, "source": null, "fixme": null, "addr:full": null, "beds": null, "wikidata": null, "wikipedia": null, "short_name": null, "level": null, "dispensing": null, "electricity": null, "health_amenity:type": null, "insurance:health": null, "operational_status": null, "water_source": null, "wheelchair": null, "website": null, "branch": null, "internet_access": null, "payment:cash": null, "payment:cards": null, "payment:credit_cards": null, "payment:debit_cards": null, "addr:postcode": null, "addr:region": null, "contact:facebook": null, "operator:wikidata": null, "mobile": null, "name:ar": null, "alt_name": null, "building": null, "name:de": null, "internet_access:fee": null, "old_name": "Ga South Municipal Hospital", "name:en": null, "official_name": null, "building:levels": null, "denomination": null, "name:fr": null, "layer": null, "barrier": null, "brand": null, "contact:email": null, "landuse": null, "name:it": null, "toilets:wheelchair": null, "addr:ghanapostgps": null, "alt_name:en": null, "addr:community": null, "building:material": null, "roof:material": null, "addr:country": null, "addr:place": null, "fax": null, "note": null, "opening_hours:visitors": null }, "geometry": { "type": "Polygon", "coordinates": [ [ [ -0.290736, 5.5668146 ], [ -0.2913684, 5.5654905 ], [ -0.2918941, 5.5643146 ], [ -0.2913992, 5.564093 ], [ -0.2907769, 5.56381 ], [ -0.2900648, 5.5634843 ], [ -0.2895043, 5.5648124 ], [ -0.2893755, 5.5647777 ], [ -0.2890442, 5.5654825 ], [ -0.2888122, 5.5659563 ], [ -0.2889021, 5.5660084 ], [ -0.2895673, 5.566294 ], [ -0.290736, 5.5668146 ] ] ] } },
{ "type": "Feature", "properties": { "element": "way", "id": 672670915, "amenity": "hospital", "name": "Advance Body Sculpture", "opening_hours": null, "healthcare": null, "addr:city": null, "addr:street": null, "healthcare:speciality": null, "disabled": null, "emergency": null, "operator": null, "addr:suburb": null, "phone": null, "type": null, "contact:phone": null, "contact:website": null, "check_date": null, "email": null, "operator:type": null, "ownership": null, "description": null, "addr:housenumber": null, "source": null, "fixme": null, "addr:full": null, "beds": null, "wikidata": null, "wikipedia": null, "short_name": null, "level": null, "dispensing": null, "electricity": null, "health_amenity:type": null, "insurance:health": null, "operational_status": null, "water_source": null, "wheelchair": null, "website": null, "branch": null, "internet_access": null, "payment:cash": null, "payment:cards": null, "payment:credit_cards": null, "payment:debit_cards": null, "addr:postcode": null, "addr:region": null, "contact:facebook": null, "operator:wikidata": null, "mobile": null, "name:ar": null, "alt_name": null, "building": "hospital", "name:de": null, "internet_access:fee": null, "old_name": null, "name:en": null, "official_name": null, "building:levels": "4", "denomination": null, "name:fr": null, "layer": null, "barrier": null, "brand": null, "contact:email": null, "landuse": null, "name:it": null, "toilets:wheelchair": null, "addr:ghanapostgps": null, "alt_name:en": null, "addr:community": null, "building:material": null, "roof:material": null, "addr:country": null, "addr:place": null, "fax": null, "note": null, "opening_hours:visitors": null }, "geometry": { "type": "Polygon", "coordinates": [ [ [ -0.3042053, 5.5563418 ], [ -0.3041015, 5.5563027 ], [ -0.30419, 5.5560699 ], [ -0.3042166, 5.5560801 ], [ -0.3042272, 5.556068 ], [ -0.3042434, 5.5560589 ], [ -0.3042785, 5.5560644 ], [ -0.3042917, 5.5560827 ], [ -0.3042939, 5.5561087 ], [ -0.3042053, 5.5563418 ] ] ] } },
{ "type": "Feature", "properties": { "element": "way", "id": 674644209, "amenity": "hospital", "name": "Angela Catholic Clinic", "opening_hours": null, "healthcare": null, "addr:city": null, "addr:street": null, "healthcare:speciality": null, "disabled": null, "emergency": null, "operator": null, "addr:suburb": null, "phone": null, "type": null, "contact:phone": null, "contact:website": null, "check_date": null, "email": null, "operator:type": null, "ownership": null, "description": null, "addr:housenumber": null, "source": null, "fixme": null, "addr:full": null, "beds": null, "wikidata": null, "wikipedia": null, "short_name": null, "level": null, "dispensing": null, "electricity": null, "health_amenity:type": null, "insurance:health": null, "operational_status": null, "water_source": null, "wheelchair": null, "website": null, "branch": null, "internet_access": null, "payment:cash": null, "payment:cards": null, "payment:credit_cards": null, "payment:debit_cards": null, "addr:postcode": null, "addr:region": null, "contact:facebook": null, "operator:wikidata": null, "mobile": null, "name:ar": null, "alt_name": null, "building": null, "name:de": null, "internet_access:fee": null, "old_name": null, "name:en": null, "official_name": null, "building:levels": null, "denomination": null, "name:fr": null, "layer": null, "barrier": null, "brand": null, "contact:email": null, "landuse": null, "name:it": null, "toilets:wheelchair": null, "addr:ghanapostgps": null, "alt_name:en": null, "addr:community": null, "building:material": null, "roof:material": null, "addr:country": null, "addr:place": null, "fax": null, "note": null, "opening_hours:visitors": null }, "geometry": { "type": "Polygon", "coordinates": [ [ [ -3.1836373, 6.7643726 ], [ -3.1833261, 6.7624655 ], [ -3.1819636, 6.7625188 ], [ -3.1822873, 6.7644191 ], [ -3.1836373, 6.7643726 ] ] ] } },
{ "type": "Feature", "properties": { "element": "way", "id": 675328849, "amenity": "hospital", "name": "Worawora Hospital", "opening_hours": null, "healthcare": "hospital", "addr:city": null, "addr:street": null, "healthcare:speciality": null, "disabled": null, "emergency": null, "operator": null, "addr:suburb": null, "phone": null, "type": null, "contact:phone": null, "contact:website": null, "check_date": null, "email": null, "operator:type": null, "ownership": null, "description": null, "addr:housenumber": null, "source": null, "fixme": null, "addr:full": null, "beds": null, "wikidata": null, "wikipedia": null, "short_name": null, "level": null, "dispensing": null, "electricity": null, "health_amenity:type": null, "insurance:health": null, "operational_status": null, "water_source": null, "wheelchair": null, "website": null, "branch": null, "internet_access": null, "payment:cash": null, "payment:cards": null, "payment:credit_cards": null, "payment:debit_cards": null, "addr:postcode": null, "addr:region": null, "contact:facebook": null, "operator:wikidata": null, "mobile": null, "name:ar": null, "alt_name": null, "building": null, "name:de": null, "internet_access:fee": null, "old_name": null, "name:en": null, "official_name": null, "building:levels": null, "denomination": null, "name:fr": null, "layer": null, "barrier": null, "brand": null, "contact:email": null, "landuse": null, "name:it": null, "toilets:wheelchair": null, "addr:ghanapostgps": null, "alt_name:en": null, "addr:community": null, "building:material": null, "roof:material": null, "addr:country": null, "addr:place": null, "fax": null, "note": null, "opening_hours:visitors": null }, "geometry": { "type": "Polygon", "coordinates": [ [ [ 0.371031, 7.5171846 ], [ 0.3712482, 7.5167777 ], [ 0.3715379, 7.5162751 ], [ 0.371723, 7.515956 ], [ 0.3718329, 7.5157194 ], [ 0.3719778, 7.5155146 ], [ 0.372195, 7.5154242 ], [ 0.3724203, 7.5154295 ], [ 0.3726403, 7.515504 ], [ 0.3727744, 7.5156103 ], [ 0.372989, 7.515831 ], [ 0.3730802, 7.5159746 ], [ 0.3731419, 7.5161448 ], [ 0.3731821, 7.516307 ], [ 0.3732381, 7.5163615 ], [ 0.3734634, 7.5165113 ], [ 0.3735549, 7.5166075 ], [ 0.3739197, 7.5174904 ], [ 0.3730453, 7.517719 ], [ 0.3708727, 7.5174664 ], [ 0.3709424, 7.5173574 ], [ 0.371031, 7.5171846 ] ] ] } },
{ "type": "Feature", "properties": { "element": "way", "id": 675606453, "amenity": "hospital", "name": "Suntreso Government Hospital", "opening_hours": null, "healthcare": null, "addr:city": null, "addr:street": null, "healthcare:speciality": null, "disabled": null, "emergency": null, "operator": null, "addr:suburb": null, "phone": null, "type": null, "contact:phone": null, "contact:website": null, "check_date": null, "email": null, "operator:type": null, "ownership": null, "description": null, "addr:housenumber": null, "source": null, "fixme": null, "addr:full": null, "beds": null, "wikidata": null, "wikipedia": null, "short_name": null, "level": null, "dispensing": null, "electricity": null, "health_amenity:type": null, "insurance:health": null, "operational_status": null, "water_source": null, "wheelchair": null, "website": null, "branch": null, "internet_access": null, "payment:cash": null, "payment:cards": null, "payment:credit_cards": null, "payment:debit_cards": null, "addr:postcode": null, "addr:region": null, "contact:facebook": null, "operator:wikidata": null, "mobile": null, "name:ar": null, "alt_name": null, "building": null, "name:de": "Suntreso Staatskrankenhaus", "internet_access:fee": null, "old_name": null, "name:en": null, "official_name": null, "building:levels": null, "denomination": null, "name:fr": null, "layer": null, "barrier": null, "brand": null, "contact:email": null, "landuse": null, "name:it": null, "toilets:wheelchair": null, "addr:ghanapostgps": null, "alt_name:en": null, "addr:community": null, "building:material": null, "roof:material": null, "addr:country": null, "addr:place": null, "fax": null, "note": null, "opening_hours:visitors": null }, "geometry": { "type": "Polygon", "coordinates": [ [ [ -1.6429174, 6.7029862 ], [ -1.6419867, 6.7017621 ], [ -1.6419257, 6.7018027 ], [ -1.6420698, 6.7020029 ], [ -1.6411659, 6.7027771 ], [ -1.6419142, 6.7037254 ], [ -1.6425379, 6.7030994 ], [ -1.6427357, 6.7032666 ], [ -1.6428839, 6.7030994 ], [ -1.6428631, 6.7030506 ], [ -1.6429174, 6.7029862 ] ] ] } },
{ "type": "Feature", "properties": { "element": "way", "id": 676779510, "amenity": "hospital", "name": "hopeXchange Medical Center", "opening_hours": null, "healthcare": "hospital", "addr:city": null, "addr:street": null, "healthcare:speciality": "general;surgery;emergency;paediatrics", "disabled": null, "emergency": "yes", "operator": "Ghana Health Service", "addr:suburb": null, "phone": null, "type": null, "contact:phone": null, "contact:website": null, "check_date": null, "email": null, "operator:type": null, "ownership": null, "description": null, "addr:housenumber": null, "source": null, "fixme": null, "addr:full": null, "beds": null, "wikidata": null, "wikipedia": null, "short_name": null, "level": null, "dispensing": null, "electricity": null, "health_amenity:type": null, "insurance:health": null, "operational_status": null, "water_source": null, "wheelchair": "yes", "website": null, "branch": null, "internet_access": "yes", "payment:cash": null, "payment:cards": null, "payment:credit_cards": null, "payment:debit_cards": null, "addr:postcode": null, "addr:region": null, "contact:facebook": null, "operator:wikidata": null, "mobile": null, "name:ar": null, "alt_name": null, "building": null, "name:de": null, "internet_access:fee": null, "old_name": null, "name:en": null, "official_name": null, "building:levels": null, "denomination": null, "name:fr": null, "layer": null, "barrier": null, "brand": null, "contact:email": null, "landuse": null, "name:it": null, "toilets:wheelchair": null, "addr:ghanapostgps": null, "alt_name:en": null, "addr:community": null, "building:material": null, "roof:material": null, "addr:country": null, "addr:place": null, "fax": null, "note": null, "opening_hours:visitors": null }, "geometry": { "type": "Polygon", "coordinates": [ [ [ -1.6562395, 6.6611572 ], [ -1.6561, 6.6611625 ], [ -1.6560758, 6.6609041 ], [ -1.6559766, 6.6609068 ], [ -1.6559551, 6.6607016 ], [ -1.6559954, 6.6607043 ], [ -1.6559739, 6.6604379 ], [ -1.6561161, 6.6604325 ], [ -1.6561375, 6.6607043 ], [ -1.6561831, 6.6607016 ], [ -1.6561643, 6.6604645 ], [ -1.6561885, 6.6604645 ], [ -1.6561858, 6.6604139 ], [ -1.6563119, 6.6604086 ], [ -1.6563199, 6.6604539 ], [ -1.6563843, 6.6604512 ], [ -1.6564245, 6.660968 ], [ -1.6562663, 6.660976 ], [ -1.6562529, 6.6608615 ], [ -1.6562153, 6.6608641 ], [ -1.6562395, 6.6611572 ] ] ] } },
{ "type": "Feature", "properties": { "element": "way", "id": 678024895, "amenity": "hospital", "name": "Holy Family Hospital", "opening_hours": null, "healthcare": "hospital", "addr:city": null, "addr:street": null, "healthcare:speciality": null, "disabled": null, "emergency": null, "operator": null, "addr:suburb": null, "phone": null, "type": null, "contact:phone": null, "contact:website": null, "check_date": null, "email": null, "operator:type": null, "ownership": null, "description": null, "addr:housenumber": null, "source": null, "fixme": null, "addr:full": null, "beds": null, "wikidata": null, "wikipedia": null, "short_name": null, "level": null, "dispensing": null, "electricity": null, "health_amenity:type": null, "insurance:health": null, "operational_status": null, "water_source": null, "wheelchair": null, "website": null, "branch": null, "internet_access": null, "payment:cash": null, "payment:cards": null, "payment:credit_cards": null, "payment:debit_cards": null, "addr:postcode": null, "addr:region": null, "contact:facebook": null, "operator:wikidata": null, "mobile": null, "name:ar": null, "alt_name": null, "building": "hospital", "name:de": null, "internet_access:fee": null, "old_name": null, "name:en": null, "official_name": null, "building:levels": null, "denomination": null, "name:fr": null, "layer": null, "barrier": null, "brand": null, "contact:email": null, "landuse": null, "name:it": null, "toilets:wheelchair": null, "addr:ghanapostgps": null, "alt_name:en": null, "addr:community": null, "building:material": null, "roof:material": null, "addr:country": null, "addr:place": null, "fax": null, "note": null, "opening_hours:visitors": null }, "geometry": { "type": "Polygon", "coordinates": [ [ [ -1.9384593, 7.5914559 ], [ -1.9385246, 7.5915477 ], [ -1.9381733, 7.5917936 ], [ -1.9381079, 7.5917019 ], [ -1.9384593, 7.5914559 ] ] ] } },
{ "type": "Feature", "properties": { "element": "way", "id": 680116564, "amenity": "hospital", "name": "Samudure Hospital", "opening_hours": null, "healthcare": "hospital", "addr:city": null, "addr:street": null, "healthcare:speciality": null, "disabled": null, "emergency": null, "operator": null, "addr:suburb": null, "phone": null, "type": null, "contact:phone": null, "contact:website": null, "check_date": null, "email": null, "operator:type": null, "ownership": null, "description": null, "addr:housenumber": null, "source": null, "fixme": null, "addr:full": null, "beds": null, "wikidata": null, "wikipedia": null, "short_name": null, "level": null, "dispensing": null, "electricity": null, "health_amenity:type": null, "insurance:health": null, "operational_status": null, "water_source": null, "wheelchair": null, "website": null, "branch": null, "internet_access": null, "payment:cash": null, "payment:cards": null, "payment:credit_cards": null, "payment:debit_cards": null, "addr:postcode": null, "addr:region": null, "contact:facebook": null, "operator:wikidata": null, "mobile": null, "name:ar": null, "alt_name": null, "building": "hospital", "name:de": null, "internet_access:fee": null, "old_name": null, "name:en": null, "official_name": null, "building:levels": null, "denomination": null, "name:fr": null, "layer": null, "barrier": null, "brand": null, "contact:email": null, "landuse": null, "name:it": null, "toilets:wheelchair": null, "addr:ghanapostgps": null, "alt_name:en": null, "addr:community": null, "building:material": null, "roof:material": null, "addr:country": null, "addr:place": null, "fax": null, "note": null, "opening_hours:visitors": null }, "geometry": { "type": "Polygon", "coordinates": [ [ [ -0.0560647, 10.820652 ], [ -0.0558437, 10.8206576 ], [ -0.0558413, 10.8205648 ], [ -0.0559789, 10.8205614 ], [ -0.0559763, 10.8204601 ], [ -0.0559123, 10.8204617 ], [ -0.0559105, 10.820391 ], [ -0.0560577, 10.8203873 ], [ -0.0560647, 10.820652 ] ] ] } },
{ "type": "Feature", "properties": { "element": "way", "id": 683879725, "amenity": "hospital", "name": "Nagel Memorial Hospital Annex", "opening_hours": null, "healthcare": null, "addr:city": null, "addr:street": null, "healthcare:speciality": null, "disabled": null, "emergency": "yes", "operator": null, "addr:suburb": null, "phone": null, "type": null, "contact:phone": null, "contact:website": null, "check_date": "2026-05-23", "email": null, "operator:type": "private", "ownership": null, "description": null, "addr:housenumber": null, "source": null, "fixme": null, "addr:full": null, "beds": null, "wikidata": null, "wikipedia": null, "short_name": null, "level": null, "dispensing": null, "electricity": null, "health_amenity:type": null, "insurance:health": null, "operational_status": null, "water_source": null, "wheelchair": "no", "website": null, "branch": null, "internet_access": "wlan", "payment:cash": "yes", "payment:cards": null, "payment:credit_cards": "yes", "payment:debit_cards": "yes", "addr:postcode": null, "addr:region": null, "contact:facebook": null, "operator:wikidata": null, "mobile": null, "name:ar": null, "alt_name": null, "building": "yes", "name:de": null, "internet_access:fee": "customers", "old_name": null, "name:en": null, "official_name": null, "building:levels": null, "denomination": null, "name:fr": null, "layer": null, "barrier": null, "brand": null, "contact:email": null, "landuse": null, "name:it": null, "toilets:wheelchair": null, "addr:ghanapostgps": null, "alt_name:en": null, "addr:community": null, "building:material": null, "roof:material": null, "addr:country": null, "addr:place": null, "fax": null, "note": null, "opening_hours:visitors": null }, "geometry": { "type": "Polygon", "coordinates": [ [ [ -1.7646253, 4.9008141 ], [ -1.7647239, 4.9008662 ], [ -1.764737, 4.9009353 ], [ -1.7646572, 4.9010596 ], [ -1.7645247, 4.9009784 ], [ -1.7646253, 4.9008141 ] ] ] } },
{ "type": "Feature", "properties": { "element": "way", "id": 689109517, "amenity": "hospital", "name": "Trauma And Othopedic Hospital", "opening_hours": null, "healthcare": null, "addr:city": "Winneba", "addr:street": null, "healthcare:speciality": "orthopaedics", "disabled": null, "emergency": "yes", "operator": "Governement", "addr:suburb": null, "phone": null, "type": null, "contact:phone": null, "contact:website": null, "check_date": null, "email": null, "operator:type": "public", "ownership": null, "description": null, "addr:housenumber": null, "source": null, "fixme": null, "addr:full": null, "beds": null, "wikidata": null, "wikipedia": null, "short_name": null, "level": null, "dispensing": null, "electricity": null, "health_amenity:type": null, "insurance:health": null, "operational_status": null, "water_source": null, "wheelchair": "yes", "website": null, "branch": null, "internet_access": null, "payment:cash": null, "payment:cards": null, "payment:credit_cards": null, "payment:debit_cards": null, "addr:postcode": null, "addr:region": null, "contact:facebook": null, "operator:wikidata": null, "mobile": null, "name:ar": null, "alt_name": null, "building": null, "name:de": null, "internet_access:fee": null, "old_name": null, "name:en": null, "official_name": null, "building:levels": null, "denomination": null, "name:fr": null, "layer": null, "barrier": null, "brand": null, "contact:email": null, "landuse": null, "name:it": null, "toilets:wheelchair": null, "addr:ghanapostgps": null, "alt_name:en": null, "addr:community": null, "building:material": null, "roof:material": null, "addr:country": null, "addr:place": null, "fax": null, "note": null, "opening_hours:visitors": null }, "geometry": { "type": "Polygon", "coordinates": [ [ [ -0.6421208, 5.3710129 ], [ -0.6420055, 5.371037 ], [ -0.6420419, 5.3712286 ], [ -0.6413081, 5.3714803 ], [ -0.6412518, 5.3713441 ], [ -0.641141, 5.371388 ], [ -0.6398973, 5.3718808 ], [ -0.6406698, 5.3742762 ], [ -0.6415254, 5.3741267 ], [ -0.6418151, 5.3749278 ], [ -0.6446421, 5.374399 ], [ -0.6449336, 5.3734576 ], [ -0.6443894, 5.3735207 ], [ -0.6426116, 5.3736494 ], [ -0.6422399, 5.3709722 ], [ -0.6422389, 5.3709649 ], [ -0.6421208, 5.3710129 ] ] ] } },
{ "type": "Feature", "properties": { "element": "way", "id": 689460480, "amenity": "hospital", "name": "Tamale Teaching Hospital", "opening_hours": null, "healthcare": "hospital", "addr:city": null, "addr:street": null, "healthcare:speciality": null, "disabled": null, "emergency": "yes", "operator": null, "addr:suburb": null, "phone": null, "type": null, "contact:phone": null, "contact:website": null, "check_date": "2026-03-17", "email": null, "operator:type": null, "ownership": null, "description": null, "addr:housenumber": null, "source": null, "fixme": null, "addr:full": null, "beds": null, "wikidata": "Q7680590", "wikipedia": null, "short_name": null, "level": null, "dispensing": null, "electricity": null, "health_amenity:type": null, "insurance:health": null, "operational_status": null, "water_source": null, "wheelchair": "yes", "website": null, "branch": null, "internet_access": null, "payment:cash": null, "payment:cards": null, "payment:credit_cards": null, "payment:debit_cards": null, "addr:postcode": null, "addr:region": null, "contact:facebook": null, "operator:wikidata": null, "mobile": null, "name:ar": null, "alt_name": null, "building": null, "name:de": null, "internet_access:fee": null, "old_name": null, "name:en": null, "official_name": null, "building:levels": null, "denomination": null, "name:fr": null, "layer": null, "barrier": null, "brand": null, "contact:email": null, "landuse": null, "name:it": null, "toilets:wheelchair": null, "addr:ghanapostgps": null, "alt_name:en": null, "addr:community": null, "building:material": null, "roof:material": null, "addr:country": null, "addr:place": null, "fax": null, "note": null, "opening_hours:visitors": null }, "geometry": { "type": "Polygon", "coordinates": [ [ [ -0.8217651, 9.3933326 ], [ -0.8229312, 9.3939504 ], [ -0.824149, 9.3946437 ], [ -0.8250287, 9.3933761 ], [ -0.8257073, 9.3925002 ], [ -0.8255075, 9.3922634 ], [ -0.8259554, 9.3914867 ], [ -0.8266756, 9.390108 ], [ -0.8262733, 9.3899281 ], [ -0.8265308, 9.3892585 ], [ -0.8265549, 9.3886314 ], [ -0.8255357, 9.3880386 ], [ -0.8232182, 9.3913041 ], [ -0.8221883, 9.3927701 ], [ -0.8217651, 9.3933326 ] ] ] } },
{ "type": "Feature", "properties": { "element": "way", "id": 692241151, "amenity": "hospital", "name": null, "opening_hours": null, "healthcare": null, "addr:city": null, "addr:street": null, "healthcare:speciality": null, "disabled": null, "emergency": null, "operator": null, "addr:suburb": null, "phone": null, "type": null, "contact:phone": null, "contact:website": null, "check_date": null, "email": null, "operator:type": null, "ownership": null, "description": null, "addr:housenumber": null, "source": null, "fixme": null, "addr:full": null, "beds": null, "wikidata": null, "wikipedia": null, "short_name": null, "level": null, "dispensing": null, "electricity": null, "health_amenity:type": null, "insurance:health": null, "operational_status": null, "water_source": null, "wheelchair": null, "website": null, "branch": null, "internet_access": null, "payment:cash": null, "payment:cards": null, "payment:credit_cards": null, "payment:debit_cards": null, "addr:postcode": null, "addr:region": null, "contact:facebook": null, "operator:wikidata": null, "mobile": null, "name:ar": null, "alt_name": null, "building": null, "name:de": null, "internet_access:fee": null, "old_name": null, "name:en": null, "official_name": null, "building:levels": null, "denomination": null, "name:fr": null, "layer": null, "barrier": null, "brand": null, "contact:email": null, "landuse": null, "name:it": null, "toilets:wheelchair": null, "addr:ghanapostgps": null, "alt_name:en": null, "addr:community": null, "building:material": null, "roof:material": null, "addr:country": null, "addr:place": null, "fax": null, "note": null, "opening_hours:visitors": null }, "geometry": { "type": "Polygon", "coordinates": [ [ [ -1.6858893, 6.2042091 ], [ -1.6859481, 6.2040746 ], [ -1.6860688, 6.2033333 ], [ -1.686109, 6.202816 ], [ -1.6861653, 6.2026241 ], [ -1.6848001, 6.2021734 ], [ -1.6837353, 6.2017868 ], [ -1.6837218, 6.2018801 ], [ -1.683467, 6.2019628 ], [ -1.6835341, 6.2027894 ], [ -1.6833383, 6.203576 ], [ -1.6837057, 6.203616 ], [ -1.6837621, 6.203656 ], [ -1.6837433, 6.2036853 ], [ -1.6840437, 6.203728 ], [ -1.6840357, 6.2037613 ], [ -1.6840303, 6.2037866 ], [ -1.6848926, 6.204044 ], [ -1.6848966, 6.2040813 ], [ -1.6850294, 6.2040826 ], [ -1.6853406, 6.204164 ], [ -1.6855337, 6.2042146 ], [ -1.6855846, 6.2042173 ], [ -1.6856048, 6.2041933 ], [ -1.6856517, 6.2041906 ], [ -1.6856745, 6.2042146 ], [ -1.6858893, 6.2042091 ] ] ] } },
{ "type": "Feature", "properties": { "element": "way", "id": 697279762, "amenity": "hospital", "name": "Gushiegu Government Hospital", "opening_hours": null, "healthcare": "hospital", "addr:city": null, "addr:street": null, "healthcare:speciality": null, "disabled": null, "emergency": null, "operator": "Ghana Health Service", "addr:suburb": null, "phone": null, "type": null, "contact:phone": null, "contact:website": null, "check_date": null, "email": null, "operator:type": null, "ownership": null, "description": null, "addr:housenumber": null, "source": null, "fixme": "name", "addr:full": null, "beds": null, "wikidata": null, "wikipedia": null, "short_name": null, "level": null, "dispensing": null, "electricity": null, "health_amenity:type": null, "insurance:health": null, "operational_status": null, "water_source": null, "wheelchair": null, "website": null, "branch": null, "internet_access": null, "payment:cash": null, "payment:cards": null, "payment:credit_cards": null, "payment:debit_cards": null, "addr:postcode": null, "addr:region": null, "contact:facebook": null, "operator:wikidata": null, "mobile": null, "name:ar": null, "alt_name": null, "building": null, "name:de": null, "internet_access:fee": null, "old_name": null, "name:en": null, "official_name": null, "building:levels": null, "denomination": null, "name:fr": null, "layer": null, "barrier": null, "brand": null, "contact:email": null, "landuse": null, "name:it": null, "toilets:wheelchair": null, "addr:ghanapostgps": null, "alt_name:en": null, "addr:community": null, "building:material": null, "roof:material": null, "addr:country": null, "addr:place": null, "fax": null, "note": null, "opening_hours:visitors": null }, "geometry": { "type": "Polygon", "coordinates": [ [ [ -0.2151044, 9.9291178 ], [ -0.2131665, 9.9283972 ], [ -0.2123086, 9.9306356 ], [ -0.2142465, 9.9313563 ], [ -0.2151044, 9.9291178 ] ] ] } },
{ "type": "Feature", "properties": { "element": "way", "id": 700860025, "amenity": "hospital", "name": "HTU Clinic", "opening_hours": null, "healthcare": "hospital", "addr:city": null, "addr:street": null, "healthcare:speciality": null, "disabled": null, "emergency": null, "operator": null, "addr:suburb": null, "phone": null, "type": null, "contact:phone": null, "contact:website": null, "check_date": null, "email": null, "operator:type": null, "ownership": null, "description": null, "addr:housenumber": null, "source": null, "fixme": null, "addr:full": null, "beds": null, "wikidata": null, "wikipedia": null, "short_name": null, "level": null, "dispensing": null, "electricity": null, "health_amenity:type": null, "insurance:health": null, "operational_status": null, "water_source": null, "wheelchair": null, "website": null, "branch": null, "internet_access": null, "payment:cash": null, "payment:cards": null, "payment:credit_cards": null, "payment:debit_cards": null, "addr:postcode": null, "addr:region": null, "contact:facebook": null, "operator:wikidata": null, "mobile": null, "name:ar": null, "alt_name": null, "building": null, "name:de": null, "internet_access:fee": null, "old_name": null, "name:en": null, "official_name": null, "building:levels": null, "denomination": null, "name:fr": null, "layer": null, "barrier": null, "brand": null, "contact:email": null, "landuse": null, "name:it": null, "toilets:wheelchair": null, "addr:ghanapostgps": null, "alt_name:en": null, "addr:community": null, "building:material": null, "roof:material": null, "addr:country": null, "addr:place": null, "fax": null, "note": null, "opening_hours:visitors": null }, "geometry": { "type": "Polygon", "coordinates": [ [ [ 0.4647933, 6.5984126 ], [ 0.4650641, 6.5985564 ], [ 0.4652369, 6.5982688 ], [ 0.4650127, 6.5981064 ], [ 0.4647933, 6.5984126 ] ] ] } },
{ "type": "Feature", "properties": { "element": "way", "id": 700860068, "amenity": "hospital", "name": "Ho Municipal Hospital", "opening_hours": null, "healthcare": "hospital", "addr:city": null, "addr:street": null, "healthcare:speciality": null, "disabled": null, "emergency": null, "operator": null, "addr:suburb": null, "phone": null, "type": null, "contact:phone": null, "contact:website": null, "check_date": "2026-03-02", "email": null, "operator:type": null, "ownership": null, "description": null, "addr:housenumber": null, "source": null, "fixme": null, "addr:full": null, "beds": null, "wikidata": null, "wikipedia": null, "short_name": null, "level": null, "dispensing": null, "electricity": null, "health_amenity:type": null, "insurance:health": null, "operational_status": null, "water_source": null, "wheelchair": "limited", "website": null, "branch": null, "internet_access": null, "payment:cash": null, "payment:cards": null, "payment:credit_cards": null, "payment:debit_cards": null, "addr:postcode": null, "addr:region": null, "contact:facebook": null, "operator:wikidata": null, "mobile": null, "name:ar": null, "alt_name": null, "building": null, "name:de": null, "internet_access:fee": null, "old_name": null, "name:en": null, "official_name": null, "building:levels": null, "denomination": null, "name:fr": null, "layer": null, "barrier": null, "brand": null, "contact:email": null, "landuse": null, "name:it": null, "toilets:wheelchair": null, "addr:ghanapostgps": null, "alt_name:en": null, "addr:community": null, "building:material": null, "roof:material": null, "addr:country": null, "addr:place": null, "fax": null, "note": null, "opening_hours:visitors": null }, "geometry": { "type": "Polygon", "coordinates": [ [ [ 0.4680915, 6.608747 ], [ 0.4693423, 6.6095126 ], [ 0.4690218, 6.6100441 ], [ 0.4689655, 6.6108474 ], [ 0.4674185, 6.6098836 ], [ 0.4674306, 6.6097876 ], [ 0.4680915, 6.608747 ] ] ] } },
{ "type": "Feature", "properties": { "element": "way", "id": 710756868, "amenity": "hospital", "name": "Hajj Abdulai Yaro Memorial and Maternity Clinic", "opening_hours": "24/7", "healthcare": "hospital", "addr:city": "Accra", "addr:street": "Mallam Kamka Street", "healthcare:speciality": null, "disabled": null, "emergency": null, "operator": null, "addr:suburb": "Research", "phone": "+233208183572", "type": null, "contact:phone": null, "contact:website": null, "check_date": null, "email": null, "operator:type": null, "ownership": null, "description": null, "addr:housenumber": null, "source": "Open Cities Accra / GARID- Field Survey", "fixme": null, "addr:full": null, "beds": null, "wikidata": null, "wikipedia": null, "short_name": null, "level": null, "dispensing": null, "electricity": null, "health_amenity:type": null, "insurance:health": null, "operational_status": null, "water_source": null, "wheelchair": null, "website": null, "branch": null, "internet_access": null, "payment:cash": null, "payment:cards": null, "payment:credit_cards": null, "payment:debit_cards": null, "addr:postcode": null, "addr:region": null, "contact:facebook": null, "operator:wikidata": null, "mobile": null, "name:ar": null, "alt_name": null, "building": "hospital", "name:de": null, "internet_access:fee": null, "old_name": null, "name:en": null, "official_name": null, "building:levels": "3", "denomination": null, "name:fr": null, "layer": null, "barrier": null, "brand": null, "contact:email": null, "landuse": null, "name:it": null, "toilets:wheelchair": null, "addr:ghanapostgps": null, "alt_name:en": null, "addr:community": "Nima", "building:material": "cement_block", "roof:material": "concrete", "addr:country": null, "addr:place": null, "fax": null, "note": null, "opening_hours:visitors": null }, "geometry": { "type": "Polygon", "coordinates": [ [ [ -0.1995584, 5.5853711 ], [ -0.199391, 5.5853529 ], [ -0.1994085, 5.5852506 ], [ -0.1994103, 5.5852389 ], [ -0.1994799, 5.5852497 ], [ -0.1994777, 5.585266 ], [ -0.1995699, 5.5852758 ], [ -0.1995584, 5.5853711 ] ] ] } },
{ "type": "Feature", "properties": { "element": "way", "id": 713953896, "amenity": "hospital", "name": "Oda Government Hospital", "opening_hours": null, "healthcare": null, "addr:city": null, "addr:street": null, "healthcare:speciality": null, "disabled": null, "emergency": null, "operator": null, "addr:suburb": null, "phone": null, "type": null, "contact:phone": null, "contact:website": null, "check_date": null, "email": null, "operator:type": null, "ownership": null, "description": null, "addr:housenumber": null, "source": null, "fixme": null, "addr:full": null, "beds": null, "wikidata": null, "wikipedia": null, "short_name": null, "level": null, "dispensing": null, "electricity": null, "health_amenity:type": null, "insurance:health": null, "operational_status": null, "water_source": null, "wheelchair": null, "website": null, "branch": null, "internet_access": null, "payment:cash": null, "payment:cards": null, "payment:credit_cards": null, "payment:debit_cards": null, "addr:postcode": null, "addr:region": null, "contact:facebook": null, "operator:wikidata": null, "mobile": null, "name:ar": null, "alt_name": null, "building": null, "name:de": null, "internet_access:fee": null, "old_name": null, "name:en": null, "official_name": null, "building:levels": null, "denomination": null, "name:fr": null, "layer": null, "barrier": null, "brand": null, "contact:email": null, "landuse": null, "name:it": null, "toilets:wheelchair": null, "addr:ghanapostgps": null, "alt_name:en": null, "addr:community": null, "building:material": null, "roof:material": null, "addr:country": null, "addr:place": null, "fax": null, "note": null, "opening_hours:visitors": null }, "geometry": { "type": "Polygon", "coordinates": [ [ [ -0.9869771, 5.9287462 ], [ -0.9857682, 5.9271859 ], [ -0.9845373, 5.9281063 ], [ -0.9857669, 5.9297317 ], [ -0.9867092, 5.9290013 ], [ -0.9869771, 5.9287462 ] ] ] } },
{ "type": "Feature", "properties": { "element": "way", "id": 722365663, "amenity": "hospital", "name": "Kade Government Hospital", "opening_hours": null, "healthcare": null, "addr:city": null, "addr:street": null, "healthcare:speciality": null, "disabled": null, "emergency": null, "operator": null, "addr:suburb": null, "phone": null, "type": null, "contact:phone": null, "contact:website": null, "check_date": null, "email": null, "operator:type": null, "ownership": null, "description": null, "addr:housenumber": null, "source": null, "fixme": null, "addr:full": null, "beds": null, "wikidata": null, "wikipedia": null, "short_name": null, "level": null, "dispensing": null, "electricity": null, "health_amenity:type": null, "insurance:health": null, "operational_status": null, "water_source": null, "wheelchair": null, "website": null, "branch": null, "internet_access": null, "payment:cash": null, "payment:cards": null, "payment:credit_cards": null, "payment:debit_cards": null, "addr:postcode": null, "addr:region": null, "contact:facebook": null, "operator:wikidata": null, "mobile": null, "name:ar": null, "alt_name": null, "building": "hospital", "name:de": null, "internet_access:fee": null, "old_name": null, "name:en": null, "official_name": null, "building:levels": null, "denomination": null, "name:fr": null, "layer": null, "barrier": null, "brand": null, "contact:email": null, "landuse": null, "name:it": null, "toilets:wheelchair": null, "addr:ghanapostgps": null, "alt_name:en": null, "addr:community": null, "building:material": null, "roof:material": null, "addr:country": null, "addr:place": null, "fax": null, "note": null, "opening_hours:visitors": null }, "geometry": { "type": "Polygon", "coordinates": [ [ [ -0.8393189, 6.100807 ], [ -0.8392538, 6.100694 ], [ -0.8394635, 6.1005747 ], [ -0.8394537, 6.1005577 ], [ -0.8396367, 6.1004536 ], [ -0.8396685, 6.100509 ], [ -0.8395955, 6.1005505 ], [ -0.8396402, 6.1006281 ], [ -0.8395304, 6.1006906 ], [ -0.8395544, 6.1007323 ], [ -0.8396708, 6.100666 ], [ -0.8396065, 6.1005542 ], [ -0.8396829, 6.1005107 ], [ -0.8396426, 6.1004406 ], [ -0.8396625, 6.1004293 ], [ -0.8396985, 6.1004919 ], [ -0.8397537, 6.1004605 ], [ -0.8397923, 6.1005274 ], [ -0.8397473, 6.100553 ], [ -0.8397728, 6.1005972 ], [ -0.8397051, 6.1006357 ], [ -0.8396571, 6.1005523 ], [ -0.8396364, 6.1005641 ], [ -0.8397105, 6.1006929 ], [ -0.8399388, 6.100563 ], [ -0.8400054, 6.1006669 ], [ -0.8399571, 6.1006944 ], [ -0.8399344, 6.100655 ], [ -0.8398481, 6.1007041 ], [ -0.8398215, 6.1006578 ], [ -0.8397227, 6.100714 ], [ -0.8398279, 6.1008969 ], [ -0.8397055, 6.1009665 ], [ -0.8397173, 6.100987 ], [ -0.839643, 6.1010293 ], [ -0.8396312, 6.1010088 ], [ -0.8395586, 6.10105 ], [ -0.8395154, 6.1009748 ], [ -0.8397448, 6.1008443 ], [ -0.8397698, 6.1008877 ], [ -0.8397942, 6.1008738 ], [ -0.8396842, 6.1006827 ], [ -0.8396768, 6.1006869 ], [ -0.8397022, 6.1007311 ], [ -0.8395872, 6.1007965 ], [ -0.8395623, 6.1007532 ], [ -0.8395128, 6.1007813 ], [ -0.8394761, 6.1007176 ], [ -0.8393189, 6.100807 ] ] ] } },
{ "type": "Feature", "properties": { "element": "way", "id": 729389972, "amenity": "hospital", "name": "Clinic", "opening_hours": null, "healthcare": "hospital", "addr:city": null, "addr:street": null, "healthcare:speciality": "general", "disabled": null, "emergency": null, "operator": "Damongo Senior High School", "addr:suburb": null, "phone": null, "type": null, "contact:phone": null, "contact:website": null, "check_date": null, "email": null, "operator:type": null, "ownership": null, "description": null, "addr:housenumber": null, "source": null, "fixme": null, "addr:full": null, "beds": null, "wikidata": null, "wikipedia": null, "short_name": null, "level": null, "dispensing": null, "electricity": null, "health_amenity:type": null, "insurance:health": null, "operational_status": null, "water_source": null, "wheelchair": null, "website": null, "branch": null, "internet_access": null, "payment:cash": null, "payment:cards": null, "payment:credit_cards": null, "payment:debit_cards": null, "addr:postcode": null, "addr:region": null, "contact:facebook": null, "operator:wikidata": null, "mobile": null, "name:ar": null, "alt_name": null, "building": "yes", "name:de": null, "internet_access:fee": null, "old_name": null, "name:en": null, "official_name": null, "building:levels": null, "denomination": null, "name:fr": null, "layer": null, "barrier": null, "brand": null, "contact:email": null, "landuse": null, "name:it": null, "toilets:wheelchair": null, "addr:ghanapostgps": null, "alt_name:en": null, "addr:community": null, "building:material": null, "roof:material": null, "addr:country": null, "addr:place": null, "fax": null, "note": null, "opening_hours:visitors": null }, "geometry": { "type": "Polygon", "coordinates": [ [ [ -1.8267367, 9.0828811 ], [ -1.8266519, 9.0829763 ], [ -1.8265316, 9.0828719 ], [ -1.8266163, 9.0827766 ], [ -1.8267367, 9.0828811 ] ] ] } },
{ "type": "Feature", "properties": { "element": "way", "id": 738914521, "amenity": "hospital", "name": "Amoah Memorial Hospital", "opening_hours": null, "healthcare": null, "addr:city": null, "addr:street": null, "healthcare:speciality": null, "disabled": null, "emergency": null, "operator": null, "addr:suburb": null, "phone": null, "type": null, "contact:phone": null, "contact:website": null, "check_date": null, "email": null, "operator:type": null, "ownership": null, "description": null, "addr:housenumber": null, "source": null, "fixme": null, "addr:full": null, "beds": null, "wikidata": null, "wikipedia": null, "short_name": null, "level": null, "dispensing": null, "electricity": null, "health_amenity:type": null, "insurance:health": null, "operational_status": null, "water_source": null, "wheelchair": null, "website": null, "branch": null, "internet_access": null, "payment:cash": null, "payment:cards": null, "payment:credit_cards": null, "payment:debit_cards": null, "addr:postcode": null, "addr:region": null, "contact:facebook": null, "operator:wikidata": null, "mobile": null, "name:ar": null, "alt_name": null, "building": null, "name:de": null, "internet_access:fee": null, "old_name": null, "name:en": null, "official_name": null, "building:levels": null, "denomination": null, "name:fr": null, "layer": null, "barrier": null, "brand": null, "contact:email": null, "landuse": null, "name:it": null, "toilets:wheelchair": null, "addr:ghanapostgps": null, "alt_name:en": null, "addr:community": null, "building:material": null, "roof:material": null, "addr:country": null, "addr:place": null, "fax": null, "note": null, "opening_hours:visitors": null }, "geometry": { "type": "Polygon", "coordinates": [ [ [ -0.2875115, 5.5906656 ], [ -0.2872644, 5.5910494 ], [ -0.287064, 5.5909216 ], [ -0.287311, 5.5905378 ], [ -0.2875115, 5.5906656 ] ] ] } },
{ "type": "Feature", "properties": { "element": "way", "id": 756279667, "amenity": "hospital", "name": "Bolgatanga Regional Hospital", "opening_hours": null, "healthcare": "hospital", "addr:city": null, "addr:street": null, "healthcare:speciality": null, "disabled": null, "emergency": null, "operator": null, "addr:suburb": null, "phone": null, "type": null, "contact:phone": null, "contact:website": null, "check_date": null, "email": null, "operator:type": null, "ownership": null, "description": null, "addr:housenumber": null, "source": null, "fixme": null, "addr:full": null, "beds": null, "wikidata": null, "wikipedia": null, "short_name": null, "level": null, "dispensing": null, "electricity": null, "health_amenity:type": null, "insurance:health": null, "operational_status": null, "water_source": null, "wheelchair": null, "website": null, "branch": null, "internet_access": null, "payment:cash": null, "payment:cards": null, "payment:credit_cards": null, "payment:debit_cards": null, "addr:postcode": null, "addr:region": null, "contact:facebook": null, "operator:wikidata": null, "mobile": null, "name:ar": null, "alt_name": null, "building": null, "name:de": null, "internet_access:fee": null, "old_name": null, "name:en": null, "official_name": null, "building:levels": null, "denomination": null, "name:fr": null, "layer": null, "barrier": null, "brand": null, "contact:email": null, "landuse": null, "name:it": null, "toilets:wheelchair": null, "addr:ghanapostgps": null, "alt_name:en": null, "addr:community": null, "building:material": null, "roof:material": null, "addr:country": null, "addr:place": null, "fax": null, "note": null, "opening_hours:visitors": null }, "geometry": { "type": "Polygon", "coordinates": [ [ [ -0.8627617, 10.8069479 ], [ -0.862837, 10.8054162 ], [ -0.8617109, 10.8053348 ], [ -0.8616205, 10.8059527 ], [ -0.8610103, 10.80633 ], [ -0.8609651, 10.8069738 ], [ -0.8627617, 10.8069479 ] ] ] } },
{ "type": "Feature", "properties": { "element": "way", "id": 757318733, "amenity": "hospital", "name": "Savelugu District Hospital", "opening_hours": null, "healthcare": "hospital", "addr:city": null, "addr:street": null, "healthcare:speciality": null, "disabled": null, "emergency": "yes", "operator": null, "addr:suburb": null, "phone": null, "type": null, "contact:phone": null, "contact:website": null, "check_date": null, "email": null, "operator:type": null, "ownership": null, "description": null, "addr:housenumber": null, "source": null, "fixme": null, "addr:full": null, "beds": null, "wikidata": null, "wikipedia": null, "short_name": null, "level": null, "dispensing": null, "electricity": null, "health_amenity:type": null, "insurance:health": null, "operational_status": null, "water_source": null, "wheelchair": null, "website": null, "branch": null, "internet_access": null, "payment:cash": null, "payment:cards": null, "payment:credit_cards": null, "payment:debit_cards": null, "addr:postcode": null, "addr:region": null, "contact:facebook": null, "operator:wikidata": null, "mobile": null, "name:ar": null, "alt_name": null, "building": null, "name:de": null, "internet_access:fee": null, "old_name": null, "name:en": null, "official_name": null, "building:levels": null, "denomination": null, "name:fr": null, "layer": null, "barrier": null, "brand": null, "contact:email": null, "landuse": null, "name:it": null, "toilets:wheelchair": null, "addr:ghanapostgps": null, "alt_name:en": null, "addr:community": null, "building:material": null, "roof:material": null, "addr:country": null, "addr:place": null, "fax": null, "note": null, "opening_hours:visitors": null }, "geometry": { "type": "Polygon", "coordinates": [ [ [ -0.8287007, 9.6203819 ], [ -0.8287154, 9.6200381 ], [ -0.8287315, 9.619767 ], [ -0.8287717, 9.6193571 ], [ -0.828993, 9.6180745 ], [ -0.8290306, 9.6178815 ], [ -0.8315304, 9.6182782 ], [ -0.8313239, 9.6202748 ], [ -0.8309484, 9.6205868 ], [ -0.8291674, 9.6204096 ], [ -0.8287007, 9.6203819 ] ] ] } },
{ "type": "Feature", "properties": { "element": "way", "id": 761176940, "amenity": "hospital", "name": "Talensi District Hospital", "opening_hours": null, "healthcare": "hospital", "addr:city": null, "addr:street": null, "healthcare:speciality": null, "disabled": null, "emergency": null, "operator": null, "addr:suburb": null, "phone": null, "type": null, "contact:phone": null, "contact:website": null, "check_date": null, "email": null, "operator:type": null, "ownership": null, "description": null, "addr:housenumber": null, "source": null, "fixme": null, "addr:full": null, "beds": null, "wikidata": null, "wikipedia": null, "short_name": null, "level": null, "dispensing": null, "electricity": null, "health_amenity:type": null, "insurance:health": null, "operational_status": null, "water_source": null, "wheelchair": null, "website": null, "branch": null, "internet_access": null, "payment:cash": null, "payment:cards": null, "payment:credit_cards": null, "payment:debit_cards": null, "addr:postcode": null, "addr:region": null, "contact:facebook": null, "operator:wikidata": null, "mobile": null, "name:ar": null, "alt_name": null, "building": null, "name:de": null, "internet_access:fee": null, "old_name": null, "name:en": null, "official_name": null, "building:levels": null, "denomination": null, "name:fr": null, "layer": null, "barrier": null, "brand": null, "contact:email": null, "landuse": null, "name:it": null, "toilets:wheelchair": null, "addr:ghanapostgps": null, "alt_name:en": null, "addr:community": null, "building:material": null, "roof:material": null, "addr:country": null, "addr:place": null, "fax": null, "note": null, "opening_hours:visitors": null }, "geometry": { "type": "Polygon", "coordinates": [ [ [ -0.7933987, 10.7151606 ], [ -0.7934907, 10.7139087 ], [ -0.7938234, 10.7127612 ], [ -0.7949276, 10.7132828 ], [ -0.7952108, 10.7138879 ], [ -0.794963, 10.7144721 ], [ -0.7945029, 10.7142773 ], [ -0.7940853, 10.7144095 ], [ -0.7937243, 10.714639 ], [ -0.7936535, 10.7152163 ], [ -0.7933987, 10.7151606 ] ] ] } },
{ "type": "Feature", "properties": { "element": "way", "id": 764528088, "amenity": "hospital", "name": "Meridian Clinic", "opening_hours": null, "healthcare": "hospital", "addr:city": null, "addr:street": null, "healthcare:speciality": null, "disabled": null, "emergency": null, "operator": null, "addr:suburb": null, "phone": null, "type": null, "contact:phone": null, "contact:website": null, "check_date": null, "email": null, "operator:type": null, "ownership": null, "description": null, "addr:housenumber": null, "source": null, "fixme": null, "addr:full": null, "beds": null, "wikidata": null, "wikipedia": null, "short_name": null, "level": null, "dispensing": null, "electricity": null, "health_amenity:type": null, "insurance:health": null, "operational_status": null, "water_source": null, "wheelchair": null, "website": null, "branch": null, "internet_access": null, "payment:cash": null, "payment:cards": null, "payment:credit_cards": null, "payment:debit_cards": null, "addr:postcode": null, "addr:region": null, "contact:facebook": null, "operator:wikidata": null, "mobile": null, "name:ar": null, "alt_name": null, "building": null, "name:de": null, "internet_access:fee": null, "old_name": null, "name:en": null, "official_name": null, "building:levels": null, "denomination": null, "name:fr": null, "layer": null, "barrier": null, "brand": null, "contact:email": null, "landuse": null, "name:it": null, "toilets:wheelchair": null, "addr:ghanapostgps": null, "alt_name:en": null, "addr:community": null, "building:material": null, "roof:material": null, "addr:country": null, "addr:place": null, "fax": null, "note": null, "opening_hours:visitors": null }, "geometry": { "type": "Polygon", "coordinates": [ [ [ -0.0071437, 5.6457422 ], [ -0.0070941, 5.6456176 ], [ -0.0073796, 5.645505 ], [ -0.0074292, 5.6456295 ], [ -0.0072277, 5.645709 ], [ -0.007237, 5.6457324 ], [ -0.0071972, 5.6457481 ], [ -0.0071879, 5.6457247 ], [ -0.0071437, 5.6457422 ] ] ] } },
{ "type": "Feature", "properties": { "element": "way", "id": 785855366, "amenity": "hospital", "name": "SSNIT Hospital", "opening_hours": null, "healthcare": "hospital", "addr:city": null, "addr:street": null, "healthcare:speciality": null, "disabled": null, "emergency": null, "operator": null, "addr:suburb": null, "phone": null, "type": null, "contact:phone": null, "contact:website": null, "check_date": "2025-03-10", "email": null, "operator:type": null, "ownership": null, "description": null, "addr:housenumber": null, "source": null, "fixme": null, "addr:full": null, "beds": null, "wikidata": null, "wikipedia": null, "short_name": null, "level": null, "dispensing": null, "electricity": null, "health_amenity:type": null, "insurance:health": null, "operational_status": null, "water_source": null, "wheelchair": null, "website": null, "branch": null, "internet_access": null, "payment:cash": null, "payment:cards": null, "payment:credit_cards": null, "payment:debit_cards": null, "addr:postcode": null, "addr:region": null, "contact:facebook": null, "operator:wikidata": null, "mobile": null, "name:ar": null, "alt_name": null, "building": null, "name:de": null, "internet_access:fee": null, "old_name": null, "name:en": null, "official_name": null, "building:levels": null, "denomination": null, "name:fr": null, "layer": null, "barrier": null, "brand": null, "contact:email": null, "landuse": null, "name:it": null, "toilets:wheelchair": null, "addr:ghanapostgps": null, "alt_name:en": null, "addr:community": null, "building:material": null, "roof:material": null, "addr:country": null, "addr:place": null, "fax": null, "note": null, "opening_hours:visitors": null }, "geometry": { "type": "Polygon", "coordinates": [ [ [ -0.1822883, 5.5628071 ], [ -0.1818639, 5.5626236 ], [ -0.1819034, 5.5624 ], [ -0.1820199, 5.5624191 ], [ -0.1820358, 5.562315 ], [ -0.1823611, 5.5623817 ], [ -0.1822883, 5.5628071 ] ] ] } },
{ "type": "Feature", "properties": { "element": "way", "id": 785870852, "amenity": "hospital", "name": "Atorkor Clinic", "opening_hours": null, "healthcare": "hospital", "addr:city": null, "addr:street": null, "healthcare:speciality": "general", "disabled": null, "emergency": null, "operator": null, "addr:suburb": null, "phone": null, "type": null, "contact:phone": null, "contact:website": null, "check_date": null, "email": null, "operator:type": null, "ownership": null, "description": null, "addr:housenumber": null, "source": null, "fixme": null, "addr:full": null, "beds": null, "wikidata": null, "wikipedia": null, "short_name": null, "level": null, "dispensing": null, "electricity": null, "health_amenity:type": null, "insurance:health": null, "operational_status": null, "water_source": null, "wheelchair": null, "website": null, "branch": null, "internet_access": null, "payment:cash": null, "payment:cards": null, "payment:credit_cards": null, "payment:debit_cards": null, "addr:postcode": null, "addr:region": null, "contact:facebook": null, "operator:wikidata": null, "mobile": null, "name:ar": null, "alt_name": null, "building": null, "name:de": null, "internet_access:fee": null, "old_name": null, "name:en": null, "official_name": null, "building:levels": null, "denomination": null, "name:fr": null, "layer": null, "barrier": null, "brand": null, "contact:email": null, "landuse": null, "name:it": null, "toilets:wheelchair": null, "addr:ghanapostgps": null, "alt_name:en": null, "addr:community": null, "building:material": null, "roof:material": null, "addr:country": null, "addr:place": null, "fax": null, "note": null, "opening_hours:visitors": null }, "geometry": { "type": "Polygon", "coordinates": [ [ [ 0.821463, 5.7764795 ], [ 0.8216437, 5.7761001 ], [ 0.821942, 5.7762392 ], [ 0.8217399, 5.77661 ], [ 0.821463, 5.7764795 ] ] ] } },
{ "type": "Feature", "properties": { "element": "way", "id": 785881345, "amenity": "hospital", "name": "Ghana Health Service clinic", "opening_hours": null, "healthcare": "hospital", "addr:city": null, "addr:street": null, "healthcare:speciality": null, "disabled": null, "emergency": null, "operator": null, "addr:suburb": null, "phone": null, "type": null, "contact:phone": null, "contact:website": null, "check_date": null, "email": null, "operator:type": null, "ownership": null, "description": null, "addr:housenumber": null, "source": null, "fixme": null, "addr:full": null, "beds": null, "wikidata": null, "wikipedia": null, "short_name": null, "level": null, "dispensing": null, "electricity": null, "health_amenity:type": null, "insurance:health": null, "operational_status": null, "water_source": null, "wheelchair": null, "website": null, "branch": null, "internet_access": null, "payment:cash": null, "payment:cards": null, "payment:credit_cards": null, "payment:debit_cards": null, "addr:postcode": null, "addr:region": null, "contact:facebook": null, "operator:wikidata": null, "mobile": null, "name:ar": null, "alt_name": null, "building": null, "name:de": null, "internet_access:fee": null, "old_name": null, "name:en": null, "official_name": null, "building:levels": null, "denomination": null, "name:fr": null, "layer": null, "barrier": null, "brand": null, "contact:email": null, "landuse": null, "name:it": null, "toilets:wheelchair": null, "addr:ghanapostgps": null, "alt_name:en": null, "addr:community": null, "building:material": null, "roof:material": null, "addr:country": null, "addr:place": null, "fax": null, "note": null, "opening_hours:visitors": null }, "geometry": { "type": "Polygon", "coordinates": [ [ [ 0.9722285, 5.8505612 ], [ 0.971908, 5.8499957 ], [ 0.9723735, 5.8496982 ], [ 0.9727381, 5.850225 ], [ 0.9722285, 5.8505612 ] ] ] } },
{ "type": "Feature", "properties": { "element": "way", "id": 785886182, "amenity": "hospital", "name": "Valley View Clinic", "opening_hours": null, "healthcare": "hospital", "addr:city": null, "addr:street": null, "healthcare:speciality": null, "disabled": null, "emergency": null, "operator": null, "addr:suburb": null, "phone": null, "type": null, "contact:phone": null, "contact:website": null, "check_date": null, "email": null, "operator:type": null, "ownership": null, "description": null, "addr:housenumber": null, "source": null, "fixme": null, "addr:full": null, "beds": null, "wikidata": null, "wikipedia": null, "short_name": null, "level": null, "dispensing": null, "electricity": null, "health_amenity:type": null, "insurance:health": null, "operational_status": null, "water_source": null, "wheelchair": null, "website": null, "branch": null, "internet_access": null, "payment:cash": null, "payment:cards": null, "payment:credit_cards": null, "payment:debit_cards": null, "addr:postcode": null, "addr:region": null, "contact:facebook": null, "operator:wikidata": null, "mobile": null, "name:ar": null, "alt_name": null, "building": null, "name:de": null, "internet_access:fee": null, "old_name": null, "name:en": null, "official_name": null, "building:levels": null, "denomination": null, "name:fr": null, "layer": null, "barrier": null, "brand": null, "contact:email": null, "landuse": null, "name:it": null, "toilets:wheelchair": null, "addr:ghanapostgps": null, "alt_name:en": null, "addr:community": null, "building:material": null, "roof:material": null, "addr:country": null, "addr:place": null, "fax": null, "note": null, "opening_hours:visitors": null }, "geometry": { "type": "Polygon", "coordinates": [ [ [ -0.1986275, 5.6150576 ], [ -0.1981963, 5.6146143 ], [ -0.1978261, 5.6149941 ], [ -0.198048, 5.6154998 ], [ -0.1983002, 5.6153395 ], [ -0.1986275, 5.6150576 ] ] ] } },
{ "type": "Feature", "properties": { "element": "way", "id": 785911112, "amenity": "hospital", "name": "Accra Psychiatric Hospital", "opening_hours": "24/7", "healthcare": "doctor;hospital", "addr:city": "Accra", "addr:street": "Castle Road", "healthcare:speciality": "psychiatry", "disabled": null, "emergency": null, "operator": null, "addr:suburb": null, "phone": null, "type": null, "contact:phone": "0302 228 688", "contact:website": null, "check_date": null, "email": null, "operator:type": "government", "ownership": null, "description": null, "addr:housenumber": null, "source": null, "fixme": null, "addr:full": null, "beds": null, "wikidata": null, "wikipedia": null, "short_name": null, "level": null, "dispensing": null, "electricity": null, "health_amenity:type": null, "insurance:health": null, "operational_status": "operational", "water_source": null, "wheelchair": null, "website": null, "branch": null, "internet_access": null, "payment:cash": null, "payment:cards": null, "payment:credit_cards": null, "payment:debit_cards": null, "addr:postcode": null, "addr:region": null, "contact:facebook": null, "operator:wikidata": null, "mobile": null, "name:ar": null, "alt_name": null, "building": null, "name:de": null, "internet_access:fee": null, "old_name": null, "name:en": null, "official_name": null, "building:levels": null, "denomination": null, "name:fr": null, "layer": null, "barrier": null, "brand": null, "contact:email": null, "landuse": null, "name:it": null, "toilets:wheelchair": null, "addr:ghanapostgps": null, "alt_name:en": null, "addr:community": null, "building:material": null, "roof:material": null, "addr:country": null, "addr:place": null, "fax": null, "note": null, "opening_hours:visitors": null }, "geometry": { "type": "Polygon", "coordinates": [ [ [ -0.2051556, 5.5625677 ], [ -0.2052347, 5.5627569 ], [ -0.2053419, 5.5632211 ], [ -0.2053974, 5.5634248 ], [ -0.2054848, 5.5639125 ], [ -0.2049298, 5.5640744 ], [ -0.2048149, 5.564103 ], [ -0.2045661, 5.5640712 ], [ -0.2044117, 5.5640877 ], [ -0.204177, 5.5640077 ], [ -0.2040973, 5.5636553 ], [ -0.2038804, 5.5636998 ], [ -0.2036922, 5.5629283 ], [ -0.2039984, 5.5628267 ], [ -0.204748, 5.5626744 ], [ -0.2051556, 5.5625677 ] ] ] } },
{ "type": "Feature", "properties": { "element": "way", "id": 785913649, "amenity": "hospital", "name": "German Egon Clinic", "opening_hours": null, "healthcare": "hospital", "addr:city": null, "addr:street": null, "healthcare:speciality": null, "disabled": null, "emergency": null, "operator": null, "addr:suburb": null, "phone": null, "type": null, "contact:phone": null, "contact:website": null, "check_date": null, "email": null, "operator:type": null, "ownership": null, "description": null, "addr:housenumber": null, "source": null, "fixme": null, "addr:full": null, "beds": null, "wikidata": null, "wikipedia": null, "short_name": null, "level": null, "dispensing": null, "electricity": null, "health_amenity:type": null, "insurance:health": null, "operational_status": null, "water_source": null, "wheelchair": null, "website": null, "branch": null, "internet_access": null, "payment:cash": null, "payment:cards": null, "payment:credit_cards": null, "payment:debit_cards": null, "addr:postcode": null, "addr:region": null, "contact:facebook": null, "operator:wikidata": null, "mobile": null, "name:ar": null, "alt_name": null, "building": null, "name:de": null, "internet_access:fee": null, "old_name": null, "name:en": null, "official_name": null, "building:levels": null, "denomination": null, "name:fr": null, "layer": null, "barrier": null, "brand": null, "contact:email": null, "landuse": null, "name:it": null, "toilets:wheelchair": null, "addr:ghanapostgps": null, "alt_name:en": null, "addr:community": null, "building:material": null, "roof:material": null, "addr:country": null, "addr:place": null, "fax": null, "note": null, "opening_hours:visitors": null }, "geometry": { "type": "Polygon", "coordinates": [ [ [ -0.2142334, 5.612627 ], [ -0.214645, 5.6123816 ], [ -0.2144914, 5.6120985 ], [ -0.2140513, 5.6123552 ], [ -0.2142334, 5.612627 ] ] ] } },
{ "type": "Feature", "properties": { "element": "way", "id": 785915055, "amenity": "hospital", "name": "Family Health Hospital", "opening_hours": null, "healthcare": "hospital", "addr:city": null, "addr:street": null, "healthcare:speciality": null, "disabled": null, "emergency": null, "operator": null, "addr:suburb": null, "phone": null, "type": null, "contact:phone": null, "contact:website": null, "check_date": null, "email": null, "operator:type": null, "ownership": null, "description": null, "addr:housenumber": null, "source": null, "fixme": null, "addr:full": null, "beds": null, "wikidata": null, "wikipedia": null, "short_name": null, "level": null, "dispensing": null, "electricity": null, "health_amenity:type": null, "insurance:health": null, "operational_status": null, "water_source": null, "wheelchair": null, "website": null, "branch": null, "internet_access": null, "payment:cash": null, "payment:cards": null, "payment:credit_cards": null, "payment:debit_cards": null, "addr:postcode": null, "addr:region": null, "contact:facebook": null, "operator:wikidata": null, "mobile": null, "name:ar": null, "alt_name": null, "building": null, "name:de": null, "internet_access:fee": null, "old_name": null, "name:en": null, "official_name": null, "building:levels": null, "denomination": null, "name:fr": null, "layer": null, "barrier": null, "brand": null, "contact:email": null, "landuse": null, "name:it": null, "toilets:wheelchair": null, "addr:ghanapostgps": null, "alt_name:en": null, "addr:community": null, "building:material": null, "roof:material": null, "addr:country": null, "addr:place": null, "fax": null, "note": null, "opening_hours:visitors": null }, "geometry": { "type": "Polygon", "coordinates": [ [ [ -0.1123436, 5.5739253 ], [ -0.1119472, 5.5730551 ], [ -0.1116968, 5.5724831 ], [ -0.1115255, 5.5720407 ], [ -0.1122497, 5.5718005 ], [ -0.1125608, 5.5725693 ], [ -0.1126788, 5.5728736 ], [ -0.112711, 5.5731352 ], [ -0.1128827, 5.5735517 ], [ -0.1124405, 5.5738643 ], [ -0.1123436, 5.5739253 ] ] ] } },
{ "type": "Feature", "properties": { "element": "way", "id": 785917727, "amenity": "hospital", "name": "Lekma Hospital", "opening_hours": null, "healthcare": "hospital", "addr:city": null, "addr:street": null, "healthcare:speciality": null, "disabled": null, "emergency": null, "operator": null, "addr:suburb": null, "phone": null, "type": null, "contact:phone": null, "contact:website": null, "check_date": null, "email": null, "operator:type": null, "ownership": null, "description": null, "addr:housenumber": null, "source": null, "fixme": null, "addr:full": null, "beds": null, "wikidata": "Q59881745", "wikipedia": null, "short_name": null, "level": null, "dispensing": null, "electricity": null, "health_amenity:type": null, "insurance:health": null, "operational_status": null, "water_source": null, "wheelchair": null, "website": null, "branch": null, "internet_access": null, "payment:cash": null, "payment:cards": null, "payment:credit_cards": null, "payment:debit_cards": null, "addr:postcode": null, "addr:region": null, "contact:facebook": null, "operator:wikidata": null, "mobile": null, "name:ar": null, "alt_name": null, "building": null, "name:de": null, "internet_access:fee": null, "old_name": null, "name:en": null, "official_name": null, "building:levels": null, "denomination": null, "name:fr": null, "layer": null, "barrier": null, "brand": null, "contact:email": null, "landuse": null, "name:it": null, "toilets:wheelchair": null, "addr:ghanapostgps": null, "alt_name:en": null, "addr:community": null, "building:material": null, "roof:material": null, "addr:country": null, "addr:place": null, "fax": null, "note": null, "opening_hours:visitors": null }, "geometry": { "type": "Polygon", "coordinates": [ [ [ -0.1199093, 5.6041006 ], [ -0.1206907, 5.6035758 ], [ -0.1204685, 5.6031912 ], [ -0.1208257, 5.6030064 ], [ -0.1204332, 5.6021408 ], [ -0.1192, 5.6028472 ], [ -0.1199093, 5.6041006 ] ] ] } },
{ "type": "Feature", "properties": { "element": "way", "id": 785918690, "amenity": "hospital", "name": "Lister Hospital", "opening_hours": null, "healthcare": "hospital", "addr:city": null, "addr:street": null, "healthcare:speciality": null, "disabled": null, "emergency": null, "operator": null, "addr:suburb": null, "phone": null, "type": null, "contact:phone": null, "contact:website": null, "check_date": null, "email": null, "operator:type": null, "ownership": null, "description": null, "addr:housenumber": null, "source": null, "fixme": null, "addr:full": null, "beds": null, "wikidata": null, "wikipedia": null, "short_name": null, "level": null, "dispensing": null, "electricity": null, "health_amenity:type": null, "insurance:health": null, "operational_status": null, "water_source": null, "wheelchair": null, "website": null, "branch": null, "internet_access": null, "payment:cash": null, "payment:cards": null, "payment:credit_cards": null, "payment:debit_cards": null, "addr:postcode": null, "addr:region": null, "contact:facebook": null, "operator:wikidata": null, "mobile": null, "name:ar": null, "alt_name": null, "building": null, "name:de": null, "internet_access:fee": null, "old_name": null, "name:en": null, "official_name": null, "building:levels": null, "denomination": null, "name:fr": null, "layer": null, "barrier": null, "brand": null, "contact:email": null, "landuse": null, "name:it": null, "toilets:wheelchair": null, "addr:ghanapostgps": null, "alt_name:en": null, "addr:community": null, "building:material": null, "roof:material": null, "addr:country": null, "addr:place": null, "fax": null, "note": null, "opening_hours:visitors": null }, "geometry": { "type": "Polygon", "coordinates": [ [ [ -0.1478994, 5.6196196 ], [ -0.1478923, 5.6193289 ], [ -0.1472968, 5.6193154 ], [ -0.1471435, 5.6192929 ], [ -0.1468006, 5.6192121 ], [ -0.1464578, 5.6190954 ], [ -0.1461781, 5.6189832 ], [ -0.1459661, 5.6190371 ], [ -0.1457361, 5.619257 ], [ -0.1456052, 5.6193558 ], [ -0.1451316, 5.6193199 ], [ -0.1450414, 5.6196341 ], [ -0.1478994, 5.6196196 ] ] ] } },
{ "type": "Feature", "properties": { "element": "way", "id": 785921045, "amenity": "hospital", "name": "Kabsad Scientific Hospital", "opening_hours": null, "healthcare": "hospital", "addr:city": null, "addr:street": null, "healthcare:speciality": null, "disabled": null, "emergency": "yes", "operator": null, "addr:suburb": null, "phone": null, "type": null, "contact:phone": null, "contact:website": null, "check_date": null, "email": null, "operator:type": null, "ownership": null, "description": null, "addr:housenumber": null, "source": null, "fixme": null, "addr:full": null, "beds": null, "wikidata": null, "wikipedia": null, "short_name": null, "level": null, "dispensing": null, "electricity": null, "health_amenity:type": null, "insurance:health": null, "operational_status": null, "water_source": null, "wheelchair": null, "website": null, "branch": null, "internet_access": null, "payment:cash": null, "payment:cards": null, "payment:credit_cards": null, "payment:debit_cards": null, "addr:postcode": null, "addr:region": null, "contact:facebook": null, "operator:wikidata": null, "mobile": null, "name:ar": null, "alt_name": null, "building": null, "name:de": null, "internet_access:fee": null, "old_name": null, "name:en": null, "official_name": null, "building:levels": null, "denomination": null, "name:fr": null, "layer": null, "barrier": null, "brand": null, "contact:email": null, "landuse": null, "name:it": null, "toilets:wheelchair": null, "addr:ghanapostgps": null, "alt_name:en": null, "addr:community": null, "building:material": null, "roof:material": null, "addr:country": null, "addr:place": null, "fax": null, "note": null, "opening_hours:visitors": null }, "geometry": { "type": "Polygon", "coordinates": [ [ [ -0.8277377, 9.3989406 ], [ -0.8274078, 9.3991655 ], [ -0.8270939, 9.3987924 ], [ -0.8272978, 9.3986363 ], [ -0.8273595, 9.3986151 ], [ -0.8274399, 9.398623 ], [ -0.8277377, 9.3989406 ] ] ] } },
{ "type": "Feature", "properties": { "element": "way", "id": 785924698, "amenity": "hospital", "name": "New Life Laboratory & Clinic", "opening_hours": null, "healthcare": "hospital", "addr:city": null, "addr:street": null, "healthcare:speciality": null, "disabled": null, "emergency": null, "operator": null, "addr:suburb": null, "phone": null, "type": null, "contact:phone": null, "contact:website": null, "check_date": null, "email": null, "operator:type": null, "ownership": null, "description": null, "addr:housenumber": null, "source": null, "fixme": null, "addr:full": null, "beds": null, "wikidata": null, "wikipedia": null, "short_name": null, "level": null, "dispensing": null, "electricity": null, "health_amenity:type": null, "insurance:health": null, "operational_status": null, "water_source": null, "wheelchair": null, "website": null, "branch": null, "internet_access": null, "payment:cash": null, "payment:cards": null, "payment:credit_cards": null, "payment:debit_cards": null, "addr:postcode": null, "addr:region": null, "contact:facebook": null, "operator:wikidata": null, "mobile": null, "name:ar": null, "alt_name": null, "building": null, "name:de": null, "internet_access:fee": null, "old_name": null, "name:en": null, "official_name": null, "building:levels": null, "denomination": null, "name:fr": null, "layer": null, "barrier": null, "brand": null, "contact:email": null, "landuse": null, "name:it": null, "toilets:wheelchair": null, "addr:ghanapostgps": null, "alt_name:en": null, "addr:community": null, "building:material": null, "roof:material": null, "addr:country": null, "addr:place": null, "fax": null, "note": null, "opening_hours:visitors": null }, "geometry": { "type": "Polygon", "coordinates": [ [ [ -0.8210665, 9.3940384 ], [ -0.8213217, 9.3936293 ], [ -0.820923, 9.3934122 ], [ -0.8206885, 9.3938433 ], [ -0.8210665, 9.3940384 ] ] ] } },
{ "type": "Feature", "properties": { "element": "way", "id": 785927801, "amenity": "hospital", "name": "VRA Hospital & Pharmacy", "opening_hours": null, "healthcare": "hospital;pharmacy", "addr:city": "Osu", "addr:street": "Lokko Road", "healthcare:speciality": null, "disabled": null, "emergency": null, "operator": null, "addr:suburb": null, "phone": null, "type": null, "contact:phone": "0302776427", "contact:website": null, "check_date": null, "email": null, "operator:type": null, "ownership": null, "description": null, "addr:housenumber": null, "source": null, "fixme": null, "addr:full": null, "beds": null, "wikidata": null, "wikipedia": null, "short_name": null, "level": null, "dispensing": null, "electricity": null, "health_amenity:type": null, "insurance:health": null, "operational_status": null, "water_source": null, "wheelchair": null, "website": null, "branch": null, "internet_access": null, "payment:cash": null, "payment:cards": null, "payment:credit_cards": null, "payment:debit_cards": null, "addr:postcode": null, "addr:region": null, "contact:facebook": null, "operator:wikidata": null, "mobile": null, "name:ar": null, "alt_name": null, "building": null, "name:de": null, "internet_access:fee": null, "old_name": null, "name:en": null, "official_name": null, "building:levels": null, "denomination": null, "name:fr": null, "layer": null, "barrier": null, "brand": null, "contact:email": null, "landuse": null, "name:it": null, "toilets:wheelchair": null, "addr:ghanapostgps": null, "alt_name:en": null, "addr:community": null, "building:material": null, "roof:material": null, "addr:country": null, "addr:place": null, "fax": null, "note": null, "opening_hours:visitors": null }, "geometry": { "type": "Polygon", "coordinates": [ [ [ -0.180861, 5.5537428 ], [ -0.1809938, 5.5540644 ], [ -0.1806169, 5.5542233 ], [ -0.1805016, 5.5538989 ], [ -0.180861, 5.5537428 ] ] ] } },
{ "type": "Feature", "properties": { "element": "way", "id": 785937438, "amenity": "hospital", "name": "Tizaa Specialist Hospital", "opening_hours": null, "healthcare": "hospital", "addr:city": null, "addr:street": null, "healthcare:speciality": null, "disabled": null, "emergency": null, "operator": null, "addr:suburb": null, "phone": null, "type": null, "contact:phone": null, "contact:website": null, "check_date": null, "email": null, "operator:type": null, "ownership": null, "description": null, "addr:housenumber": null, "source": null, "fixme": null, "addr:full": null, "beds": null, "wikidata": null, "wikipedia": null, "short_name": null, "level": null, "dispensing": null, "electricity": null, "health_amenity:type": null, "insurance:health": null, "operational_status": null, "water_source": null, "wheelchair": null, "website": null, "branch": null, "internet_access": null, "payment:cash": null, "payment:cards": null, "payment:credit_cards": null, "payment:debit_cards": null, "addr:postcode": null, "addr:region": null, "contact:facebook": null, "operator:wikidata": null, "mobile": null, "name:ar": null, "alt_name": null, "building": null, "name:de": null, "internet_access:fee": null, "old_name": null, "name:en": null, "official_name": null, "building:levels": null, "denomination": null, "name:fr": null, "layer": null, "barrier": null, "brand": null, "contact:email": null, "landuse": null, "name:it": null, "toilets:wheelchair": null, "addr:ghanapostgps": null, "alt_name:en": null, "addr:community": null, "building:material": null, "roof:material": null, "addr:country": null, "addr:place": null, "fax": null, "note": null, "opening_hours:visitors": null }, "geometry": { "type": "Polygon", "coordinates": [ [ [ -0.8650465, 9.4489531 ], [ -0.8649037, 9.4489765 ], [ -0.8647766, 9.4489974 ], [ -0.8647219, 9.4486731 ], [ -0.8649919, 9.4486289 ], [ -0.8650465, 9.4489531 ] ] ] } },
{ "type": "Feature", "properties": { "element": "way", "id": 785946802, "amenity": "hospital", "name": "Kamina Medical Center", "opening_hours": null, "healthcare": "hospital", "addr:city": null, "addr:street": null, "healthcare:speciality": null, "disabled": null, "emergency": null, "operator": null, "addr:suburb": null, "phone": null, "type": null, "contact:phone": null, "contact:website": null, "check_date": null, "email": null, "operator:type": null, "ownership": null, "description": null, "addr:housenumber": null, "source": null, "fixme": null, "addr:full": null, "beds": null, "wikidata": null, "wikipedia": null, "short_name": null, "level": null, "dispensing": null, "electricity": null, "health_amenity:type": null, "insurance:health": null, "operational_status": null, "water_source": null, "wheelchair": null, "website": null, "branch": null, "internet_access": null, "payment:cash": null, "payment:cards": null, "payment:credit_cards": null, "payment:debit_cards": null, "addr:postcode": null, "addr:region": null, "contact:facebook": null, "operator:wikidata": null, "mobile": null, "name:ar": null, "alt_name": null, "building": null, "name:de": null, "internet_access:fee": null, "old_name": null, "name:en": null, "official_name": null, "building:levels": null, "denomination": null, "name:fr": null, "layer": null, "barrier": null, "brand": null, "contact:email": null, "landuse": null, "name:it": null, "toilets:wheelchair": null, "addr:ghanapostgps": null, "alt_name:en": null, "addr:community": null, "building:material": null, "roof:material": null, "addr:country": null, "addr:place": null, "fax": null, "note": null, "opening_hours:visitors": null }, "geometry": { "type": "Polygon", "coordinates": [ [ [ -0.8494491, 9.4625408 ], [ -0.8494673, 9.4622205 ], [ -0.8495485, 9.4619846 ], [ -0.8496117, 9.4619223 ], [ -0.8496252, 9.4617088 ], [ -0.8495891, 9.4612327 ], [ -0.8486599, 9.4611081 ], [ -0.8485516, 9.4612549 ], [ -0.8485291, 9.4614551 ], [ -0.8485742, 9.4614996 ], [ -0.8484839, 9.4616598 ], [ -0.8484343, 9.4618022 ], [ -0.8484794, 9.4619891 ], [ -0.8494491, 9.4625408 ] ] ] } },
{ "type": "Feature", "properties": { "element": "way", "id": 786143438, "amenity": "hospital", "name": "37 Military Hospital", "opening_hours": null, "healthcare": "hospital", "addr:city": null, "addr:street": null, "healthcare:speciality": null, "disabled": null, "emergency": null, "operator": null, "addr:suburb": null, "phone": null, "type": null, "contact:phone": null, "contact:website": null, "check_date": null, "email": null, "operator:type": null, "ownership": null, "description": null, "addr:housenumber": null, "source": null, "fixme": null, "addr:full": null, "beds": null, "wikidata": "Q16733301", "wikipedia": null, "short_name": null, "level": null, "dispensing": null, "electricity": null, "health_amenity:type": null, "insurance:health": null, "operational_status": null, "water_source": null, "wheelchair": null, "website": null, "branch": null, "internet_access": null, "payment:cash": null, "payment:cards": null, "payment:credit_cards": null, "payment:debit_cards": null, "addr:postcode": null, "addr:region": null, "contact:facebook": null, "operator:wikidata": null, "mobile": null, "name:ar": null, "alt_name": null, "building": null, "name:de": null, "internet_access:fee": null, "old_name": null, "name:en": null, "official_name": null, "building:levels": null, "denomination": null, "name:fr": null, "layer": null, "barrier": null, "brand": null, "contact:email": null, "landuse": null, "name:it": null, "toilets:wheelchair": null, "addr:ghanapostgps": null, "alt_name:en": null, "addr:community": null, "building:material": null, "roof:material": null, "addr:country": null, "addr:place": null, "fax": null, "note": null, "opening_hours:visitors": null }, "geometry": { "type": "Polygon", "coordinates": [ [ [ -0.1832797, 5.5907716 ], [ -0.1830643, 5.5903271 ], [ -0.1829954, 5.5903073 ], [ -0.1823445, 5.5890084 ], [ -0.1828608, 5.588214 ], [ -0.183606, 5.5871412 ], [ -0.183964, 5.5866431 ], [ -0.1842705, 5.5859503 ], [ -0.1848502, 5.5841343 ], [ -0.1853126, 5.5830529 ], [ -0.1861759, 5.5833997 ], [ -0.1863279, 5.5835117 ], [ -0.1864536, 5.5838331 ], [ -0.1858701, 5.5845263 ], [ -0.1861412, 5.5847501 ], [ -0.1863502, 5.5858549 ], [ -0.1864087, 5.5861978 ], [ -0.1861965, 5.587689 ], [ -0.1867967, 5.5877749 ], [ -0.1867762, 5.5880567 ], [ -0.1869924, 5.5880949 ], [ -0.1870244, 5.5881734 ], [ -0.1870811, 5.5884043 ], [ -0.1862867, 5.5886143 ], [ -0.1848755, 5.5894356 ], [ -0.1832797, 5.5907716 ] ] ] } },
{ "type": "Feature", "properties": { "element": "way", "id": 786143439, "amenity": "hospital", "name": "Kintampo District Hospital", "opening_hours": null, "healthcare": "hospital", "addr:city": null, "addr:street": null, "healthcare:speciality": null, "disabled": null, "emergency": null, "operator": null, "addr:suburb": null, "phone": null, "type": null, "contact:phone": null, "contact:website": null, "check_date": null, "email": null, "operator:type": null, "ownership": null, "description": null, "addr:housenumber": null, "source": null, "fixme": null, "addr:full": null, "beds": null, "wikidata": null, "wikipedia": null, "short_name": null, "level": null, "dispensing": null, "electricity": null, "health_amenity:type": null, "insurance:health": null, "operational_status": null, "water_source": null, "wheelchair": null, "website": null, "branch": null, "internet_access": null, "payment:cash": null, "payment:cards": null, "payment:credit_cards": null, "payment:debit_cards": null, "addr:postcode": null, "addr:region": null, "contact:facebook": null, "operator:wikidata": null, "mobile": null, "name:ar": null, "alt_name": null, "building": null, "name:de": null, "internet_access:fee": null, "old_name": null, "name:en": null, "official_name": null, "building:levels": null, "denomination": null, "name:fr": null, "layer": null, "barrier": null, "brand": null, "contact:email": null, "landuse": null, "name:it": null, "toilets:wheelchair": null, "addr:ghanapostgps": null, "alt_name:en": null, "addr:community": null, "building:material": null, "roof:material": null, "addr:country": null, "addr:place": null, "fax": null, "note": null, "opening_hours:visitors": null }, "geometry": { "type": "Polygon", "coordinates": [ [ [ -1.731429, 8.0524655 ], [ -1.7307302, 8.052079 ], [ -1.7308751, 8.0495986 ], [ -1.7312358, 8.0496025 ], [ -1.7316677, 8.0500022 ], [ -1.7320861, 8.0501098 ], [ -1.7316382, 8.0508136 ], [ -1.7316838, 8.050957 ], [ -1.7319024, 8.0509278 ], [ -1.7321169, 8.0510499 ], [ -1.7326185, 8.0521348 ], [ -1.7324321, 8.0532794 ], [ -1.731429, 8.0524655 ] ] ] } },
{ "type": "Feature", "properties": { "element": "way", "id": 786159141, "amenity": "hospital", "name": "Cape Coast District Hospital", "opening_hours": null, "healthcare": "hospital", "addr:city": null, "addr:street": "Bonn Street", "healthcare:speciality": null, "disabled": null, "emergency": null, "operator": null, "addr:suburb": null, "phone": null, "type": null, "contact:phone": null, "contact:website": null, "check_date": null, "email": null, "operator:type": null, "ownership": null, "description": null, "addr:housenumber": null, "source": null, "fixme": null, "addr:full": null, "beds": null, "wikidata": null, "wikipedia": null, "short_name": null, "level": null, "dispensing": null, "electricity": "grid", "health_amenity:type": null, "insurance:health": null, "operational_status": null, "water_source": null, "wheelchair": null, "website": null, "branch": null, "internet_access": null, "payment:cash": null, "payment:cards": null, "payment:credit_cards": null, "payment:debit_cards": null, "addr:postcode": null, "addr:region": null, "contact:facebook": null, "operator:wikidata": null, "mobile": null, "name:ar": null, "alt_name": "District hospital", "building": null, "name:de": null, "internet_access:fee": null, "old_name": null, "name:en": null, "official_name": null, "building:levels": null, "denomination": null, "name:fr": null, "layer": null, "barrier": null, "brand": null, "contact:email": null, "landuse": null, "name:it": null, "toilets:wheelchair": null, "addr:ghanapostgps": null, "alt_name:en": null, "addr:community": null, "building:material": null, "roof:material": null, "addr:country": null, "addr:place": null, "fax": null, "note": null, "opening_hours:visitors": null }, "geometry": { "type": "Polygon", "coordinates": [ [ [ -1.2597156, 5.1019372 ], [ -1.2597826, 5.103081 ], [ -1.2597762, 5.1031795 ], [ -1.2581431, 5.1032811 ], [ -1.2580665, 5.102112 ], [ -1.2597156, 5.1019372 ] ] ] } },
{ "type": "Feature", "properties": { "element": "way", "id": 786181414, "amenity": "hospital", "name": "Adisadel Health Centre", "opening_hours": null, "healthcare": "hospital", "addr:city": null, "addr:street": null, "healthcare:speciality": null, "disabled": "no", "emergency": null, "operator": null, "addr:suburb": null, "phone": null, "type": null, "contact:phone": null, "contact:website": null, "check_date": null, "email": null, "operator:type": null, "ownership": null, "description": null, "addr:housenumber": null, "source": null, "fixme": null, "addr:full": null, "beds": null, "wikidata": null, "wikipedia": null, "short_name": null, "level": null, "dispensing": null, "electricity": "grid", "health_amenity:type": null, "insurance:health": null, "operational_status": null, "water_source": null, "wheelchair": null, "website": null, "branch": null, "internet_access": null, "payment:cash": null, "payment:cards": null, "payment:credit_cards": null, "payment:debit_cards": null, "addr:postcode": null, "addr:region": null, "contact:facebook": null, "operator:wikidata": null, "mobile": null, "name:ar": null, "alt_name": null, "building": null, "name:de": null, "internet_access:fee": null, "old_name": null, "name:en": null, "official_name": null, "building:levels": null, "denomination": null, "name:fr": null, "layer": null, "barrier": null, "brand": null, "contact:email": null, "landuse": null, "name:it": null, "toilets:wheelchair": null, "addr:ghanapostgps": null, "alt_name:en": null, "addr:community": null, "building:material": null, "roof:material": null, "addr:country": null, "addr:place": null, "fax": null, "note": null, "opening_hours:visitors": null }, "geometry": { "type": "Polygon", "coordinates": [ [ [ -1.2677059, 5.1197004 ], [ -1.2682833, 5.1193118 ], [ -1.2683239, 5.1189478 ], [ -1.2681309, 5.1187763 ], [ -1.2673911, 5.1192705 ], [ -1.2677059, 5.1197004 ] ] ] } },
{ "type": "Feature", "properties": { "element": "way", "id": 786182448, "amenity": "hospital", "name": "Cape Coast Teaching Hospital", "opening_hours": null, "healthcare": "hospital", "addr:city": null, "addr:street": null, "healthcare:speciality": null, "disabled": null, "emergency": null, "operator": null, "addr:suburb": null, "phone": null, "type": null, "contact:phone": null, "contact:website": null, "check_date": null, "email": null, "operator:type": null, "ownership": null, "description": null, "addr:housenumber": null, "source": null, "fixme": null, "addr:full": null, "beds": null, "wikidata": null, "wikipedia": null, "short_name": null, "level": null, "dispensing": null, "electricity": null, "health_amenity:type": null, "insurance:health": null, "operational_status": null, "water_source": null, "wheelchair": null, "website": "https://www.ccthghana.org/", "branch": null, "internet_access": null, "payment:cash": null, "payment:cards": null, "payment:credit_cards": null, "payment:debit_cards": null, "addr:postcode": null, "addr:region": null, "contact:facebook": null, "operator:wikidata": null, "mobile": null, "name:ar": null, "alt_name": "Central Regional Hospital", "building": null, "name:de": null, "internet_access:fee": null, "old_name": null, "name:en": null, "official_name": null, "building:levels": null, "denomination": null, "name:fr": null, "layer": null, "barrier": null, "brand": null, "contact:email": null, "landuse": null, "name:it": null, "toilets:wheelchair": null, "addr:ghanapostgps": null, "alt_name:en": null, "addr:community": null, "building:material": null, "roof:material": null, "addr:country": null, "addr:place": null, "fax": null, "note": null, "opening_hours:visitors": null }, "geometry": { "type": "Polygon", "coordinates": [ [ [ -1.2665252, 5.1326205 ], [ -1.2672269, 5.1351782 ], [ -1.2660321, 5.135522 ], [ -1.265539, 5.1336708 ], [ -1.2648069, 5.1332175 ], [ -1.2652317, 5.1329681 ], [ -1.2665252, 5.1326205 ] ] ] } },
{ "type": "Feature", "properties": { "element": "way", "id": 786198572, "amenity": "hospital", "name": "University Hospital", "opening_hours": null, "healthcare": "hospital", "addr:city": null, "addr:street": null, "healthcare:speciality": null, "disabled": null, "emergency": null, "operator": null, "addr:suburb": null, "phone": null, "type": null, "contact:phone": null, "contact:website": null, "check_date": null, "email": null, "operator:type": null, "ownership": null, "description": null, "addr:housenumber": null, "source": null, "fixme": null, "addr:full": null, "beds": null, "wikidata": null, "wikipedia": null, "short_name": null, "level": null, "dispensing": null, "electricity": null, "health_amenity:type": null, "insurance:health": null, "operational_status": null, "water_source": null, "wheelchair": null, "website": null, "branch": null, "internet_access": "yes", "payment:cash": null, "payment:cards": null, "payment:credit_cards": null, "payment:debit_cards": null, "addr:postcode": null, "addr:region": null, "contact:facebook": null, "operator:wikidata": null, "mobile": null, "name:ar": null, "alt_name": null, "building": null, "name:de": null, "internet_access:fee": null, "old_name": null, "name:en": null, "official_name": null, "building:levels": null, "denomination": null, "name:fr": null, "layer": null, "barrier": null, "brand": null, "contact:email": null, "landuse": null, "name:it": null, "toilets:wheelchair": null, "addr:ghanapostgps": null, "alt_name:en": null, "addr:community": null, "building:material": null, "roof:material": null, "addr:country": null, "addr:place": null, "fax": null, "note": null, "opening_hours:visitors": null }, "geometry": { "type": "Polygon", "coordinates": [ [ [ -1.2834222, 5.104971 ], [ -1.2835349, 5.1046206 ], [ -1.2831786, 5.1044858 ], [ -1.2830162, 5.1044633 ], [ -1.2828899, 5.1044768 ], [ -1.2824072, 5.1047891 ], [ -1.2823621, 5.1048205 ], [ -1.2825222, 5.1050609 ], [ -1.2822865, 5.1053232 ], [ -1.2821366, 5.10549 ], [ -1.2824354, 5.1058619 ], [ -1.2826555, 5.1058906 ], [ -1.2830424, 5.105679 ], [ -1.2830727, 5.1052558 ], [ -1.2834222, 5.104971 ] ] ] } },
{ "type": "Feature", "properties": { "element": "way", "id": 786200586, "amenity": "hospital", "name": null, "opening_hours": null, "healthcare": "hospital", "addr:city": null, "addr:street": null, "healthcare:speciality": null, "disabled": null, "emergency": null, "operator": null, "addr:suburb": null, "phone": null, "type": null, "contact:phone": null, "contact:website": null, "check_date": null, "email": null, "operator:type": null, "ownership": null, "description": null, "addr:housenumber": null, "source": null, "fixme": null, "addr:full": null, "beds": null, "wikidata": null, "wikipedia": null, "short_name": null, "level": null, "dispensing": null, "electricity": null, "health_amenity:type": null, "insurance:health": null, "operational_status": null, "water_source": null, "wheelchair": null, "website": null, "branch": null, "internet_access": null, "payment:cash": null, "payment:cards": null, "payment:credit_cards": null, "payment:debit_cards": null, "addr:postcode": null, "addr:region": null, "contact:facebook": null, "operator:wikidata": null, "mobile": null, "name:ar": null, "alt_name": null, "building": null, "name:de": null, "internet_access:fee": null, "old_name": null, "name:en": null, "official_name": null, "building:levels": null, "denomination": null, "name:fr": null, "layer": null, "barrier": null, "brand": null, "contact:email": null, "landuse": null, "name:it": null, "toilets:wheelchair": null, "addr:ghanapostgps": null, "alt_name:en": null, "addr:community": null, "building:material": null, "roof:material": null, "addr:country": null, "addr:place": null, "fax": null, "note": null, "opening_hours:visitors": null }, "geometry": { "type": "Polygon", "coordinates": [ [ [ -0.8639153, 10.8004752 ], [ -0.863521, 10.8003698 ], [ -0.8635425, 10.8001432 ], [ -0.8631858, 10.8000984 ], [ -0.8632126, 10.799827 ], [ -0.8636176, 10.799856 ], [ -0.8636471, 10.7995767 ], [ -0.8640065, 10.7996927 ], [ -0.8641299, 10.7998349 ], [ -0.8639153, 10.8004752 ] ] ] } },
{ "type": "Feature", "properties": { "element": "way", "id": 786202107, "amenity": "hospital", "name": "Effia Nkwanta Regional Hospital", "opening_hours": null, "healthcare": "hospital", "addr:city": null, "addr:street": null, "healthcare:speciality": null, "disabled": null, "emergency": null, "operator": null, "addr:suburb": null, "phone": null, "type": null, "contact:phone": null, "contact:website": null, "check_date": null, "email": null, "operator:type": null, "ownership": null, "description": null, "addr:housenumber": null, "source": null, "fixme": null, "addr:full": null, "beds": null, "wikidata": "Q5347421", "wikipedia": null, "short_name": null, "level": null, "dispensing": null, "electricity": null, "health_amenity:type": null, "insurance:health": null, "operational_status": null, "water_source": null, "wheelchair": null, "website": null, "branch": null, "internet_access": null, "payment:cash": null, "payment:cards": null, "payment:credit_cards": null, "payment:debit_cards": null, "addr:postcode": null, "addr:region": null, "contact:facebook": null, "operator:wikidata": null, "mobile": null, "name:ar": null, "alt_name": null, "building": null, "name:de": null, "internet_access:fee": null, "old_name": null, "name:en": null, "official_name": null, "building:levels": null, "denomination": null, "name:fr": null, "layer": null, "barrier": null, "brand": null, "contact:email": null, "landuse": null, "name:it": null, "toilets:wheelchair": null, "addr:ghanapostgps": null, "alt_name:en": null, "addr:community": null, "building:material": null, "roof:material": null, "addr:country": null, "addr:place": null, "fax": null, "note": null, "opening_hours:visitors": null }, "geometry": { "type": "Polygon", "coordinates": [ [ [ -1.745237, 4.9223393 ], [ -1.7459491, 4.9235638 ], [ -1.7462857, 4.9245553 ], [ -1.7463501, 4.9252113 ], [ -1.7462817, 4.9257284 ], [ -1.7461704, 4.926156 ], [ -1.7456004, 4.9271621 ], [ -1.7452155, 4.9270138 ], [ -1.7448722, 4.9268454 ], [ -1.744089, 4.9271421 ], [ -1.7423804, 4.9260625 ], [ -1.7409025, 4.9254959 ], [ -1.7399879, 4.9249989 ], [ -1.7394836, 4.9242667 ], [ -1.7387715, 4.9228263 ], [ -1.7405351, 4.9217687 ], [ -1.7406785, 4.9218582 ], [ -1.7407221, 4.9220179 ], [ -1.7408918, 4.9219985 ], [ -1.7410272, 4.9218643 ], [ -1.7418285, 4.9216064 ], [ -1.7423435, 4.9216618 ], [ -1.7438275, 4.9222123 ], [ -1.7442405, 4.922376 ], [ -1.7445309, 4.9224735 ], [ -1.7447636, 4.9225029 ], [ -1.745237, 4.9223393 ] ] ] } },
{ "type": "Feature", "properties": { "element": "way", "id": 786207366, "amenity": "hospital", "name": "St. Martin De Porres", "opening_hours": null, "healthcare": "hospital", "addr:city": null, "addr:street": null, "healthcare:speciality": null, "disabled": null, "emergency": null, "operator": null, "addr:suburb": null, "phone": null, "type": null, "contact:phone": null, "contact:website": null, "check_date": null, "email": null, "operator:type": null, "ownership": null, "description": null, "addr:housenumber": null, "source": null, "fixme": null, "addr:full": null, "beds": null, "wikidata": null, "wikipedia": null, "short_name": null, "level": null, "dispensing": null, "electricity": null, "health_amenity:type": null, "insurance:health": null, "operational_status": null, "water_source": null, "wheelchair": null, "website": null, "branch": null, "internet_access": null, "payment:cash": null, "payment:cards": null, "payment:credit_cards": null, "payment:debit_cards": null, "addr:postcode": null, "addr:region": null, "contact:facebook": null, "operator:wikidata": null, "mobile": null, "name:ar": null, "alt_name": null, "building": null, "name:de": null, "internet_access:fee": null, "old_name": null, "name:en": null, "official_name": null, "building:levels": null, "denomination": null, "name:fr": null, "layer": null, "barrier": null, "brand": null, "contact:email": null, "landuse": null, "name:it": null, "toilets:wheelchair": null, "addr:ghanapostgps": null, "alt_name:en": null, "addr:community": null, "building:material": null, "roof:material": null, "addr:country": null, "addr:place": null, "fax": null, "note": null, "opening_hours:visitors": null }, "geometry": { "type": "Polygon", "coordinates": [ [ [ -2.4705775, 4.9653877 ], [ -2.4704068, 4.9659054 ], [ -2.4699555, 4.9661473 ], [ -2.4687909, 4.9660075 ], [ -2.4683737, 4.9657958 ], [ -2.4683661, 4.9657203 ], [ -2.4683509, 4.9655974 ], [ -2.468753, 4.9647604 ], [ -2.4705775, 4.9653877 ] ] ] } },
{ "type": "Feature", "properties": { "element": "way", "id": 786211189, "amenity": "hospital", "name": "Adabraka Polyclinic", "opening_hours": null, "healthcare": "hospital", "addr:city": null, "addr:street": null, "healthcare:speciality": null, "disabled": null, "emergency": null, "operator": null, "addr:suburb": null, "phone": null, "type": null, "contact:phone": null, "contact:website": null, "check_date": null, "email": null, "operator:type": null, "ownership": null, "description": null, "addr:housenumber": null, "source": null, "fixme": null, "addr:full": null, "beds": null, "wikidata": null, "wikipedia": null, "short_name": null, "level": null, "dispensing": null, "electricity": null, "health_amenity:type": null, "insurance:health": null, "operational_status": null, "water_source": null, "wheelchair": null, "website": null, "branch": null, "internet_access": null, "payment:cash": null, "payment:cards": null, "payment:credit_cards": null, "payment:debit_cards": null, "addr:postcode": null, "addr:region": null, "contact:facebook": null, "operator:wikidata": null, "mobile": null, "name:ar": null, "alt_name": null, "building": null, "name:de": null, "internet_access:fee": null, "old_name": null, "name:en": null, "official_name": null, "building:levels": null, "denomination": null, "name:fr": null, "layer": null, "barrier": null, "brand": null, "contact:email": null, "landuse": null, "name:it": null, "toilets:wheelchair": null, "addr:ghanapostgps": null, "alt_name:en": null, "addr:community": null, "building:material": null, "roof:material": null, "addr:country": null, "addr:place": null, "fax": null, "note": null, "opening_hours:visitors": null }, "geometry": { "type": "Polygon", "coordinates": [ [ [ -0.2053328, 5.5622074 ], [ -0.2052561, 5.5616776 ], [ -0.2051654, 5.5613497 ], [ -0.2051298, 5.5611927 ], [ -0.2049043, 5.5610176 ], [ -0.2047103, 5.5609952 ], [ -0.2035826, 5.5619874 ], [ -0.2036638, 5.5620817 ], [ -0.2035285, 5.5625172 ], [ -0.2036006, 5.5626474 ], [ -0.2046562, 5.5623915 ], [ -0.2048366, 5.5623915 ], [ -0.2053328, 5.5622074 ] ] ] } },
{ "type": "Feature", "properties": { "element": "way", "id": 786212491, "amenity": "hospital", "name": "Greater Grace Hospital", "opening_hours": null, "healthcare": "hospital", "addr:city": null, "addr:street": null, "healthcare:speciality": null, "disabled": null, "emergency": null, "operator": null, "addr:suburb": null, "phone": null, "type": null, "contact:phone": null, "contact:website": null, "check_date": null, "email": null, "operator:type": null, "ownership": null, "description": null, "addr:housenumber": null, "source": null, "fixme": null, "addr:full": null, "beds": null, "wikidata": null, "wikipedia": null, "short_name": null, "level": null, "dispensing": null, "electricity": null, "health_amenity:type": null, "insurance:health": null, "operational_status": null, "water_source": null, "wheelchair": null, "website": null, "branch": null, "internet_access": null, "payment:cash": null, "payment:cards": null, "payment:credit_cards": null, "payment:debit_cards": null, "addr:postcode": null, "addr:region": null, "contact:facebook": null, "operator:wikidata": null, "mobile": null, "name:ar": null, "alt_name": null, "building": null, "name:de": null, "internet_access:fee": null, "old_name": null, "name:en": null, "official_name": null, "building:levels": null, "denomination": null, "name:fr": null, "layer": null, "barrier": null, "brand": null, "contact:email": null, "landuse": null, "name:it": null, "toilets:wheelchair": null, "addr:ghanapostgps": null, "alt_name:en": null, "addr:community": null, "building:material": null, "roof:material": null, "addr:country": null, "addr:place": null, "fax": null, "note": null, "opening_hours:visitors": null }, "geometry": { "type": "Polygon", "coordinates": [ [ [ -0.1741918, 5.7181927 ], [ -0.1743689, 5.7186864 ], [ -0.1739531, 5.7187798 ], [ -0.1738271, 5.7183128 ], [ -0.1741918, 5.7181927 ] ] ] } },
{ "type": "Feature", "properties": { "element": "way", "id": 786216093, "amenity": "hospital", "name": "Pantang Hospital", "opening_hours": null, "healthcare": "hospital", "addr:city": "Accra", "addr:street": null, "healthcare:speciality": null, "disabled": null, "emergency": null, "operator": "Mental Health Authority", "addr:suburb": "Pantang", "phone": null, "type": null, "contact:phone": null, "contact:website": null, "check_date": null, "email": null, "operator:type": "public", "ownership": null, "description": "Pantang Hospital is the third of the three psychiatric hospitals in Ghana. It is the largest and was commissioned in 1975 by General I. K. Acheampong. Pantang Hospital was built as a 500-bed facility with a Pan-African Mental Health Village in mind.", "addr:housenumber": null, "source": null, "fixme": null, "addr:full": null, "beds": null, "wikidata": null, "wikipedia": null, "short_name": null, "level": null, "dispensing": null, "electricity": null, "health_amenity:type": null, "insurance:health": null, "operational_status": null, "water_source": null, "wheelchair": null, "website": "https://mhaghana.com/pantang-hospital/", "branch": null, "internet_access": null, "payment:cash": null, "payment:cards": null, "payment:credit_cards": null, "payment:debit_cards": null, "addr:postcode": null, "addr:region": null, "contact:facebook": null, "operator:wikidata": null, "mobile": null, "name:ar": null, "alt_name": "Pantang Hospital Nursing Training Center", "building": null, "name:de": null, "internet_access:fee": null, "old_name": null, "name:en": null, "official_name": null, "building:levels": null, "denomination": null, "name:fr": null, "layer": null, "barrier": null, "brand": null, "contact:email": null, "landuse": null, "name:it": null, "toilets:wheelchair": null, "addr:ghanapostgps": null, "alt_name:en": null, "addr:community": null, "building:material": null, "roof:material": null, "addr:country": null, "addr:place": null, "fax": null, "note": null, "opening_hours:visitors": null }, "geometry": { "type": "Polygon", "coordinates": [ [ [ -0.1858865, 5.7242933 ], [ -0.1871766, 5.7237408 ], [ -0.187768, 5.7234673 ], [ -0.188228, 5.7232778 ], [ -0.1896268, 5.7228681 ], [ -0.1904449, 5.7225492 ], [ -0.1922071, 5.7218927 ], [ -0.1928884, 5.7216405 ], [ -0.1936233, 5.7213295 ], [ -0.1936267, 5.7213062 ], [ -0.1941825, 5.721098 ], [ -0.1941732, 5.721064 ], [ -0.1954606, 5.7205889 ], [ -0.1960386, 5.7204021 ], [ -0.1962747, 5.7202767 ], [ -0.1969104, 5.7200859 ], [ -0.197365, 5.7199171 ], [ -0.1973449, 5.7196215 ], [ -0.1973355, 5.7195361 ], [ -0.1972054, 5.7189583 ], [ -0.1970968, 5.7186046 ], [ -0.1970485, 5.7184085 ], [ -0.1970431, 5.7183191 ], [ -0.1970847, 5.717872 ], [ -0.197021, 5.717858 ], [ -0.196956, 5.7170901 ], [ -0.1970619, 5.7170767 ], [ -0.1968876, 5.7161973 ], [ -0.1967588, 5.7156822 ], [ -0.1966555, 5.7150377 ], [ -0.1965845, 5.7148042 ], [ -0.1965737, 5.7144132 ], [ -0.1964919, 5.7139568 ], [ -0.1962505, 5.7125436 ], [ -0.19593, 5.7108489 ], [ -0.1958925, 5.7105887 ], [ -0.1944695, 5.7108449 ], [ -0.1941812, 5.7107795 ], [ -0.1942939, 5.7111385 ], [ -0.1942965, 5.7112772 ], [ -0.1939572, 5.711424 ], [ -0.1934087, 5.7116122 ], [ -0.1929501, 5.711767 ], [ -0.1926604, 5.7118484 ], [ -0.191609, 5.7122207 ], [ -0.1913434, 5.7123942 ], [ -0.1900801, 5.7128746 ], [ -0.1889402, 5.7132589 ], [ -0.1860756, 5.7144012 ], [ -0.1848981, 5.7148442 ], [ -0.1844153, 5.7149963 ], [ -0.1845789, 5.7164455 ], [ -0.1843911, 5.7164776 ], [ -0.1844113, 5.7170594 ], [ -0.1842088, 5.7170634 ], [ -0.1843053, 5.7183484 ], [ -0.1843382, 5.7189362 ], [ -0.1844233, 5.7193132 ], [ -0.1846111, 5.7202113 ], [ -0.1845695, 5.7203487 ], [ -0.1844609, 5.7204381 ], [ -0.1844716, 5.7211481 ], [ -0.1842959, 5.7211587 ], [ -0.1842912, 5.721527 ], [ -0.1843348, 5.7216658 ], [ -0.184646, 5.7216658 ], [ -0.1847975, 5.7223971 ], [ -0.1850148, 5.7233659 ], [ -0.1857175, 5.7233352 ], [ -0.1858865, 5.7242933 ] ] ] } },
{ "type": "Feature", "properties": { "element": "way", "id": 786224221, "amenity": "hospital", "name": "Tetteh Quarshie Hospital", "opening_hours": null, "healthcare": "hospital", "addr:city": null, "addr:street": null, "healthcare:speciality": null, "disabled": null, "emergency": null, "operator": null, "addr:suburb": null, "phone": null, "type": null, "contact:phone": null, "contact:website": null, "check_date": null, "email": null, "operator:type": null, "ownership": null, "description": null, "addr:housenumber": null, "source": null, "fixme": null, "addr:full": null, "beds": null, "wikidata": null, "wikipedia": null, "short_name": null, "level": null, "dispensing": null, "electricity": null, "health_amenity:type": null, "insurance:health": null, "operational_status": null, "water_source": null, "wheelchair": null, "website": null, "branch": null, "internet_access": null, "payment:cash": null, "payment:cards": null, "payment:credit_cards": null, "payment:debit_cards": null, "addr:postcode": null, "addr:region": null, "contact:facebook": null, "operator:wikidata": null, "mobile": null, "name:ar": null, "alt_name": null, "building": null, "name:de": null, "internet_access:fee": null, "old_name": null, "name:en": null, "official_name": null, "building:levels": null, "denomination": null, "name:fr": null, "layer": null, "barrier": null, "brand": null, "contact:email": null, "landuse": null, "name:it": null, "toilets:wheelchair": null, "addr:ghanapostgps": null, "alt_name:en": null, "addr:community": null, "building:material": null, "roof:material": null, "addr:country": null, "addr:place": null, "fax": null, "note": null, "opening_hours:visitors": null }, "geometry": { "type": "Polygon", "coordinates": [ [ [ -0.1325713, 5.9228486 ], [ -0.131312, 5.9214752 ], [ -0.1318961, 5.9204263 ], [ -0.1334362, 5.9208715 ], [ -0.1331251, 5.9221241 ], [ -0.132943, 5.9225392 ], [ -0.1325713, 5.9228486 ] ] ] } },
{ "type": "Feature", "properties": { "element": "way", "id": 786224222, "amenity": "hospital", "name": "Kibi Government Hospital", "opening_hours": null, "healthcare": "hospital", "addr:city": null, "addr:street": null, "healthcare:speciality": null, "disabled": null, "emergency": null, "operator": null, "addr:suburb": null, "phone": null, "type": null, "contact:phone": null, "contact:website": null, "check_date": null, "email": null, "operator:type": null, "ownership": null, "description": null, "addr:housenumber": null, "source": null, "fixme": null, "addr:full": null, "beds": null, "wikidata": null, "wikipedia": null, "short_name": null, "level": null, "dispensing": null, "electricity": null, "health_amenity:type": null, "insurance:health": null, "operational_status": null, "water_source": null, "wheelchair": null, "website": null, "branch": null, "internet_access": null, "payment:cash": null, "payment:cards": null, "payment:credit_cards": null, "payment:debit_cards": null, "addr:postcode": null, "addr:region": null, "contact:facebook": null, "operator:wikidata": null, "mobile": null, "name:ar": null, "alt_name": null, "building": null, "name:de": null, "internet_access:fee": null, "old_name": null, "name:en": null, "official_name": null, "building:levels": null, "denomination": null, "name:fr": null, "layer": null, "barrier": null, "brand": null, "contact:email": null, "landuse": null, "name:it": null, "toilets:wheelchair": null, "addr:ghanapostgps": null, "alt_name:en": null, "addr:community": null, "building:material": null, "roof:material": null, "addr:country": null, "addr:place": null, "fax": null, "note": null, "opening_hours:visitors": null }, "geometry": { "type": "Polygon", "coordinates": [ [ [ -0.5547312, 6.1684103 ], [ -0.5552622, 6.1677916 ], [ -0.5559006, 6.1669436 ], [ -0.5563298, 6.1661382 ], [ -0.5559918, 6.1661276 ], [ -0.5558577, 6.1661542 ], [ -0.5555841, 6.1661809 ], [ -0.5552891, 6.1661596 ], [ -0.5547848, 6.1657596 ], [ -0.5547204, 6.1656902 ], [ -0.5541893, 6.1660956 ], [ -0.5543074, 6.1667569 ], [ -0.5544415, 6.1678769 ], [ -0.5544951, 6.1681223 ], [ -0.5547312, 6.1684103 ] ] ] } },
{ "type": "Feature", "properties": { "element": "way", "id": 786228938, "amenity": "hospital", "name": "Suhum Hospital", "opening_hours": "24/7", "healthcare": "hospital", "addr:city": null, "addr:street": "suhum hospital road", "healthcare:speciality": "general/clinic", "disabled": null, "emergency": null, "operator": "Government", "addr:suburb": null, "phone": "0342522310", "type": null, "contact:phone": null, "contact:website": null, "check_date": null, "email": "suhumgovernmenthospital@yahoo.com", "operator:type": null, "ownership": null, "description": null, "addr:housenumber": null, "source": null, "fixme": null, "addr:full": null, "beds": null, "wikidata": null, "wikipedia": null, "short_name": null, "level": null, "dispensing": null, "electricity": null, "health_amenity:type": null, "insurance:health": null, "operational_status": null, "water_source": null, "wheelchair": "yes", "website": "http://www.suhumgovernmenthospital.com", "branch": null, "internet_access": "wlan", "payment:cash": null, "payment:cards": null, "payment:credit_cards": null, "payment:debit_cards": null, "addr:postcode": "00233", "addr:region": null, "contact:facebook": null, "operator:wikidata": null, "mobile": null, "name:ar": null, "alt_name": null, "building": null, "name:de": null, "internet_access:fee": null, "old_name": null, "name:en": null, "official_name": null, "building:levels": null, "denomination": null, "name:fr": null, "layer": null, "barrier": null, "brand": null, "contact:email": null, "landuse": null, "name:it": null, "toilets:wheelchair": null, "addr:ghanapostgps": null, "alt_name:en": null, "addr:community": null, "building:material": null, "roof:material": null, "addr:country": null, "addr:place": null, "fax": null, "note": null, "opening_hours:visitors": null }, "geometry": { "type": "Polygon", "coordinates": [ [ [ -0.444699, 6.0388832 ], [ -0.444876, 6.0389366 ], [ -0.4451711, 6.0388832 ], [ -0.4453749, 6.0387392 ], [ -0.445906, 6.0378377 ], [ -0.4458953, 6.0376189 ], [ -0.4458684, 6.0373682 ], [ -0.4451711, 6.0370908 ], [ -0.4448599, 6.0374856 ], [ -0.4446078, 6.0374696 ], [ -0.4440231, 6.0374696 ], [ -0.4439319, 6.0374376 ], [ -0.4434276, 6.0381044 ], [ -0.444699, 6.0388832 ] ] ] } },
{ "type": "Feature", "properties": { "element": "way", "id": 786230085, "amenity": "hospital", "name": "Kumasi South Urban Health Centre", "opening_hours": null, "healthcare": "hospital", "addr:city": null, "addr:street": null, "healthcare:speciality": null, "disabled": null, "emergency": null, "operator": null, "addr:suburb": null, "phone": null, "type": null, "contact:phone": null, "contact:website": null, "check_date": null, "email": null, "operator:type": null, "ownership": null, "description": null, "addr:housenumber": null, "source": null, "fixme": null, "addr:full": null, "beds": null, "wikidata": null, "wikipedia": null, "short_name": null, "level": null, "dispensing": null, "electricity": null, "health_amenity:type": null, "insurance:health": null, "operational_status": null, "water_source": null, "wheelchair": null, "website": null, "branch": null, "internet_access": null, "payment:cash": null, "payment:cards": null, "payment:credit_cards": null, "payment:debit_cards": null, "addr:postcode": null, "addr:region": null, "contact:facebook": null, "operator:wikidata": null, "mobile": null, "name:ar": null, "alt_name": null, "building": null, "name:de": null, "internet_access:fee": null, "old_name": null, "name:en": null, "official_name": null, "building:levels": null, "denomination": null, "name:fr": null, "layer": null, "barrier": null, "brand": null, "contact:email": null, "landuse": null, "name:it": null, "toilets:wheelchair": null, "addr:ghanapostgps": null, "alt_name:en": null, "addr:community": null, "building:material": null, "roof:material": null, "addr:country": null, "addr:place": null, "fax": null, "note": null, "opening_hours:visitors": null }, "geometry": { "type": "Polygon", "coordinates": [ [ [ -1.5864618, 6.6525865 ], [ -1.5875719, 6.6511038 ], [ -1.585473, 6.649488 ], [ -1.5843247, 6.6505082 ], [ -1.5850711, 6.6514396 ], [ -1.5855496, 6.6519212 ], [ -1.5864618, 6.6525865 ] ] ] } },
{ "type": "Feature", "properties": { "element": "way", "id": 786233147, "amenity": "hospital", "name": "Holy Family Hospital", "opening_hours": null, "healthcare": "hospital", "addr:city": null, "addr:street": null, "healthcare:speciality": null, "disabled": null, "emergency": null, "operator": null, "addr:suburb": null, "phone": null, "type": null, "contact:phone": null, "contact:website": null, "check_date": null, "email": null, "operator:type": null, "ownership": null, "description": null, "addr:housenumber": null, "source": null, "fixme": null, "addr:full": null, "beds": null, "wikidata": null, "wikipedia": null, "short_name": null, "level": null, "dispensing": null, "electricity": null, "health_amenity:type": null, "insurance:health": null, "operational_status": null, "water_source": null, "wheelchair": null, "website": null, "branch": null, "internet_access": null, "payment:cash": null, "payment:cards": null, "payment:credit_cards": null, "payment:debit_cards": null, "addr:postcode": null, "addr:region": null, "contact:facebook": null, "operator:wikidata": null, "mobile": null, "name:ar": null, "alt_name": null, "building": null, "name:de": null, "internet_access:fee": null, "old_name": null, "name:en": null, "official_name": null, "building:levels": null, "denomination": null, "name:fr": null, "layer": null, "barrier": null, "brand": null, "contact:email": null, "landuse": null, "name:it": null, "toilets:wheelchair": null, "addr:ghanapostgps": null, "alt_name:en": null, "addr:community": null, "building:material": null, "roof:material": null, "addr:country": null, "addr:place": null, "fax": null, "note": null, "opening_hours:visitors": null }, "geometry": { "type": "Polygon", "coordinates": [ [ [ -2.5862033, 7.4456819 ], [ -2.5870198, 7.4454985 ], [ -2.5874026, 7.4453087 ], [ -2.5877066, 7.445145 ], [ -2.5880929, 7.4451396 ], [ -2.5884201, 7.4451343 ], [ -2.5886508, 7.4450545 ], [ -2.5887527, 7.4449481 ], [ -2.5889136, 7.4449428 ], [ -2.589155, 7.4449269 ], [ -2.5891765, 7.4448843 ], [ -2.5892409, 7.4448843 ], [ -2.589257, 7.4448152 ], [ -2.5893321, 7.4448258 ], [ -2.5893428, 7.4447833 ], [ -2.5896539, 7.4444003 ], [ -2.5896432, 7.4441715 ], [ -2.5897237, 7.4436024 ], [ -2.5897344, 7.443512 ], [ -2.58967, 7.4435066 ], [ -2.58967, 7.4434694 ], [ -2.5895574, 7.4434641 ], [ -2.5891604, 7.4432566 ], [ -2.5880822, 7.4432832 ], [ -2.5874223, 7.4432513 ], [ -2.587299, 7.4433311 ], [ -2.5872131, 7.4435386 ], [ -2.5872131, 7.4439109 ], [ -2.5871863, 7.4441715 ], [ -2.5870093, 7.4443737 ], [ -2.5865005, 7.4446677 ], [ -2.5863921, 7.445199 ], [ -2.5862033, 7.4456819 ] ] ] } },
{ "type": "Feature", "properties": { "element": "way", "id": 786238578, "amenity": "hospital", "name": "St. John of God Hospital", "opening_hours": null, "healthcare": "hospital", "addr:city": null, "addr:street": null, "healthcare:speciality": null, "disabled": null, "emergency": null, "operator": null, "addr:suburb": null, "phone": null, "type": null, "contact:phone": null, "contact:website": null, "check_date": null, "email": null, "operator:type": null, "ownership": null, "description": null, "addr:housenumber": null, "source": null, "fixme": null, "addr:full": null, "beds": null, "wikidata": null, "wikipedia": null, "short_name": null, "level": null, "dispensing": null, "electricity": null, "health_amenity:type": null, "insurance:health": null, "operational_status": null, "water_source": null, "wheelchair": null, "website": null, "branch": null, "internet_access": null, "payment:cash": null, "payment:cards": null, "payment:credit_cards": null, "payment:debit_cards": null, "addr:postcode": null, "addr:region": null, "contact:facebook": null, "operator:wikidata": null, "mobile": null, "name:ar": null, "alt_name": null, "building": null, "name:de": null, "internet_access:fee": null, "old_name": null, "name:en": null, "official_name": null, "building:levels": null, "denomination": null, "name:fr": null, "layer": null, "barrier": null, "brand": null, "contact:email": null, "landuse": null, "name:it": null, "toilets:wheelchair": null, "addr:ghanapostgps": null, "alt_name:en": null, "addr:community": null, "building:material": null, "roof:material": null, "addr:country": null, "addr:place": null, "fax": null, "note": null, "opening_hours:visitors": null }, "geometry": { "type": "Polygon", "coordinates": [ [ [ -2.0982983, 7.1778808 ], [ -2.0993572, 7.1762035 ], [ -2.096465, 7.174669 ], [ -2.0962632, 7.1750073 ], [ -2.0970287, 7.1755642 ], [ -2.0959506, 7.1766719 ], [ -2.096142, 7.1768428 ], [ -2.0982983, 7.1778808 ] ] ] } },
{ "type": "Feature", "properties": { "element": "way", "id": 786241323, "amenity": "hospital", "name": "Tarkwa Mine Hospital", "opening_hours": null, "healthcare": "hospital", "addr:city": null, "addr:street": null, "healthcare:speciality": null, "disabled": null, "emergency": null, "operator": null, "addr:suburb": null, "phone": null, "type": null, "contact:phone": null, "contact:website": null, "check_date": null, "email": null, "operator:type": null, "ownership": null, "description": null, "addr:housenumber": null, "source": null, "fixme": null, "addr:full": null, "beds": null, "wikidata": null, "wikipedia": null, "short_name": null, "level": null, "dispensing": null, "electricity": null, "health_amenity:type": null, "insurance:health": null, "operational_status": null, "water_source": null, "wheelchair": null, "website": null, "branch": null, "internet_access": null, "payment:cash": null, "payment:cards": null, "payment:credit_cards": null, "payment:debit_cards": null, "addr:postcode": null, "addr:region": null, "contact:facebook": null, "operator:wikidata": null, "mobile": null, "name:ar": null, "alt_name": "Gold Fields Ghana Hospital", "building": null, "name:de": null, "internet_access:fee": null, "old_name": "ABA Hospital", "name:en": null, "official_name": null, "building:levels": null, "denomination": null, "name:fr": null, "layer": null, "barrier": null, "brand": null, "contact:email": null, "landuse": null, "name:it": null, "toilets:wheelchair": null, "addr:ghanapostgps": null, "alt_name:en": null, "addr:community": null, "building:material": null, "roof:material": null, "addr:country": null, "addr:place": null, "fax": null, "note": null, "opening_hours:visitors": null }, "geometry": { "type": "Polygon", "coordinates": [ [ [ -1.9913991, 5.3220457 ], [ -1.9916888, 5.3206463 ], [ -1.9910933, 5.3205555 ], [ -1.9904442, 5.3207371 ], [ -1.9902994, 5.3207692 ], [ -1.9901223, 5.3210843 ], [ -1.9900794, 5.3212445 ], [ -1.9899561, 5.3213353 ], [ -1.9896875, 5.3214583 ], [ -1.9896181, 5.3217733 ], [ -1.990412, 5.3221098 ], [ -1.9909056, 5.3221419 ], [ -1.9913991, 5.3220457 ] ] ] } },
{ "type": "Feature", "properties": { "element": "way", "id": 786243485, "amenity": "hospital", "name": "Holy Family Hospital - Techiman", "opening_hours": "24/7", "healthcare": "hospital", "addr:city": null, "addr:street": null, "healthcare:speciality": null, "disabled": null, "emergency": "yes", "operator": null, "addr:suburb": null, "phone": null, "type": null, "contact:phone": null, "contact:website": null, "check_date": null, "email": null, "operator:type": null, "ownership": null, "description": null, "addr:housenumber": null, "source": null, "fixme": null, "addr:full": null, "beds": null, "wikidata": null, "wikipedia": null, "short_name": null, "level": null, "dispensing": null, "electricity": null, "health_amenity:type": "emergency_department;laboratory;x_ray", "insurance:health": "public", "operational_status": null, "water_source": null, "wheelchair": null, "website": null, "branch": null, "internet_access": null, "payment:cash": null, "payment:cards": null, "payment:credit_cards": null, "payment:debit_cards": null, "addr:postcode": null, "addr:region": null, "contact:facebook": null, "operator:wikidata": null, "mobile": null, "name:ar": null, "alt_name": null, "building": null, "name:de": null, "internet_access:fee": null, "old_name": null, "name:en": null, "official_name": null, "building:levels": null, "denomination": null, "name:fr": null, "layer": null, "barrier": null, "brand": null, "contact:email": null, "landuse": null, "name:it": null, "toilets:wheelchair": null, "addr:ghanapostgps": null, "alt_name:en": null, "addr:community": null, "building:material": null, "roof:material": null, "addr:country": null, "addr:place": null, "fax": null, "note": null, "opening_hours:visitors": null }, "geometry": { "type": "Polygon", "coordinates": [ [ [ -1.9408016, 7.5920046 ], [ -1.9414231, 7.5927201 ], [ -1.9407311, 7.5932918 ], [ -1.9395141, 7.5924326 ], [ -1.9394605, 7.5920684 ], [ -1.9382857, 7.5924725 ], [ -1.9378404, 7.5918131 ], [ -1.9392942, 7.5908135 ], [ -1.9394498, 7.5907762 ], [ -1.9395624, 7.5907497 ], [ -1.939659, 7.5907922 ], [ -1.9398682, 7.5909996 ], [ -1.9408016, 7.5920046 ] ] ] } },
{ "type": "Feature", "properties": { "element": "way", "id": 786245429, "amenity": "hospital", "name": "Presbyterian Primary Health Center", "opening_hours": null, "healthcare": "hospital", "addr:city": null, "addr:street": null, "healthcare:speciality": null, "disabled": null, "emergency": null, "operator": null, "addr:suburb": null, "phone": null, "type": null, "contact:phone": null, "contact:website": null, "check_date": null, "email": null, "operator:type": null, "ownership": null, "description": null, "addr:housenumber": null, "source": null, "fixme": null, "addr:full": null, "beds": null, "wikidata": null, "wikipedia": null, "short_name": null, "level": null, "dispensing": null, "electricity": null, "health_amenity:type": null, "insurance:health": null, "operational_status": null, "water_source": null, "wheelchair": null, "website": null, "branch": null, "internet_access": null, "payment:cash": null, "payment:cards": null, "payment:credit_cards": null, "payment:debit_cards": null, "addr:postcode": null, "addr:region": null, "contact:facebook": null, "operator:wikidata": null, "mobile": null, "name:ar": null, "alt_name": null, "building": null, "name:de": null, "internet_access:fee": null, "old_name": null, "name:en": null, "official_name": null, "building:levels": null, "denomination": null, "name:fr": null, "layer": null, "barrier": null, "brand": null, "contact:email": null, "landuse": null, "name:it": null, "toilets:wheelchair": null, "addr:ghanapostgps": null, "alt_name:en": null, "addr:community": null, "building:material": null, "roof:material": null, "addr:country": null, "addr:place": null, "fax": null, "note": null, "opening_hours:visitors": null }, "geometry": { "type": "Polygon", "coordinates": [ [ [ -0.5162943, 8.5343141 ], [ -0.5152165, 8.5345369 ], [ -0.5152739, 8.5348082 ], [ -0.5148696, 8.5348918 ], [ -0.514655, 8.5347963 ], [ -0.5144834, 8.5343613 ], [ -0.5144697, 8.5338691 ], [ -0.5148633, 8.5338584 ], [ -0.5148696, 8.5340854 ], [ -0.5152344, 8.5343931 ], [ -0.5162658, 8.5341796 ], [ -0.5162943, 8.5343141 ] ] ] } },
{ "type": "Feature", "properties": { "element": "way", "id": 786246312, "amenity": "hospital", "name": "Langbensi", "opening_hours": null, "healthcare": "hospital", "addr:city": null, "addr:street": null, "healthcare:speciality": null, "disabled": null, "emergency": null, "operator": null, "addr:suburb": null, "phone": null, "type": null, "contact:phone": null, "contact:website": null, "check_date": null, "email": null, "operator:type": null, "ownership": null, "description": null, "addr:housenumber": null, "source": null, "fixme": null, "addr:full": null, "beds": null, "wikidata": null, "wikipedia": null, "short_name": null, "level": null, "dispensing": null, "electricity": null, "health_amenity:type": null, "insurance:health": null, "operational_status": null, "water_source": null, "wheelchair": null, "website": null, "branch": null, "internet_access": null, "payment:cash": null, "payment:cards": null, "payment:credit_cards": null, "payment:debit_cards": null, "addr:postcode": null, "addr:region": null, "contact:facebook": null, "operator:wikidata": null, "mobile": null, "name:ar": null, "alt_name": null, "building": null, "name:de": null, "internet_access:fee": null, "old_name": null, "name:en": null, "official_name": null, "building:levels": null, "denomination": null, "name:fr": null, "layer": null, "barrier": null, "brand": null, "contact:email": null, "landuse": null, "name:it": null, "toilets:wheelchair": null, "addr:ghanapostgps": null, "alt_name:en": null, "addr:community": null, "building:material": null, "roof:material": null, "addr:country": null, "addr:place": null, "fax": null, "note": null, "opening_hours:visitors": null }, "geometry": { "type": "Polygon", "coordinates": [ [ [ -0.5610215, 10.4079994 ], [ -0.5609623, 10.4077282 ], [ -0.5606778, 10.4077883 ], [ -0.560737, 10.4080595 ], [ -0.5610215, 10.4079994 ] ] ] } },
{ "type": "Feature", "properties": { "element": "way", "id": 786246934, "amenity": "hospital", "name": "Baptist Medical Center Nalerigu", "opening_hours": null, "healthcare": "hospital", "addr:city": null, "addr:street": null, "healthcare:speciality": null, "disabled": null, "emergency": null, "operator": null, "addr:suburb": null, "phone": null, "type": null, "contact:phone": null, "contact:website": null, "check_date": null, "email": null, "operator:type": null, "ownership": null, "description": null, "addr:housenumber": null, "source": null, "fixme": null, "addr:full": null, "beds": null, "wikidata": null, "wikipedia": null, "short_name": null, "level": null, "dispensing": null, "electricity": null, "health_amenity:type": null, "insurance:health": null, "operational_status": null, "water_source": null, "wheelchair": null, "website": null, "branch": null, "internet_access": null, "payment:cash": null, "payment:cards": null, "payment:credit_cards": null, "payment:debit_cards": null, "addr:postcode": null, "addr:region": null, "contact:facebook": null, "operator:wikidata": null, "mobile": null, "name:ar": null, "alt_name": null, "building": null, "name:de": null, "internet_access:fee": null, "old_name": null, "name:en": null, "official_name": null, "building:levels": null, "denomination": null, "name:fr": null, "layer": null, "barrier": null, "brand": null, "contact:email": null, "landuse": null, "name:it": null, "toilets:wheelchair": null, "addr:ghanapostgps": null, "alt_name:en": null, "addr:community": null, "building:material": null, "roof:material": null, "addr:country": null, "addr:place": null, "fax": null, "note": null, "opening_hours:visitors": null }, "geometry": { "type": "Polygon", "coordinates": [ [ [ -0.3641815, 10.5155719 ], [ -0.3643123, 10.5160797 ], [ -0.3640867, 10.5161662 ], [ -0.3640371, 10.5160553 ], [ -0.3638364, 10.5157404 ], [ -0.3641815, 10.5155719 ] ] ] } },
{ "type": "Feature", "properties": { "element": "way", "id": 786249348, "amenity": "hospital", "name": "Nkwanta South Municipal Hospital", "opening_hours": null, "healthcare": "hospital", "addr:city": null, "addr:street": null, "healthcare:speciality": null, "disabled": null, "emergency": null, "operator": null, "addr:suburb": null, "phone": null, "type": null, "contact:phone": null, "contact:website": null, "check_date": null, "email": null, "operator:type": null, "ownership": null, "description": null, "addr:housenumber": null, "source": null, "fixme": null, "addr:full": null, "beds": null, "wikidata": null, "wikipedia": null, "short_name": null, "level": null, "dispensing": null, "electricity": null, "health_amenity:type": null, "insurance:health": null, "operational_status": null, "water_source": null, "wheelchair": null, "website": null, "branch": null, "internet_access": null, "payment:cash": null, "payment:cards": null, "payment:credit_cards": null, "payment:debit_cards": null, "addr:postcode": null, "addr:region": null, "contact:facebook": null, "operator:wikidata": null, "mobile": null, "name:ar": null, "alt_name": null, "building": null, "name:de": null, "internet_access:fee": null, "old_name": null, "name:en": null, "official_name": null, "building:levels": null, "denomination": null, "name:fr": null, "layer": null, "barrier": null, "brand": null, "contact:email": null, "landuse": null, "name:it": null, "toilets:wheelchair": null, "addr:ghanapostgps": null, "alt_name:en": null, "addr:community": null, "building:material": null, "roof:material": null, "addr:country": null, "addr:place": null, "fax": null, "note": null, "opening_hours:visitors": null }, "geometry": { "type": "Polygon", "coordinates": [ [ [ 0.5068587, 8.2563745 ], [ 0.5066332, 8.2579637 ], [ 0.507806, 8.2581244 ], [ 0.5077519, 8.2584905 ], [ 0.5079684, 8.2585351 ], [ 0.5079413, 8.2587405 ], [ 0.5081218, 8.2587762 ], [ 0.5081037, 8.2592405 ], [ 0.5085909, 8.2597226 ], [ 0.5091052, 8.2594994 ], [ 0.5094119, 8.2593565 ], [ 0.5112865, 8.2598704 ], [ 0.5122092, 8.2581079 ], [ 0.5116084, 8.2578318 ], [ 0.5104068, 8.2572797 ], [ 0.509012, 8.2568125 ], [ 0.5068587, 8.2563745 ] ] ] } },
{ "type": "Feature", "properties": { "element": "way", "id": 786268732, "amenity": "hospital", "name": "VRA Hospital", "opening_hours": null, "healthcare": "hospital", "addr:city": null, "addr:street": null, "healthcare:speciality": null, "disabled": null, "emergency": null, "operator": null, "addr:suburb": null, "phone": null, "type": null, "contact:phone": null, "contact:website": null, "check_date": null, "email": null, "operator:type": null, "ownership": null, "description": null, "addr:housenumber": null, "source": null, "fixme": null, "addr:full": null, "beds": null, "wikidata": null, "wikipedia": null, "short_name": null, "level": null, "dispensing": null, "electricity": null, "health_amenity:type": null, "insurance:health": null, "operational_status": null, "water_source": null, "wheelchair": null, "website": null, "branch": null, "internet_access": null, "payment:cash": null, "payment:cards": null, "payment:credit_cards": null, "payment:debit_cards": null, "addr:postcode": null, "addr:region": null, "contact:facebook": null, "operator:wikidata": null, "mobile": null, "name:ar": null, "alt_name": null, "building": null, "name:de": null, "internet_access:fee": null, "old_name": null, "name:en": null, "official_name": null, "building:levels": null, "denomination": null, "name:fr": null, "layer": null, "barrier": null, "brand": null, "contact:email": null, "landuse": null, "name:it": null, "toilets:wheelchair": null, "addr:ghanapostgps": null, "alt_name:en": null, "addr:community": null, "building:material": null, "roof:material": null, "addr:country": null, "addr:place": null, "fax": null, "note": null, "opening_hours:visitors": null }, "geometry": { "type": "Polygon", "coordinates": [ [ [ 0.058179, 6.2653287 ], [ 0.0582112, 6.2647528 ], [ 0.0581898, 6.2644542 ], [ 0.0571866, 6.2637983 ], [ 0.057133, 6.263537 ], [ 0.0572885, 6.2633078 ], [ 0.0573744, 6.2634037 ], [ 0.0576533, 6.2633984 ], [ 0.0583078, 6.2626679 ], [ 0.0586726, 6.2628598 ], [ 0.0588157, 6.263022 ], [ 0.0589476, 6.2631123 ], [ 0.0590241, 6.2632265 ], [ 0.0593429, 6.2635572 ], [ 0.0596378, 6.2638025 ], [ 0.0589679, 6.2642306 ], [ 0.0584332, 6.2647495 ], [ 0.058179, 6.2653287 ] ] ] } },
{ "type": "Feature", "properties": { "element": "way", "id": 786326334, "amenity": "hospital", "name": "New Jejeti Health Centre", "opening_hours": "24/7", "healthcare": "hospital", "addr:city": null, "addr:street": null, "healthcare:speciality": null, "disabled": null, "emergency": null, "operator": null, "addr:suburb": null, "phone": null, "type": null, "contact:phone": null, "contact:website": null, "check_date": null, "email": null, "operator:type": null, "ownership": null, "description": null, "addr:housenumber": null, "source": null, "fixme": null, "addr:full": null, "beds": null, "wikidata": null, "wikipedia": null, "short_name": null, "level": null, "dispensing": null, "electricity": null, "health_amenity:type": null, "insurance:health": null, "operational_status": null, "water_source": null, "wheelchair": null, "website": null, "branch": null, "internet_access": null, "payment:cash": null, "payment:cards": null, "payment:credit_cards": null, "payment:debit_cards": null, "addr:postcode": null, "addr:region": null, "contact:facebook": null, "operator:wikidata": null, "mobile": null, "name:ar": null, "alt_name": null, "building": null, "name:de": null, "internet_access:fee": null, "old_name": null, "name:en": null, "official_name": null, "building:levels": null, "denomination": null, "name:fr": null, "layer": null, "barrier": null, "brand": null, "contact:email": null, "landuse": null, "name:it": null, "toilets:wheelchair": null, "addr:ghanapostgps": null, "alt_name:en": null, "addr:community": null, "building:material": null, "roof:material": null, "addr:country": null, "addr:place": null, "fax": null, "note": null, "opening_hours:visitors": null }, "geometry": { "type": "Polygon", "coordinates": [ [ [ -0.6537019, 6.4755515 ], [ -0.6534723, 6.4760079 ], [ -0.65404, 6.4762868 ], [ -0.6540911, 6.4760586 ], [ -0.6541804, 6.4760206 ], [ -0.6542761, 6.4760333 ], [ -0.654359, 6.4759065 ], [ -0.6537019, 6.4755515 ] ] ] } },
{ "type": "Feature", "properties": { "element": "way", "id": 786327648, "amenity": "hospital", "name": "Effiduasi District Hospital", "opening_hours": null, "healthcare": "hospital", "addr:city": null, "addr:street": null, "healthcare:speciality": null, "disabled": null, "emergency": null, "operator": null, "addr:suburb": null, "phone": null, "type": null, "contact:phone": null, "contact:website": null, "check_date": null, "email": null, "operator:type": null, "ownership": null, "description": null, "addr:housenumber": null, "source": null, "fixme": null, "addr:full": null, "beds": null, "wikidata": null, "wikipedia": null, "short_name": null, "level": null, "dispensing": null, "electricity": null, "health_amenity:type": null, "insurance:health": null, "operational_status": null, "water_source": null, "wheelchair": null, "website": null, "branch": null, "internet_access": null, "payment:cash": null, "payment:cards": null, "payment:credit_cards": null, "payment:debit_cards": null, "addr:postcode": null, "addr:region": null, "contact:facebook": null, "operator:wikidata": null, "mobile": null, "name:ar": null, "alt_name": null, "building": null, "name:de": null, "internet_access:fee": null, "old_name": null, "name:en": null, "official_name": null, "building:levels": null, "denomination": null, "name:fr": null, "layer": null, "barrier": null, "brand": null, "contact:email": null, "landuse": null, "name:it": null, "toilets:wheelchair": null, "addr:ghanapostgps": null, "alt_name:en": null, "addr:community": null, "building:material": null, "roof:material": null, "addr:country": null, "addr:place": null, "fax": null, "note": null, "opening_hours:visitors": null }, "geometry": { "type": "Polygon", "coordinates": [ [ [ -1.3937431, 6.8481334 ], [ -1.3938288, 6.847914 ], [ -1.3939235, 6.8477483 ], [ -1.3945235, 6.8468973 ], [ -1.3942528, 6.846436 ], [ -1.3940273, 6.8465032 ], [ -1.3938017, 6.8465704 ], [ -1.3934183, 6.846745 ], [ -1.3932108, 6.8468391 ], [ -1.3931431, 6.8468884 ], [ -1.3930304, 6.8468794 ], [ -1.3929086, 6.8468884 ], [ -1.3926515, 6.8470093 ], [ -1.3925657, 6.8470809 ], [ -1.3934183, 6.847802 ], [ -1.3937431, 6.8481334 ] ] ] } },
{ "type": "Feature", "properties": { "element": "way", "id": 786328111, "amenity": "hospital", "name": "Obaatan Pa Womens Hospital", "opening_hours": null, "healthcare": "hospital", "addr:city": null, "addr:street": null, "healthcare:speciality": null, "disabled": null, "emergency": null, "operator": null, "addr:suburb": null, "phone": null, "type": null, "contact:phone": null, "contact:website": null, "check_date": null, "email": null, "operator:type": null, "ownership": null, "description": null, "addr:housenumber": null, "source": null, "fixme": null, "addr:full": null, "beds": null, "wikidata": null, "wikipedia": null, "short_name": null, "level": null, "dispensing": null, "electricity": null, "health_amenity:type": null, "insurance:health": null, "operational_status": null, "water_source": null, "wheelchair": null, "website": null, "branch": null, "internet_access": null, "payment:cash": null, "payment:cards": null, "payment:credit_cards": null, "payment:debit_cards": null, "addr:postcode": null, "addr:region": null, "contact:facebook": null, "operator:wikidata": null, "mobile": null, "name:ar": null, "alt_name": null, "building": null, "name:de": null, "internet_access:fee": null, "old_name": null, "name:en": null, "official_name": null, "building:levels": null, "denomination": null, "name:fr": null, "layer": null, "barrier": null, "brand": null, "contact:email": null, "landuse": null, "name:it": null, "toilets:wheelchair": null, "addr:ghanapostgps": null, "alt_name:en": null, "addr:community": null, "building:material": null, "roof:material": null, "addr:country": null, "addr:place": null, "fax": null, "note": null, "opening_hours:visitors": null }, "geometry": { "type": "Polygon", "coordinates": [ [ [ -0.1685357, 5.6307652 ], [ -0.1688613, 5.6307613 ], [ -0.1688676, 5.631284 ], [ -0.168542, 5.6312879 ], [ -0.1685357, 5.6307652 ] ] ] } },
{ "type": "Feature", "properties": { "element": "way", "id": 786331457, "amenity": "hospital", "name": "Cocoa Clinic", "opening_hours": null, "healthcare": "hospital", "addr:city": null, "addr:street": null, "healthcare:speciality": null, "disabled": null, "emergency": null, "operator": null, "addr:suburb": null, "phone": null, "type": null, "contact:phone": null, "contact:website": null, "check_date": "2026-03-04", "email": null, "operator:type": null, "ownership": null, "description": null, "addr:housenumber": null, "source": null, "fixme": null, "addr:full": null, "beds": null, "wikidata": null, "wikipedia": null, "short_name": null, "level": null, "dispensing": null, "electricity": null, "health_amenity:type": null, "insurance:health": null, "operational_status": null, "water_source": null, "wheelchair": null, "website": null, "branch": null, "internet_access": null, "payment:cash": null, "payment:cards": null, "payment:credit_cards": null, "payment:debit_cards": null, "addr:postcode": null, "addr:region": null, "contact:facebook": null, "operator:wikidata": null, "mobile": null, "name:ar": null, "alt_name": null, "building": null, "name:de": null, "internet_access:fee": null, "old_name": null, "name:en": null, "official_name": null, "building:levels": null, "denomination": null, "name:fr": null, "layer": null, "barrier": null, "brand": null, "contact:email": null, "landuse": null, "name:it": null, "toilets:wheelchair": null, "addr:ghanapostgps": null, "alt_name:en": null, "addr:community": null, "building:material": null, "roof:material": null, "addr:country": null, "addr:place": null, "fax": null, "note": null, "opening_hours:visitors": null }, "geometry": { "type": "Polygon", "coordinates": [ [ [ -0.2371918, 5.571805 ], [ -0.2356139, 5.5722504 ], [ -0.2354735, 5.5718238 ], [ -0.235519, 5.571771 ], [ -0.2357656, 5.5717068 ], [ -0.2370667, 5.5713444 ], [ -0.2371918, 5.571805 ] ] ] } },
{ "type": "Feature", "properties": { "element": "way", "id": 786337395, "amenity": "hospital", "name": "Tech Hospital", "opening_hours": null, "healthcare": "hospital", "addr:city": null, "addr:street": null, "healthcare:speciality": null, "disabled": null, "emergency": "yes", "operator": "Kwame Nkrumah University of Science and Technology", "addr:suburb": null, "phone": null, "type": null, "contact:phone": null, "contact:website": null, "check_date": "2023-08-22", "email": null, "operator:type": "public", "ownership": null, "description": null, "addr:housenumber": null, "source": "local knowledge", "fixme": null, "addr:full": null, "beds": null, "wikidata": null, "wikipedia": null, "short_name": null, "level": null, "dispensing": null, "electricity": null, "health_amenity:type": null, "insurance:health": null, "operational_status": null, "water_source": null, "wheelchair": "yes", "website": null, "branch": null, "internet_access": null, "payment:cash": "yes", "payment:cards": null, "payment:credit_cards": null, "payment:debit_cards": null, "addr:postcode": null, "addr:region": null, "contact:facebook": null, "operator:wikidata": null, "mobile": null, "name:ar": null, "alt_name": "KNUST Hospital", "building": null, "name:de": null, "internet_access:fee": null, "old_name": null, "name:en": "Tech Hospital", "official_name": "Kwame Nkrumah University of Science & Technology Hospital", "building:levels": null, "denomination": null, "name:fr": null, "layer": null, "barrier": null, "brand": null, "contact:email": null, "landuse": null, "name:it": null, "toilets:wheelchair": null, "addr:ghanapostgps": null, "alt_name:en": null, "addr:community": null, "building:material": null, "roof:material": null, "addr:country": null, "addr:place": null, "fax": null, "note": null, "opening_hours:visitors": null }, "geometry": { "type": "Polygon", "coordinates": [ [ [ -1.5746058, 6.6859916 ], [ -1.5739913, 6.6855734 ], [ -1.5734299, 6.6854754 ], [ -1.573062, 6.686082 ], [ -1.5728837, 6.6865077 ], [ -1.5735627, 6.6865266 ], [ -1.5739989, 6.6865981 ], [ -1.5742037, 6.6866471 ], [ -1.5746058, 6.6859916 ] ] ] } },
{ "type": "Feature", "properties": { "element": "way", "id": 786339065, "amenity": "hospital", "name": "Kenop Care Hospital", "opening_hours": null, "healthcare": "hospital", "addr:city": null, "addr:street": null, "healthcare:speciality": null, "disabled": null, "emergency": null, "operator": null, "addr:suburb": null, "phone": null, "type": null, "contact:phone": null, "contact:website": null, "check_date": null, "email": null, "operator:type": null, "ownership": null, "description": null, "addr:housenumber": null, "source": null, "fixme": null, "addr:full": null, "beds": null, "wikidata": null, "wikipedia": null, "short_name": null, "level": null, "dispensing": null, "electricity": null, "health_amenity:type": null, "insurance:health": null, "operational_status": null, "water_source": null, "wheelchair": null, "website": null, "branch": null, "internet_access": null, "payment:cash": null, "payment:cards": null, "payment:credit_cards": null, "payment:debit_cards": null, "addr:postcode": null, "addr:region": null, "contact:facebook": null, "operator:wikidata": null, "mobile": null, "name:ar": null, "alt_name": null, "building": null, "name:de": null, "internet_access:fee": null, "old_name": null, "name:en": null, "official_name": null, "building:levels": null, "denomination": null, "name:fr": null, "layer": null, "barrier": null, "brand": null, "contact:email": null, "landuse": null, "name:it": null, "toilets:wheelchair": null, "addr:ghanapostgps": null, "alt_name:en": null, "addr:community": null, "building:material": null, "roof:material": null, "addr:country": null, "addr:place": null, "fax": null, "note": null, "opening_hours:visitors": null }, "geometry": { "type": "Polygon", "coordinates": [ [ [ -0.7534968, 6.5350902 ], [ -0.7521954, 6.5356099 ], [ -0.7519402, 6.5351409 ], [ -0.7531906, 6.5343613 ], [ -0.7533819, 6.5347733 ], [ -0.7534968, 6.5350902 ] ] ] } },
{ "type": "Feature", "properties": { "element": "way", "id": 786339807, "amenity": "hospital", "name": "North Legon Hospital", "opening_hours": "24/7", "healthcare": "birthing_center;clinic;hospital", "addr:city": "Accra", "addr:street": "Avenue A West", "healthcare:speciality": null, "disabled": null, "emergency": null, "operator": null, "addr:suburb": null, "phone": null, "type": null, "contact:phone": "0302 250 6666", "contact:website": null, "check_date": null, "email": null, "operator:type": null, "ownership": null, "description": null, "addr:housenumber": null, "source": null, "fixme": null, "addr:full": null, "beds": null, "wikidata": null, "wikipedia": null, "short_name": null, "level": null, "dispensing": null, "electricity": null, "health_amenity:type": null, "insurance:health": null, "operational_status": null, "water_source": null, "wheelchair": null, "website": null, "branch": null, "internet_access": null, "payment:cash": null, "payment:cards": null, "payment:credit_cards": null, "payment:debit_cards": null, "addr:postcode": "GH-GE328-3680", "addr:region": null, "contact:facebook": null, "operator:wikidata": null, "mobile": null, "name:ar": null, "alt_name": null, "building": null, "name:de": null, "internet_access:fee": null, "old_name": null, "name:en": null, "official_name": null, "building:levels": null, "denomination": null, "name:fr": null, "layer": null, "barrier": null, "brand": null, "contact:email": null, "landuse": null, "name:it": null, "toilets:wheelchair": null, "addr:ghanapostgps": null, "alt_name:en": null, "addr:community": null, "building:material": null, "roof:material": null, "addr:country": null, "addr:place": null, "fax": null, "note": null, "opening_hours:visitors": null }, "geometry": { "type": "Polygon", "coordinates": [ [ [ -0.1828131, 5.6689327 ], [ -0.1827319, 5.6688564 ], [ -0.18215, 5.6688609 ], [ -0.1820869, 5.6689237 ], [ -0.1820898, 5.669417 ], [ -0.1824569, 5.6694271 ], [ -0.1824499, 5.6699837 ], [ -0.1828221, 5.6699741 ], [ -0.1828131, 5.6689327 ] ] ] } },
{ "type": "Feature", "properties": { "element": "way", "id": 786508244, "amenity": "hospital", "name": "Sogakope District Hospital", "opening_hours": null, "healthcare": "hospital", "addr:city": null, "addr:street": null, "healthcare:speciality": null, "disabled": null, "emergency": null, "operator": null, "addr:suburb": null, "phone": null, "type": null, "contact:phone": null, "contact:website": null, "check_date": null, "email": null, "operator:type": null, "ownership": null, "description": null, "addr:housenumber": null, "source": "survey;Bing", "fixme": null, "addr:full": null, "beds": null, "wikidata": null, "wikipedia": null, "short_name": null, "level": null, "dispensing": null, "electricity": null, "health_amenity:type": null, "insurance:health": null, "operational_status": null, "water_source": null, "wheelchair": null, "website": null, "branch": null, "internet_access": null, "payment:cash": null, "payment:cards": null, "payment:credit_cards": null, "payment:debit_cards": null, "addr:postcode": null, "addr:region": null, "contact:facebook": null, "operator:wikidata": null, "mobile": null, "name:ar": null, "alt_name": null, "building": null, "name:de": null, "internet_access:fee": null, "old_name": null, "name:en": null, "official_name": null, "building:levels": null, "denomination": null, "name:fr": null, "layer": null, "barrier": null, "brand": null, "contact:email": null, "landuse": null, "name:it": null, "toilets:wheelchair": null, "addr:ghanapostgps": null, "alt_name:en": null, "addr:community": null, "building:material": null, "roof:material": null, "addr:country": null, "addr:place": null, "fax": null, "note": null, "opening_hours:visitors": null }, "geometry": { "type": "Polygon", "coordinates": [ [ [ 0.6128794, 6.0090111 ], [ 0.613676, 6.0062689 ], [ 0.6170851, 6.0072452 ], [ 0.6162858, 6.0100674 ], [ 0.6128794, 6.0090111 ] ] ] } },
{ "type": "Feature", "properties": { "element": "way", "id": 786508245, "amenity": "hospital", "name": "CHPS Compound", "opening_hours": null, "healthcare": "hospital", "addr:city": null, "addr:street": null, "healthcare:speciality": null, "disabled": null, "emergency": null, "operator": null, "addr:suburb": null, "phone": null, "type": null, "contact:phone": null, "contact:website": null, "check_date": null, "email": null, "operator:type": null, "ownership": null, "description": null, "addr:housenumber": null, "source": null, "fixme": null, "addr:full": null, "beds": null, "wikidata": null, "wikipedia": null, "short_name": null, "level": null, "dispensing": null, "electricity": null, "health_amenity:type": null, "insurance:health": null, "operational_status": null, "water_source": null, "wheelchair": null, "website": null, "branch": null, "internet_access": null, "payment:cash": null, "payment:cards": null, "payment:credit_cards": null, "payment:debit_cards": null, "addr:postcode": null, "addr:region": null, "contact:facebook": null, "operator:wikidata": null, "mobile": null, "name:ar": null, "alt_name": null, "building": null, "name:de": null, "internet_access:fee": null, "old_name": null, "name:en": null, "official_name": null, "building:levels": null, "denomination": null, "name:fr": null, "layer": null, "barrier": null, "brand": null, "contact:email": null, "landuse": null, "name:it": null, "toilets:wheelchair": null, "addr:ghanapostgps": null, "alt_name:en": null, "addr:community": null, "building:material": null, "roof:material": null, "addr:country": null, "addr:place": null, "fax": null, "note": null, "opening_hours:visitors": null }, "geometry": { "type": "Polygon", "coordinates": [ [ [ -0.5304542, 6.3698118 ], [ -0.5305186, 6.3696252 ], [ -0.5305803, 6.3694999 ], [ -0.5306205, 6.3694573 ], [ -0.5307681, 6.3695106 ], [ -0.5309022, 6.3696625 ], [ -0.5308753, 6.3697851 ], [ -0.5308593, 6.3698491 ], [ -0.5307359, 6.3699184 ], [ -0.5304542, 6.3698118 ] ] ] } },
{ "type": "Feature", "properties": { "element": "way", "id": 786508246, "amenity": "hospital", "name": "Barnor Hospital", "opening_hours": null, "healthcare": "hospital", "addr:city": null, "addr:street": null, "healthcare:speciality": null, "disabled": null, "emergency": null, "operator": null, "addr:suburb": null, "phone": null, "type": null, "contact:phone": null, "contact:website": null, "check_date": null, "email": null, "operator:type": null, "ownership": null, "description": null, "addr:housenumber": null, "source": "locals knowledge", "fixme": null, "addr:full": null, "beds": null, "wikidata": null, "wikipedia": null, "short_name": null, "level": null, "dispensing": null, "electricity": null, "health_amenity:type": null, "insurance:health": null, "operational_status": null, "water_source": null, "wheelchair": null, "website": null, "branch": null, "internet_access": null, "payment:cash": null, "payment:cards": null, "payment:credit_cards": null, "payment:debit_cards": null, "addr:postcode": null, "addr:region": null, "contact:facebook": null, "operator:wikidata": null, "mobile": null, "name:ar": null, "alt_name": null, "building": null, "name:de": null, "internet_access:fee": null, "old_name": null, "name:en": null, "official_name": null, "building:levels": null, "denomination": null, "name:fr": null, "layer": null, "barrier": null, "brand": null, "contact:email": null, "landuse": null, "name:it": null, "toilets:wheelchair": null, "addr:ghanapostgps": null, "alt_name:en": null, "addr:community": null, "building:material": null, "roof:material": null, "addr:country": null, "addr:place": null, "fax": null, "note": null, "opening_hours:visitors": null }, "geometry": { "type": "Polygon", "coordinates": [ [ [ -0.2412892, 5.5494917 ], [ -0.2412774, 5.549036 ], [ -0.2409489, 5.5490487 ], [ -0.2409489, 5.5494868 ], [ -0.2412892, 5.5494917 ] ] ] } },
{ "type": "Feature", "properties": { "element": "way", "id": 786513575, "amenity": "hospital", "name": "Akuse Government Hospital", "opening_hours": null, "healthcare": "hospital", "addr:city": null, "addr:street": null, "healthcare:speciality": "general", "disabled": null, "emergency": "yes", "operator": "Ghana Health Service", "addr:suburb": null, "phone": null, "type": null, "contact:phone": null, "contact:website": null, "check_date": null, "email": null, "operator:type": null, "ownership": null, "description": null, "addr:housenumber": null, "source": null, "fixme": null, "addr:full": null, "beds": null, "wikidata": null, "wikipedia": null, "short_name": null, "level": null, "dispensing": null, "electricity": null, "health_amenity:type": null, "insurance:health": null, "operational_status": null, "water_source": null, "wheelchair": null, "website": null, "branch": null, "internet_access": null, "payment:cash": null, "payment:cards": null, "payment:credit_cards": null, "payment:debit_cards": null, "addr:postcode": null, "addr:region": null, "contact:facebook": null, "operator:wikidata": null, "mobile": null, "name:ar": null, "alt_name": null, "building": null, "name:de": null, "internet_access:fee": null, "old_name": null, "name:en": null, "official_name": null, "building:levels": null, "denomination": null, "name:fr": null, "layer": null, "barrier": null, "brand": null, "contact:email": null, "landuse": null, "name:it": null, "toilets:wheelchair": null, "addr:ghanapostgps": null, "alt_name:en": null, "addr:community": null, "building:material": null, "roof:material": null, "addr:country": null, "addr:place": null, "fax": null, "note": null, "opening_hours:visitors": null }, "geometry": { "type": "Polygon", "coordinates": [ [ [ 0.1245396, 6.0978018 ], [ 0.1246417, 6.0972849 ], [ 0.1253722, 6.0973673 ], [ 0.1253658, 6.0976433 ], [ 0.1252892, 6.0982078 ], [ 0.1251712, 6.0983727 ], [ 0.1247821, 6.0980175 ], [ 0.1245396, 6.0978018 ] ] ] } },
{ "type": "Feature", "properties": { "element": "way", "id": 786526006, "amenity": "hospital", "name": "Shama Hospital", "opening_hours": null, "healthcare": "hospital", "addr:city": null, "addr:street": null, "healthcare:speciality": null, "disabled": null, "emergency": null, "operator": null, "addr:suburb": null, "phone": null, "type": null, "contact:phone": null, "contact:website": null, "check_date": null, "email": null, "operator:type": null, "ownership": null, "description": null, "addr:housenumber": null, "source": null, "fixme": null, "addr:full": null, "beds": null, "wikidata": null, "wikipedia": null, "short_name": null, "level": null, "dispensing": null, "electricity": null, "health_amenity:type": null, "insurance:health": null, "operational_status": null, "water_source": null, "wheelchair": null, "website": null, "branch": null, "internet_access": null, "payment:cash": null, "payment:cards": null, "payment:credit_cards": null, "payment:debit_cards": null, "addr:postcode": null, "addr:region": null, "contact:facebook": null, "operator:wikidata": null, "mobile": null, "name:ar": null, "alt_name": null, "building": null, "name:de": null, "internet_access:fee": null, "old_name": null, "name:en": null, "official_name": null, "building:levels": null, "denomination": null, "name:fr": null, "layer": null, "barrier": null, "brand": null, "contact:email": null, "landuse": null, "name:it": null, "toilets:wheelchair": null, "addr:ghanapostgps": null, "alt_name:en": null, "addr:community": null, "building:material": null, "roof:material": null, "addr:country": null, "addr:place": null, "fax": null, "note": null, "opening_hours:visitors": null }, "geometry": { "type": "Polygon", "coordinates": [ [ [ -1.6347532, 5.0113176 ], [ -1.6349883, 5.0112912 ], [ -1.6353297, 5.011276 ], [ -1.6354739, 5.011072 ], [ -1.6355915, 5.0110795 ], [ -1.6356635, 5.0113516 ], [ -1.6357735, 5.0115859 ], [ -1.6360808, 5.0117635 ], [ -1.6350908, 5.012591 ], [ -1.6349959, 5.0124134 ], [ -1.6349163, 5.0122812 ], [ -1.6348214, 5.0122547 ], [ -1.6346887, 5.0123152 ], [ -1.6346356, 5.0122963 ], [ -1.6347494, 5.01213 ], [ -1.634829, 5.01196 ], [ -1.6348328, 5.0116993 ], [ -1.6347987, 5.011499 ], [ -1.6347532, 5.0113176 ] ] ] } },
{ "type": "Feature", "properties": { "element": "way", "id": 786529847, "amenity": "hospital", "name": "Anthon Memorial Hospital", "opening_hours": null, "healthcare": "hospital", "addr:city": null, "addr:street": null, "healthcare:speciality": null, "disabled": null, "emergency": null, "operator": null, "addr:suburb": null, "phone": null, "type": null, "contact:phone": null, "contact:website": null, "check_date": null, "email": null, "operator:type": null, "ownership": null, "description": null, "addr:housenumber": null, "source": null, "fixme": null, "addr:full": null, "beds": null, "wikidata": null, "wikipedia": null, "short_name": null, "level": null, "dispensing": null, "electricity": null, "health_amenity:type": null, "insurance:health": null, "operational_status": null, "water_source": null, "wheelchair": null, "website": null, "branch": null, "internet_access": null, "payment:cash": null, "payment:cards": null, "payment:credit_cards": null, "payment:debit_cards": null, "addr:postcode": null, "addr:region": null, "contact:facebook": null, "operator:wikidata": null, "mobile": null, "name:ar": null, "alt_name": null, "building": null, "name:de": null, "internet_access:fee": null, "old_name": null, "name:en": null, "official_name": null, "building:levels": null, "denomination": null, "name:fr": null, "layer": null, "barrier": null, "brand": null, "contact:email": null, "landuse": null, "name:it": null, "toilets:wheelchair": null, "addr:ghanapostgps": null, "alt_name:en": null, "addr:community": null, "building:material": null, "roof:material": null, "addr:country": null, "addr:place": null, "fax": null, "note": null, "opening_hours:visitors": null }, "geometry": { "type": "Polygon", "coordinates": [ [ [ -0.2112278, 5.5935588 ], [ -0.2116838, 5.5935481 ], [ -0.2115874, 5.5938545 ], [ -0.2112968, 5.593764 ], [ -0.211341, 5.5936237 ], [ -0.2112193, 5.5935858 ], [ -0.2112278, 5.5935588 ] ] ] } },
{ "type": "Feature", "properties": { "element": "way", "id": 786534140, "amenity": "hospital", "name": "Ahodwo New Cross Hospital", "opening_hours": null, "healthcare": "hospital", "addr:city": null, "addr:street": null, "healthcare:speciality": null, "disabled": null, "emergency": null, "operator": null, "addr:suburb": null, "phone": null, "type": null, "contact:phone": null, "contact:website": null, "check_date": null, "email": null, "operator:type": null, "ownership": null, "description": null, "addr:housenumber": null, "source": null, "fixme": null, "addr:full": null, "beds": null, "wikidata": null, "wikipedia": null, "short_name": null, "level": null, "dispensing": null, "electricity": null, "health_amenity:type": null, "insurance:health": null, "operational_status": null, "water_source": null, "wheelchair": null, "website": null, "branch": null, "internet_access": null, "payment:cash": null, "payment:cards": null, "payment:credit_cards": null, "payment:debit_cards": null, "addr:postcode": null, "addr:region": null, "contact:facebook": null, "operator:wikidata": null, "mobile": null, "name:ar": null, "alt_name": null, "building": null, "name:de": null, "internet_access:fee": null, "old_name": null, "name:en": null, "official_name": null, "building:levels": null, "denomination": null, "name:fr": null, "layer": null, "barrier": null, "brand": null, "contact:email": null, "landuse": null, "name:it": null, "toilets:wheelchair": null, "addr:ghanapostgps": null, "alt_name:en": null, "addr:community": null, "building:material": null, "roof:material": null, "addr:country": null, "addr:place": null, "fax": null, "note": null, "opening_hours:visitors": null }, "geometry": { "type": "Polygon", "coordinates": [ [ [ -1.6219622, 6.6568128 ], [ -1.6219825, 6.6573415 ], [ -1.6225126, 6.657411 ], [ -1.622587, 6.6573595 ], [ -1.6227968, 6.6570301 ], [ -1.6226682, 6.6569808 ], [ -1.6224832, 6.6569002 ], [ -1.6222825, 6.656842 ], [ -1.6220998, 6.6568061 ], [ -1.6219622, 6.6568128 ] ] ] } },
{ "type": "Feature", "properties": { "element": "way", "id": 786538033, "amenity": "hospital", "name": "Tantri Clinic", "opening_hours": null, "healthcare": "hospital", "addr:city": "Cape Coast", "addr:street": null, "healthcare:speciality": null, "disabled": null, "emergency": null, "operator": null, "addr:suburb": null, "phone": null, "type": null, "contact:phone": null, "contact:website": null, "check_date": null, "email": null, "operator:type": null, "ownership": null, "description": null, "addr:housenumber": null, "source": null, "fixme": null, "addr:full": null, "beds": null, "wikidata": null, "wikipedia": null, "short_name": null, "level": null, "dispensing": null, "electricity": null, "health_amenity:type": null, "insurance:health": null, "operational_status": null, "water_source": null, "wheelchair": null, "website": null, "branch": null, "internet_access": null, "payment:cash": null, "payment:cards": null, "payment:credit_cards": null, "payment:debit_cards": null, "addr:postcode": null, "addr:region": null, "contact:facebook": null, "operator:wikidata": null, "mobile": null, "name:ar": null, "alt_name": null, "building": null, "name:de": null, "internet_access:fee": null, "old_name": null, "name:en": null, "official_name": null, "building:levels": null, "denomination": null, "name:fr": null, "layer": null, "barrier": null, "brand": null, "contact:email": null, "landuse": null, "name:it": null, "toilets:wheelchair": null, "addr:ghanapostgps": null, "alt_name:en": null, "addr:community": null, "building:material": null, "roof:material": null, "addr:country": null, "addr:place": null, "fax": null, "note": null, "opening_hours:visitors": null }, "geometry": { "type": "Polygon", "coordinates": [ [ [ -1.2711805, 5.1321723 ], [ -1.2714138, 5.1320023 ], [ -1.2711692, 5.1316981 ], [ -1.2710971, 5.13187 ], [ -1.2711312, 5.1320004 ], [ -1.2711009, 5.1320854 ], [ -1.2711805, 5.1321723 ] ] ] } },
{ "type": "Feature", "properties": { "element": "way", "id": 786540038, "amenity": "hospital", "name": "AMI Memorial Hospital", "opening_hours": null, "healthcare": "hospital", "addr:city": null, "addr:street": null, "healthcare:speciality": null, "disabled": null, "emergency": null, "operator": null, "addr:suburb": null, "phone": null, "type": null, "contact:phone": null, "contact:website": null, "check_date": null, "email": null, "operator:type": null, "ownership": null, "description": null, "addr:housenumber": null, "source": "survey", "fixme": null, "addr:full": null, "beds": null, "wikidata": null, "wikipedia": null, "short_name": null, "level": null, "dispensing": null, "electricity": null, "health_amenity:type": null, "insurance:health": null, "operational_status": null, "water_source": null, "wheelchair": null, "website": null, "branch": null, "internet_access": null, "payment:cash": null, "payment:cards": null, "payment:credit_cards": null, "payment:debit_cards": null, "addr:postcode": null, "addr:region": null, "contact:facebook": null, "operator:wikidata": null, "mobile": null, "name:ar": null, "alt_name": null, "building": null, "name:de": null, "internet_access:fee": null, "old_name": null, "name:en": null, "official_name": null, "building:levels": null, "denomination": null, "name:fr": null, "layer": null, "barrier": null, "brand": null, "contact:email": null, "landuse": null, "name:it": null, "toilets:wheelchair": null, "addr:ghanapostgps": null, "alt_name:en": null, "addr:community": null, "building:material": null, "roof:material": null, "addr:country": null, "addr:place": null, "fax": null, "note": null, "opening_hours:visitors": null }, "geometry": { "type": "Polygon", "coordinates": [ [ [ -1.9952416, 5.3010043 ], [ -1.9949197, 5.3013755 ], [ -1.9944637, 5.3011325 ], [ -1.9949519, 5.3006304 ], [ -1.9950404, 5.3006037 ], [ -1.9952416, 5.3010043 ] ] ] } },
{ "type": "Feature", "properties": { "element": "way", "id": 786544124, "amenity": "hospital", "name": "Governmental Hospital", "opening_hours": null, "healthcare": "hospital", "addr:city": null, "addr:street": null, "healthcare:speciality": null, "disabled": null, "emergency": null, "operator": null, "addr:suburb": null, "phone": null, "type": null, "contact:phone": null, "contact:website": null, "check_date": null, "email": null, "operator:type": null, "ownership": null, "description": null, "addr:housenumber": null, "source": null, "fixme": null, "addr:full": null, "beds": null, "wikidata": null, "wikipedia": null, "short_name": null, "level": null, "dispensing": null, "electricity": null, "health_amenity:type": null, "insurance:health": null, "operational_status": null, "water_source": null, "wheelchair": null, "website": null, "branch": null, "internet_access": null, "payment:cash": null, "payment:cards": null, "payment:credit_cards": null, "payment:debit_cards": null, "addr:postcode": null, "addr:region": null, "contact:facebook": null, "operator:wikidata": null, "mobile": null, "name:ar": null, "alt_name": "Agona Swedru Municipal Hospital", "building": null, "name:de": null, "internet_access:fee": null, "old_name": null, "name:en": null, "official_name": null, "building:levels": null, "denomination": null, "name:fr": null, "layer": null, "barrier": null, "brand": null, "contact:email": null, "landuse": null, "name:it": null, "toilets:wheelchair": null, "addr:ghanapostgps": null, "alt_name:en": null, "addr:community": null, "building:material": null, "roof:material": null, "addr:country": null, "addr:place": null, "fax": null, "note": null, "opening_hours:visitors": null }, "geometry": { "type": "Polygon", "coordinates": [ [ [ -0.6929469, 5.5361365 ], [ -0.6930596, 5.536051 ], [ -0.6933761, 5.5353462 ], [ -0.69314, 5.5350205 ], [ -0.692963, 5.5351006 ], [ -0.6927377, 5.5348336 ], [ -0.6923407, 5.5351166 ], [ -0.6921637, 5.5352555 ], [ -0.6919116, 5.535405 ], [ -0.6918901, 5.5355171 ], [ -0.6911928, 5.5358802 ], [ -0.691461, 5.5365209 ], [ -0.6914824, 5.5367185 ], [ -0.6929469, 5.5361365 ] ] ] } },
{ "type": "Feature", "properties": { "element": "way", "id": 786544961, "amenity": "hospital", "name": "Accra Medical Centre", "opening_hours": null, "healthcare": "hospital", "addr:city": null, "addr:street": null, "healthcare:speciality": null, "disabled": null, "emergency": null, "operator": "Accra Medical Centre", "addr:suburb": null, "phone": null, "type": null, "contact:phone": null, "contact:website": null, "check_date": null, "email": null, "operator:type": null, "ownership": null, "description": null, "addr:housenumber": null, "source": null, "fixme": null, "addr:full": null, "beds": null, "wikidata": null, "wikipedia": null, "short_name": null, "level": null, "dispensing": null, "electricity": null, "health_amenity:type": null, "insurance:health": null, "operational_status": null, "water_source": null, "wheelchair": null, "website": null, "branch": null, "internet_access": null, "payment:cash": null, "payment:cards": null, "payment:credit_cards": null, "payment:debit_cards": null, "addr:postcode": null, "addr:region": null, "contact:facebook": null, "operator:wikidata": null, "mobile": null, "name:ar": null, "alt_name": null, "building": null, "name:de": null, "internet_access:fee": null, "old_name": null, "name:en": null, "official_name": null, "building:levels": null, "denomination": null, "name:fr": null, "layer": null, "barrier": null, "brand": null, "contact:email": null, "landuse": null, "name:it": null, "toilets:wheelchair": null, "addr:ghanapostgps": null, "alt_name:en": null, "addr:community": null, "building:material": null, "roof:material": null, "addr:country": null, "addr:place": null, "fax": null, "note": null, "opening_hours:visitors": null }, "geometry": { "type": "Polygon", "coordinates": [ [ [ -0.1860556, 5.5689158 ], [ -0.1862138, 5.5686168 ], [ -0.1861521, 5.5685741 ], [ -0.1858651, 5.5685207 ], [ -0.1858812, 5.5688971 ], [ -0.1860556, 5.5689158 ] ] ] } },
{ "type": "Feature", "properties": { "element": "way", "id": 786546871, "amenity": "hospital", "name": "Mampong Government Hospital", "opening_hours": null, "healthcare": "hospital", "addr:city": null, "addr:street": null, "healthcare:speciality": null, "disabled": null, "emergency": null, "operator": null, "addr:suburb": null, "phone": null, "type": null, "contact:phone": null, "contact:website": null, "check_date": null, "email": null, "operator:type": null, "ownership": null, "description": null, "addr:housenumber": null, "source": null, "fixme": null, "addr:full": null, "beds": null, "wikidata": null, "wikipedia": null, "short_name": null, "level": null, "dispensing": null, "electricity": null, "health_amenity:type": null, "insurance:health": null, "operational_status": null, "water_source": null, "wheelchair": null, "website": null, "branch": null, "internet_access": null, "payment:cash": null, "payment:cards": null, "payment:credit_cards": null, "payment:debit_cards": null, "addr:postcode": null, "addr:region": null, "contact:facebook": null, "operator:wikidata": null, "mobile": null, "name:ar": null, "alt_name": null, "building": null, "name:de": null, "internet_access:fee": null, "old_name": null, "name:en": null, "official_name": null, "building:levels": null, "denomination": null, "name:fr": null, "layer": null, "barrier": null, "brand": null, "contact:email": null, "landuse": null, "name:it": null, "toilets:wheelchair": null, "addr:ghanapostgps": null, "alt_name:en": null, "addr:community": null, "building:material": null, "roof:material": null, "addr:country": null, "addr:place": null, "fax": null, "note": null, "opening_hours:visitors": null }, "geometry": { "type": "Polygon", "coordinates": [ [ [ -1.4062974, 7.041632 ], [ -1.4075264, 7.041632 ], [ -1.4075226, 7.043168 ], [ -1.4074581, 7.0431981 ], [ -1.4055767, 7.0432282 ], [ -1.405535, 7.0432056 ], [ -1.4055008, 7.0424339 ], [ -1.4055122, 7.0421177 ], [ -1.4053984, 7.041888 ], [ -1.4053756, 7.0416621 ], [ -1.405535, 7.0415341 ], [ -1.4058953, 7.0415304 ], [ -1.4062291, 7.0416283 ], [ -1.4062974, 7.041632 ] ] ] } },
{ "type": "Feature", "properties": { "element": "way", "id": 786550089, "amenity": "hospital", "name": "St. Theresia Hospital", "opening_hours": null, "healthcare": "hospital", "addr:city": null, "addr:street": null, "healthcare:speciality": "general", "disabled": null, "emergency": "yes", "operator": null, "addr:suburb": null, "phone": null, "type": null, "contact:phone": null, "contact:website": null, "check_date": null, "email": null, "operator:type": null, "ownership": null, "description": null, "addr:housenumber": null, "source": null, "fixme": null, "addr:full": null, "beds": null, "wikidata": null, "wikipedia": null, "short_name": null, "level": null, "dispensing": null, "electricity": null, "health_amenity:type": null, "insurance:health": null, "operational_status": null, "water_source": null, "wheelchair": null, "website": null, "branch": null, "internet_access": null, "payment:cash": null, "payment:cards": null, "payment:credit_cards": null, "payment:debit_cards": null, "addr:postcode": null, "addr:region": null, "contact:facebook": null, "operator:wikidata": null, "mobile": null, "name:ar": null, "alt_name": null, "building": null, "name:de": null, "internet_access:fee": null, "old_name": null, "name:en": null, "official_name": null, "building:levels": null, "denomination": null, "name:fr": null, "layer": null, "barrier": null, "brand": null, "contact:email": null, "landuse": null, "name:it": null, "toilets:wheelchair": null, "addr:ghanapostgps": null, "alt_name:en": null, "addr:community": null, "building:material": null, "roof:material": null, "addr:country": null, "addr:place": null, "fax": null, "note": null, "opening_hours:visitors": null }, "geometry": { "type": "Polygon", "coordinates": [ [ [ -1.7050295, 7.5702365 ], [ -1.7048558, 7.5698579 ], [ -1.7048094, 7.569674 ], [ -1.704641, 7.5695113 ], [ -1.7038196, 7.5696713 ], [ -1.703071, 7.5699077 ], [ -1.7030727, 7.5700202 ], [ -1.7034411, 7.5705464 ], [ -1.7038685, 7.5706602 ], [ -1.7040726, 7.5707741 ], [ -1.7042385, 7.5709638 ], [ -1.7045319, 7.5710586 ], [ -1.7047106, 7.5710523 ], [ -1.704819, 7.5709891 ], [ -1.7049466, 7.5705654 ], [ -1.7050295, 7.5702365 ] ] ] } },
{ "type": "Feature", "properties": { "element": "way", "id": 786554557, "amenity": "hospital", "name": "Nyinahin Hospital", "opening_hours": null, "healthcare": "hospital", "addr:city": null, "addr:street": null, "healthcare:speciality": null, "disabled": null, "emergency": null, "operator": null, "addr:suburb": null, "phone": null, "type": null, "contact:phone": null, "contact:website": null, "check_date": null, "email": null, "operator:type": null, "ownership": null, "description": null, "addr:housenumber": null, "source": null, "fixme": null, "addr:full": null, "beds": null, "wikidata": null, "wikipedia": null, "short_name": null, "level": null, "dispensing": null, "electricity": null, "health_amenity:type": null, "insurance:health": null, "operational_status": null, "water_source": null, "wheelchair": null, "website": null, "branch": null, "internet_access": null, "payment:cash": null, "payment:cards": null, "payment:credit_cards": null, "payment:debit_cards": null, "addr:postcode": null, "addr:region": null, "contact:facebook": null, "operator:wikidata": null, "mobile": null, "name:ar": null, "alt_name": null, "building": null, "name:de": null, "internet_access:fee": null, "old_name": null, "name:en": null, "official_name": null, "building:levels": null, "denomination": null, "name:fr": null, "layer": null, "barrier": null, "brand": null, "contact:email": null, "landuse": null, "name:it": null, "toilets:wheelchair": null, "addr:ghanapostgps": null, "alt_name:en": null, "addr:community": null, "building:material": null, "roof:material": null, "addr:country": null, "addr:place": null, "fax": null, "note": null, "opening_hours:visitors": null }, "geometry": { "type": "Polygon", "coordinates": [ [ [ -2.1108651, 6.6010747 ], [ -2.1100192, 6.5997182 ], [ -2.1087219, 6.6004982 ], [ -2.1094843, 6.6019037 ], [ -2.1108651, 6.6010747 ] ] ] } },
{ "type": "Feature", "properties": { "element": "way", "id": 786555100, "amenity": "hospital", "name": "Jaang Clinic", "opening_hours": null, "healthcare": "hospital", "addr:city": null, "addr:street": null, "healthcare:speciality": null, "disabled": null, "emergency": null, "operator": null, "addr:suburb": null, "phone": null, "type": null, "contact:phone": null, "contact:website": null, "check_date": null, "email": null, "operator:type": null, "ownership": null, "description": null, "addr:housenumber": null, "source": null, "fixme": null, "addr:full": null, "beds": null, "wikidata": null, "wikipedia": null, "short_name": null, "level": null, "dispensing": null, "electricity": null, "health_amenity:type": null, "insurance:health": null, "operational_status": null, "water_source": null, "wheelchair": null, "website": null, "branch": null, "internet_access": null, "payment:cash": null, "payment:cards": null, "payment:credit_cards": null, "payment:debit_cards": null, "addr:postcode": null, "addr:region": null, "contact:facebook": null, "operator:wikidata": null, "mobile": null, "name:ar": null, "alt_name": null, "building": null, "name:de": null, "internet_access:fee": null, "old_name": null, "name:en": null, "official_name": null, "building:levels": null, "denomination": null, "name:fr": null, "layer": null, "barrier": null, "brand": null, "contact:email": null, "landuse": null, "name:it": null, "toilets:wheelchair": null, "addr:ghanapostgps": null, "alt_name:en": null, "addr:community": null, "building:material": null, "roof:material": null, "addr:country": null, "addr:place": null, "fax": null, "note": null, "opening_hours:visitors": null }, "geometry": { "type": "Polygon", "coordinates": [ [ [ -2.4603844, 10.1982814 ], [ -2.4596865, 10.1982814 ], [ -2.4586737, 10.1982254 ], [ -2.4585561, 10.1969896 ], [ -2.4601113, 10.1968664 ], [ -2.4601303, 10.197027 ], [ -2.4603275, 10.1970083 ], [ -2.4603844, 10.1982814 ] ] ] } },
{ "type": "Feature", "properties": { "element": "way", "id": 786559578, "amenity": "hospital", "name": "Narh-Bita Hospital", "opening_hours": null, "healthcare": "hospital", "addr:city": null, "addr:street": null, "healthcare:speciality": null, "disabled": null, "emergency": null, "operator": null, "addr:suburb": null, "phone": null, "type": null, "contact:phone": null, "contact:website": null, "check_date": null, "email": null, "operator:type": null, "ownership": null, "description": null, "addr:housenumber": null, "source": null, "fixme": null, "addr:full": null, "beds": null, "wikidata": null, "wikipedia": null, "short_name": null, "level": null, "dispensing": null, "electricity": null, "health_amenity:type": null, "insurance:health": null, "operational_status": null, "water_source": null, "wheelchair": null, "website": null, "branch": null, "internet_access": null, "payment:cash": null, "payment:cards": null, "payment:credit_cards": null, "payment:debit_cards": null, "addr:postcode": null, "addr:region": null, "contact:facebook": null, "operator:wikidata": null, "mobile": null, "name:ar": null, "alt_name": null, "building": null, "name:de": null, "internet_access:fee": null, "old_name": null, "name:en": null, "official_name": null, "building:levels": null, "denomination": null, "name:fr": null, "layer": null, "barrier": null, "brand": null, "contact:email": null, "landuse": null, "name:it": null, "toilets:wheelchair": null, "addr:ghanapostgps": null, "alt_name:en": null, "addr:community": null, "building:material": null, "roof:material": null, "addr:country": null, "addr:place": null, "fax": null, "note": null, "opening_hours:visitors": null }, "geometry": { "type": "Polygon", "coordinates": [ [ [ -0.0107358, 5.6587403 ], [ -0.0106637, 5.6585742 ], [ -0.0106862, 5.6572903 ], [ -0.0109433, 5.6572814 ], [ -0.0109433, 5.658664 ], [ -0.0107358, 5.6587403 ] ] ] } },
{ "type": "Feature", "properties": { "element": "way", "id": 786560555, "amenity": "hospital", "name": "C&J Medicare Hospital and Diagnostic Center", "opening_hours": "24/7", "healthcare": "hospital", "addr:city": null, "addr:street": null, "healthcare:speciality": null, "disabled": null, "emergency": null, "operator": null, "addr:suburb": null, "phone": "+233 244 586769", "type": null, "contact:phone": null, "contact:website": null, "check_date": "2023-06-04", "email": null, "operator:type": null, "ownership": null, "description": null, "addr:housenumber": null, "source": null, "fixme": null, "addr:full": null, "beds": null, "wikidata": null, "wikipedia": null, "short_name": null, "level": null, "dispensing": null, "electricity": null, "health_amenity:type": null, "insurance:health": null, "operational_status": null, "water_source": null, "wheelchair": null, "website": "https://candjhospital.org/", "branch": null, "internet_access": null, "payment:cash": null, "payment:cards": null, "payment:credit_cards": null, "payment:debit_cards": null, "addr:postcode": null, "addr:region": null, "contact:facebook": null, "operator:wikidata": null, "mobile": null, "name:ar": null, "alt_name": "C & J Medicare Hospital & Diagnostic Centre", "building": null, "name:de": null, "internet_access:fee": null, "old_name": null, "name:en": null, "official_name": null, "building:levels": null, "denomination": null, "name:fr": null, "layer": null, "barrier": null, "brand": null, "contact:email": null, "landuse": null, "name:it": null, "toilets:wheelchair": null, "addr:ghanapostgps": null, "alt_name:en": null, "addr:community": null, "building:material": null, "roof:material": null, "addr:country": null, "addr:place": null, "fax": null, "note": null, "opening_hours:visitors": null }, "geometry": { "type": "Polygon", "coordinates": [ [ [ -0.0697503, 5.6246194 ], [ -0.0698842, 5.6243464 ], [ -0.0693675, 5.6241115 ], [ -0.0692367, 5.6243941 ], [ -0.0697503, 5.6246194 ] ] ] } },
{ "type": "Feature", "properties": { "element": "way", "id": 786562321, "amenity": "hospital", "name": "Sakumono Community Hospital", "opening_hours": "Mo-Su 00:00-23:55", "healthcare": "hospital", "addr:city": null, "addr:street": null, "healthcare:speciality": "dentist;doctor;hospital;pharmacy", "disabled": null, "emergency": null, "operator": null, "addr:suburb": null, "phone": null, "type": null, "contact:phone": null, "contact:website": null, "check_date": null, "email": null, "operator:type": null, "ownership": null, "description": null, "addr:housenumber": null, "source": null, "fixme": null, "addr:full": null, "beds": null, "wikidata": null, "wikipedia": null, "short_name": null, "level": null, "dispensing": null, "electricity": null, "health_amenity:type": null, "insurance:health": null, "operational_status": null, "water_source": null, "wheelchair": null, "website": null, "branch": null, "internet_access": null, "payment:cash": null, "payment:cards": null, "payment:credit_cards": null, "payment:debit_cards": null, "addr:postcode": null, "addr:region": null, "contact:facebook": null, "operator:wikidata": null, "mobile": null, "name:ar": null, "alt_name": null, "building": null, "name:de": null, "internet_access:fee": null, "old_name": null, "name:en": null, "official_name": null, "building:levels": null, "denomination": null, "name:fr": null, "layer": null, "barrier": null, "brand": null, "contact:email": null, "landuse": null, "name:it": null, "toilets:wheelchair": null, "addr:ghanapostgps": null, "alt_name:en": null, "addr:community": null, "building:material": null, "roof:material": null, "addr:country": null, "addr:place": null, "fax": null, "note": null, "opening_hours:visitors": null }, "geometry": { "type": "Polygon", "coordinates": [ [ [ -0.0629838, 5.6222709 ], [ -0.0628437, 5.6228061 ], [ -0.0625148, 5.6227208 ], [ -0.0626548, 5.6221857 ], [ -0.0629838, 5.6222709 ] ] ] } },
{ "type": "Feature", "properties": { "element": "way", "id": 786563182, "amenity": "hospital", "name": "Kete Krachi Goverment Hospital", "opening_hours": null, "healthcare": "hospital", "addr:city": null, "addr:street": null, "healthcare:speciality": null, "disabled": null, "emergency": null, "operator": null, "addr:suburb": null, "phone": null, "type": null, "contact:phone": null, "contact:website": null, "check_date": null, "email": null, "operator:type": null, "ownership": null, "description": null, "addr:housenumber": null, "source": null, "fixme": null, "addr:full": null, "beds": null, "wikidata": null, "wikipedia": null, "short_name": null, "level": null, "dispensing": null, "electricity": null, "health_amenity:type": null, "insurance:health": null, "operational_status": null, "water_source": null, "wheelchair": null, "website": null, "branch": null, "internet_access": null, "payment:cash": null, "payment:cards": null, "payment:credit_cards": null, "payment:debit_cards": null, "addr:postcode": null, "addr:region": null, "contact:facebook": null, "operator:wikidata": null, "mobile": null, "name:ar": null, "alt_name": null, "building": null, "name:de": null, "internet_access:fee": null, "old_name": null, "name:en": null, "official_name": null, "building:levels": null, "denomination": null, "name:fr": null, "layer": null, "barrier": null, "brand": null, "contact:email": null, "landuse": null, "name:it": null, "toilets:wheelchair": null, "addr:ghanapostgps": null, "alt_name:en": null, "addr:community": null, "building:material": null, "roof:material": null, "addr:country": null, "addr:place": null, "fax": null, "note": null, "opening_hours:visitors": null }, "geometry": { "type": "Polygon", "coordinates": [ [ [ -0.0585033, 7.7943838 ], [ -0.0572912, 7.7926014 ], [ -0.0555624, 7.7936317 ], [ -0.0548606, 7.7942511 ], [ -0.0564427, 7.7961662 ], [ -0.0585033, 7.7943838 ] ] ] } },
{ "type": "Feature", "properties": { "element": "way", "id": 786570172, "amenity": "hospital", "name": "Tanoso Health Center", "opening_hours": null, "healthcare": "hospital", "addr:city": null, "addr:street": null, "healthcare:speciality": null, "disabled": null, "emergency": null, "operator": null, "addr:suburb": null, "phone": null, "type": null, "contact:phone": null, "contact:website": null, "check_date": null, "email": null, "operator:type": null, "ownership": null, "description": null, "addr:housenumber": null, "source": null, "fixme": null, "addr:full": null, "beds": null, "wikidata": null, "wikipedia": null, "short_name": null, "level": null, "dispensing": null, "electricity": null, "health_amenity:type": null, "insurance:health": null, "operational_status": null, "water_source": null, "wheelchair": null, "website": null, "branch": null, "internet_access": null, "payment:cash": null, "payment:cards": null, "payment:credit_cards": null, "payment:debit_cards": null, "addr:postcode": null, "addr:region": null, "contact:facebook": null, "operator:wikidata": null, "mobile": null, "name:ar": null, "alt_name": null, "building": null, "name:de": null, "internet_access:fee": null, "old_name": null, "name:en": null, "official_name": null, "building:levels": null, "denomination": null, "name:fr": null, "layer": null, "barrier": null, "brand": null, "contact:email": null, "landuse": null, "name:it": null, "toilets:wheelchair": null, "addr:ghanapostgps": null, "alt_name:en": null, "addr:community": null, "building:material": null, "roof:material": null, "addr:country": null, "addr:place": null, "fax": null, "note": null, "opening_hours:visitors": null }, "geometry": { "type": "Polygon", "coordinates": [ [ [ -1.9725878, 7.4535387 ], [ -1.9729368, 7.4535162 ], [ -1.9731265, 7.4522223 ], [ -1.973961, 7.4523427 ], [ -1.973961, 7.452606 ], [ -1.9737561, 7.452621 ], [ -1.9736499, 7.4527263 ], [ -1.9736196, 7.4532529 ], [ -1.9739458, 7.4535162 ], [ -1.9739382, 7.4536064 ], [ -1.9732554, 7.453975 ], [ -1.9725651, 7.4537042 ], [ -1.9725878, 7.4535387 ] ] ] } },
{ "type": "Feature", "properties": { "element": "way", "id": 786571709, "amenity": "hospital", "name": "Pro Vita Specialist Hospital", "opening_hours": null, "healthcare": "hospital", "addr:city": null, "addr:street": null, "healthcare:speciality": null, "disabled": null, "emergency": null, "operator": null, "addr:suburb": null, "phone": null, "type": null, "contact:phone": null, "contact:website": null, "check_date": null, "email": null, "operator:type": null, "ownership": null, "description": null, "addr:housenumber": null, "source": null, "fixme": null, "addr:full": null, "beds": null, "wikidata": null, "wikipedia": null, "short_name": null, "level": null, "dispensing": null, "electricity": null, "health_amenity:type": null, "insurance:health": null, "operational_status": null, "water_source": null, "wheelchair": null, "website": null, "branch": null, "internet_access": null, "payment:cash": null, "payment:cards": null, "payment:credit_cards": null, "payment:debit_cards": null, "addr:postcode": null, "addr:region": null, "contact:facebook": null, "operator:wikidata": null, "mobile": null, "name:ar": null, "alt_name": null, "building": null, "name:de": null, "internet_access:fee": null, "old_name": null, "name:en": null, "official_name": null, "building:levels": null, "denomination": null, "name:fr": null, "layer": null, "barrier": null, "brand": null, "contact:email": null, "landuse": null, "name:it": null, "toilets:wheelchair": null, "addr:ghanapostgps": null, "alt_name:en": null, "addr:community": null, "building:material": null, "roof:material": null, "addr:country": null, "addr:place": null, "fax": null, "note": null, "opening_hours:visitors": null }, "geometry": { "type": "Polygon", "coordinates": [ [ [ -0.0200939, 5.6521223 ], [ -0.0200866, 5.6525943 ], [ -0.0195153, 5.6525856 ], [ -0.0195226, 5.6521135 ], [ -0.0200939, 5.6521223 ] ] ] } },
{ "type": "Feature", "properties": { "element": "way", "id": 786572804, "amenity": "hospital", "name": "Bethel Hospital", "opening_hours": null, "healthcare": "hospital", "addr:city": null, "addr:street": null, "healthcare:speciality": null, "disabled": null, "emergency": null, "operator": null, "addr:suburb": null, "phone": null, "type": null, "contact:phone": null, "contact:website": null, "check_date": null, "email": null, "operator:type": null, "ownership": null, "description": null, "addr:housenumber": null, "source": null, "fixme": null, "addr:full": null, "beds": null, "wikidata": null, "wikipedia": null, "short_name": null, "level": null, "dispensing": null, "electricity": null, "health_amenity:type": null, "insurance:health": null, "operational_status": null, "water_source": null, "wheelchair": null, "website": null, "branch": null, "internet_access": null, "payment:cash": null, "payment:cards": null, "payment:credit_cards": null, "payment:debit_cards": null, "addr:postcode": null, "addr:region": null, "contact:facebook": null, "operator:wikidata": null, "mobile": null, "name:ar": null, "alt_name": null, "building": null, "name:de": null, "internet_access:fee": null, "old_name": null, "name:en": null, "official_name": null, "building:levels": null, "denomination": null, "name:fr": null, "layer": null, "barrier": null, "brand": null, "contact:email": null, "landuse": null, "name:it": null, "toilets:wheelchair": null, "addr:ghanapostgps": null, "alt_name:en": null, "addr:community": null, "building:material": null, "roof:material": null, "addr:country": null, "addr:place": null, "fax": null, "note": null, "opening_hours:visitors": null }, "geometry": { "type": "Polygon", "coordinates": [ [ [ -0.0199183, 5.6723815 ], [ -0.0196408, 5.6716991 ], [ -0.0187158, 5.6720578 ], [ -0.0187987, 5.6723085 ], [ -0.0192995, 5.6723054 ], [ -0.0199183, 5.6723815 ] ] ] } },
{ "type": "Feature", "properties": { "element": "way", "id": 786573050, "amenity": "hospital", "name": "Valco Hospital", "opening_hours": null, "healthcare": "hospital", "addr:city": null, "addr:street": null, "healthcare:speciality": null, "disabled": null, "emergency": null, "operator": null, "addr:suburb": null, "phone": null, "type": null, "contact:phone": null, "contact:website": null, "check_date": null, "email": null, "operator:type": null, "ownership": null, "description": null, "addr:housenumber": null, "source": null, "fixme": null, "addr:full": null, "beds": null, "wikidata": null, "wikipedia": null, "short_name": null, "level": null, "dispensing": null, "electricity": null, "health_amenity:type": null, "insurance:health": null, "operational_status": null, "water_source": null, "wheelchair": null, "website": null, "branch": null, "internet_access": null, "payment:cash": null, "payment:cards": null, "payment:credit_cards": null, "payment:debit_cards": null, "addr:postcode": null, "addr:region": null, "contact:facebook": null, "operator:wikidata": null, "mobile": null, "name:ar": null, "alt_name": null, "building": null, "name:de": null, "internet_access:fee": null, "old_name": null, "name:en": null, "official_name": null, "building:levels": null, "denomination": null, "name:fr": null, "layer": null, "barrier": null, "brand": null, "contact:email": null, "landuse": null, "name:it": null, "toilets:wheelchair": null, "addr:ghanapostgps": null, "alt_name:en": null, "addr:community": null, "building:material": null, "roof:material": null, "addr:country": null, "addr:place": null, "fax": null, "note": null, "opening_hours:visitors": null }, "geometry": { "type": "Polygon", "coordinates": [ [ [ 0.033979, 5.6693466 ], [ 0.0339683, 5.668602 ], [ 0.0349634, 5.668602 ], [ 0.0349848, 5.668674 ], [ 0.0349795, 5.6693493 ], [ 0.033979, 5.6693466 ] ] ] } },
{ "type": "Feature", "properties": { "element": "way", "id": 786574501, "amenity": "hospital", "name": "Atlantis Hospital", "opening_hours": null, "healthcare": "hospital", "addr:city": null, "addr:street": null, "healthcare:speciality": null, "disabled": null, "emergency": null, "operator": null, "addr:suburb": null, "phone": null, "type": null, "contact:phone": null, "contact:website": null, "check_date": null, "email": null, "operator:type": null, "ownership": null, "description": null, "addr:housenumber": null, "source": null, "fixme": null, "addr:full": null, "beds": null, "wikidata": null, "wikipedia": null, "short_name": null, "level": null, "dispensing": null, "electricity": null, "health_amenity:type": null, "insurance:health": null, "operational_status": null, "water_source": null, "wheelchair": null, "website": null, "branch": null, "internet_access": null, "payment:cash": null, "payment:cards": null, "payment:credit_cards": null, "payment:debit_cards": null, "addr:postcode": null, "addr:region": null, "contact:facebook": null, "operator:wikidata": null, "mobile": null, "name:ar": null, "alt_name": null, "building": null, "name:de": null, "internet_access:fee": null, "old_name": null, "name:en": null, "official_name": null, "building:levels": null, "denomination": null, "name:fr": null, "layer": null, "barrier": null, "brand": null, "contact:email": null, "landuse": null, "name:it": null, "toilets:wheelchair": null, "addr:ghanapostgps": null, "alt_name:en": null, "addr:community": null, "building:material": null, "roof:material": null, "addr:country": null, "addr:place": null, "fax": null, "note": null, "opening_hours:visitors": null }, "geometry": { "type": "Polygon", "coordinates": [ [ [ 0.0086044, 5.7188559 ], [ 0.0085642, 5.7186344 ], [ 0.0085937, 5.718605 ], [ 0.0085427, 5.7183435 ], [ 0.00887, 5.7184369 ], [ 0.0089022, 5.7187064 ], [ 0.0086044, 5.7188559 ] ] ] } },
{ "type": "Feature", "properties": { "element": "way", "id": 786575138, "amenity": "hospital", "name": "New Crystal Hospital", "opening_hours": null, "healthcare": "hospital", "addr:city": null, "addr:street": null, "healthcare:speciality": null, "disabled": null, "emergency": null, "operator": null, "addr:suburb": null, "phone": null, "type": null, "contact:phone": null, "contact:website": null, "check_date": "2024-11-22", "email": null, "operator:type": null, "ownership": null, "description": null, "addr:housenumber": null, "source": null, "fixme": null, "addr:full": null, "beds": null, "wikidata": null, "wikipedia": null, "short_name": null, "level": null, "dispensing": null, "electricity": null, "health_amenity:type": null, "insurance:health": null, "operational_status": null, "water_source": null, "wheelchair": null, "website": null, "branch": null, "internet_access": null, "payment:cash": null, "payment:cards": null, "payment:credit_cards": null, "payment:debit_cards": null, "addr:postcode": null, "addr:region": null, "contact:facebook": null, "operator:wikidata": null, "mobile": null, "name:ar": null, "alt_name": null, "building": null, "name:de": null, "internet_access:fee": null, "old_name": null, "name:en": null, "official_name": null, "building:levels": null, "denomination": null, "name:fr": null, "layer": null, "barrier": null, "brand": null, "contact:email": null, "landuse": null, "name:it": null, "toilets:wheelchair": null, "addr:ghanapostgps": null, "alt_name:en": null, "addr:community": null, "building:material": null, "roof:material": null, "addr:country": null, "addr:place": null, "fax": null, "note": null, "opening_hours:visitors": null }, "geometry": { "type": "Polygon", "coordinates": [ [ [ -0.0143006, 5.736866 ], [ -0.0144294, 5.736874 ], [ -0.0144696, 5.7366231 ], [ -0.0142926, 5.7365937 ], [ -0.0143006, 5.736866 ] ] ] } },
{ "type": "Feature", "properties": { "element": "way", "id": 786576008, "amenity": "hospital", "name": "Ashongman Community Hospital", "opening_hours": null, "healthcare": "hospital", "addr:city": null, "addr:street": null, "healthcare:speciality": null, "disabled": null, "emergency": null, "operator": null, "addr:suburb": null, "phone": null, "type": null, "contact:phone": null, "contact:website": null, "check_date": null, "email": null, "operator:type": null, "ownership": null, "description": null, "addr:housenumber": null, "source": null, "fixme": null, "addr:full": null, "beds": null, "wikidata": null, "wikipedia": null, "short_name": null, "level": null, "dispensing": null, "electricity": null, "health_amenity:type": null, "insurance:health": null, "operational_status": null, "water_source": null, "wheelchair": null, "website": null, "branch": null, "internet_access": null, "payment:cash": null, "payment:cards": null, "payment:credit_cards": null, "payment:debit_cards": null, "addr:postcode": null, "addr:region": null, "contact:facebook": null, "operator:wikidata": null, "mobile": null, "name:ar": null, "alt_name": null, "building": null, "name:de": null, "internet_access:fee": null, "old_name": null, "name:en": null, "official_name": null, "building:levels": null, "denomination": null, "name:fr": null, "layer": null, "barrier": null, "brand": null, "contact:email": null, "landuse": null, "name:it": null, "toilets:wheelchair": null, "addr:ghanapostgps": null, "alt_name:en": null, "addr:community": null, "building:material": null, "roof:material": null, "addr:country": null, "addr:place": null, "fax": null, "note": null, "opening_hours:visitors": null }, "geometry": { "type": "Polygon", "coordinates": [ [ [ -0.2321906, 5.6854162 ], [ -0.2314982, 5.6855711 ], [ -0.2314305, 5.6852479 ], [ -0.2321478, 5.6851424 ], [ -0.2321906, 5.6854162 ] ] ] } },
{ "type": "Feature", "properties": { "element": "way", "id": 786579765, "amenity": "hospital", "name": "Mother of God Hospital", "opening_hours": null, "healthcare": "hospital", "addr:city": null, "addr:street": null, "healthcare:speciality": null, "disabled": null, "emergency": null, "operator": null, "addr:suburb": null, "phone": null, "type": null, "contact:phone": null, "contact:website": null, "check_date": null, "email": null, "operator:type": null, "ownership": null, "description": null, "addr:housenumber": null, "source": null, "fixme": null, "addr:full": null, "beds": null, "wikidata": null, "wikipedia": null, "short_name": null, "level": null, "dispensing": null, "electricity": null, "health_amenity:type": null, "insurance:health": null, "operational_status": null, "water_source": null, "wheelchair": null, "website": null, "branch": null, "internet_access": null, "payment:cash": null, "payment:cards": null, "payment:credit_cards": null, "payment:debit_cards": null, "addr:postcode": null, "addr:region": null, "contact:facebook": null, "operator:wikidata": null, "mobile": null, "name:ar": null, "alt_name": null, "building": null, "name:de": null, "internet_access:fee": null, "old_name": null, "name:en": null, "official_name": null, "building:levels": null, "denomination": null, "name:fr": null, "layer": null, "barrier": null, "brand": null, "contact:email": null, "landuse": null, "name:it": null, "toilets:wheelchair": null, "addr:ghanapostgps": null, "alt_name:en": null, "addr:community": null, "building:material": null, "roof:material": null, "addr:country": null, "addr:place": null, "fax": null, "note": null, "opening_hours:visitors": null }, "geometry": { "type": "Polygon", "coordinates": [ [ [ -0.0502079, 5.7112501 ], [ -0.0504504, 5.7110097 ], [ -0.0502882, 5.7108074 ], [ -0.0501989, 5.7107257 ], [ -0.0501292, 5.7106612 ], [ -0.0498973, 5.7109111 ], [ -0.0502079, 5.7112501 ] ] ] } },
{ "type": "Feature", "properties": { "element": "way", "id": 786581483, "amenity": "hospital", "name": "Tema Women's Hospital", "opening_hours": null, "healthcare": "hospital", "addr:city": null, "addr:street": null, "healthcare:speciality": null, "disabled": null, "emergency": null, "operator": null, "addr:suburb": null, "phone": null, "type": null, "contact:phone": null, "contact:website": null, "check_date": null, "email": null, "operator:type": null, "ownership": null, "description": null, "addr:housenumber": null, "source": null, "fixme": null, "addr:full": null, "beds": null, "wikidata": null, "wikipedia": null, "short_name": null, "level": null, "dispensing": null, "electricity": null, "health_amenity:type": null, "insurance:health": null, "operational_status": null, "water_source": null, "wheelchair": null, "website": null, "branch": null, "internet_access": null, "payment:cash": null, "payment:cards": null, "payment:credit_cards": null, "payment:debit_cards": null, "addr:postcode": null, "addr:region": null, "contact:facebook": null, "operator:wikidata": null, "mobile": null, "name:ar": null, "alt_name": null, "building": null, "name:de": null, "internet_access:fee": null, "old_name": null, "name:en": null, "official_name": null, "building:levels": null, "denomination": null, "name:fr": null, "layer": null, "barrier": null, "brand": null, "contact:email": null, "landuse": null, "name:it": null, "toilets:wheelchair": null, "addr:ghanapostgps": null, "alt_name:en": null, "addr:community": null, "building:material": null, "roof:material": null, "addr:country": null, "addr:place": null, "fax": null, "note": null, "opening_hours:visitors": null }, "geometry": { "type": "Polygon", "coordinates": [ [ [ -0.0191519, 5.6658848 ], [ -0.0188038, 5.6660183 ], [ -0.0186934, 5.6657135 ], [ -0.0186601, 5.6657255 ], [ -0.0185996, 5.6655583 ], [ -0.0189808, 5.6654037 ], [ -0.0191519, 5.6658848 ] ] ] } },
{ "type": "Feature", "properties": { "element": "way", "id": 786585321, "amenity": "hospital", "name": "West End Hospital", "opening_hours": null, "healthcare": "hospital", "addr:city": null, "addr:street": null, "healthcare:speciality": null, "disabled": null, "emergency": null, "operator": null, "addr:suburb": null, "phone": null, "type": null, "contact:phone": null, "contact:website": null, "check_date": null, "email": null, "operator:type": null, "ownership": null, "description": null, "addr:housenumber": null, "source": null, "fixme": null, "addr:full": null, "beds": null, "wikidata": null, "wikipedia": null, "short_name": null, "level": null, "dispensing": null, "electricity": null, "health_amenity:type": null, "insurance:health": null, "operational_status": null, "water_source": null, "wheelchair": null, "website": null, "branch": null, "internet_access": null, "payment:cash": null, "payment:cards": null, "payment:credit_cards": null, "payment:debit_cards": null, "addr:postcode": null, "addr:region": null, "contact:facebook": null, "operator:wikidata": null, "mobile": null, "name:ar": null, "alt_name": null, "building": null, "name:de": null, "internet_access:fee": null, "old_name": null, "name:en": null, "official_name": null, "building:levels": null, "denomination": null, "name:fr": null, "layer": null, "barrier": null, "brand": null, "contact:email": null, "landuse": null, "name:it": null, "toilets:wheelchair": null, "addr:ghanapostgps": null, "alt_name:en": null, "addr:community": null, "building:material": null, "roof:material": null, "addr:country": null, "addr:place": null, "fax": null, "note": null, "opening_hours:visitors": null }, "geometry": { "type": "Polygon", "coordinates": [ [ [ -1.6438125, 6.6836043 ], [ -1.6440951, 6.6835778 ], [ -1.6440761, 6.683379 ], [ -1.6437936, 6.6834055 ], [ -1.6438125, 6.6836043 ] ] ] } },
{ "type": "Feature", "properties": { "element": "way", "id": 786594781, "amenity": "hospital", "name": "Akumadan health centre", "opening_hours": "24/7", "healthcare": "hospital", "addr:city": null, "addr:street": "Kumasi - Techiman", "healthcare:speciality": null, "disabled": null, "emergency": null, "operator": null, "addr:suburb": null, "phone": null, "type": null, "contact:phone": null, "contact:website": null, "check_date": null, "email": null, "operator:type": null, "ownership": null, "description": null, "addr:housenumber": null, "source": null, "fixme": null, "addr:full": null, "beds": null, "wikidata": null, "wikipedia": null, "short_name": null, "level": null, "dispensing": null, "electricity": null, "health_amenity:type": null, "insurance:health": null, "operational_status": null, "water_source": null, "wheelchair": null, "website": null, "branch": null, "internet_access": null, "payment:cash": null, "payment:cards": null, "payment:credit_cards": null, "payment:debit_cards": null, "addr:postcode": null, "addr:region": null, "contact:facebook": null, "operator:wikidata": null, "mobile": null, "name:ar": null, "alt_name": null, "building": null, "name:de": null, "internet_access:fee": null, "old_name": null, "name:en": null, "official_name": null, "building:levels": null, "denomination": null, "name:fr": null, "layer": null, "barrier": null, "brand": null, "contact:email": null, "landuse": null, "name:it": null, "toilets:wheelchair": null, "addr:ghanapostgps": null, "alt_name:en": null, "addr:community": null, "building:material": null, "roof:material": null, "addr:country": null, "addr:place": null, "fax": null, "note": null, "opening_hours:visitors": null }, "geometry": { "type": "Polygon", "coordinates": [ [ [ -1.9616203, 7.4054117 ], [ -1.9610384, 7.406105 ], [ -1.9606776, 7.4062169 ], [ -1.9595724, 7.4054206 ], [ -1.959843, 7.4052104 ], [ -1.9599648, 7.4050941 ], [ -1.9606415, 7.405197 ], [ -1.9608625, 7.4049599 ], [ -1.9612098, 7.4052059 ], [ -1.9616203, 7.4054117 ] ] ] } },
{ "type": "Feature", "properties": { "element": "way", "id": 786595766, "amenity": "hospital", "name": "Comboni Hospital", "opening_hours": null, "healthcare": "hospital", "addr:city": null, "addr:street": null, "healthcare:speciality": null, "disabled": null, "emergency": null, "operator": null, "addr:suburb": null, "phone": null, "type": null, "contact:phone": null, "contact:website": null, "check_date": null, "email": null, "operator:type": null, "ownership": null, "description": null, "addr:housenumber": null, "source": null, "fixme": null, "addr:full": null, "beds": null, "wikidata": null, "wikipedia": null, "short_name": null, "level": null, "dispensing": null, "electricity": null, "health_amenity:type": null, "insurance:health": null, "operational_status": null, "water_source": null, "wheelchair": null, "website": null, "branch": null, "internet_access": null, "payment:cash": null, "payment:cards": null, "payment:credit_cards": null, "payment:debit_cards": null, "addr:postcode": null, "addr:region": null, "contact:facebook": null, "operator:wikidata": null, "mobile": null, "name:ar": null, "alt_name": null, "building": null, "name:de": null, "internet_access:fee": null, "old_name": null, "name:en": null, "official_name": null, "building:levels": null, "denomination": null, "name:fr": null, "layer": null, "barrier": null, "brand": null, "contact:email": null, "landuse": null, "name:it": null, "toilets:wheelchair": null, "addr:ghanapostgps": null, "alt_name:en": null, "addr:community": null, "building:material": null, "roof:material": null, "addr:country": null, "addr:place": null, "fax": null, "note": null, "opening_hours:visitors": null }, "geometry": { "type": "Polygon", "coordinates": [ [ [ 0.5850706, 6.0033296 ], [ 0.5849525, 6.0031424 ], [ 0.5842285, 6.00273 ], [ 0.584544, 6.0017299 ], [ 0.5852619, 6.0016071 ], [ 0.5857851, 6.0017815 ], [ 0.5855608, 6.002526 ], [ 0.5850706, 6.0033296 ] ] ] } },
{ "type": "Feature", "properties": { "element": "way", "id": 786598312, "amenity": "hospital", "name": "Ngleshie Amanfro Polyclinic", "opening_hours": null, "healthcare": "hospital", "addr:city": null, "addr:street": null, "healthcare:speciality": null, "disabled": null, "emergency": null, "operator": null, "addr:suburb": null, "phone": null, "type": null, "contact:phone": null, "contact:website": null, "check_date": null, "email": null, "operator:type": null, "ownership": null, "description": null, "addr:housenumber": null, "source": null, "fixme": null, "addr:full": null, "beds": null, "wikidata": null, "wikipedia": null, "short_name": null, "level": null, "dispensing": null, "electricity": null, "health_amenity:type": null, "insurance:health": null, "operational_status": null, "water_source": null, "wheelchair": null, "website": null, "branch": null, "internet_access": null, "payment:cash": null, "payment:cards": null, "payment:credit_cards": null, "payment:debit_cards": null, "addr:postcode": null, "addr:region": null, "contact:facebook": null, "operator:wikidata": null, "mobile": null, "name:ar": null, "alt_name": null, "building": null, "name:de": null, "internet_access:fee": null, "old_name": null, "name:en": "Ngleshie Amanfro Community Health Center", "official_name": null, "building:levels": null, "denomination": null, "name:fr": null, "layer": null, "barrier": null, "brand": null, "contact:email": null, "landuse": null, "name:it": null, "toilets:wheelchair": null, "addr:ghanapostgps": null, "alt_name:en": null, "addr:community": null, "building:material": null, "roof:material": null, "addr:country": null, "addr:place": null, "fax": null, "note": null, "opening_hours:visitors": null }, "geometry": { "type": "Polygon", "coordinates": [ [ [ -0.4117643, 5.5366693 ], [ -0.4117823, 5.536144 ], [ -0.4114124, 5.5362024 ], [ -0.4113808, 5.5359509 ], [ -0.4109162, 5.5360138 ], [ -0.4109252, 5.5363056 ], [ -0.4107764, 5.5363191 ], [ -0.4107944, 5.5367501 ], [ -0.4112591, 5.5367187 ], [ -0.4117643, 5.5366693 ] ] ] } },
{ "type": "Feature", "properties": { "element": "way", "id": 786599089, "amenity": "hospital", "name": "Nkenkaasu Government Hospital", "opening_hours": "24/7", "healthcare": "hospital", "addr:city": null, "addr:street": null, "healthcare:speciality": null, "disabled": null, "emergency": null, "operator": null, "addr:suburb": null, "phone": null, "type": null, "contact:phone": null, "contact:website": null, "check_date": null, "email": null, "operator:type": null, "ownership": null, "description": null, "addr:housenumber": null, "source": null, "fixme": null, "addr:full": null, "beds": null, "wikidata": null, "wikipedia": null, "short_name": null, "level": null, "dispensing": null, "electricity": null, "health_amenity:type": null, "insurance:health": null, "operational_status": null, "water_source": null, "wheelchair": null, "website": null, "branch": null, "internet_access": null, "payment:cash": null, "payment:cards": null, "payment:credit_cards": null, "payment:debit_cards": null, "addr:postcode": null, "addr:region": null, "contact:facebook": null, "operator:wikidata": null, "mobile": null, "name:ar": null, "alt_name": null, "building": null, "name:de": null, "internet_access:fee": null, "old_name": null, "name:en": null, "official_name": null, "building:levels": null, "denomination": null, "name:fr": null, "layer": null, "barrier": null, "brand": null, "contact:email": null, "landuse": null, "name:it": null, "toilets:wheelchair": null, "addr:ghanapostgps": null, "alt_name:en": null, "addr:community": null, "building:material": null, "roof:material": null, "addr:country": null, "addr:place": null, "fax": null, "note": null, "opening_hours:visitors": null }, "geometry": { "type": "Polygon", "coordinates": [ [ [ -1.903851, 7.3198253 ], [ -1.9034405, 7.318908 ], [ -1.9017353, 7.3193555 ], [ -1.9019293, 7.319785 ], [ -1.9023353, 7.3196776 ], [ -1.9025202, 7.3201384 ], [ -1.903851, 7.3198253 ] ] ] } },
{ "type": "Feature", "properties": { "element": "way", "id": 786941878, "amenity": "hospital", "name": "Ayiresu Chip Compound", "opening_hours": null, "healthcare": "hospital", "addr:city": null, "addr:street": null, "healthcare:speciality": null, "disabled": null, "emergency": null, "operator": "Government", "addr:suburb": null, "phone": null, "type": null, "contact:phone": null, "contact:website": null, "check_date": null, "email": null, "operator:type": null, "ownership": null, "description": null, "addr:housenumber": null, "source": null, "fixme": null, "addr:full": null, "beds": null, "wikidata": null, "wikipedia": null, "short_name": null, "level": null, "dispensing": null, "electricity": null, "health_amenity:type": null, "insurance:health": null, "operational_status": null, "water_source": null, "wheelchair": null, "website": null, "branch": null, "internet_access": null, "payment:cash": null, "payment:cards": null, "payment:credit_cards": null, "payment:debit_cards": null, "addr:postcode": null, "addr:region": null, "contact:facebook": null, "operator:wikidata": null, "mobile": null, "name:ar": null, "alt_name": null, "building": "hospital", "name:de": null, "internet_access:fee": null, "old_name": null, "name:en": "Ayiresu Chip Compound", "official_name": null, "building:levels": null, "denomination": null, "name:fr": null, "layer": null, "barrier": null, "brand": null, "contact:email": null, "landuse": null, "name:it": null, "toilets:wheelchair": null, "addr:ghanapostgps": null, "alt_name:en": null, "addr:community": null, "building:material": null, "roof:material": null, "addr:country": null, "addr:place": null, "fax": null, "note": null, "opening_hours:visitors": null }, "geometry": { "type": "Polygon", "coordinates": [ [ [ -0.5218835, 5.6212716 ], [ -0.5220262, 5.6211046 ], [ -0.5218906, 5.6210062 ], [ -0.5217609, 5.6211789 ], [ -0.5218835, 5.6212716 ] ] ] } },
{ "type": "Feature", "properties": { "element": "way", "id": 786943766, "amenity": "hospital", "name": "International Homeopatic Clinic", "opening_hours": null, "healthcare": "hospital", "addr:city": null, "addr:street": null, "healthcare:speciality": null, "disabled": null, "emergency": null, "operator": null, "addr:suburb": null, "phone": null, "type": null, "contact:phone": null, "contact:website": null, "check_date": null, "email": null, "operator:type": null, "ownership": null, "description": null, "addr:housenumber": null, "source": null, "fixme": null, "addr:full": null, "beds": null, "wikidata": null, "wikipedia": null, "short_name": null, "level": null, "dispensing": null, "electricity": null, "health_amenity:type": null, "insurance:health": null, "operational_status": null, "water_source": null, "wheelchair": null, "website": null, "branch": null, "internet_access": null, "payment:cash": null, "payment:cards": null, "payment:credit_cards": null, "payment:debit_cards": null, "addr:postcode": null, "addr:region": null, "contact:facebook": null, "operator:wikidata": null, "mobile": null, "name:ar": null, "alt_name": null, "building": null, "name:de": null, "internet_access:fee": null, "old_name": null, "name:en": null, "official_name": null, "building:levels": null, "denomination": null, "name:fr": null, "layer": null, "barrier": null, "brand": null, "contact:email": null, "landuse": null, "name:it": null, "toilets:wheelchair": null, "addr:ghanapostgps": null, "alt_name:en": null, "addr:community": null, "building:material": null, "roof:material": null, "addr:country": null, "addr:place": null, "fax": null, "note": null, "opening_hours:visitors": null }, "geometry": { "type": "Polygon", "coordinates": [ [ [ -0.1612372, 5.635789 ], [ -0.161193, 5.6353776 ], [ -0.1608428, 5.6354148 ], [ -0.160887, 5.6358263 ], [ -0.1612372, 5.635789 ] ] ] } },
{ "type": "Feature", "properties": { "element": "way", "id": 786943905, "amenity": "hospital", "name": "Bole District Hospital", "opening_hours": null, "healthcare": "hospital", "addr:city": null, "addr:street": null, "healthcare:speciality": null, "disabled": null, "emergency": null, "operator": null, "addr:suburb": null, "phone": null, "type": null, "contact:phone": null, "contact:website": null, "check_date": null, "email": null, "operator:type": null, "ownership": null, "description": null, "addr:housenumber": null, "source": null, "fixme": null, "addr:full": null, "beds": null, "wikidata": null, "wikipedia": null, "short_name": null, "level": null, "dispensing": null, "electricity": null, "health_amenity:type": null, "insurance:health": null, "operational_status": null, "water_source": null, "wheelchair": null, "website": null, "branch": null, "internet_access": null, "payment:cash": null, "payment:cards": null, "payment:credit_cards": null, "payment:debit_cards": null, "addr:postcode": null, "addr:region": null, "contact:facebook": null, "operator:wikidata": null, "mobile": null, "name:ar": null, "alt_name": null, "building": null, "name:de": null, "internet_access:fee": null, "old_name": null, "name:en": null, "official_name": null, "building:levels": null, "denomination": null, "name:fr": null, "layer": null, "barrier": null, "brand": null, "contact:email": null, "landuse": null, "name:it": null, "toilets:wheelchair": null, "addr:ghanapostgps": null, "alt_name:en": null, "addr:community": null, "building:material": null, "roof:material": null, "addr:country": null, "addr:place": null, "fax": null, "note": null, "opening_hours:visitors": null }, "geometry": { "type": "Polygon", "coordinates": [ [ [ -2.4985721, 9.0274478 ], [ -2.4982307, 9.0311116 ], [ -2.4959016, 9.0308943 ], [ -2.4957878, 9.0274178 ], [ -2.4985721, 9.0274478 ] ] ] } },
{ "type": "Feature", "properties": { "element": "way", "id": 786944629, "amenity": "hospital", "name": "Manhyia District Hospital", "opening_hours": null, "healthcare": "hospital", "addr:city": null, "addr:street": null, "healthcare:speciality": null, "disabled": null, "emergency": null, "operator": null, "addr:suburb": null, "phone": null, "type": null, "contact:phone": null, "contact:website": null, "check_date": null, "email": null, "operator:type": null, "ownership": null, "description": null, "addr:housenumber": null, "source": null, "fixme": null, "addr:full": null, "beds": null, "wikidata": null, "wikipedia": null, "short_name": null, "level": null, "dispensing": null, "electricity": null, "health_amenity:type": null, "insurance:health": null, "operational_status": null, "water_source": null, "wheelchair": null, "website": null, "branch": null, "internet_access": null, "payment:cash": null, "payment:cards": null, "payment:credit_cards": null, "payment:debit_cards": null, "addr:postcode": null, "addr:region": null, "contact:facebook": null, "operator:wikidata": null, "mobile": null, "name:ar": null, "alt_name": null, "building": null, "name:de": null, "internet_access:fee": null, "old_name": null, "name:en": null, "official_name": null, "building:levels": null, "denomination": null, "name:fr": null, "layer": null, "barrier": null, "brand": null, "contact:email": null, "landuse": null, "name:it": null, "toilets:wheelchair": null, "addr:ghanapostgps": null, "alt_name:en": null, "addr:community": null, "building:material": null, "roof:material": null, "addr:country": null, "addr:place": null, "fax": null, "note": null, "opening_hours:visitors": null }, "geometry": { "type": "Polygon", "coordinates": [ [ [ -1.6138598, 6.7022669 ], [ -1.6132373, 6.7017338 ], [ -1.6128584, 6.7015277 ], [ -1.6119156, 6.7033377 ], [ -1.6118119, 6.7035214 ], [ -1.6118119, 6.7036827 ], [ -1.6118434, 6.7038215 ], [ -1.6119562, 6.7039335 ], [ -1.61206, 6.7039783 ], [ -1.6122133, 6.7039201 ], [ -1.6123396, 6.7038663 ], [ -1.6125697, 6.7036468 ], [ -1.6128584, 6.7033646 ], [ -1.6131967, 6.7030465 ], [ -1.6135666, 6.7027194 ], [ -1.6136568, 6.7025895 ], [ -1.6138598, 6.7022669 ] ] ] } },
{ "type": "Feature", "properties": { "element": "way", "id": 786945525, "amenity": "hospital", "name": "Methodist Hospital Wenchi", "opening_hours": null, "healthcare": "hospital", "addr:city": null, "addr:street": null, "healthcare:speciality": null, "disabled": null, "emergency": null, "operator": null, "addr:suburb": null, "phone": null, "type": null, "contact:phone": null, "contact:website": null, "check_date": null, "email": null, "operator:type": null, "ownership": null, "description": null, "addr:housenumber": null, "source": null, "fixme": null, "addr:full": null, "beds": null, "wikidata": null, "wikipedia": null, "short_name": null, "level": null, "dispensing": null, "electricity": null, "health_amenity:type": null, "insurance:health": null, "operational_status": null, "water_source": null, "wheelchair": null, "website": null, "branch": null, "internet_access": null, "payment:cash": null, "payment:cards": null, "payment:credit_cards": null, "payment:debit_cards": null, "addr:postcode": null, "addr:region": null, "contact:facebook": null, "operator:wikidata": null, "mobile": null, "name:ar": null, "alt_name": null, "building": null, "name:de": null, "internet_access:fee": null, "old_name": null, "name:en": "Methodist Hospital Wenchi", "official_name": null, "building:levels": null, "denomination": null, "name:fr": null, "layer": null, "barrier": null, "brand": null, "contact:email": null, "landuse": null, "name:it": null, "toilets:wheelchair": null, "addr:ghanapostgps": null, "alt_name:en": null, "addr:community": null, "building:material": null, "roof:material": null, "addr:country": null, "addr:place": null, "fax": null, "note": null, "opening_hours:visitors": null }, "geometry": { "type": "Polygon", "coordinates": [ [ [ -2.1119845, 7.7387612 ], [ -2.1122178, 7.7379187 ], [ -2.1109625, 7.7374748 ], [ -2.1107292, 7.7373924 ], [ -2.1105387, 7.7378522 ], [ -2.110402, 7.7383572 ], [ -2.1110215, 7.7385937 ], [ -2.1115714, 7.7387027 ], [ -2.1119845, 7.7387612 ] ] ] } },
{ "type": "Feature", "properties": { "element": "way", "id": 787066117, "amenity": "hospital", "name": null, "opening_hours": null, "healthcare": "hospital", "addr:city": null, "addr:street": null, "healthcare:speciality": null, "disabled": null, "emergency": null, "operator": null, "addr:suburb": null, "phone": null, "type": null, "contact:phone": null, "contact:website": null, "check_date": null, "email": null, "operator:type": null, "ownership": null, "description": null, "addr:housenumber": null, "source": null, "fixme": null, "addr:full": null, "beds": null, "wikidata": null, "wikipedia": null, "short_name": null, "level": null, "dispensing": null, "electricity": null, "health_amenity:type": null, "insurance:health": null, "operational_status": null, "water_source": null, "wheelchair": null, "website": null, "branch": null, "internet_access": null, "payment:cash": null, "payment:cards": null, "payment:credit_cards": null, "payment:debit_cards": null, "addr:postcode": null, "addr:region": null, "contact:facebook": null, "operator:wikidata": null, "mobile": null, "name:ar": null, "alt_name": null, "building": "hospital", "name:de": null, "internet_access:fee": null, "old_name": null, "name:en": null, "official_name": null, "building:levels": null, "denomination": null, "name:fr": null, "layer": null, "barrier": null, "brand": null, "contact:email": null, "landuse": null, "name:it": null, "toilets:wheelchair": null, "addr:ghanapostgps": null, "alt_name:en": null, "addr:community": null, "building:material": null, "roof:material": null, "addr:country": null, "addr:place": null, "fax": null, "note": null, "opening_hours:visitors": null }, "geometry": { "type": "Polygon", "coordinates": [ [ [ -0.3876714, 5.5185452 ], [ -0.3876623, 5.5184432 ], [ -0.3875742, 5.518451 ], [ -0.3875832, 5.5185529 ], [ -0.3876714, 5.5185452 ] ] ] } },
{ "type": "Feature", "properties": { "element": "way", "id": 787070875, "amenity": "hospital", "name": "St. Mark Hospital", "opening_hours": null, "healthcare": "hospital", "addr:city": null, "addr:street": null, "healthcare:speciality": null, "disabled": null, "emergency": null, "operator": null, "addr:suburb": null, "phone": null, "type": null, "contact:phone": null, "contact:website": null, "check_date": null, "email": null, "operator:type": null, "ownership": null, "description": null, "addr:housenumber": null, "source": null, "fixme": null, "addr:full": null, "beds": null, "wikidata": null, "wikipedia": null, "short_name": null, "level": null, "dispensing": null, "electricity": null, "health_amenity:type": null, "insurance:health": null, "operational_status": null, "water_source": null, "wheelchair": null, "website": null, "branch": null, "internet_access": null, "payment:cash": null, "payment:cards": null, "payment:credit_cards": null, "payment:debit_cards": null, "addr:postcode": null, "addr:region": null, "contact:facebook": null, "operator:wikidata": null, "mobile": null, "name:ar": null, "alt_name": null, "building": null, "name:de": null, "internet_access:fee": null, "old_name": null, "name:en": null, "official_name": null, "building:levels": null, "denomination": null, "name:fr": null, "layer": null, "barrier": null, "brand": null, "contact:email": null, "landuse": null, "name:it": null, "toilets:wheelchair": null, "addr:ghanapostgps": null, "alt_name:en": null, "addr:community": null, "building:material": null, "roof:material": null, "addr:country": null, "addr:place": null, "fax": null, "note": null, "opening_hours:visitors": null }, "geometry": { "type": "Polygon", "coordinates": [ [ [ -1.7906779, 5.9673747 ], [ -1.7907879, 5.9681643 ], [ -1.7903775, 5.9681803 ], [ -1.7903158, 5.968135 ], [ -1.7902756, 5.9680203 ], [ -1.7901388, 5.9674414 ], [ -1.7906779, 5.9673747 ] ] ] } },
{ "type": "Feature", "properties": { "element": "way", "id": 787082375, "amenity": "hospital", "name": "Wassa Akropong District Hospital", "opening_hours": null, "healthcare": "hospital", "addr:city": null, "addr:street": null, "healthcare:speciality": null, "disabled": null, "emergency": null, "operator": null, "addr:suburb": null, "phone": null, "type": null, "contact:phone": null, "contact:website": null, "check_date": null, "email": null, "operator:type": null, "ownership": null, "description": null, "addr:housenumber": null, "source": "user note", "fixme": "Check location", "addr:full": null, "beds": null, "wikidata": null, "wikipedia": null, "short_name": null, "level": null, "dispensing": null, "electricity": null, "health_amenity:type": null, "insurance:health": null, "operational_status": null, "water_source": null, "wheelchair": null, "website": null, "branch": null, "internet_access": null, "payment:cash": null, "payment:cards": null, "payment:credit_cards": null, "payment:debit_cards": null, "addr:postcode": null, "addr:region": null, "contact:facebook": null, "operator:wikidata": null, "mobile": null, "name:ar": null, "alt_name": null, "building": null, "name:de": null, "internet_access:fee": null, "old_name": null, "name:en": null, "official_name": null, "building:levels": null, "denomination": null, "name:fr": null, "layer": null, "barrier": null, "brand": null, "contact:email": null, "landuse": null, "name:it": null, "toilets:wheelchair": null, "addr:ghanapostgps": null, "alt_name:en": null, "addr:community": null, "building:material": null, "roof:material": null, "addr:country": null, "addr:place": null, "fax": null, "note": null, "opening_hours:visitors": null }, "geometry": { "type": "Polygon", "coordinates": [ [ [ -2.0837853, 5.7818889 ], [ -2.084317, 5.781428 ], [ -2.0836504, 5.7806122 ], [ -2.0835681, 5.7805328 ], [ -2.0834658, 5.780667 ], [ -2.083126, 5.780847 ], [ -2.0829704, 5.7809098 ], [ -2.0837853, 5.7818889 ] ] ] } },
{ "type": "Feature", "properties": { "element": "way", "id": 787083822, "amenity": "hospital", "name": "Fetteh Hope Hospital", "opening_hours": null, "healthcare": "hospital", "addr:city": null, "addr:street": null, "healthcare:speciality": null, "disabled": null, "emergency": null, "operator": null, "addr:suburb": null, "phone": null, "type": null, "contact:phone": null, "contact:website": null, "check_date": null, "email": null, "operator:type": null, "ownership": null, "description": null, "addr:housenumber": null, "source": null, "fixme": null, "addr:full": null, "beds": null, "wikidata": null, "wikipedia": null, "short_name": null, "level": null, "dispensing": null, "electricity": null, "health_amenity:type": null, "insurance:health": null, "operational_status": null, "water_source": null, "wheelchair": null, "website": null, "branch": null, "internet_access": null, "payment:cash": null, "payment:cards": null, "payment:credit_cards": null, "payment:debit_cards": null, "addr:postcode": "0233", "addr:region": null, "contact:facebook": null, "operator:wikidata": null, "mobile": null, "name:ar": null, "alt_name": null, "building": null, "name:de": null, "internet_access:fee": null, "old_name": null, "name:en": "Fetteh Hope Hospital", "official_name": null, "building:levels": null, "denomination": null, "name:fr": null, "layer": null, "barrier": null, "brand": null, "contact:email": null, "landuse": null, "name:it": null, "toilets:wheelchair": null, "addr:ghanapostgps": null, "alt_name:en": null, "addr:community": null, "building:material": null, "roof:material": null, "addr:country": null, "addr:place": null, "fax": null, "note": null, "opening_hours:visitors": null }, "geometry": { "type": "Polygon", "coordinates": [ [ [ -0.4775174, 5.432089 ], [ -0.4766564, 5.4322866 ], [ -0.476694, 5.4314535 ], [ -0.4771285, 5.4314294 ], [ -0.4772411, 5.4314481 ], [ -0.4774074, 5.431587 ], [ -0.477512, 5.4316991 ], [ -0.4776301, 5.4319234 ], [ -0.4775979, 5.4320142 ], [ -0.4775174, 5.432089 ] ] ] } },
{ "type": "Feature", "properties": { "element": "way", "id": 787116015, "amenity": "hospital", "name": "Tarkwa Community Hospital", "opening_hours": null, "healthcare": "hospital", "addr:city": null, "addr:street": null, "healthcare:speciality": null, "disabled": null, "emergency": null, "operator": null, "addr:suburb": null, "phone": null, "type": null, "contact:phone": null, "contact:website": null, "check_date": null, "email": null, "operator:type": null, "ownership": null, "description": null, "addr:housenumber": null, "source": null, "fixme": null, "addr:full": null, "beds": null, "wikidata": null, "wikipedia": null, "short_name": null, "level": null, "dispensing": null, "electricity": null, "health_amenity:type": null, "insurance:health": null, "operational_status": null, "water_source": null, "wheelchair": null, "website": null, "branch": null, "internet_access": null, "payment:cash": null, "payment:cards": null, "payment:credit_cards": null, "payment:debit_cards": null, "addr:postcode": null, "addr:region": null, "contact:facebook": null, "operator:wikidata": null, "mobile": null, "name:ar": null, "alt_name": null, "building": null, "name:de": null, "internet_access:fee": null, "old_name": null, "name:en": null, "official_name": null, "building:levels": null, "denomination": null, "name:fr": null, "layer": null, "barrier": null, "brand": null, "contact:email": null, "landuse": null, "name:it": null, "toilets:wheelchair": null, "addr:ghanapostgps": null, "alt_name:en": null, "addr:community": null, "building:material": null, "roof:material": null, "addr:country": null, "addr:place": null, "fax": null, "note": null, "opening_hours:visitors": null }, "geometry": { "type": "Polygon", "coordinates": [ [ [ -1.9890941, 5.2997324 ], [ -1.9887883, 5.2995681 ], [ -1.9886435, 5.2998045 ], [ -1.9889626, 5.2999647 ], [ -1.9890941, 5.2997324 ] ] ] } },
{ "type": "Feature", "properties": { "element": "way", "id": 787118973, "amenity": "hospital", "name": "Nyameadom Maternity Home", "opening_hours": null, "healthcare": "hospital", "addr:city": "Dansoman", "addr:street": null, "healthcare:speciality": "paediatrics;midwifery", "disabled": null, "emergency": null, "operator": "Midwife Esi", "addr:suburb": null, "phone": null, "type": null, "contact:phone": null, "contact:website": null, "check_date": null, "email": null, "operator:type": "private", "ownership": null, "description": null, "addr:housenumber": null, "source": null, "fixme": null, "addr:full": null, "beds": null, "wikidata": null, "wikipedia": null, "short_name": null, "level": null, "dispensing": null, "electricity": null, "health_amenity:type": null, "insurance:health": null, "operational_status": null, "water_source": null, "wheelchair": null, "website": null, "branch": null, "internet_access": null, "payment:cash": null, "payment:cards": null, "payment:credit_cards": null, "payment:debit_cards": null, "addr:postcode": null, "addr:region": null, "contact:facebook": null, "operator:wikidata": null, "mobile": null, "name:ar": null, "alt_name": null, "building": null, "name:de": null, "internet_access:fee": null, "old_name": null, "name:en": null, "official_name": null, "building:levels": null, "denomination": null, "name:fr": null, "layer": null, "barrier": null, "brand": null, "contact:email": null, "landuse": null, "name:it": null, "toilets:wheelchair": null, "addr:ghanapostgps": null, "alt_name:en": null, "addr:community": null, "building:material": null, "roof:material": null, "addr:country": null, "addr:place": null, "fax": null, "note": null, "opening_hours:visitors": null }, "geometry": { "type": "Polygon", "coordinates": [ [ [ -0.2642063, 5.552038 ], [ -0.2642029, 5.5516897 ], [ -0.2644746, 5.5516872 ], [ -0.2644773, 5.551993 ], [ -0.2644777, 5.5520355 ], [ -0.2642063, 5.552038 ] ] ] } },
{ "type": "Feature", "properties": { "element": "way", "id": 787121870, "amenity": "hospital", "name": "Dr. Beecham's Central Dansoman Clinic", "opening_hours": null, "healthcare": "hospital", "addr:city": null, "addr:street": "Allotey Bulley Road", "healthcare:speciality": "general", "disabled": null, "emergency": "no", "operator": "Private", "addr:suburb": null, "phone": null, "type": null, "contact:phone": null, "contact:website": null, "check_date": null, "email": null, "operator:type": null, "ownership": null, "description": null, "addr:housenumber": null, "source": null, "fixme": null, "addr:full": null, "beds": null, "wikidata": null, "wikipedia": null, "short_name": null, "level": null, "dispensing": null, "electricity": null, "health_amenity:type": null, "insurance:health": null, "operational_status": null, "water_source": null, "wheelchair": null, "website": null, "branch": null, "internet_access": null, "payment:cash": null, "payment:cards": null, "payment:credit_cards": null, "payment:debit_cards": null, "addr:postcode": null, "addr:region": null, "contact:facebook": null, "operator:wikidata": null, "mobile": null, "name:ar": null, "alt_name": null, "building": null, "name:de": null, "internet_access:fee": null, "old_name": null, "name:en": null, "official_name": null, "building:levels": null, "denomination": null, "name:fr": null, "layer": null, "barrier": null, "brand": null, "contact:email": null, "landuse": null, "name:it": null, "toilets:wheelchair": null, "addr:ghanapostgps": null, "alt_name:en": null, "addr:community": null, "building:material": null, "roof:material": null, "addr:country": null, "addr:place": null, "fax": null, "note": null, "opening_hours:visitors": null }, "geometry": { "type": "Polygon", "coordinates": [ [ [ -0.2623398, 5.5521365 ], [ -0.2623161, 5.5524216 ], [ -0.2621131, 5.5524182 ], [ -0.2621187, 5.5521264 ], [ -0.2623398, 5.5521365 ] ] ] } },
{ "type": "Feature", "properties": { "element": "way", "id": 787122176, "amenity": "hospital", "name": "Bekwai Municipal Hospital", "opening_hours": null, "healthcare": "hospital", "addr:city": null, "addr:street": null, "healthcare:speciality": null, "disabled": null, "emergency": null, "operator": "Government", "addr:suburb": null, "phone": null, "type": null, "contact:phone": null, "contact:website": null, "check_date": null, "email": null, "operator:type": null, "ownership": null, "description": null, "addr:housenumber": null, "source": null, "fixme": null, "addr:full": null, "beds": null, "wikidata": null, "wikipedia": null, "short_name": null, "level": null, "dispensing": null, "electricity": null, "health_amenity:type": null, "insurance:health": null, "operational_status": null, "water_source": null, "wheelchair": null, "website": null, "branch": null, "internet_access": null, "payment:cash": null, "payment:cards": null, "payment:credit_cards": null, "payment:debit_cards": null, "addr:postcode": null, "addr:region": null, "contact:facebook": null, "operator:wikidata": null, "mobile": null, "name:ar": null, "alt_name": null, "building": null, "name:de": null, "internet_access:fee": null, "old_name": null, "name:en": null, "official_name": null, "building:levels": null, "denomination": null, "name:fr": null, "layer": null, "barrier": null, "brand": null, "contact:email": null, "landuse": null, "name:it": null, "toilets:wheelchair": null, "addr:ghanapostgps": null, "alt_name:en": null, "addr:community": null, "building:material": null, "roof:material": null, "addr:country": null, "addr:place": null, "fax": null, "note": null, "opening_hours:visitors": null }, "geometry": { "type": "Polygon", "coordinates": [ [ [ -1.5794167, 6.4554437 ], [ -1.579439, 6.4557892 ], [ -1.5795379, 6.4563787 ], [ -1.5793656, 6.4565657 ], [ -1.5784566, 6.4564072 ], [ -1.57838, 6.4563819 ], [ -1.5783673, 6.4563248 ], [ -1.5784853, 6.4554691 ], [ -1.5794167, 6.4554437 ] ] ] } },
{ "type": "Feature", "properties": { "element": "way", "id": 787124186, "amenity": "hospital", "name": "Bekwai Matenity", "opening_hours": null, "healthcare": "hospital", "addr:city": null, "addr:street": null, "healthcare:speciality": null, "disabled": null, "emergency": null, "operator": "Government", "addr:suburb": null, "phone": null, "type": null, "contact:phone": null, "contact:website": null, "check_date": null, "email": null, "operator:type": null, "ownership": null, "description": null, "addr:housenumber": null, "source": null, "fixme": null, "addr:full": null, "beds": null, "wikidata": null, "wikipedia": null, "short_name": null, "level": null, "dispensing": null, "electricity": null, "health_amenity:type": null, "insurance:health": null, "operational_status": null, "water_source": null, "wheelchair": null, "website": null, "branch": null, "internet_access": null, "payment:cash": null, "payment:cards": null, "payment:credit_cards": null, "payment:debit_cards": null, "addr:postcode": null, "addr:region": null, "contact:facebook": null, "operator:wikidata": null, "mobile": null, "name:ar": null, "alt_name": null, "building": null, "name:de": null, "internet_access:fee": null, "old_name": null, "name:en": null, "official_name": null, "building:levels": null, "denomination": null, "name:fr": null, "layer": null, "barrier": null, "brand": null, "contact:email": null, "landuse": null, "name:it": null, "toilets:wheelchair": null, "addr:ghanapostgps": null, "alt_name:en": null, "addr:community": null, "building:material": null, "roof:material": null, "addr:country": null, "addr:place": null, "fax": null, "note": null, "opening_hours:visitors": null }, "geometry": { "type": "Polygon", "coordinates": [ [ [ -1.5785576, 6.455359 ], [ -1.5787814, 6.455342 ], [ -1.5787434, 6.4549783 ], [ -1.578512, 6.4550047 ], [ -1.5785253, 6.455359 ], [ -1.5785576, 6.455359 ] ] ] } },
{ "type": "Feature", "properties": { "element": "way", "id": 787125398, "amenity": "hospital", "name": "Ahwenie Memorial Hospital", "opening_hours": null, "healthcare": "hospital", "addr:city": null, "addr:street": null, "healthcare:speciality": null, "disabled": null, "emergency": null, "operator": null, "addr:suburb": null, "phone": null, "type": null, "contact:phone": null, "contact:website": null, "check_date": null, "email": null, "operator:type": null, "ownership": null, "description": null, "addr:housenumber": null, "source": null, "fixme": null, "addr:full": null, "beds": null, "wikidata": null, "wikipedia": null, "short_name": null, "level": null, "dispensing": null, "electricity": null, "health_amenity:type": null, "insurance:health": null, "operational_status": null, "water_source": null, "wheelchair": null, "website": null, "branch": null, "internet_access": null, "payment:cash": null, "payment:cards": null, "payment:credit_cards": null, "payment:debit_cards": null, "addr:postcode": null, "addr:region": null, "contact:facebook": null, "operator:wikidata": null, "mobile": null, "name:ar": null, "alt_name": null, "building": null, "name:de": null, "internet_access:fee": null, "old_name": null, "name:en": null, "official_name": null, "building:levels": null, "denomination": null, "name:fr": null, "layer": null, "barrier": null, "brand": null, "contact:email": null, "landuse": null, "name:it": null, "toilets:wheelchair": null, "addr:ghanapostgps": null, "alt_name:en": null, "addr:community": null, "building:material": null, "roof:material": null, "addr:country": null, "addr:place": null, "fax": null, "note": null, "opening_hours:visitors": null }, "geometry": { "type": "Polygon", "coordinates": [ [ [ -1.5703866, 6.4553349 ], [ -1.5699038, 6.4547859 ], [ -1.5701774, 6.4547379 ], [ -1.5703356, 6.4547006 ], [ -1.5704724, 6.4546606 ], [ -1.5706092, 6.454674 ], [ -1.5710116, 6.4548099 ], [ -1.5708158, 6.4549858 ], [ -1.5706039, 6.4551724 ], [ -1.5703866, 6.4553349 ] ] ] } },
{ "type": "Feature", "properties": { "element": "way", "id": 787126092, "amenity": "hospital", "name": "Ahmadiyya Muslim Hospital", "opening_hours": null, "healthcare": "hospital", "addr:city": "Agona Swedru", "addr:street": null, "healthcare:speciality": null, "disabled": null, "emergency": null, "operator": null, "addr:suburb": null, "phone": null, "type": null, "contact:phone": null, "contact:website": null, "check_date": null, "email": null, "operator:type": null, "ownership": null, "description": null, "addr:housenumber": null, "source": null, "fixme": null, "addr:full": null, "beds": null, "wikidata": null, "wikipedia": null, "short_name": null, "level": null, "dispensing": null, "electricity": null, "health_amenity:type": null, "insurance:health": null, "operational_status": null, "water_source": null, "wheelchair": null, "website": null, "branch": null, "internet_access": null, "payment:cash": null, "payment:cards": null, "payment:credit_cards": null, "payment:debit_cards": null, "addr:postcode": null, "addr:region": null, "contact:facebook": null, "operator:wikidata": null, "mobile": null, "name:ar": null, "alt_name": null, "building": null, "name:de": null, "internet_access:fee": null, "old_name": null, "name:en": null, "official_name": null, "building:levels": null, "denomination": null, "name:fr": null, "layer": null, "barrier": null, "brand": null, "contact:email": null, "landuse": null, "name:it": null, "toilets:wheelchair": null, "addr:ghanapostgps": null, "alt_name:en": null, "addr:community": null, "building:material": null, "roof:material": null, "addr:country": "GH", "addr:place": null, "fax": null, "note": null, "opening_hours:visitors": null }, "geometry": { "type": "Polygon", "coordinates": [ [ [ -0.6992745, 5.5383424 ], [ -0.6999087, 5.5383368 ], [ -0.6999115, 5.5386567 ], [ -0.6995903, 5.5386595 ], [ -0.6995912, 5.5387592 ], [ -0.6992783, 5.538762 ], [ -0.6992745, 5.5383424 ] ] ] } },
{ "type": "Feature", "properties": { "element": "way", "id": 787135678, "amenity": "hospital", "name": "Dr. Larbi Clinic", "opening_hours": null, "healthcare": "hospital", "addr:city": null, "addr:street": null, "healthcare:speciality": null, "disabled": null, "emergency": null, "operator": "Dr. Larbi", "addr:suburb": null, "phone": null, "type": null, "contact:phone": null, "contact:website": null, "check_date": null, "email": null, "operator:type": null, "ownership": null, "description": null, "addr:housenumber": null, "source": null, "fixme": null, "addr:full": null, "beds": null, "wikidata": null, "wikipedia": null, "short_name": null, "level": null, "dispensing": null, "electricity": null, "health_amenity:type": null, "insurance:health": null, "operational_status": null, "water_source": null, "wheelchair": null, "website": null, "branch": null, "internet_access": null, "payment:cash": null, "payment:cards": null, "payment:credit_cards": null, "payment:debit_cards": null, "addr:postcode": null, "addr:region": null, "contact:facebook": null, "operator:wikidata": null, "mobile": null, "name:ar": null, "alt_name": null, "building": null, "name:de": null, "internet_access:fee": null, "old_name": null, "name:en": null, "official_name": null, "building:levels": null, "denomination": null, "name:fr": null, "layer": null, "barrier": null, "brand": null, "contact:email": null, "landuse": null, "name:it": null, "toilets:wheelchair": null, "addr:ghanapostgps": null, "alt_name:en": null, "addr:community": null, "building:material": null, "roof:material": null, "addr:country": null, "addr:place": null, "fax": null, "note": null, "opening_hours:visitors": null }, "geometry": { "type": "Polygon", "coordinates": [ [ [ -2.5935654, 7.4434801 ], [ -2.59373, 7.4435651 ], [ -2.593915, 7.4435047 ], [ -2.5940661, 7.4434689 ], [ -2.5942217, 7.4436903 ], [ -2.59426, 7.4438715 ], [ -2.5941991, 7.44399 ], [ -2.5940751, 7.4440795 ], [ -2.593765, 7.44425 ], [ -2.5935715, 7.4443065 ], [ -2.5933913, 7.4443121 ], [ -2.5932472, 7.444267 ], [ -2.5930727, 7.4441786 ], [ -2.5929039, 7.4440996 ], [ -2.5928717, 7.4440507 ], [ -2.5935654, 7.4434801 ] ] ] } },
{ "type": "Feature", "properties": { "element": "way", "id": 787138508, "amenity": "hospital", "name": "Asafo Agyei Hospital", "opening_hours": null, "healthcare": "hospital", "addr:city": "Kumasi", "addr:street": "Melcom Road", "healthcare:speciality": "general", "disabled": null, "emergency": null, "operator": "Dr. Asafo Agyei", "addr:suburb": null, "phone": null, "type": null, "contact:phone": null, "contact:website": null, "check_date": null, "email": null, "operator:type": null, "ownership": null, "description": null, "addr:housenumber": null, "source": null, "fixme": null, "addr:full": null, "beds": null, "wikidata": null, "wikipedia": null, "short_name": null, "level": null, "dispensing": null, "electricity": null, "health_amenity:type": null, "insurance:health": null, "operational_status": null, "water_source": null, "wheelchair": null, "website": null, "branch": null, "internet_access": null, "payment:cash": null, "payment:cards": null, "payment:credit_cards": null, "payment:debit_cards": null, "addr:postcode": null, "addr:region": null, "contact:facebook": null, "operator:wikidata": null, "mobile": null, "name:ar": null, "alt_name": null, "building": null, "name:de": null, "internet_access:fee": null, "old_name": null, "name:en": null, "official_name": null, "building:levels": null, "denomination": null, "name:fr": null, "layer": null, "barrier": null, "brand": null, "contact:email": null, "landuse": null, "name:it": null, "toilets:wheelchair": null, "addr:ghanapostgps": null, "alt_name:en": null, "addr:community": null, "building:material": null, "roof:material": null, "addr:country": null, "addr:place": null, "fax": null, "note": null, "opening_hours:visitors": null }, "geometry": { "type": "Polygon", "coordinates": [ [ [ -1.6193286, 6.6424544 ], [ -1.6183335, 6.6422625 ], [ -1.6184542, 6.6415938 ], [ -1.6195781, 6.6417643 ], [ -1.6193286, 6.6424544 ] ] ] } },
{ "type": "Feature", "properties": { "element": "way", "id": 787138905, "amenity": "hospital", "name": "Twumasiwaa Hospital", "opening_hours": null, "healthcare": "hospital", "addr:city": null, "addr:street": null, "healthcare:speciality": null, "disabled": null, "emergency": null, "operator": null, "addr:suburb": null, "phone": null, "type": null, "contact:phone": null, "contact:website": null, "check_date": null, "email": null, "operator:type": null, "ownership": null, "description": null, "addr:housenumber": null, "source": null, "fixme": null, "addr:full": null, "beds": null, "wikidata": null, "wikipedia": null, "short_name": null, "level": null, "dispensing": null, "electricity": null, "health_amenity:type": null, "insurance:health": null, "operational_status": null, "water_source": null, "wheelchair": null, "website": null, "branch": null, "internet_access": null, "payment:cash": null, "payment:cards": null, "payment:credit_cards": null, "payment:debit_cards": null, "addr:postcode": null, "addr:region": null, "contact:facebook": null, "operator:wikidata": null, "mobile": null, "name:ar": null, "alt_name": null, "building": null, "name:de": null, "internet_access:fee": null, "old_name": null, "name:en": null, "official_name": null, "building:levels": null, "denomination": null, "name:fr": null, "layer": null, "barrier": null, "brand": null, "contact:email": null, "landuse": null, "name:it": null, "toilets:wheelchair": null, "addr:ghanapostgps": null, "alt_name:en": null, "addr:community": null, "building:material": null, "roof:material": null, "addr:country": null, "addr:place": null, "fax": null, "note": null, "opening_hours:visitors": null }, "geometry": { "type": "Polygon", "coordinates": [ [ [ -0.1483679, 5.6598234 ], [ -0.1483706, 5.6592575 ], [ -0.1478073, 5.6592522 ], [ -0.1478073, 5.6598207 ], [ -0.1483679, 5.6598234 ] ] ] } },
{ "type": "Feature", "properties": { "element": "way", "id": 787139418, "amenity": "hospital", "name": "La General Hospital", "opening_hours": "24/7", "healthcare": "hospital", "addr:city": null, "addr:street": null, "healthcare:speciality": null, "disabled": null, "emergency": null, "operator": null, "addr:suburb": null, "phone": null, "type": null, "contact:phone": null, "contact:website": null, "check_date": null, "email": null, "operator:type": null, "ownership": null, "description": null, "addr:housenumber": null, "source": null, "fixme": null, "addr:full": null, "beds": null, "wikidata": "Q59882197", "wikipedia": null, "short_name": null, "level": null, "dispensing": null, "electricity": null, "health_amenity:type": null, "insurance:health": null, "operational_status": null, "water_source": null, "wheelchair": null, "website": null, "branch": null, "internet_access": null, "payment:cash": null, "payment:cards": null, "payment:credit_cards": null, "payment:debit_cards": null, "addr:postcode": null, "addr:region": null, "contact:facebook": null, "operator:wikidata": null, "mobile": null, "name:ar": null, "alt_name": null, "building": null, "name:de": null, "internet_access:fee": null, "old_name": null, "name:en": null, "official_name": null, "building:levels": null, "denomination": null, "name:fr": null, "layer": null, "barrier": null, "brand": null, "contact:email": null, "landuse": null, "name:it": "La General", "toilets:wheelchair": null, "addr:ghanapostgps": null, "alt_name:en": null, "addr:community": null, "building:material": null, "roof:material": null, "addr:country": null, "addr:place": null, "fax": null, "note": null, "opening_hours:visitors": null }, "geometry": { "type": "Polygon", "coordinates": [ [ [ -0.1670641, 5.5561062 ], [ -0.1667341, 5.5544715 ], [ -0.1659261, 5.5547773 ], [ -0.1659602, 5.5549019 ], [ -0.1664913, 5.5563252 ], [ -0.1670641, 5.5561062 ] ] ] } },
{ "type": "Feature", "properties": { "element": "way", "id": 787139863, "amenity": "hospital", "name": "Nova Surgery Center", "opening_hours": null, "healthcare": "hospital", "addr:city": null, "addr:street": null, "healthcare:speciality": null, "disabled": null, "emergency": null, "operator": null, "addr:suburb": null, "phone": null, "type": null, "contact:phone": null, "contact:website": null, "check_date": null, "email": null, "operator:type": null, "ownership": null, "description": null, "addr:housenumber": null, "source": null, "fixme": null, "addr:full": null, "beds": null, "wikidata": null, "wikipedia": null, "short_name": null, "level": null, "dispensing": null, "electricity": null, "health_amenity:type": null, "insurance:health": null, "operational_status": null, "water_source": null, "wheelchair": null, "website": null, "branch": null, "internet_access": null, "payment:cash": null, "payment:cards": null, "payment:credit_cards": null, "payment:debit_cards": null, "addr:postcode": null, "addr:region": null, "contact:facebook": null, "operator:wikidata": null, "mobile": null, "name:ar": null, "alt_name": null, "building": null, "name:de": null, "internet_access:fee": null, "old_name": null, "name:en": null, "official_name": null, "building:levels": null, "denomination": null, "name:fr": null, "layer": null, "barrier": null, "brand": null, "contact:email": null, "landuse": null, "name:it": null, "toilets:wheelchair": null, "addr:ghanapostgps": null, "alt_name:en": null, "addr:community": null, "building:material": null, "roof:material": null, "addr:country": null, "addr:place": null, "fax": null, "note": null, "opening_hours:visitors": null }, "geometry": { "type": "Polygon", "coordinates": [ [ [ -0.134284, 5.6533308 ], [ -0.1346346, 5.6531016 ], [ -0.1344746, 5.6528593 ], [ -0.134124, 5.6530885 ], [ -0.134284, 5.6533308 ] ] ] } },
{ "type": "Feature", "properties": { "element": "way", "id": 787149445, "amenity": "hospital", "name": "Afrikids Clinic", "opening_hours": null, "healthcare": "hospital", "addr:city": null, "addr:street": null, "healthcare:speciality": null, "disabled": null, "emergency": null, "operator": null, "addr:suburb": null, "phone": null, "type": null, "contact:phone": null, "contact:website": null, "check_date": null, "email": null, "operator:type": null, "ownership": null, "description": null, "addr:housenumber": null, "source": null, "fixme": null, "addr:full": null, "beds": null, "wikidata": null, "wikipedia": null, "short_name": null, "level": null, "dispensing": null, "electricity": null, "health_amenity:type": null, "insurance:health": null, "operational_status": null, "water_source": null, "wheelchair": null, "website": null, "branch": null, "internet_access": null, "payment:cash": null, "payment:cards": null, "payment:credit_cards": null, "payment:debit_cards": null, "addr:postcode": null, "addr:region": null, "contact:facebook": null, "operator:wikidata": null, "mobile": null, "name:ar": null, "alt_name": null, "building": null, "name:de": null, "internet_access:fee": null, "old_name": null, "name:en": null, "official_name": null, "building:levels": null, "denomination": null, "name:fr": null, "layer": null, "barrier": null, "brand": null, "contact:email": null, "landuse": null, "name:it": null, "toilets:wheelchair": null, "addr:ghanapostgps": null, "alt_name:en": null, "addr:community": null, "building:material": null, "roof:material": null, "addr:country": null, "addr:place": null, "fax": null, "note": null, "opening_hours:visitors": null }, "geometry": { "type": "Polygon", "coordinates": [ [ [ -0.8416042, 10.7893061 ], [ -0.8409873, 10.7894959 ], [ -0.8407083, 10.7888688 ], [ -0.841234, 10.7886738 ], [ -0.8416042, 10.7893061 ] ] ] } },
{ "type": "Feature", "properties": { "element": "way", "id": 787154488, "amenity": "hospital", "name": "Axim Governmenr Hospital", "opening_hours": null, "healthcare": "hospital", "addr:city": null, "addr:street": null, "healthcare:speciality": null, "disabled": null, "emergency": null, "operator": null, "addr:suburb": null, "phone": null, "type": null, "contact:phone": null, "contact:website": null, "check_date": null, "email": null, "operator:type": null, "ownership": null, "description": null, "addr:housenumber": null, "source": null, "fixme": null, "addr:full": null, "beds": null, "wikidata": null, "wikipedia": null, "short_name": null, "level": null, "dispensing": null, "electricity": null, "health_amenity:type": null, "insurance:health": null, "operational_status": null, "water_source": null, "wheelchair": null, "website": null, "branch": null, "internet_access": null, "payment:cash": null, "payment:cards": null, "payment:credit_cards": null, "payment:debit_cards": null, "addr:postcode": null, "addr:region": null, "contact:facebook": null, "operator:wikidata": null, "mobile": null, "name:ar": null, "alt_name": null, "building": null, "name:de": null, "internet_access:fee": null, "old_name": null, "name:en": null, "official_name": null, "building:levels": null, "denomination": null, "name:fr": null, "layer": null, "barrier": null, "brand": null, "contact:email": null, "landuse": null, "name:it": null, "toilets:wheelchair": null, "addr:ghanapostgps": null, "alt_name:en": null, "addr:community": null, "building:material": null, "roof:material": null, "addr:country": null, "addr:place": null, "fax": null, "note": null, "opening_hours:visitors": null }, "geometry": { "type": "Polygon", "coordinates": [ [ [ -2.2385983, 4.8674381 ], [ -2.2386552, 4.8663005 ], [ -2.2381137, 4.8662495 ], [ -2.2379041, 4.8662173 ], [ -2.2378245, 4.8660888 ], [ -2.237062, 4.8662703 ], [ -2.2370734, 4.8665424 ], [ -2.2371758, 4.8665953 ], [ -2.2372555, 4.8667503 ], [ -2.2372138, 4.8668825 ], [ -2.2371151, 4.8669733 ], [ -2.2370431, 4.8670375 ], [ -2.2374338, 4.8673134 ], [ -2.2377372, 4.867389 ], [ -2.2385983, 4.8674381 ] ] ] } },
{ "type": "Feature", "properties": { "element": "way", "id": 787168371, "amenity": "hospital", "name": "Amiah Hospital", "opening_hours": null, "healthcare": "hospital", "addr:city": null, "addr:street": null, "healthcare:speciality": null, "disabled": null, "emergency": null, "operator": null, "addr:suburb": null, "phone": null, "type": null, "contact:phone": null, "contact:website": null, "check_date": null, "email": null, "operator:type": null, "ownership": null, "description": null, "addr:housenumber": null, "source": null, "fixme": null, "addr:full": null, "beds": null, "wikidata": null, "wikipedia": null, "short_name": null, "level": null, "dispensing": null, "electricity": null, "health_amenity:type": null, "insurance:health": null, "operational_status": null, "water_source": null, "wheelchair": null, "website": null, "branch": null, "internet_access": null, "payment:cash": null, "payment:cards": null, "payment:credit_cards": null, "payment:debit_cards": null, "addr:postcode": null, "addr:region": null, "contact:facebook": null, "operator:wikidata": null, "mobile": null, "name:ar": null, "alt_name": null, "building": null, "name:de": "Amiah Krankenhaus", "internet_access:fee": null, "old_name": null, "name:en": null, "official_name": null, "building:levels": null, "denomination": null, "name:fr": null, "layer": null, "barrier": null, "brand": null, "contact:email": null, "landuse": null, "name:it": null, "toilets:wheelchair": null, "addr:ghanapostgps": null, "alt_name:en": null, "addr:community": null, "building:material": null, "roof:material": null, "addr:country": null, "addr:place": null, "fax": null, "note": null, "opening_hours:visitors": null }, "geometry": { "type": "Polygon", "coordinates": [ [ [ -0.8511139, 10.8092046 ], [ -0.8507813, 10.8087541 ], [ -0.8505051, 10.8090281 ], [ -0.8503576, 10.8090703 ], [ -0.8502878, 10.8091045 ], [ -0.8504353, 10.8092257 ], [ -0.8507518, 10.8095735 ], [ -0.8509262, 10.8093996 ], [ -0.8511139, 10.8092046 ] ] ] } },
{ "type": "Feature", "properties": { "element": "way", "id": 787171744, "amenity": "hospital", "name": "Yentumi Boaitey Memorial Hospital", "opening_hours": null, "healthcare": "hospital", "addr:city": null, "addr:street": null, "healthcare:speciality": null, "disabled": null, "emergency": null, "operator": null, "addr:suburb": null, "phone": null, "type": null, "contact:phone": null, "contact:website": null, "check_date": null, "email": null, "operator:type": null, "ownership": null, "description": null, "addr:housenumber": null, "source": null, "fixme": null, "addr:full": null, "beds": null, "wikidata": null, "wikipedia": null, "short_name": null, "level": null, "dispensing": null, "electricity": null, "health_amenity:type": null, "insurance:health": null, "operational_status": null, "water_source": null, "wheelchair": null, "website": null, "branch": null, "internet_access": null, "payment:cash": null, "payment:cards": null, "payment:credit_cards": null, "payment:debit_cards": null, "addr:postcode": null, "addr:region": null, "contact:facebook": null, "operator:wikidata": null, "mobile": null, "name:ar": null, "alt_name": null, "building": null, "name:de": null, "internet_access:fee": null, "old_name": null, "name:en": null, "official_name": null, "building:levels": null, "denomination": null, "name:fr": null, "layer": null, "barrier": null, "brand": null, "contact:email": null, "landuse": null, "name:it": null, "toilets:wheelchair": null, "addr:ghanapostgps": null, "alt_name:en": null, "addr:community": null, "building:material": null, "roof:material": null, "addr:country": null, "addr:place": null, "fax": null, "note": null, "opening_hours:visitors": null }, "geometry": { "type": "Polygon", "coordinates": [ [ [ -1.5851744, 6.686992 ], [ -1.5852007, 6.686626 ], [ -1.5849061, 6.6866051 ], [ -1.5848798, 6.6869711 ], [ -1.5851744, 6.686992 ] ] ] } },
{ "type": "Feature", "properties": { "element": "way", "id": 787174959, "amenity": "hospital", "name": "Euracare", "opening_hours": null, "healthcare": "hospital", "addr:city": null, "addr:street": null, "healthcare:speciality": null, "disabled": null, "emergency": null, "operator": null, "addr:suburb": null, "phone": "0500809024", "type": null, "contact:phone": null, "contact:website": null, "check_date": null, "email": null, "operator:type": null, "ownership": null, "description": null, "addr:housenumber": null, "source": null, "fixme": null, "addr:full": null, "beds": null, "wikidata": null, "wikipedia": null, "short_name": null, "level": null, "dispensing": null, "electricity": null, "health_amenity:type": null, "insurance:health": null, "operational_status": null, "water_source": null, "wheelchair": null, "website": null, "branch": null, "internet_access": null, "payment:cash": null, "payment:cards": null, "payment:credit_cards": null, "payment:debit_cards": null, "addr:postcode": null, "addr:region": null, "contact:facebook": null, "operator:wikidata": null, "mobile": null, "name:ar": null, "alt_name": null, "building": null, "name:de": null, "internet_access:fee": null, "old_name": null, "name:en": null, "official_name": null, "building:levels": null, "denomination": null, "name:fr": null, "layer": null, "barrier": null, "brand": null, "contact:email": null, "landuse": null, "name:it": null, "toilets:wheelchair": null, "addr:ghanapostgps": null, "alt_name:en": null, "addr:community": null, "building:material": null, "roof:material": null, "addr:country": null, "addr:place": null, "fax": null, "note": null, "opening_hours:visitors": null }, "geometry": { "type": "Polygon", "coordinates": [ [ [ -0.1764129, 5.5706976 ], [ -0.1766435, 5.5704547 ], [ -0.1769064, 5.5705268 ], [ -0.1769493, 5.5701904 ], [ -0.1765362, 5.5701744 ], [ -0.1765389, 5.570412 ], [ -0.1765738, 5.5704467 ], [ -0.176378, 5.5706549 ], [ -0.1764129, 5.5706976 ] ] ] } },
{ "type": "Feature", "properties": { "element": "way", "id": 787175812, "amenity": "hospital", "name": "Peki Government Hospital", "opening_hours": null, "healthcare": "hospital", "addr:city": null, "addr:street": null, "healthcare:speciality": null, "disabled": null, "emergency": null, "operator": "Ghana Health Service", "addr:suburb": null, "phone": null, "type": null, "contact:phone": null, "contact:website": null, "check_date": null, "email": null, "operator:type": null, "ownership": null, "description": null, "addr:housenumber": null, "source": null, "fixme": "local knowlege required", "addr:full": null, "beds": null, "wikidata": null, "wikipedia": null, "short_name": null, "level": null, "dispensing": null, "electricity": null, "health_amenity:type": null, "insurance:health": null, "operational_status": null, "water_source": null, "wheelchair": null, "website": null, "branch": null, "internet_access": null, "payment:cash": null, "payment:cards": null, "payment:credit_cards": null, "payment:debit_cards": null, "addr:postcode": null, "addr:region": null, "contact:facebook": null, "operator:wikidata": null, "mobile": null, "name:ar": null, "alt_name": null, "building": null, "name:de": null, "internet_access:fee": null, "old_name": null, "name:en": null, "official_name": null, "building:levels": null, "denomination": null, "name:fr": null, "layer": null, "barrier": null, "brand": null, "contact:email": null, "landuse": null, "name:it": null, "toilets:wheelchair": null, "addr:ghanapostgps": null, "alt_name:en": null, "addr:community": null, "building:material": null, "roof:material": null, "addr:country": null, "addr:place": null, "fax": null, "note": null, "opening_hours:visitors": null }, "geometry": { "type": "Polygon", "coordinates": [ [ [ 0.2265225, 6.5332327 ], [ 0.225273, 6.5338243 ], [ 0.2254986, 6.5343173 ], [ 0.2251467, 6.5346086 ], [ 0.2255572, 6.5350837 ], [ 0.2260985, 6.5353526 ], [ 0.2273661, 6.5349044 ], [ 0.2265225, 6.5332327 ] ] ] } },
{ "type": "Feature", "properties": { "element": "way", "id": 787178103, "amenity": "hospital", "name": "Gary Marvin Memorial Hospital", "opening_hours": null, "healthcare": "hospital", "addr:city": null, "addr:street": null, "healthcare:speciality": null, "disabled": null, "emergency": null, "operator": null, "addr:suburb": null, "phone": null, "type": null, "contact:phone": null, "contact:website": null, "check_date": null, "email": null, "operator:type": null, "ownership": null, "description": null, "addr:housenumber": null, "source": null, "fixme": null, "addr:full": null, "beds": null, "wikidata": null, "wikipedia": null, "short_name": null, "level": null, "dispensing": null, "electricity": null, "health_amenity:type": null, "insurance:health": null, "operational_status": null, "water_source": null, "wheelchair": null, "website": null, "branch": null, "internet_access": null, "payment:cash": null, "payment:cards": null, "payment:credit_cards": null, "payment:debit_cards": null, "addr:postcode": null, "addr:region": null, "contact:facebook": null, "operator:wikidata": null, "mobile": null, "name:ar": null, "alt_name": null, "building": null, "name:de": null, "internet_access:fee": null, "old_name": null, "name:en": null, "official_name": null, "building:levels": null, "denomination": null, "name:fr": null, "layer": null, "barrier": null, "brand": null, "contact:email": null, "landuse": null, "name:it": null, "toilets:wheelchair": null, "addr:ghanapostgps": null, "alt_name:en": null, "addr:community": null, "building:material": null, "roof:material": null, "addr:country": null, "addr:place": null, "fax": null, "note": null, "opening_hours:visitors": null }, "geometry": { "type": "Polygon", "coordinates": [ [ [ -1.6604481, 6.6050962 ], [ -1.6602363, 6.6050483 ], [ -1.6602644, 6.6047578 ], [ -1.6603838, 6.6047765 ], [ -1.6605098, 6.6048125 ], [ -1.6604481, 6.6050962 ] ] ] } },
{ "type": "Feature", "properties": { "element": "way", "id": 787180229, "amenity": "hospital", "name": "Asamankese Government Hospital", "opening_hours": null, "healthcare": "hospital", "addr:city": null, "addr:street": null, "healthcare:speciality": null, "disabled": null, "emergency": null, "operator": null, "addr:suburb": null, "phone": null, "type": null, "contact:phone": null, "contact:website": null, "check_date": null, "email": null, "operator:type": null, "ownership": null, "description": null, "addr:housenumber": null, "source": null, "fixme": null, "addr:full": null, "beds": null, "wikidata": null, "wikipedia": null, "short_name": null, "level": null, "dispensing": null, "electricity": null, "health_amenity:type": null, "insurance:health": null, "operational_status": null, "water_source": null, "wheelchair": null, "website": null, "branch": null, "internet_access": null, "payment:cash": null, "payment:cards": null, "payment:credit_cards": null, "payment:debit_cards": null, "addr:postcode": null, "addr:region": null, "contact:facebook": null, "operator:wikidata": null, "mobile": null, "name:ar": null, "alt_name": null, "building": null, "name:de": null, "internet_access:fee": null, "old_name": null, "name:en": null, "official_name": null, "building:levels": null, "denomination": null, "name:fr": null, "layer": null, "barrier": null, "brand": null, "contact:email": null, "landuse": null, "name:it": null, "toilets:wheelchair": null, "addr:ghanapostgps": null, "alt_name:en": null, "addr:community": null, "building:material": null, "roof:material": null, "addr:country": null, "addr:place": null, "fax": null, "note": null, "opening_hours:visitors": null }, "geometry": { "type": "Polygon", "coordinates": [ [ [ -0.6783298, 5.8555282 ], [ -0.6774769, 5.8543222 ], [ -0.6777344, 5.853986 ], [ -0.6776968, 5.8538366 ], [ -0.6779275, 5.8536658 ], [ -0.678126, 5.8537299 ], [ -0.6782762, 5.8537672 ], [ -0.6785873, 5.8536445 ], [ -0.6787643, 5.8535004 ], [ -0.6787161, 5.8531589 ], [ -0.6785659, 5.8529027 ], [ -0.6787912, 5.8527266 ], [ -0.6795958, 5.8524331 ], [ -0.6798319, 5.8529614 ], [ -0.6798426, 5.8531695 ], [ -0.6793276, 5.853447 ], [ -0.6794939, 5.8537565 ], [ -0.6793598, 5.8538473 ], [ -0.6795851, 5.8546691 ], [ -0.6783298, 5.8555282 ] ] ] } },
{ "type": "Feature", "properties": { "element": "way", "id": 787180230, "amenity": "hospital", "name": "St. Anthony's Hospital", "opening_hours": null, "healthcare": "hospital", "addr:city": null, "addr:street": null, "healthcare:speciality": null, "disabled": null, "emergency": null, "operator": null, "addr:suburb": null, "phone": "+233 243339535", "type": null, "contact:phone": null, "contact:website": null, "check_date": null, "email": "info@stanthonyshospitalgh.com", "operator:type": null, "ownership": null, "description": null, "addr:housenumber": null, "source": null, "fixme": null, "addr:full": null, "beds": null, "wikidata": null, "wikipedia": null, "short_name": null, "level": null, "dispensing": null, "electricity": null, "health_amenity:type": null, "insurance:health": null, "operational_status": null, "water_source": null, "wheelchair": null, "website": "http://stanthonyshospitalgh.com/", "branch": null, "internet_access": null, "payment:cash": null, "payment:cards": null, "payment:credit_cards": null, "payment:debit_cards": null, "addr:postcode": null, "addr:region": null, "contact:facebook": null, "operator:wikidata": null, "mobile": null, "name:ar": null, "alt_name": null, "building": null, "name:de": null, "internet_access:fee": null, "old_name": null, "name:en": null, "official_name": null, "building:levels": null, "denomination": null, "name:fr": null, "layer": null, "barrier": null, "brand": null, "contact:email": null, "landuse": null, "name:it": null, "toilets:wheelchair": null, "addr:ghanapostgps": null, "alt_name:en": null, "addr:community": null, "building:material": null, "roof:material": null, "addr:country": null, "addr:place": "Dzodze", "fax": "+233 966 44514", "note": null, "opening_hours:visitors": null }, "geometry": { "type": "Polygon", "coordinates": [ [ [ 0.9871429, 6.2404416 ], [ 0.9883036, 6.2418141 ], [ 0.9887664, 6.2425532 ], [ 0.9888574, 6.2426211 ], [ 0.9908981, 6.2412108 ], [ 0.9909285, 6.2410147 ], [ 0.9908981, 6.240879 ], [ 0.9891988, 6.23879 ], [ 0.9871429, 6.2404416 ] ] ] } },
{ "type": "Feature", "properties": { "element": "way", "id": 787181131, "amenity": "hospital", "name": "Zebilla District Hospital", "opening_hours": null, "healthcare": "hospital", "addr:city": null, "addr:street": null, "healthcare:speciality": null, "disabled": null, "emergency": null, "operator": null, "addr:suburb": null, "phone": null, "type": null, "contact:phone": null, "contact:website": null, "check_date": null, "email": null, "operator:type": null, "ownership": null, "description": null, "addr:housenumber": null, "source": null, "fixme": null, "addr:full": null, "beds": null, "wikidata": null, "wikipedia": null, "short_name": null, "level": null, "dispensing": null, "electricity": null, "health_amenity:type": null, "insurance:health": null, "operational_status": null, "water_source": null, "wheelchair": null, "website": null, "branch": null, "internet_access": null, "payment:cash": null, "payment:cards": null, "payment:credit_cards": null, "payment:debit_cards": null, "addr:postcode": null, "addr:region": null, "contact:facebook": null, "operator:wikidata": null, "mobile": null, "name:ar": null, "alt_name": null, "building": null, "name:de": null, "internet_access:fee": null, "old_name": null, "name:en": null, "official_name": null, "building:levels": null, "denomination": null, "name:fr": null, "layer": null, "barrier": null, "brand": null, "contact:email": null, "landuse": null, "name:it": null, "toilets:wheelchair": null, "addr:ghanapostgps": null, "alt_name:en": null, "addr:community": null, "building:material": null, "roof:material": null, "addr:country": null, "addr:place": null, "fax": null, "note": null, "opening_hours:visitors": null }, "geometry": { "type": "Polygon", "coordinates": [ [ [ -0.473828, 10.9362719 ], [ -0.4740273, 10.9365645 ], [ -0.4739758, 10.9368188 ], [ -0.4737807, 10.9375634 ], [ -0.4727669, 10.9373212 ], [ -0.472614, 10.937279 ], [ -0.4726353, 10.9371987 ], [ -0.4728795, 10.9362783 ], [ -0.4733355, 10.9362204 ], [ -0.473828, 10.9362719 ] ] ] } },
{ "type": "Feature", "properties": { "element": "way", "id": 787184968, "amenity": "hospital", "name": "Emergency Room Holy Family Hospital", "opening_hours": "24/7", "healthcare": "hospital", "addr:city": null, "addr:street": "Berekum - Dormaa Ahenkro Road", "healthcare:speciality": null, "disabled": null, "emergency": null, "operator": null, "addr:suburb": null, "phone": null, "type": null, "contact:phone": null, "contact:website": null, "check_date": null, "email": null, "operator:type": null, "ownership": null, "description": null, "addr:housenumber": null, "source": null, "fixme": null, "addr:full": null, "beds": null, "wikidata": null, "wikipedia": null, "short_name": null, "level": null, "dispensing": null, "electricity": null, "health_amenity:type": null, "insurance:health": null, "operational_status": null, "water_source": null, "wheelchair": null, "website": null, "branch": null, "internet_access": null, "payment:cash": null, "payment:cards": null, "payment:credit_cards": null, "payment:debit_cards": null, "addr:postcode": null, "addr:region": null, "contact:facebook": null, "operator:wikidata": null, "mobile": null, "name:ar": null, "alt_name": null, "building": "hospital", "name:de": null, "internet_access:fee": null, "old_name": null, "name:en": null, "official_name": null, "building:levels": null, "denomination": null, "name:fr": null, "layer": null, "barrier": null, "brand": null, "contact:email": null, "landuse": null, "name:it": null, "toilets:wheelchair": null, "addr:ghanapostgps": null, "alt_name:en": null, "addr:community": null, "building:material": null, "roof:material": null, "addr:country": null, "addr:place": null, "fax": null, "note": null, "opening_hours:visitors": null }, "geometry": { "type": "Polygon", "coordinates": [ [ [ -2.5868429, 7.4450818 ], [ -2.5866615, 7.4451705 ], [ -2.5866003, 7.4450474 ], [ -2.586639, 7.4450285 ], [ -2.5865683, 7.4448865 ], [ -2.5865453, 7.4448977 ], [ -2.5865071, 7.4448218 ], [ -2.5865476, 7.4448036 ], [ -2.5865197, 7.4447689 ], [ -2.5866511, 7.4446963 ], [ -2.5868429, 7.4450818 ] ] ] } },
{ "type": "Feature", "properties": { "element": "way", "id": 787185921, "amenity": "hospital", "name": "Konongo Hospital", "opening_hours": null, "healthcare": "hospital", "addr:city": null, "addr:street": null, "healthcare:speciality": null, "disabled": null, "emergency": null, "operator": null, "addr:suburb": null, "phone": null, "type": null, "contact:phone": null, "contact:website": null, "check_date": null, "email": null, "operator:type": null, "ownership": null, "description": null, "addr:housenumber": null, "source": null, "fixme": null, "addr:full": null, "beds": null, "wikidata": null, "wikipedia": null, "short_name": null, "level": null, "dispensing": null, "electricity": null, "health_amenity:type": null, "insurance:health": null, "operational_status": null, "water_source": null, "wheelchair": null, "website": null, "branch": null, "internet_access": null, "payment:cash": null, "payment:cards": null, "payment:credit_cards": null, "payment:debit_cards": null, "addr:postcode": null, "addr:region": null, "contact:facebook": null, "operator:wikidata": null, "mobile": null, "name:ar": null, "alt_name": null, "building": null, "name:de": null, "internet_access:fee": null, "old_name": null, "name:en": null, "official_name": null, "building:levels": null, "denomination": null, "name:fr": null, "layer": null, "barrier": null, "brand": null, "contact:email": null, "landuse": null, "name:it": null, "toilets:wheelchair": null, "addr:ghanapostgps": null, "alt_name:en": null, "addr:community": null, "building:material": null, "roof:material": null, "addr:country": null, "addr:place": null, "fax": null, "note": null, "opening_hours:visitors": null }, "geometry": { "type": "Polygon", "coordinates": [ [ [ -1.2177293, 6.6235196 ], [ -1.2179225, 6.6243029 ], [ -1.2173431, 6.6244095 ], [ -1.2172895, 6.6242336 ], [ -1.2168549, 6.6243189 ], [ -1.2167906, 6.6240578 ], [ -1.216635, 6.6240737 ], [ -1.2165653, 6.623786 ], [ -1.2177293, 6.6235196 ] ] ] } },
{ "type": "Feature", "properties": { "element": "way", "id": 787186104, "amenity": "hospital", "name": null, "opening_hours": null, "healthcare": "hospital", "addr:city": null, "addr:street": null, "healthcare:speciality": null, "disabled": null, "emergency": null, "operator": null, "addr:suburb": null, "phone": null, "type": null, "contact:phone": null, "contact:website": null, "check_date": null, "email": null, "operator:type": null, "ownership": null, "description": null, "addr:housenumber": null, "source": null, "fixme": null, "addr:full": null, "beds": null, "wikidata": null, "wikipedia": null, "short_name": null, "level": null, "dispensing": null, "electricity": null, "health_amenity:type": null, "insurance:health": null, "operational_status": null, "water_source": null, "wheelchair": null, "website": null, "branch": null, "internet_access": null, "payment:cash": null, "payment:cards": null, "payment:credit_cards": null, "payment:debit_cards": null, "addr:postcode": null, "addr:region": null, "contact:facebook": null, "operator:wikidata": null, "mobile": null, "name:ar": null, "alt_name": null, "building": null, "name:de": null, "internet_access:fee": null, "old_name": null, "name:en": null, "official_name": null, "building:levels": null, "denomination": null, "name:fr": null, "layer": null, "barrier": null, "brand": null, "contact:email": null, "landuse": null, "name:it": null, "toilets:wheelchair": null, "addr:ghanapostgps": null, "alt_name:en": null, "addr:community": null, "building:material": null, "roof:material": null, "addr:country": null, "addr:place": null, "fax": null, "note": null, "opening_hours:visitors": null }, "geometry": { "type": "Polygon", "coordinates": [ [ [ -1.2040987, 6.6209141 ], [ -1.2037626, 6.6210627 ], [ -1.2036053, 6.6207115 ], [ -1.2039414, 6.6205629 ], [ -1.2040987, 6.6209141 ] ] ] } },
{ "type": "Feature", "properties": { "element": "way", "id": 787187388, "amenity": "hospital", "name": "St. Mary’s Hospital", "opening_hours": "24/7", "healthcare": "hospital", "addr:city": null, "addr:street": "Sampa - Berekum(Benneh Road)", "healthcare:speciality": null, "disabled": null, "emergency": null, "operator": null, "addr:suburb": null, "phone": null, "type": null, "contact:phone": null, "contact:website": null, "check_date": null, "email": null, "operator:type": null, "ownership": null, "description": null, "addr:housenumber": null, "source": null, "fixme": null, "addr:full": null, "beds": null, "wikidata": null, "wikipedia": null, "short_name": null, "level": null, "dispensing": null, "electricity": null, "health_amenity:type": null, "insurance:health": null, "operational_status": null, "water_source": null, "wheelchair": null, "website": null, "branch": null, "internet_access": null, "payment:cash": null, "payment:cards": null, "payment:credit_cards": null, "payment:debit_cards": null, "addr:postcode": null, "addr:region": null, "contact:facebook": null, "operator:wikidata": null, "mobile": null, "name:ar": null, "alt_name": null, "building": null, "name:de": null, "internet_access:fee": null, "old_name": null, "name:en": null, "official_name": null, "building:levels": null, "denomination": null, "name:fr": null, "layer": null, "barrier": null, "brand": null, "contact:email": null, "landuse": null, "name:it": null, "toilets:wheelchair": null, "addr:ghanapostgps": null, "alt_name:en": null, "addr:community": null, "building:material": null, "roof:material": null, "addr:country": null, "addr:place": null, "fax": null, "note": null, "opening_hours:visitors": null }, "geometry": { "type": "Polygon", "coordinates": [ [ [ -2.7860034, 7.5876584 ], [ -2.7844341, 7.5876964 ], [ -2.7828584, 7.5874434 ], [ -2.7827499, 7.5874118 ], [ -2.7827244, 7.587064 ], [ -2.7826478, 7.5868806 ], [ -2.7826096, 7.5867415 ], [ -2.7826542, 7.5866214 ], [ -2.7827435, 7.5865328 ], [ -2.7829158, 7.5863811 ], [ -2.7829859, 7.5861787 ], [ -2.7829796, 7.5859195 ], [ -2.7831008, 7.5856286 ], [ -2.783643, 7.5855211 ], [ -2.785627, 7.5850974 ], [ -2.7860034, 7.5876584 ] ] ] } },
{ "type": "Feature", "properties": { "element": "way", "id": 787188341, "amenity": "hospital", "name": "Nadowli Hospital", "opening_hours": null, "healthcare": "hospital", "addr:city": null, "addr:street": "Wa - Nandom Road", "healthcare:speciality": null, "disabled": null, "emergency": null, "operator": null, "addr:suburb": null, "phone": null, "type": null, "contact:phone": null, "contact:website": null, "check_date": null, "email": null, "operator:type": null, "ownership": null, "description": null, "addr:housenumber": null, "source": null, "fixme": null, "addr:full": null, "beds": null, "wikidata": null, "wikipedia": null, "short_name": null, "level": null, "dispensing": null, "electricity": null, "health_amenity:type": null, "insurance:health": null, "operational_status": null, "water_source": null, "wheelchair": null, "website": null, "branch": null, "internet_access": null, "payment:cash": null, "payment:cards": null, "payment:credit_cards": null, "payment:debit_cards": null, "addr:postcode": null, "addr:region": null, "contact:facebook": null, "operator:wikidata": null, "mobile": null, "name:ar": null, "alt_name": null, "building": null, "name:de": null, "internet_access:fee": null, "old_name": null, "name:en": null, "official_name": null, "building:levels": null, "denomination": null, "name:fr": null, "layer": null, "barrier": null, "brand": null, "contact:email": null, "landuse": null, "name:it": null, "toilets:wheelchair": null, "addr:ghanapostgps": null, "alt_name:en": null, "addr:community": null, "building:material": null, "roof:material": null, "addr:country": null, "addr:place": null, "fax": null, "note": null, "opening_hours:visitors": null }, "geometry": { "type": "Polygon", "coordinates": [ [ [ -2.6569251, 10.3607389 ], [ -2.656041, 10.3619282 ], [ -2.6568593, 10.3637933 ], [ -2.6577588, 10.3660022 ], [ -2.6585052, 10.366272 ], [ -2.6602085, 10.3658139 ], [ -2.6609357, 10.3655755 ], [ -2.6618416, 10.3644585 ], [ -2.6609272, 10.3635588 ], [ -2.6569251, 10.3607389 ] ] ] } },
{ "type": "Feature", "properties": { "element": "way", "id": 787188976, "amenity": "hospital", "name": "Cedars Medical Center", "opening_hours": "24/7", "healthcare": "hospital", "addr:city": null, "addr:street": null, "healthcare:speciality": null, "disabled": null, "emergency": null, "operator": null, "addr:suburb": null, "phone": "+233303932684", "type": null, "contact:phone": null, "contact:website": null, "check_date": null, "email": null, "operator:type": null, "ownership": null, "description": null, "addr:housenumber": null, "source": null, "fixme": null, "addr:full": null, "beds": null, "wikidata": null, "wikipedia": null, "short_name": null, "level": null, "dispensing": null, "electricity": null, "health_amenity:type": null, "insurance:health": null, "operational_status": null, "water_source": null, "wheelchair": null, "website": null, "branch": null, "internet_access": null, "payment:cash": null, "payment:cards": null, "payment:credit_cards": null, "payment:debit_cards": null, "addr:postcode": null, "addr:region": null, "contact:facebook": null, "operator:wikidata": null, "mobile": null, "name:ar": null, "alt_name": null, "building": null, "name:de": null, "internet_access:fee": null, "old_name": null, "name:en": null, "official_name": null, "building:levels": null, "denomination": null, "name:fr": null, "layer": null, "barrier": null, "brand": null, "contact:email": null, "landuse": null, "name:it": null, "toilets:wheelchair": null, "addr:ghanapostgps": null, "alt_name:en": null, "addr:community": null, "building:material": null, "roof:material": null, "addr:country": null, "addr:place": null, "fax": null, "note": null, "opening_hours:visitors": null }, "geometry": { "type": "Polygon", "coordinates": [ [ [ -0.1986237, 5.6813642 ], [ -0.1985915, 5.6812981 ], [ -0.1983497, 5.6812822 ], [ -0.1983318, 5.6814156 ], [ -0.1983093, 5.6815661 ], [ -0.1985859, 5.6815899 ], [ -0.1986237, 5.6813642 ] ] ] } },
{ "type": "Feature", "properties": { "element": "way", "id": 787190436, "amenity": "hospital", "name": "Ahmaddiyya Hospital", "opening_hours": null, "healthcare": "hospital", "addr:city": null, "addr:street": null, "healthcare:speciality": null, "disabled": null, "emergency": null, "operator": null, "addr:suburb": null, "phone": null, "type": null, "contact:phone": null, "contact:website": null, "check_date": null, "email": null, "operator:type": null, "ownership": null, "description": null, "addr:housenumber": null, "source": null, "fixme": null, "addr:full": null, "beds": null, "wikidata": null, "wikipedia": null, "short_name": null, "level": null, "dispensing": null, "electricity": null, "health_amenity:type": null, "insurance:health": null, "operational_status": null, "water_source": null, "wheelchair": null, "website": null, "branch": null, "internet_access": null, "payment:cash": null, "payment:cards": null, "payment:credit_cards": null, "payment:debit_cards": null, "addr:postcode": null, "addr:region": null, "contact:facebook": null, "operator:wikidata": null, "mobile": null, "name:ar": null, "alt_name": null, "building": null, "name:de": null, "internet_access:fee": null, "old_name": null, "name:en": null, "official_name": null, "building:levels": null, "denomination": null, "name:fr": null, "layer": null, "barrier": null, "brand": null, "contact:email": null, "landuse": null, "name:it": null, "toilets:wheelchair": null, "addr:ghanapostgps": null, "alt_name:en": null, "addr:community": null, "building:material": null, "roof:material": null, "addr:country": null, "addr:place": null, "fax": null, "note": null, "opening_hours:visitors": null }, "geometry": { "type": "Polygon", "coordinates": [ [ [ -2.5419694, 10.1698534 ], [ -2.5414123, 10.1700066 ], [ -2.5412995, 10.1695759 ], [ -2.5418205, 10.1694227 ], [ -2.5419694, 10.1698534 ] ] ] } },
{ "type": "Feature", "properties": { "element": "way", "id": 787191829, "amenity": "hospital", "name": "Cedars Medical Center", "opening_hours": null, "healthcare": "hospital", "addr:city": null, "addr:street": null, "healthcare:speciality": null, "disabled": null, "emergency": null, "operator": null, "addr:suburb": null, "phone": null, "type": null, "contact:phone": null, "contact:website": null, "check_date": null, "email": null, "operator:type": null, "ownership": null, "description": null, "addr:housenumber": null, "source": null, "fixme": null, "addr:full": null, "beds": null, "wikidata": null, "wikipedia": null, "short_name": null, "level": null, "dispensing": null, "electricity": null, "health_amenity:type": null, "insurance:health": null, "operational_status": null, "water_source": null, "wheelchair": null, "website": null, "branch": null, "internet_access": null, "payment:cash": null, "payment:cards": null, "payment:credit_cards": null, "payment:debit_cards": null, "addr:postcode": null, "addr:region": null, "contact:facebook": null, "operator:wikidata": null, "mobile": null, "name:ar": null, "alt_name": null, "building": null, "name:de": null, "internet_access:fee": null, "old_name": null, "name:en": null, "official_name": null, "building:levels": null, "denomination": null, "name:fr": null, "layer": null, "barrier": null, "brand": null, "contact:email": null, "landuse": null, "name:it": null, "toilets:wheelchair": null, "addr:ghanapostgps": null, "alt_name:en": null, "addr:community": null, "building:material": null, "roof:material": null, "addr:country": null, "addr:place": null, "fax": null, "note": "opening soon", "opening_hours:visitors": null }, "geometry": { "type": "Polygon", "coordinates": [ [ [ -0.1928581, 5.6794298 ], [ -0.192832, 5.6792962 ], [ -0.1927062, 5.6793205 ], [ -0.1926997, 5.6792872 ], [ -0.1926447, 5.6792978 ], [ -0.1926508, 5.6793293 ], [ -0.1925341, 5.6793519 ], [ -0.1925604, 5.6794872 ], [ -0.1928581, 5.6794298 ] ] ] } },
{ "type": "Feature", "properties": { "element": "way", "id": 787194009, "amenity": "hospital", "name": "Agyakwa Hospital", "opening_hours": null, "healthcare": "hospital", "addr:city": null, "addr:street": null, "healthcare:speciality": null, "disabled": null, "emergency": null, "operator": null, "addr:suburb": null, "phone": null, "type": null, "contact:phone": null, "contact:website": null, "check_date": null, "email": null, "operator:type": null, "ownership": null, "description": null, "addr:housenumber": null, "source": null, "fixme": null, "addr:full": null, "beds": null, "wikidata": null, "wikipedia": null, "short_name": null, "level": null, "dispensing": null, "electricity": null, "health_amenity:type": null, "insurance:health": null, "operational_status": null, "water_source": null, "wheelchair": null, "website": null, "branch": null, "internet_access": null, "payment:cash": null, "payment:cards": null, "payment:credit_cards": null, "payment:debit_cards": null, "addr:postcode": null, "addr:region": null, "contact:facebook": null, "operator:wikidata": null, "mobile": null, "name:ar": null, "alt_name": null, "building": null, "name:de": null, "internet_access:fee": null, "old_name": null, "name:en": null, "official_name": null, "building:levels": null, "denomination": null, "name:fr": null, "layer": null, "barrier": null, "brand": null, "contact:email": null, "landuse": null, "name:it": null, "toilets:wheelchair": null, "addr:ghanapostgps": null, "alt_name:en": null, "addr:community": null, "building:material": null, "roof:material": null, "addr:country": null, "addr:place": null, "fax": null, "note": null, "opening_hours:visitors": null }, "geometry": { "type": "Polygon", "coordinates": [ [ [ -0.7675891, 6.5378616 ], [ -0.7678202, 6.5384156 ], [ -0.7669599, 6.5387646 ], [ -0.7667093, 6.538192 ], [ -0.7675891, 6.5378616 ] ] ] } },
{ "type": "Feature", "properties": { "element": "way", "id": 787194865, "amenity": "hospital", "name": "Soafa Scientific Herbal Hospital", "opening_hours": null, "healthcare": "hospital", "addr:city": null, "addr:street": null, "healthcare:speciality": null, "disabled": null, "emergency": null, "operator": null, "addr:suburb": null, "phone": null, "type": null, "contact:phone": null, "contact:website": null, "check_date": null, "email": null, "operator:type": null, "ownership": null, "description": null, "addr:housenumber": null, "source": null, "fixme": null, "addr:full": null, "beds": null, "wikidata": null, "wikipedia": null, "short_name": null, "level": null, "dispensing": null, "electricity": null, "health_amenity:type": null, "insurance:health": null, "operational_status": null, "water_source": null, "wheelchair": null, "website": null, "branch": null, "internet_access": null, "payment:cash": null, "payment:cards": null, "payment:credit_cards": null, "payment:debit_cards": null, "addr:postcode": null, "addr:region": null, "contact:facebook": null, "operator:wikidata": null, "mobile": null, "name:ar": null, "alt_name": null, "building": null, "name:de": null, "internet_access:fee": null, "old_name": null, "name:en": null, "official_name": null, "building:levels": null, "denomination": null, "name:fr": null, "layer": null, "barrier": null, "brand": null, "contact:email": null, "landuse": null, "name:it": null, "toilets:wheelchair": null, "addr:ghanapostgps": null, "alt_name:en": null, "addr:community": null, "building:material": null, "roof:material": null, "addr:country": null, "addr:place": null, "fax": null, "note": null, "opening_hours:visitors": null }, "geometry": { "type": "Polygon", "coordinates": [ [ [ -0.750627, 6.5336008 ], [ -0.7503387, 6.5335424 ], [ -0.7504771, 6.5329111 ], [ -0.7507521, 6.5329677 ], [ -0.750627, 6.5336008 ] ] ] } },
{ "type": "Feature", "properties": { "element": "way", "id": 787195784, "amenity": "hospital", "name": "Roman Catholic Hospital", "opening_hours": null, "healthcare": "hospital", "addr:city": null, "addr:street": null, "healthcare:speciality": null, "disabled": null, "emergency": null, "operator": null, "addr:suburb": null, "phone": null, "type": null, "contact:phone": null, "contact:website": null, "check_date": null, "email": null, "operator:type": null, "ownership": null, "description": null, "addr:housenumber": null, "source": null, "fixme": null, "addr:full": null, "beds": null, "wikidata": null, "wikipedia": null, "short_name": null, "level": null, "dispensing": null, "electricity": null, "health_amenity:type": null, "insurance:health": null, "operational_status": null, "water_source": null, "wheelchair": null, "website": null, "branch": null, "internet_access": null, "payment:cash": null, "payment:cards": null, "payment:credit_cards": null, "payment:debit_cards": null, "addr:postcode": null, "addr:region": null, "contact:facebook": null, "operator:wikidata": null, "mobile": null, "name:ar": null, "alt_name": "Holy Family Hospital", "building": null, "name:de": null, "internet_access:fee": null, "old_name": null, "name:en": null, "official_name": null, "building:levels": null, "denomination": null, "name:fr": null, "layer": null, "barrier": null, "brand": null, "contact:email": null, "landuse": null, "name:it": null, "toilets:wheelchair": null, "addr:ghanapostgps": null, "alt_name:en": null, "addr:community": null, "building:material": null, "roof:material": null, "addr:country": null, "addr:place": null, "fax": null, "note": null, "opening_hours:visitors": null }, "geometry": { "type": "Polygon", "coordinates": [ [ [ -0.7741437, 6.5458344 ], [ -0.774036, 6.5458287 ], [ -0.7738118, 6.5457932 ], [ -0.773564, 6.5456855 ], [ -0.7732661, 6.5456693 ], [ -0.7731211, 6.54569 ], [ -0.7727138, 6.5455102 ], [ -0.7726743, 6.5459897 ], [ -0.7725658, 6.5462876 ], [ -0.7728019, 6.5463003 ], [ -0.7728082, 6.5464777 ], [ -0.7729449, 6.5464727 ], [ -0.7728025, 6.5475694 ], [ -0.7738911, 6.5477662 ], [ -0.7741437, 6.5458344 ] ] ] } },
{ "type": "Feature", "properties": { "element": "way", "id": 787198923, "amenity": "hospital", "name": "Atibie Government Hospital", "opening_hours": null, "healthcare": "hospital", "addr:city": null, "addr:street": null, "healthcare:speciality": null, "disabled": null, "emergency": null, "operator": null, "addr:suburb": null, "phone": null, "type": null, "contact:phone": null, "contact:website": null, "check_date": null, "email": null, "operator:type": null, "ownership": null, "description": null, "addr:housenumber": null, "source": null, "fixme": null, "addr:full": null, "beds": null, "wikidata": null, "wikipedia": null, "short_name": null, "level": null, "dispensing": null, "electricity": null, "health_amenity:type": null, "insurance:health": null, "operational_status": null, "water_source": null, "wheelchair": null, "website": null, "branch": null, "internet_access": null, "payment:cash": null, "payment:cards": null, "payment:credit_cards": null, "payment:debit_cards": null, "addr:postcode": null, "addr:region": null, "contact:facebook": null, "operator:wikidata": null, "mobile": null, "name:ar": null, "alt_name": null, "building": null, "name:de": null, "internet_access:fee": null, "old_name": null, "name:en": null, "official_name": null, "building:levels": null, "denomination": null, "name:fr": null, "layer": null, "barrier": null, "brand": null, "contact:email": null, "landuse": null, "name:it": null, "toilets:wheelchair": null, "addr:ghanapostgps": null, "alt_name:en": null, "addr:community": null, "building:material": null, "roof:material": null, "addr:country": null, "addr:place": null, "fax": null, "note": null, "opening_hours:visitors": null }, "geometry": { "type": "Polygon", "coordinates": [ [ [ -0.7351125, 6.5824578 ], [ -0.7354825, 6.5821663 ], [ -0.7356293, 6.5813994 ], [ -0.7351061, 6.5803411 ], [ -0.7346787, 6.5799165 ], [ -0.7335368, 6.5790356 ], [ -0.7333837, 6.579099 ], [ -0.7323821, 6.5802397 ], [ -0.7328797, 6.5805185 ], [ -0.7334539, 6.5810826 ], [ -0.7336261, 6.5813234 ], [ -0.7342631, 6.5819457 ], [ -0.7351125, 6.5824578 ] ] ] } },
{ "type": "Feature", "properties": { "element": "way", "id": 787379775, "amenity": "hospital", "name": "Ghana Atomic Energy Commission Hospital", "opening_hours": null, "healthcare": "hospital", "addr:city": "Accra", "addr:street": "Haatso-Atomic Road", "healthcare:speciality": null, "disabled": null, "emergency": null, "operator": null, "addr:suburb": null, "phone": "+233 0576096697", "type": null, "contact:phone": null, "contact:website": null, "check_date": "2024-12-06", "email": null, "operator:type": null, "ownership": null, "description": null, "addr:housenumber": null, "source": null, "fixme": null, "addr:full": null, "beds": null, "wikidata": null, "wikipedia": null, "short_name": null, "level": null, "dispensing": null, "electricity": null, "health_amenity:type": null, "insurance:health": null, "operational_status": null, "water_source": null, "wheelchair": null, "website": "https://hospital.gaecgh.org/", "branch": null, "internet_access": null, "payment:cash": null, "payment:cards": null, "payment:credit_cards": null, "payment:debit_cards": null, "addr:postcode": null, "addr:region": null, "contact:facebook": null, "operator:wikidata": null, "mobile": null, "name:ar": null, "alt_name": "Atomic Hospital", "building": null, "name:de": null, "internet_access:fee": null, "old_name": null, "name:en": null, "official_name": null, "building:levels": null, "denomination": null, "name:fr": null, "layer": null, "barrier": null, "brand": null, "contact:email": null, "landuse": null, "name:it": null, "toilets:wheelchair": null, "addr:ghanapostgps": null, "alt_name:en": "GAEC Hospital", "addr:community": null, "building:material": null, "roof:material": null, "addr:country": null, "addr:place": null, "fax": null, "note": null, "opening_hours:visitors": null }, "geometry": { "type": "Polygon", "coordinates": [ [ [ -0.2312598, 5.6688527 ], [ -0.2318662, 5.6688737 ], [ -0.2318813, 5.6684416 ], [ -0.2317823, 5.6684382 ], [ -0.2317847, 5.66837 ], [ -0.231545, 5.6683617 ], [ -0.2315473, 5.6682953 ], [ -0.2314619, 5.6682924 ], [ -0.2314601, 5.6683439 ], [ -0.2312779, 5.6683375 ], [ -0.2312598, 5.6688527 ] ] ] } },
{ "type": "Feature", "properties": { "element": "way", "id": 787397299, "amenity": "hospital", "name": "International Medical & Dental Clinic", "opening_hours": null, "healthcare": "hospital", "addr:city": null, "addr:street": null, "healthcare:speciality": null, "disabled": null, "emergency": null, "operator": null, "addr:suburb": null, "phone": "0303970212", "type": null, "contact:phone": null, "contact:website": null, "check_date": null, "email": "info@imd-clinic.com", "operator:type": null, "ownership": null, "description": null, "addr:housenumber": null, "source": null, "fixme": null, "addr:full": null, "beds": null, "wikidata": null, "wikipedia": null, "short_name": null, "level": null, "dispensing": null, "electricity": null, "health_amenity:type": null, "insurance:health": null, "operational_status": null, "water_source": null, "wheelchair": null, "website": "http://www.imd-clinic.com", "branch": null, "internet_access": null, "payment:cash": null, "payment:cards": null, "payment:credit_cards": null, "payment:debit_cards": null, "addr:postcode": null, "addr:region": null, "contact:facebook": null, "operator:wikidata": null, "mobile": null, "name:ar": null, "alt_name": null, "building": null, "name:de": null, "internet_access:fee": null, "old_name": null, "name:en": null, "official_name": null, "building:levels": null, "denomination": null, "name:fr": null, "layer": null, "barrier": null, "brand": null, "contact:email": null, "landuse": null, "name:it": null, "toilets:wheelchair": null, "addr:ghanapostgps": null, "alt_name:en": null, "addr:community": null, "building:material": null, "roof:material": null, "addr:country": null, "addr:place": null, "fax": null, "note": null, "opening_hours:visitors": null }, "geometry": { "type": "Polygon", "coordinates": [ [ [ -0.1648464, 5.637384 ], [ -0.1645019, 5.6374094 ], [ -0.1644572, 5.6369888 ], [ -0.1647985, 5.6369554 ], [ -0.1648464, 5.637384 ] ] ] } },
{ "type": "Feature", "properties": { "element": "way", "id": 787412584, "amenity": "hospital", "name": "Mater Dei Hospital", "opening_hours": null, "healthcare": "hospital", "addr:city": null, "addr:street": null, "healthcare:speciality": null, "disabled": null, "emergency": null, "operator": null, "addr:suburb": null, "phone": null, "type": null, "contact:phone": null, "contact:website": null, "check_date": null, "email": null, "operator:type": null, "ownership": null, "description": null, "addr:housenumber": null, "source": null, "fixme": null, "addr:full": null, "beds": null, "wikidata": null, "wikipedia": null, "short_name": null, "level": null, "dispensing": null, "electricity": null, "health_amenity:type": null, "insurance:health": null, "operational_status": null, "water_source": null, "wheelchair": null, "website": null, "branch": null, "internet_access": null, "payment:cash": null, "payment:cards": null, "payment:credit_cards": null, "payment:debit_cards": null, "addr:postcode": null, "addr:region": null, "contact:facebook": null, "operator:wikidata": null, "mobile": null, "name:ar": null, "alt_name": null, "building": "hospital", "name:de": "Mater Dei Krankenhaus", "internet_access:fee": null, "old_name": null, "name:en": null, "official_name": null, "building:levels": null, "denomination": null, "name:fr": null, "layer": null, "barrier": null, "brand": null, "contact:email": null, "landuse": null, "name:it": null, "toilets:wheelchair": null, "addr:ghanapostgps": null, "alt_name:en": null, "addr:community": null, "building:material": null, "roof:material": null, "addr:country": null, "addr:place": null, "fax": null, "note": null, "opening_hours:visitors": null }, "geometry": { "type": "Polygon", "coordinates": [ [ [ -1.6418572, 6.6738339 ], [ -1.6418572, 6.6736205 ], [ -1.6417198, 6.6736205 ], [ -1.6417198, 6.6736827 ], [ -1.6417847, 6.6736827 ], [ -1.6417847, 6.6738339 ], [ -1.6418572, 6.6738339 ] ] ] } },
{ "type": "Feature", "properties": { "element": "way", "id": 787454634, "amenity": "hospital", "name": null, "opening_hours": null, "healthcare": "hospital", "addr:city": null, "addr:street": null, "healthcare:speciality": null, "disabled": null, "emergency": null, "operator": null, "addr:suburb": null, "phone": null, "type": null, "contact:phone": null, "contact:website": null, "check_date": null, "email": null, "operator:type": null, "ownership": null, "description": null, "addr:housenumber": null, "source": null, "fixme": null, "addr:full": null, "beds": null, "wikidata": null, "wikipedia": null, "short_name": null, "level": null, "dispensing": null, "electricity": null, "health_amenity:type": null, "insurance:health": null, "operational_status": null, "water_source": null, "wheelchair": null, "website": null, "branch": null, "internet_access": null, "payment:cash": null, "payment:cards": null, "payment:credit_cards": null, "payment:debit_cards": null, "addr:postcode": null, "addr:region": null, "contact:facebook": null, "operator:wikidata": null, "mobile": null, "name:ar": null, "alt_name": "St John of God Hospital", "building": null, "name:de": null, "internet_access:fee": null, "old_name": null, "name:en": null, "official_name": null, "building:levels": null, "denomination": null, "name:fr": null, "layer": null, "barrier": null, "brand": null, "contact:email": null, "landuse": null, "name:it": null, "toilets:wheelchair": null, "addr:ghanapostgps": null, "alt_name:en": null, "addr:community": null, "building:material": null, "roof:material": null, "addr:country": null, "addr:place": null, "fax": null, "note": null, "opening_hours:visitors": null }, "geometry": { "type": "Polygon", "coordinates": [ [ [ -0.1393096, 5.7732906 ], [ -0.1405817, 5.7740939 ], [ -0.1406268, 5.7740311 ], [ -0.1410463, 5.7726892 ], [ -0.1412944, 5.771796 ], [ -0.1404193, 5.7712844 ], [ -0.1393096, 5.7732906 ] ] ] } },
{ "type": "Feature", "properties": { "element": "way", "id": 787456161, "amenity": "hospital", "name": "Shai Osudoku Old District Hospital", "opening_hours": "24/7", "healthcare": "hospital", "addr:city": null, "addr:street": null, "healthcare:speciality": "blood_check;emergency;general", "disabled": null, "emergency": "yes", "operator": null, "addr:suburb": null, "phone": null, "type": null, "contact:phone": null, "contact:website": null, "check_date": null, "email": null, "operator:type": "government", "ownership": null, "description": null, "addr:housenumber": null, "source": null, "fixme": null, "addr:full": null, "beds": null, "wikidata": null, "wikipedia": null, "short_name": null, "level": null, "dispensing": "yes", "electricity": "solar", "health_amenity:type": "emergency_department;laboratory;operating_theater;ultrasound;x_ray", "insurance:health": "public", "operational_status": "operational", "water_source": "water_works", "wheelchair": "yes", "website": null, "branch": null, "internet_access": null, "payment:cash": null, "payment:cards": null, "payment:credit_cards": null, "payment:debit_cards": null, "addr:postcode": null, "addr:region": null, "contact:facebook": null, "operator:wikidata": null, "mobile": null, "name:ar": null, "alt_name": null, "building": null, "name:de": null, "internet_access:fee": null, "old_name": null, "name:en": null, "official_name": null, "building:levels": null, "denomination": null, "name:fr": null, "layer": null, "barrier": null, "brand": null, "contact:email": null, "landuse": null, "name:it": null, "toilets:wheelchair": null, "addr:ghanapostgps": null, "alt_name:en": null, "addr:community": null, "building:material": null, "roof:material": null, "addr:country": null, "addr:place": null, "fax": null, "note": null, "opening_hours:visitors": null }, "geometry": { "type": "Polygon", "coordinates": [ [ [ -0.0928999, 5.88532 ], [ -0.0922399, 5.8845427 ], [ -0.0912309, 5.8842107 ], [ -0.0908364, 5.8845201 ], [ -0.091064, 5.8852672 ], [ -0.0914813, 5.8861426 ], [ -0.0917316, 5.8864444 ], [ -0.0928999, 5.88532 ] ] ] } },
{ "type": "Feature", "properties": { "element": "way", "id": 787456657, "amenity": "hospital", "name": "Afienya Clinic", "opening_hours": null, "healthcare": "hospital", "addr:city": null, "addr:street": null, "healthcare:speciality": null, "disabled": null, "emergency": null, "operator": null, "addr:suburb": null, "phone": null, "type": null, "contact:phone": null, "contact:website": null, "check_date": null, "email": null, "operator:type": null, "ownership": null, "description": null, "addr:housenumber": null, "source": null, "fixme": null, "addr:full": null, "beds": null, "wikidata": null, "wikipedia": null, "short_name": null, "level": null, "dispensing": null, "electricity": null, "health_amenity:type": null, "insurance:health": null, "operational_status": null, "water_source": null, "wheelchair": null, "website": null, "branch": null, "internet_access": null, "payment:cash": null, "payment:cards": null, "payment:credit_cards": null, "payment:debit_cards": null, "addr:postcode": null, "addr:region": null, "contact:facebook": null, "operator:wikidata": null, "mobile": null, "name:ar": null, "alt_name": null, "building": null, "name:de": null, "internet_access:fee": null, "old_name": null, "name:en": null, "official_name": null, "building:levels": null, "denomination": null, "name:fr": null, "layer": null, "barrier": null, "brand": null, "contact:email": null, "landuse": null, "name:it": null, "toilets:wheelchair": null, "addr:ghanapostgps": null, "alt_name:en": null, "addr:community": null, "building:material": null, "roof:material": null, "addr:country": null, "addr:place": null, "fax": null, "note": null, "opening_hours:visitors": null }, "geometry": { "type": "Polygon", "coordinates": [ [ [ 0.0058729, 5.8025579 ], [ 0.0060868, 5.8024938 ], [ 0.0060625, 5.8024134 ], [ 0.0058486, 5.8024774 ], [ 0.0058729, 5.8025579 ] ] ] } },
{ "type": "Feature", "properties": { "element": "way", "id": 787456916, "amenity": "hospital", "name": "Yeboah Hospital", "opening_hours": null, "healthcare": "hospital", "addr:city": null, "addr:street": null, "healthcare:speciality": "general;internal;paediatrics;cardiology", "disabled": null, "emergency": "yes", "operator": null, "addr:suburb": null, "phone": null, "type": null, "contact:phone": null, "contact:website": null, "check_date": null, "email": null, "operator:type": null, "ownership": null, "description": null, "addr:housenumber": null, "source": null, "fixme": null, "addr:full": null, "beds": null, "wikidata": null, "wikipedia": null, "short_name": null, "level": null, "dispensing": null, "electricity": null, "health_amenity:type": null, "insurance:health": null, "operational_status": null, "water_source": null, "wheelchair": null, "website": null, "branch": null, "internet_access": null, "payment:cash": null, "payment:cards": null, "payment:credit_cards": null, "payment:debit_cards": null, "addr:postcode": null, "addr:region": null, "contact:facebook": null, "operator:wikidata": null, "mobile": null, "name:ar": null, "alt_name": null, "building": null, "name:de": null, "internet_access:fee": null, "old_name": null, "name:en": null, "official_name": null, "building:levels": null, "denomination": null, "name:fr": null, "layer": null, "barrier": null, "brand": null, "contact:email": null, "landuse": null, "name:it": null, "toilets:wheelchair": null, "addr:ghanapostgps": null, "alt_name:en": null, "addr:community": null, "building:material": null, "roof:material": null, "addr:country": null, "addr:place": null, "fax": null, "note": null, "opening_hours:visitors": null }, "geometry": { "type": "Polygon", "coordinates": [ [ [ -0.1523594, 5.6320432 ], [ -0.15251, 5.6323752 ], [ -0.1521543, 5.632535 ], [ -0.1520037, 5.632203 ], [ -0.1523594, 5.6320432 ] ] ] } },
{ "type": "Feature", "properties": { "element": "way", "id": 787460478, "amenity": "hospital", "name": "Cross Care Hospital", "opening_hours": null, "healthcare": "hospital", "addr:city": null, "addr:street": null, "healthcare:speciality": null, "disabled": null, "emergency": null, "operator": null, "addr:suburb": null, "phone": null, "type": null, "contact:phone": null, "contact:website": null, "check_date": null, "email": null, "operator:type": null, "ownership": null, "description": null, "addr:housenumber": null, "source": null, "fixme": null, "addr:full": null, "beds": null, "wikidata": null, "wikipedia": null, "short_name": null, "level": null, "dispensing": null, "electricity": null, "health_amenity:type": null, "insurance:health": null, "operational_status": null, "water_source": null, "wheelchair": null, "website": null, "branch": null, "internet_access": null, "payment:cash": null, "payment:cards": null, "payment:credit_cards": null, "payment:debit_cards": null, "addr:postcode": null, "addr:region": null, "contact:facebook": null, "operator:wikidata": null, "mobile": null, "name:ar": null, "alt_name": null, "building": null, "name:de": null, "internet_access:fee": null, "old_name": null, "name:en": null, "official_name": null, "building:levels": null, "denomination": null, "name:fr": null, "layer": null, "barrier": null, "brand": null, "contact:email": null, "landuse": null, "name:it": null, "toilets:wheelchair": null, "addr:ghanapostgps": null, "alt_name:en": null, "addr:community": null, "building:material": null, "roof:material": null, "addr:country": null, "addr:place": null, "fax": null, "note": null, "opening_hours:visitors": null }, "geometry": { "type": "Polygon", "coordinates": [ [ [ -2.3531923, 7.348695 ], [ -2.3536298, 7.349035 ], [ -2.3542568, 7.3497463 ], [ -2.3539591, 7.3499521 ], [ -2.3531381, 7.3504353 ], [ -2.3525923, 7.350744 ], [ -2.3523938, 7.3507216 ], [ -2.3522179, 7.3505248 ], [ -2.3517488, 7.3499163 ], [ -2.352245, 7.3495674 ], [ -2.3526915, 7.3491916 ], [ -2.3531923, 7.348695 ] ] ] } },
{ "type": "Feature", "properties": { "element": "way", "id": 787461103, "amenity": "hospital", "name": "Mount Sinai Hospital", "opening_hours": null, "healthcare": "hospital", "addr:city": null, "addr:street": null, "healthcare:speciality": null, "disabled": null, "emergency": null, "operator": null, "addr:suburb": null, "phone": null, "type": null, "contact:phone": null, "contact:website": null, "check_date": null, "email": null, "operator:type": null, "ownership": null, "description": null, "addr:housenumber": null, "source": null, "fixme": null, "addr:full": null, "beds": null, "wikidata": null, "wikipedia": null, "short_name": null, "level": null, "dispensing": null, "electricity": null, "health_amenity:type": null, "insurance:health": null, "operational_status": null, "water_source": null, "wheelchair": null, "website": null, "branch": null, "internet_access": null, "payment:cash": null, "payment:cards": null, "payment:credit_cards": null, "payment:debit_cards": null, "addr:postcode": null, "addr:region": null, "contact:facebook": null, "operator:wikidata": null, "mobile": null, "name:ar": null, "alt_name": null, "building": null, "name:de": null, "internet_access:fee": null, "old_name": null, "name:en": null, "official_name": null, "building:levels": null, "denomination": null, "name:fr": null, "layer": null, "barrier": null, "brand": null, "contact:email": null, "landuse": null, "name:it": null, "toilets:wheelchair": null, "addr:ghanapostgps": null, "alt_name:en": null, "addr:community": null, "building:material": null, "roof:material": null, "addr:country": null, "addr:place": null, "fax": null, "note": null, "opening_hours:visitors": null }, "geometry": { "type": "Polygon", "coordinates": [ [ [ -1.7300508, 6.7333961 ], [ -1.7290798, 6.7336347 ], [ -1.7291388, 6.7339167 ], [ -1.7301133, 6.7336368 ], [ -1.7300508, 6.7333961 ] ] ] } },
{ "type": "Feature", "properties": { "element": "way", "id": 787491535, "amenity": "hospital", "name": "Emmanuel Community Hospital", "opening_hours": "24/7", "healthcare": "hospital", "addr:city": null, "addr:street": null, "healthcare:speciality": null, "disabled": null, "emergency": null, "operator": null, "addr:suburb": null, "phone": null, "type": null, "contact:phone": null, "contact:website": null, "check_date": null, "email": null, "operator:type": null, "ownership": null, "description": null, "addr:housenumber": null, "source": null, "fixme": null, "addr:full": null, "beds": null, "wikidata": null, "wikipedia": null, "short_name": null, "level": null, "dispensing": null, "electricity": null, "health_amenity:type": null, "insurance:health": null, "operational_status": null, "water_source": null, "wheelchair": null, "website": null, "branch": null, "internet_access": null, "payment:cash": null, "payment:cards": null, "payment:credit_cards": null, "payment:debit_cards": null, "addr:postcode": null, "addr:region": null, "contact:facebook": null, "operator:wikidata": null, "mobile": null, "name:ar": null, "alt_name": null, "building": null, "name:de": null, "internet_access:fee": null, "old_name": null, "name:en": null, "official_name": null, "building:levels": null, "denomination": null, "name:fr": null, "layer": null, "barrier": null, "brand": null, "contact:email": null, "landuse": null, "name:it": null, "toilets:wheelchair": null, "addr:ghanapostgps": null, "alt_name:en": null, "addr:community": null, "building:material": null, "roof:material": null, "addr:country": null, "addr:place": null, "fax": null, "note": null, "opening_hours:visitors": null }, "geometry": { "type": "Polygon", "coordinates": [ [ [ -0.2377081, 5.6068096 ], [ -0.2378086, 5.606281 ], [ -0.2374274, 5.6062572 ], [ -0.2373668, 5.6067619 ], [ -0.2377081, 5.6068096 ] ] ] } },
{ "type": "Feature", "properties": { "element": "way", "id": 787639638, "amenity": "hospital", "name": "Focus Orthopedic", "opening_hours": null, "healthcare": "hospital", "addr:city": null, "addr:street": null, "healthcare:speciality": null, "disabled": null, "emergency": null, "operator": null, "addr:suburb": null, "phone": null, "type": null, "contact:phone": null, "contact:website": null, "check_date": null, "email": null, "operator:type": null, "ownership": null, "description": null, "addr:housenumber": null, "source": null, "fixme": null, "addr:full": null, "beds": null, "wikidata": null, "wikipedia": null, "short_name": null, "level": null, "dispensing": null, "electricity": null, "health_amenity:type": null, "insurance:health": null, "operational_status": null, "water_source": null, "wheelchair": null, "website": null, "branch": null, "internet_access": null, "payment:cash": null, "payment:cards": null, "payment:credit_cards": null, "payment:debit_cards": null, "addr:postcode": null, "addr:region": null, "contact:facebook": null, "operator:wikidata": null, "mobile": null, "name:ar": null, "alt_name": null, "building": null, "name:de": null, "internet_access:fee": null, "old_name": null, "name:en": null, "official_name": null, "building:levels": null, "denomination": null, "name:fr": null, "layer": null, "barrier": null, "brand": null, "contact:email": null, "landuse": null, "name:it": null, "toilets:wheelchair": null, "addr:ghanapostgps": null, "alt_name:en": null, "addr:community": null, "building:material": null, "roof:material": null, "addr:country": null, "addr:place": null, "fax": null, "note": null, "opening_hours:visitors": null }, "geometry": { "type": "Polygon", "coordinates": [ [ [ -0.1767975, 5.7365298 ], [ -0.1762588, 5.7357599 ], [ -0.1755343, 5.7358731 ], [ -0.1756064, 5.7366129 ], [ -0.1757012, 5.7366921 ], [ -0.1767975, 5.7365298 ] ] ] } },
{ "type": "Feature", "properties": { "element": "way", "id": 787641195, "amenity": "hospital", "name": "Malikem Hospital", "opening_hours": null, "healthcare": "hospital", "addr:city": null, "addr:street": null, "healthcare:speciality": null, "disabled": null, "emergency": null, "operator": null, "addr:suburb": null, "phone": null, "type": null, "contact:phone": null, "contact:website": null, "check_date": null, "email": null, "operator:type": null, "ownership": null, "description": null, "addr:housenumber": null, "source": null, "fixme": null, "addr:full": null, "beds": null, "wikidata": null, "wikipedia": null, "short_name": null, "level": null, "dispensing": null, "electricity": null, "health_amenity:type": null, "insurance:health": null, "operational_status": null, "water_source": null, "wheelchair": null, "website": null, "branch": null, "internet_access": null, "payment:cash": null, "payment:cards": null, "payment:credit_cards": null, "payment:debit_cards": null, "addr:postcode": null, "addr:region": null, "contact:facebook": null, "operator:wikidata": null, "mobile": null, "name:ar": null, "alt_name": null, "building": null, "name:de": null, "internet_access:fee": null, "old_name": null, "name:en": null, "official_name": null, "building:levels": null, "denomination": null, "name:fr": null, "layer": null, "barrier": null, "brand": null, "contact:email": null, "landuse": null, "name:it": null, "toilets:wheelchair": null, "addr:ghanapostgps": null, "alt_name:en": null, "addr:community": null, "building:material": null, "roof:material": null, "addr:country": null, "addr:place": null, "fax": null, "note": null, "opening_hours:visitors": null }, "geometry": { "type": "Polygon", "coordinates": [ [ [ -0.1168914, 5.667345 ], [ -0.1166419, 5.667716 ], [ -0.1163844, 5.6675532 ], [ -0.1164837, 5.6674197 ], [ -0.1164703, 5.6673824 ], [ -0.1166741, 5.6670995 ], [ -0.1167144, 5.6670808 ], [ -0.116776, 5.6670941 ], [ -0.1168377, 5.6672249 ], [ -0.1168914, 5.667345 ] ] ] } },
{ "type": "Feature", "properties": { "element": "way", "id": 787644126, "amenity": "hospital", "name": "St Joseph's Orthopedic Hospital", "opening_hours": null, "healthcare": "hospital", "addr:city": null, "addr:street": null, "healthcare:speciality": null, "disabled": null, "emergency": null, "operator": null, "addr:suburb": null, "phone": null, "type": null, "contact:phone": null, "contact:website": null, "check_date": null, "email": null, "operator:type": null, "ownership": null, "description": null, "addr:housenumber": null, "source": null, "fixme": null, "addr:full": null, "beds": null, "wikidata": null, "wikipedia": null, "short_name": null, "level": null, "dispensing": null, "electricity": null, "health_amenity:type": null, "insurance:health": null, "operational_status": null, "water_source": null, "wheelchair": null, "website": null, "branch": null, "internet_access": null, "payment:cash": null, "payment:cards": null, "payment:credit_cards": null, "payment:debit_cards": null, "addr:postcode": null, "addr:region": null, "contact:facebook": null, "operator:wikidata": null, "mobile": null, "name:ar": null, "alt_name": null, "building": null, "name:de": null, "internet_access:fee": null, "old_name": null, "name:en": null, "official_name": null, "building:levels": null, "denomination": null, "name:fr": null, "layer": null, "barrier": null, "brand": null, "contact:email": null, "landuse": null, "name:it": null, "toilets:wheelchair": null, "addr:ghanapostgps": null, "alt_name:en": null, "addr:community": null, "building:material": null, "roof:material": null, "addr:country": null, "addr:place": null, "fax": null, "note": null, "opening_hours:visitors": null }, "geometry": { "type": "Polygon", "coordinates": [ [ [ -0.2748677, 6.1016599 ], [ -0.2747767, 6.1017278 ], [ -0.2744808, 6.1015392 ], [ -0.2742608, 6.1015166 ], [ -0.2736918, 6.1016901 ], [ -0.2736311, 6.1015166 ], [ -0.2731446, 6.1016095 ], [ -0.2724856, 6.1017353 ], [ -0.2724552, 6.1018183 ], [ -0.2721973, 6.1019032 ], [ -0.2721111, 6.1016291 ], [ -0.2704827, 6.1018108 ], [ -0.2701069, 6.100961 ], [ -0.2710365, 6.1007321 ], [ -0.2718407, 6.1005133 ], [ -0.2725306, 6.1000288 ], [ -0.2730773, 6.1000079 ], [ -0.2732442, 6.1001437 ], [ -0.2733201, 6.1003172 ], [ -0.2738511, 6.1006189 ], [ -0.2748222, 6.100898 ], [ -0.2749739, 6.101162 ], [ -0.2750649, 6.1014864 ], [ -0.2748677, 6.1016599 ] ] ] } },
{ "type": "Feature", "properties": { "element": "way", "id": 787644965, "amenity": "hospital", "name": "Klagon Maternity Home and Clinic", "opening_hours": null, "healthcare": "hospital", "addr:city": null, "addr:street": null, "healthcare:speciality": null, "disabled": null, "emergency": null, "operator": null, "addr:suburb": null, "phone": null, "type": null, "contact:phone": null, "contact:website": null, "check_date": null, "email": null, "operator:type": null, "ownership": null, "description": null, "addr:housenumber": null, "source": null, "fixme": null, "addr:full": null, "beds": null, "wikidata": null, "wikipedia": null, "short_name": null, "level": null, "dispensing": null, "electricity": null, "health_amenity:type": null, "insurance:health": null, "operational_status": null, "water_source": null, "wheelchair": null, "website": null, "branch": null, "internet_access": null, "payment:cash": null, "payment:cards": null, "payment:credit_cards": null, "payment:debit_cards": null, "addr:postcode": null, "addr:region": null, "contact:facebook": null, "operator:wikidata": null, "mobile": null, "name:ar": null, "alt_name": null, "building": null, "name:de": null, "internet_access:fee": null, "old_name": null, "name:en": null, "official_name": null, "building:levels": null, "denomination": null, "name:fr": null, "layer": null, "barrier": null, "brand": null, "contact:email": null, "landuse": null, "name:it": null, "toilets:wheelchair": null, "addr:ghanapostgps": null, "alt_name:en": null, "addr:community": null, "building:material": null, "roof:material": null, "addr:country": null, "addr:place": null, "fax": null, "note": null, "opening_hours:visitors": null }, "geometry": { "type": "Polygon", "coordinates": [ [ [ -0.0500989, 5.6650427 ], [ -0.0502678, 5.6648692 ], [ -0.0496992, 5.664306 ], [ -0.0495705, 5.664589 ], [ -0.0500989, 5.6650427 ] ] ] } },
{ "type": "Feature", "properties": { "element": "way", "id": 787645390, "amenity": "hospital", "name": "City of Hope Hospital", "opening_hours": "24/7", "healthcare": "hospital", "addr:city": null, "addr:street": null, "healthcare:speciality": null, "disabled": null, "emergency": null, "operator": null, "addr:suburb": null, "phone": "0543495200", "type": null, "contact:phone": null, "contact:website": null, "check_date": null, "email": null, "operator:type": null, "ownership": null, "description": null, "addr:housenumber": null, "source": null, "fixme": null, "addr:full": null, "beds": null, "wikidata": null, "wikipedia": null, "short_name": null, "level": null, "dispensing": null, "electricity": null, "health_amenity:type": null, "insurance:health": null, "operational_status": null, "water_source": null, "wheelchair": null, "website": null, "branch": null, "internet_access": null, "payment:cash": null, "payment:cards": null, "payment:credit_cards": null, "payment:debit_cards": null, "addr:postcode": null, "addr:region": null, "contact:facebook": null, "operator:wikidata": null, "mobile": null, "name:ar": null, "alt_name": null, "building": null, "name:de": null, "internet_access:fee": null, "old_name": null, "name:en": null, "official_name": null, "building:levels": null, "denomination": null, "name:fr": null, "layer": null, "barrier": null, "brand": null, "contact:email": null, "landuse": null, "name:it": null, "toilets:wheelchair": null, "addr:ghanapostgps": null, "alt_name:en": null, "addr:community": null, "building:material": null, "roof:material": null, "addr:country": null, "addr:place": null, "fax": null, "note": null, "opening_hours:visitors": null }, "geometry": { "type": "Polygon", "coordinates": [ [ [ -0.0564839, 5.6397657 ], [ -0.0569756, 5.6395657 ], [ -0.0568079, 5.6391573 ], [ -0.0563161, 5.6393572 ], [ -0.0564839, 5.6397657 ] ] ] } },
{ "type": "Feature", "properties": { "element": "way", "id": 787648877, "amenity": "hospital", "name": "GMC Hospital", "opening_hours": null, "healthcare": "hospital", "addr:city": null, "addr:street": null, "healthcare:speciality": null, "disabled": null, "emergency": null, "operator": null, "addr:suburb": null, "phone": null, "type": null, "contact:phone": null, "contact:website": null, "check_date": null, "email": null, "operator:type": null, "ownership": null, "description": null, "addr:housenumber": null, "source": null, "fixme": null, "addr:full": null, "beds": null, "wikidata": null, "wikipedia": null, "short_name": null, "level": null, "dispensing": null, "electricity": null, "health_amenity:type": null, "insurance:health": null, "operational_status": null, "water_source": null, "wheelchair": null, "website": null, "branch": null, "internet_access": null, "payment:cash": null, "payment:cards": null, "payment:credit_cards": null, "payment:debit_cards": null, "addr:postcode": null, "addr:region": null, "contact:facebook": null, "operator:wikidata": null, "mobile": null, "name:ar": null, "alt_name": null, "building": null, "name:de": null, "internet_access:fee": null, "old_name": null, "name:en": null, "official_name": null, "building:levels": null, "denomination": null, "name:fr": null, "layer": null, "barrier": null, "brand": null, "contact:email": null, "landuse": null, "name:it": null, "toilets:wheelchair": null, "addr:ghanapostgps": null, "alt_name:en": null, "addr:community": null, "building:material": null, "roof:material": null, "addr:country": null, "addr:place": null, "fax": null, "note": null, "opening_hours:visitors": null }, "geometry": { "type": "Polygon", "coordinates": [ [ [ -1.9826973, 5.2806922 ], [ -1.9827898, 5.2805842 ], [ -1.9825889, 5.2801872 ], [ -1.982118, 5.2797382 ], [ -1.981616, 5.2802602 ], [ -1.9817117, 5.2804667 ], [ -1.9821359, 5.2807208 ], [ -1.9826973, 5.2806922 ] ] ] } },
{ "type": "Feature", "properties": { "element": "way", "id": 787650267, "amenity": "hospital", "name": "Hohoe Municipal Hospital", "opening_hours": null, "healthcare": "hospital", "addr:city": null, "addr:street": null, "healthcare:speciality": null, "disabled": null, "emergency": null, "operator": null, "addr:suburb": null, "phone": null, "type": null, "contact:phone": null, "contact:website": null, "check_date": null, "email": null, "operator:type": null, "ownership": null, "description": null, "addr:housenumber": null, "source": null, "fixme": null, "addr:full": null, "beds": null, "wikidata": null, "wikipedia": null, "short_name": null, "level": null, "dispensing": null, "electricity": null, "health_amenity:type": null, "insurance:health": null, "operational_status": null, "water_source": null, "wheelchair": null, "website": null, "branch": null, "internet_access": null, "payment:cash": null, "payment:cards": null, "payment:credit_cards": null, "payment:debit_cards": null, "addr:postcode": null, "addr:region": null, "contact:facebook": null, "operator:wikidata": null, "mobile": null, "name:ar": null, "alt_name": null, "building": null, "name:de": null, "internet_access:fee": null, "old_name": null, "name:en": null, "official_name": null, "building:levels": null, "denomination": null, "name:fr": null, "layer": null, "barrier": null, "brand": null, "contact:email": null, "landuse": null, "name:it": null, "toilets:wheelchair": null, "addr:ghanapostgps": null, "alt_name:en": null, "addr:community": null, "building:material": null, "roof:material": null, "addr:country": null, "addr:place": null, "fax": null, "note": null, "opening_hours:visitors": null }, "geometry": { "type": "Polygon", "coordinates": [ [ [ 0.4722393, 7.1591931 ], [ 0.4716544, 7.1574829 ], [ 0.4717174, 7.1571981 ], [ 0.4720292, 7.1570019 ], [ 0.4722122, 7.1568478 ], [ 0.4723385, 7.1566419 ], [ 0.4726543, 7.1564987 ], [ 0.4733399, 7.155881 ], [ 0.4737549, 7.1567225 ], [ 0.4738722, 7.1571074 ], [ 0.4740256, 7.157367 ], [ 0.4739354, 7.1577161 ], [ 0.4736918, 7.1579936 ], [ 0.473358, 7.1580831 ], [ 0.4734031, 7.1583517 ], [ 0.4734392, 7.1587008 ], [ 0.4733038, 7.1588888 ], [ 0.4731414, 7.1589783 ], [ 0.4730783, 7.1592647 ], [ 0.4727084, 7.1592826 ], [ 0.472546, 7.1594527 ], [ 0.4723255, 7.1593432 ], [ 0.4722393, 7.1591931 ] ] ] } },
{ "type": "Feature", "properties": { "element": "way", "id": 787650933, "amenity": "hospital", "name": "St. Joseph Hospital, Nkwanta South District", "opening_hours": null, "healthcare": "hospital", "addr:city": null, "addr:street": null, "healthcare:speciality": null, "disabled": null, "emergency": null, "operator": null, "addr:suburb": null, "phone": null, "type": null, "contact:phone": null, "contact:website": null, "check_date": null, "email": null, "operator:type": null, "ownership": null, "description": null, "addr:housenumber": null, "source": null, "fixme": null, "addr:full": null, "beds": null, "wikidata": null, "wikipedia": null, "short_name": null, "level": null, "dispensing": null, "electricity": null, "health_amenity:type": null, "insurance:health": null, "operational_status": null, "water_source": null, "wheelchair": null, "website": null, "branch": null, "internet_access": null, "payment:cash": null, "payment:cards": null, "payment:credit_cards": null, "payment:debit_cards": null, "addr:postcode": null, "addr:region": null, "contact:facebook": null, "operator:wikidata": null, "mobile": null, "name:ar": null, "alt_name": null, "building": null, "name:de": null, "internet_access:fee": null, "old_name": null, "name:en": null, "official_name": null, "building:levels": null, "denomination": null, "name:fr": null, "layer": null, "barrier": null, "brand": null, "contact:email": null, "landuse": null, "name:it": null, "toilets:wheelchair": null, "addr:ghanapostgps": null, "alt_name:en": null, "addr:community": null, "building:material": null, "roof:material": null, "addr:country": null, "addr:place": null, "fax": null, "note": null, "opening_hours:visitors": null }, "geometry": { "type": "Polygon", "coordinates": [ [ [ 0.5203167, 8.2485104 ], [ 0.5201157, 8.2484879 ], [ 0.520184, 8.2479249 ], [ 0.5206465, 8.2477481 ], [ 0.5208539, 8.2476818 ], [ 0.5215501, 8.2476575 ], [ 0.5217948, 8.2476944 ], [ 0.5220149, 8.2476629 ], [ 0.5220692, 8.2480133 ], [ 0.5220628, 8.2483447 ], [ 0.5222797, 8.2485183 ], [ 0.5223977, 8.2485499 ], [ 0.522621, 8.2489319 ], [ 0.5225986, 8.2491149 ], [ 0.5219766, 8.2490518 ], [ 0.5214089, 8.2488435 ], [ 0.520806, 8.2485972 ], [ 0.5203167, 8.2485104 ] ] ] } },
{ "type": "Feature", "properties": { "element": "way", "id": 787651055, "amenity": "hospital", "name": "Anfoega Catholic Hospital", "opening_hours": null, "healthcare": "hospital", "addr:city": null, "addr:street": null, "healthcare:speciality": null, "disabled": null, "emergency": null, "operator": null, "addr:suburb": null, "phone": null, "type": null, "contact:phone": null, "contact:website": null, "check_date": null, "email": null, "operator:type": null, "ownership": null, "description": null, "addr:housenumber": null, "source": null, "fixme": null, "addr:full": null, "beds": null, "wikidata": null, "wikipedia": null, "short_name": null, "level": null, "dispensing": null, "electricity": null, "health_amenity:type": null, "insurance:health": null, "operational_status": null, "water_source": null, "wheelchair": null, "website": null, "branch": null, "internet_access": null, "payment:cash": null, "payment:cards": null, "payment:credit_cards": null, "payment:debit_cards": null, "addr:postcode": null, "addr:region": null, "contact:facebook": null, "operator:wikidata": null, "mobile": null, "name:ar": null, "alt_name": null, "building": null, "name:de": null, "internet_access:fee": null, "old_name": null, "name:en": null, "official_name": null, "building:levels": null, "denomination": null, "name:fr": null, "layer": null, "barrier": null, "brand": null, "contact:email": null, "landuse": null, "name:it": null, "toilets:wheelchair": null, "addr:ghanapostgps": null, "alt_name:en": null, "addr:community": null, "building:material": null, "roof:material": null, "addr:country": null, "addr:place": null, "fax": null, "note": null, "opening_hours:visitors": null }, "geometry": { "type": "Polygon", "coordinates": [ [ [ 0.2772969, 6.8805675 ], [ 0.2772813, 6.8809991 ], [ 0.2757346, 6.8809438 ], [ 0.2758077, 6.8789271 ], [ 0.27585, 6.8777616 ], [ 0.2773966, 6.8778169 ], [ 0.2772969, 6.8805675 ] ] ] } },
{ "type": "Feature", "properties": { "element": "way", "id": 787651560, "amenity": "hospital", "name": "Amen Scientific Herbal and Alternative Medical Hospital", "opening_hours": null, "healthcare": "hospital", "addr:city": null, "addr:street": null, "healthcare:speciality": null, "disabled": null, "emergency": null, "operator": null, "addr:suburb": null, "phone": null, "type": null, "contact:phone": null, "contact:website": null, "check_date": "2026-03-02", "email": null, "operator:type": null, "ownership": null, "description": null, "addr:housenumber": null, "source": null, "fixme": null, "addr:full": null, "beds": null, "wikidata": null, "wikipedia": null, "short_name": null, "level": null, "dispensing": null, "electricity": null, "health_amenity:type": null, "insurance:health": null, "operational_status": null, "water_source": null, "wheelchair": null, "website": null, "branch": null, "internet_access": null, "payment:cash": null, "payment:cards": null, "payment:credit_cards": null, "payment:debit_cards": null, "addr:postcode": null, "addr:region": null, "contact:facebook": null, "operator:wikidata": null, "mobile": null, "name:ar": null, "alt_name": null, "building": null, "name:de": null, "internet_access:fee": null, "old_name": null, "name:en": null, "official_name": null, "building:levels": null, "denomination": null, "name:fr": null, "layer": null, "barrier": null, "brand": null, "contact:email": null, "landuse": null, "name:it": null, "toilets:wheelchair": null, "addr:ghanapostgps": null, "alt_name:en": null, "addr:community": null, "building:material": null, "roof:material": null, "addr:country": null, "addr:place": null, "fax": null, "note": null, "opening_hours:visitors": null }, "geometry": { "type": "Polygon", "coordinates": [ [ [ -1.625287, 6.7032152 ], [ -1.6250161, 6.7032764 ], [ -1.6249223, 6.7030207 ], [ -1.6251771, 6.7029141 ], [ -1.625287, 6.7032152 ] ] ] } },
{ "type": "Feature", "properties": { "element": "way", "id": 787652346, "amenity": "hospital", "name": "Father Thomas Allan Rooney Memorial Hospital", "opening_hours": null, "healthcare": "hospital", "addr:city": null, "addr:street": null, "healthcare:speciality": null, "disabled": null, "emergency": null, "operator": "Catholic", "addr:suburb": null, "phone": null, "type": null, "contact:phone": null, "contact:website": null, "check_date": null, "email": null, "operator:type": null, "ownership": null, "description": null, "addr:housenumber": null, "source": null, "fixme": null, "addr:full": null, "beds": null, "wikidata": null, "wikipedia": null, "short_name": null, "level": null, "dispensing": null, "electricity": null, "health_amenity:type": null, "insurance:health": null, "operational_status": null, "water_source": null, "wheelchair": null, "website": null, "branch": null, "internet_access": null, "payment:cash": null, "payment:cards": null, "payment:credit_cards": null, "payment:debit_cards": null, "addr:postcode": null, "addr:region": null, "contact:facebook": null, "operator:wikidata": null, "mobile": null, "name:ar": null, "alt_name": null, "building": null, "name:de": null, "internet_access:fee": null, "old_name": null, "name:en": null, "official_name": null, "building:levels": null, "denomination": null, "name:fr": null, "layer": null, "barrier": null, "brand": null, "contact:email": null, "landuse": null, "name:it": null, "toilets:wheelchair": null, "addr:ghanapostgps": null, "alt_name:en": null, "addr:community": null, "building:material": null, "roof:material": null, "addr:country": null, "addr:place": null, "fax": null, "note": null, "opening_hours:visitors": null }, "geometry": { "type": "Polygon", "coordinates": [ [ [ -2.4322209, 5.8019676 ], [ -2.432768, 5.8017061 ], [ -2.4329075, 5.8015193 ], [ -2.4328297, 5.8012231 ], [ -2.4320546, 5.8010977 ], [ -2.4317258, 5.8011349 ], [ -2.431494, 5.801466 ], [ -2.4315074, 5.8016341 ], [ -2.4313867, 5.8017782 ], [ -2.4315315, 5.8019836 ], [ -2.4318319, 5.8021464 ], [ -2.4321189, 5.8020317 ], [ -2.4322209, 5.8019676 ] ] ] } },
{ "type": "Feature", "properties": { "element": "way", "id": 787652931, "amenity": "hospital", "name": "Kintampo South District Hospital", "opening_hours": null, "healthcare": "hospital", "addr:city": null, "addr:street": null, "healthcare:speciality": null, "disabled": null, "emergency": null, "operator": null, "addr:suburb": null, "phone": null, "type": null, "contact:phone": null, "contact:website": null, "check_date": null, "email": null, "operator:type": null, "ownership": null, "description": null, "addr:housenumber": null, "source": null, "fixme": null, "addr:full": null, "beds": null, "wikidata": null, "wikipedia": null, "short_name": null, "level": null, "dispensing": null, "electricity": null, "health_amenity:type": null, "insurance:health": null, "operational_status": null, "water_source": null, "wheelchair": null, "website": null, "branch": null, "internet_access": null, "payment:cash": null, "payment:cards": null, "payment:credit_cards": null, "payment:debit_cards": null, "addr:postcode": null, "addr:region": null, "contact:facebook": null, "operator:wikidata": null, "mobile": null, "name:ar": null, "alt_name": null, "building": null, "name:de": null, "internet_access:fee": null, "old_name": null, "name:en": null, "official_name": null, "building:levels": null, "denomination": null, "name:fr": null, "layer": null, "barrier": null, "brand": null, "contact:email": null, "landuse": null, "name:it": null, "toilets:wheelchair": null, "addr:ghanapostgps": null, "alt_name:en": null, "addr:community": null, "building:material": null, "roof:material": null, "addr:country": null, "addr:place": null, "fax": null, "note": null, "opening_hours:visitors": null }, "geometry": { "type": "Polygon", "coordinates": [ [ [ -1.7737745, 7.8911364 ], [ -1.7726199, 7.8907098 ], [ -1.7723615, 7.8904792 ], [ -1.7722754, 7.8902833 ], [ -1.7724157, 7.890119 ], [ -1.7725561, 7.8901064 ], [ -1.7727506, 7.8901664 ], [ -1.7728144, 7.8899642 ], [ -1.7740361, 7.8903939 ], [ -1.7737745, 7.8911364 ] ] ] } },
{ "type": "Feature", "properties": { "element": "way", "id": 788119769, "amenity": "hospital", "name": "Ashan", "opening_hours": null, "healthcare": "hospital", "addr:city": null, "addr:street": null, "healthcare:speciality": null, "disabled": null, "emergency": null, "operator": null, "addr:suburb": null, "phone": null, "type": null, "contact:phone": null, "contact:website": null, "check_date": null, "email": null, "operator:type": null, "ownership": null, "description": null, "addr:housenumber": null, "source": null, "fixme": null, "addr:full": null, "beds": null, "wikidata": null, "wikipedia": null, "short_name": null, "level": null, "dispensing": null, "electricity": null, "health_amenity:type": null, "insurance:health": null, "operational_status": null, "water_source": null, "wheelchair": null, "website": null, "branch": null, "internet_access": null, "payment:cash": null, "payment:cards": null, "payment:credit_cards": null, "payment:debit_cards": null, "addr:postcode": null, "addr:region": null, "contact:facebook": null, "operator:wikidata": null, "mobile": null, "name:ar": null, "alt_name": null, "building": null, "name:de": null, "internet_access:fee": null, "old_name": null, "name:en": null, "official_name": null, "building:levels": null, "denomination": null, "name:fr": null, "layer": null, "barrier": null, "brand": null, "contact:email": null, "landuse": null, "name:it": null, "toilets:wheelchair": null, "addr:ghanapostgps": null, "alt_name:en": null, "addr:community": null, "building:material": null, "roof:material": null, "addr:country": null, "addr:place": null, "fax": null, "note": null, "opening_hours:visitors": null }, "geometry": { "type": "Polygon", "coordinates": [ [ [ -1.649413, 6.8439846 ], [ -1.6497127, 6.8427719 ], [ -1.6497772, 6.8425421 ], [ -1.6490565, 6.8423689 ], [ -1.6480475, 6.8423124 ], [ -1.6477857, 6.8426551 ], [ -1.6477895, 6.8437887 ], [ -1.6478502, 6.8439318 ], [ -1.6479526, 6.8439883 ], [ -1.6483509, 6.8438603 ], [ -1.648624, 6.843785 ], [ -1.6489958, 6.8438791 ], [ -1.649413, 6.8439846 ] ] ] } },
{ "type": "Feature", "properties": { "element": "way", "id": 788119913, "amenity": "hospital", "name": "Offinso Health Center", "opening_hours": null, "healthcare": "hospital", "addr:city": null, "addr:street": null, "healthcare:speciality": null, "disabled": null, "emergency": null, "operator": null, "addr:suburb": null, "phone": null, "type": null, "contact:phone": null, "contact:website": null, "check_date": null, "email": null, "operator:type": null, "ownership": null, "description": null, "addr:housenumber": null, "source": null, "fixme": null, "addr:full": null, "beds": null, "wikidata": null, "wikipedia": null, "short_name": null, "level": null, "dispensing": null, "electricity": null, "health_amenity:type": null, "insurance:health": null, "operational_status": null, "water_source": null, "wheelchair": null, "website": null, "branch": null, "internet_access": null, "payment:cash": null, "payment:cards": null, "payment:credit_cards": null, "payment:debit_cards": null, "addr:postcode": null, "addr:region": null, "contact:facebook": null, "operator:wikidata": null, "mobile": null, "name:ar": null, "alt_name": null, "building": null, "name:de": null, "internet_access:fee": null, "old_name": null, "name:en": null, "official_name": null, "building:levels": null, "denomination": null, "name:fr": null, "layer": null, "barrier": null, "brand": null, "contact:email": null, "landuse": null, "name:it": null, "toilets:wheelchair": null, "addr:ghanapostgps": null, "alt_name:en": null, "addr:community": null, "building:material": null, "roof:material": null, "addr:country": null, "addr:place": null, "fax": null, "note": null, "opening_hours:visitors": null }, "geometry": { "type": "Polygon", "coordinates": [ [ [ -1.6750227, 6.9384616 ], [ -1.6752996, 6.9375993 ], [ -1.6747799, 6.9374223 ], [ -1.674723, 6.9375993 ], [ -1.6744803, 6.9383185 ], [ -1.6750227, 6.9384616 ] ] ] } },
{ "type": "Feature", "properties": { "element": "way", "id": 788120006, "amenity": "hospital", "name": "Amoako Health City", "opening_hours": null, "healthcare": "hospital", "addr:city": null, "addr:street": null, "healthcare:speciality": null, "disabled": null, "emergency": null, "operator": null, "addr:suburb": null, "phone": null, "type": null, "contact:phone": null, "contact:website": null, "check_date": null, "email": null, "operator:type": null, "ownership": null, "description": null, "addr:housenumber": null, "source": null, "fixme": null, "addr:full": null, "beds": null, "wikidata": null, "wikipedia": null, "short_name": null, "level": null, "dispensing": null, "electricity": null, "health_amenity:type": null, "insurance:health": null, "operational_status": null, "water_source": null, "wheelchair": null, "website": null, "branch": null, "internet_access": null, "payment:cash": null, "payment:cards": null, "payment:credit_cards": null, "payment:debit_cards": null, "addr:postcode": null, "addr:region": null, "contact:facebook": null, "operator:wikidata": null, "mobile": null, "name:ar": null, "alt_name": null, "building": null, "name:de": null, "internet_access:fee": null, "old_name": null, "name:en": null, "official_name": null, "building:levels": null, "denomination": null, "name:fr": null, "layer": null, "barrier": null, "brand": null, "contact:email": null, "landuse": null, "name:it": null, "toilets:wheelchair": null, "addr:ghanapostgps": null, "alt_name:en": null, "addr:community": null, "building:material": null, "roof:material": null, "addr:country": null, "addr:place": null, "fax": null, "note": null, "opening_hours:visitors": null }, "geometry": { "type": "Polygon", "coordinates": [ [ [ -1.9420156, 7.5375747 ], [ -1.9421927, 7.5371386 ], [ -1.941447, 7.5367663 ], [ -1.9412485, 7.5372476 ], [ -1.9420156, 7.5375747 ] ] ] } },
{ "type": "Feature", "properties": { "element": "way", "id": 788120339, "amenity": "hospital", "name": "Bimbilla Hospital", "opening_hours": null, "healthcare": "hospital", "addr:city": null, "addr:street": null, "healthcare:speciality": null, "disabled": null, "emergency": null, "operator": null, "addr:suburb": null, "phone": null, "type": null, "contact:phone": null, "contact:website": null, "check_date": null, "email": null, "operator:type": null, "ownership": null, "description": null, "addr:housenumber": null, "source": null, "fixme": null, "addr:full": null, "beds": null, "wikidata": null, "wikipedia": null, "short_name": null, "level": null, "dispensing": null, "electricity": null, "health_amenity:type": null, "insurance:health": null, "operational_status": null, "water_source": null, "wheelchair": null, "website": null, "branch": null, "internet_access": null, "payment:cash": null, "payment:cards": null, "payment:credit_cards": null, "payment:debit_cards": null, "addr:postcode": null, "addr:region": null, "contact:facebook": null, "operator:wikidata": null, "mobile": null, "name:ar": null, "alt_name": null, "building": null, "name:de": null, "internet_access:fee": null, "old_name": null, "name:en": null, "official_name": null, "building:levels": null, "denomination": null, "name:fr": null, "layer": null, "barrier": null, "brand": null, "contact:email": null, "landuse": null, "name:it": null, "toilets:wheelchair": null, "addr:ghanapostgps": null, "alt_name:en": null, "addr:community": null, "building:material": null, "roof:material": null, "addr:country": null, "addr:place": null, "fax": null, "note": null, "opening_hours:visitors": null }, "geometry": { "type": "Polygon", "coordinates": [ [ [ 0.0549533, 8.8585355 ], [ 0.054762, 8.8584094 ], [ 0.054392, 8.8576593 ], [ 0.0546889, 8.8570877 ], [ 0.0558892, 8.8577092 ], [ 0.0557699, 8.8582645 ], [ 0.0556551, 8.8584914 ], [ 0.0549533, 8.8585355 ] ] ] } },
{ "type": "Feature", "properties": { "element": "way", "id": 788120792, "amenity": "hospital", "name": "Ho Royal Hospital", "opening_hours": null, "healthcare": "hospital", "addr:city": null, "addr:street": null, "healthcare:speciality": null, "disabled": null, "emergency": null, "operator": null, "addr:suburb": null, "phone": null, "type": null, "contact:phone": null, "contact:website": null, "check_date": null, "email": null, "operator:type": null, "ownership": null, "description": null, "addr:housenumber": null, "source": null, "fixme": null, "addr:full": null, "beds": null, "wikidata": null, "wikipedia": null, "short_name": null, "level": null, "dispensing": null, "electricity": null, "health_amenity:type": null, "insurance:health": null, "operational_status": null, "water_source": null, "wheelchair": null, "website": null, "branch": null, "internet_access": null, "payment:cash": null, "payment:cards": null, "payment:credit_cards": null, "payment:debit_cards": null, "addr:postcode": null, "addr:region": null, "contact:facebook": null, "operator:wikidata": null, "mobile": null, "name:ar": null, "alt_name": null, "building": null, "name:de": null, "internet_access:fee": null, "old_name": null, "name:en": null, "official_name": null, "building:levels": null, "denomination": null, "name:fr": null, "layer": null, "barrier": null, "brand": null, "contact:email": null, "landuse": null, "name:it": null, "toilets:wheelchair": null, "addr:ghanapostgps": null, "alt_name:en": null, "addr:community": null, "building:material": null, "roof:material": null, "addr:country": null, "addr:place": null, "fax": null, "note": null, "opening_hours:visitors": null }, "geometry": { "type": "Polygon", "coordinates": [ [ [ 0.4773244, 6.6314864 ], [ 0.4771454, 6.6312986 ], [ 0.4775675, 6.6308669 ], [ 0.4777868, 6.6311087 ], [ 0.4773244, 6.6314864 ] ] ] } },
{ "type": "Feature", "properties": { "element": "way", "id": 788122226, "amenity": "hospital", "name": "Armah Memorial", "opening_hours": null, "healthcare": "hospital", "addr:city": null, "addr:street": null, "healthcare:speciality": null, "disabled": null, "emergency": null, "operator": null, "addr:suburb": null, "phone": null, "type": null, "contact:phone": null, "contact:website": null, "check_date": null, "email": null, "operator:type": null, "ownership": null, "description": null, "addr:housenumber": null, "source": null, "fixme": null, "addr:full": null, "beds": null, "wikidata": null, "wikipedia": null, "short_name": null, "level": null, "dispensing": null, "electricity": null, "health_amenity:type": null, "insurance:health": null, "operational_status": null, "water_source": null, "wheelchair": null, "website": null, "branch": null, "internet_access": null, "payment:cash": null, "payment:cards": null, "payment:credit_cards": null, "payment:debit_cards": null, "addr:postcode": null, "addr:region": null, "contact:facebook": null, "operator:wikidata": null, "mobile": null, "name:ar": null, "alt_name": null, "building": null, "name:de": null, "internet_access:fee": null, "old_name": null, "name:en": null, "official_name": null, "building:levels": null, "denomination": null, "name:fr": null, "layer": null, "barrier": null, "brand": null, "contact:email": null, "landuse": null, "name:it": null, "toilets:wheelchair": null, "addr:ghanapostgps": null, "alt_name:en": null, "addr:community": null, "building:material": null, "roof:material": null, "addr:country": null, "addr:place": null, "fax": null, "note": null, "opening_hours:visitors": null }, "geometry": { "type": "Polygon", "coordinates": [ [ [ -0.2435214, 5.5586026 ], [ -0.2435965, 5.5583036 ], [ -0.2432076, 5.5582048 ], [ -0.2431379, 5.5585118 ], [ -0.2435214, 5.5586026 ] ] ] } },
{ "type": "Feature", "properties": { "element": "way", "id": 788122629, "amenity": "hospital", "name": "Atta Mills Clinical Teaching center", "opening_hours": null, "healthcare": "hospital", "addr:city": null, "addr:street": null, "healthcare:speciality": null, "disabled": null, "emergency": null, "operator": null, "addr:suburb": null, "phone": null, "type": null, "contact:phone": null, "contact:website": null, "check_date": null, "email": null, "operator:type": null, "ownership": null, "description": null, "addr:housenumber": null, "source": null, "fixme": null, "addr:full": null, "beds": null, "wikidata": null, "wikipedia": null, "short_name": null, "level": null, "dispensing": null, "electricity": null, "health_amenity:type": null, "insurance:health": null, "operational_status": null, "water_source": null, "wheelchair": null, "website": null, "branch": null, "internet_access": null, "payment:cash": null, "payment:cards": null, "payment:credit_cards": null, "payment:debit_cards": null, "addr:postcode": null, "addr:region": null, "contact:facebook": null, "operator:wikidata": null, "mobile": null, "name:ar": null, "alt_name": null, "building": null, "name:de": null, "internet_access:fee": null, "old_name": null, "name:en": null, "official_name": null, "building:levels": null, "denomination": null, "name:fr": null, "layer": null, "barrier": null, "brand": null, "contact:email": null, "landuse": null, "name:it": null, "toilets:wheelchair": null, "addr:ghanapostgps": null, "alt_name:en": null, "addr:community": null, "building:material": null, "roof:material": null, "addr:country": null, "addr:place": null, "fax": null, "note": null, "opening_hours:visitors": null }, "geometry": { "type": "Polygon", "coordinates": [ [ [ -1.2643886, 5.1349786 ], [ -1.2648821, 5.1350134 ], [ -1.2649331, 5.1350908 ], [ -1.2649465, 5.1357213 ], [ -1.2642732, 5.1357106 ], [ -1.2643886, 5.1349786 ] ] ] } },
{ "type": "Feature", "properties": { "element": "way", "id": 788123054, "amenity": "hospital", "name": "Abrafi Women and Children Hospital", "opening_hours": null, "healthcare": "hospital", "addr:city": null, "addr:street": null, "healthcare:speciality": null, "disabled": null, "emergency": null, "operator": null, "addr:suburb": null, "phone": null, "type": null, "contact:phone": null, "contact:website": null, "check_date": null, "email": null, "operator:type": null, "ownership": null, "description": null, "addr:housenumber": null, "source": null, "fixme": null, "addr:full": null, "beds": null, "wikidata": null, "wikipedia": null, "short_name": null, "level": null, "dispensing": null, "electricity": null, "health_amenity:type": null, "insurance:health": "public", "operational_status": null, "water_source": null, "wheelchair": null, "website": null, "branch": null, "internet_access": null, "payment:cash": null, "payment:cards": null, "payment:credit_cards": null, "payment:debit_cards": null, "addr:postcode": null, "addr:region": null, "contact:facebook": null, "operator:wikidata": null, "mobile": null, "name:ar": null, "alt_name": null, "building": null, "name:de": null, "internet_access:fee": null, "old_name": null, "name:en": null, "official_name": null, "building:levels": null, "denomination": null, "name:fr": null, "layer": null, "barrier": null, "brand": null, "contact:email": null, "landuse": null, "name:it": null, "toilets:wheelchair": null, "addr:ghanapostgps": null, "alt_name:en": null, "addr:community": null, "building:material": null, "roof:material": null, "addr:country": null, "addr:place": null, "fax": null, "note": null, "opening_hours:visitors": null }, "geometry": { "type": "Polygon", "coordinates": [ [ [ -1.9454311, 7.5799486 ], [ -1.9441919, 7.5801294 ], [ -1.9441544, 7.5800815 ], [ -1.9440632, 7.5795604 ], [ -1.9451897, 7.5793902 ], [ -1.9454901, 7.579938 ], [ -1.9454311, 7.5799486 ] ] ] } },
{ "type": "Feature", "properties": { "element": "way", "id": 788123204, "amenity": "hospital", "name": "Shai Osudoku New District Hospital", "opening_hours": "24/7", "healthcare": "hospital", "addr:city": null, "addr:street": "Hospital street", "healthcare:speciality": null, "disabled": null, "emergency": null, "operator": null, "addr:suburb": null, "phone": null, "type": null, "contact:phone": null, "contact:website": null, "check_date": null, "email": null, "operator:type": null, "ownership": null, "description": null, "addr:housenumber": null, "source": null, "fixme": null, "addr:full": null, "beds": null, "wikidata": null, "wikipedia": null, "short_name": null, "level": null, "dispensing": null, "electricity": null, "health_amenity:type": null, "insurance:health": null, "operational_status": null, "water_source": null, "wheelchair": null, "website": null, "branch": null, "internet_access": null, "payment:cash": null, "payment:cards": null, "payment:credit_cards": null, "payment:debit_cards": null, "addr:postcode": null, "addr:region": null, "contact:facebook": null, "operator:wikidata": null, "mobile": null, "name:ar": null, "alt_name": null, "building": null, "name:de": null, "internet_access:fee": null, "old_name": null, "name:en": null, "official_name": null, "building:levels": null, "denomination": null, "name:fr": null, "layer": null, "barrier": null, "brand": null, "contact:email": null, "landuse": null, "name:it": null, "toilets:wheelchair": null, "addr:ghanapostgps": null, "alt_name:en": null, "addr:community": null, "building:material": null, "roof:material": null, "addr:country": null, "addr:place": null, "fax": null, "note": null, "opening_hours:visitors": null }, "geometry": { "type": "Polygon", "coordinates": [ [ [ -0.090975, 5.900877 ], [ -0.0896124, 5.8993723 ], [ -0.0922624, 5.8968537 ], [ -0.0933568, 5.8980489 ], [ -0.0927667, 5.8992549 ], [ -0.090975, 5.900877 ] ] ] } },
{ "type": "Feature", "properties": { "element": "way", "id": 788123691, "amenity": "hospital", "name": "Valley View Adventist Hospital", "opening_hours": null, "healthcare": "hospital", "addr:city": null, "addr:street": null, "healthcare:speciality": null, "disabled": null, "emergency": null, "operator": null, "addr:suburb": null, "phone": null, "type": null, "contact:phone": null, "contact:website": null, "check_date": null, "email": null, "operator:type": null, "ownership": null, "description": null, "addr:housenumber": null, "source": null, "fixme": null, "addr:full": null, "beds": null, "wikidata": null, "wikipedia": null, "short_name": null, "level": null, "dispensing": null, "electricity": null, "health_amenity:type": "emergency_department", "insurance:health": "private", "operational_status": null, "water_source": null, "wheelchair": null, "website": null, "branch": null, "internet_access": null, "payment:cash": null, "payment:cards": null, "payment:credit_cards": null, "payment:debit_cards": null, "addr:postcode": null, "addr:region": null, "contact:facebook": null, "operator:wikidata": null, "mobile": null, "name:ar": null, "alt_name": null, "building": null, "name:de": null, "internet_access:fee": null, "old_name": null, "name:en": null, "official_name": null, "building:levels": null, "denomination": null, "name:fr": null, "layer": null, "barrier": null, "brand": null, "contact:email": null, "landuse": null, "name:it": null, "toilets:wheelchair": null, "addr:ghanapostgps": null, "alt_name:en": null, "addr:community": null, "building:material": null, "roof:material": null, "addr:country": null, "addr:place": null, "fax": null, "note": null, "opening_hours:visitors": null }, "geometry": { "type": "Polygon", "coordinates": [ [ [ -1.9614535, 7.5739003 ], [ -1.9617417, 7.5746373 ], [ -1.9621211, 7.5747426 ], [ -1.9619693, 7.5749606 ], [ -1.9619693, 7.5750509 ], [ -1.9616355, 7.5752614 ], [ -1.9610438, 7.575457 ], [ -1.9604596, 7.5743064 ], [ -1.9614535, 7.5739003 ] ] ] } },
{ "type": "Feature", "properties": { "element": "way", "id": 788123824, "amenity": "hospital", "name": "C4C", "opening_hours": null, "healthcare": "hospital", "addr:city": null, "addr:street": null, "healthcare:speciality": null, "disabled": null, "emergency": null, "operator": null, "addr:suburb": null, "phone": null, "type": null, "contact:phone": null, "contact:website": null, "check_date": null, "email": null, "operator:type": null, "ownership": null, "description": null, "addr:housenumber": null, "source": null, "fixme": null, "addr:full": null, "beds": null, "wikidata": null, "wikipedia": null, "short_name": null, "level": null, "dispensing": null, "electricity": null, "health_amenity:type": null, "insurance:health": null, "operational_status": null, "water_source": null, "wheelchair": null, "website": null, "branch": null, "internet_access": null, "payment:cash": null, "payment:cards": null, "payment:credit_cards": null, "payment:debit_cards": null, "addr:postcode": null, "addr:region": null, "contact:facebook": null, "operator:wikidata": null, "mobile": null, "name:ar": null, "alt_name": null, "building": null, "name:de": null, "internet_access:fee": null, "old_name": null, "name:en": null, "official_name": null, "building:levels": null, "denomination": null, "name:fr": null, "layer": null, "barrier": null, "brand": null, "contact:email": null, "landuse": null, "name:it": null, "toilets:wheelchair": null, "addr:ghanapostgps": null, "alt_name:en": null, "addr:community": null, "building:material": null, "roof:material": null, "addr:country": null, "addr:place": null, "fax": null, "note": null, "opening_hours:visitors": null }, "geometry": { "type": "Polygon", "coordinates": [ [ [ -1.752234, 4.9437005 ], [ -1.7525612, 4.9440158 ], [ -1.7521857, 4.94443 ], [ -1.7518504, 4.9441735 ], [ -1.752234, 4.9437005 ] ] ] } },
{ "type": "Feature", "properties": { "element": "way", "id": 788124254, "amenity": "hospital", "name": "C&J Medicare Hospital", "opening_hours": "24/7", "healthcare": "clinic;doctor;hospital;laboratory", "addr:city": "Accra", "addr:street": "Jones Nelson Road", "healthcare:speciality": "cardiology;endocrinology;radiology", "disabled": null, "emergency": null, "operator": null, "addr:suburb": null, "phone": null, "type": null, "contact:phone": "0302 683 388", "contact:website": null, "check_date": null, "email": null, "operator:type": "private", "ownership": null, "description": null, "addr:housenumber": null, "source": null, "fixme": null, "addr:full": null, "beds": null, "wikidata": null, "wikipedia": null, "short_name": null, "level": null, "dispensing": null, "electricity": null, "health_amenity:type": "operating_theater", "insurance:health": null, "operational_status": null, "water_source": null, "wheelchair": null, "website": null, "branch": null, "internet_access": null, "payment:cash": null, "payment:cards": null, "payment:credit_cards": null, "payment:debit_cards": null, "addr:postcode": null, "addr:region": null, "contact:facebook": null, "operator:wikidata": null, "mobile": null, "name:ar": null, "alt_name": null, "building": null, "name:de": null, "internet_access:fee": null, "old_name": null, "name:en": null, "official_name": null, "building:levels": null, "denomination": null, "name:fr": null, "layer": null, "barrier": null, "brand": null, "contact:email": null, "landuse": null, "name:it": null, "toilets:wheelchair": null, "addr:ghanapostgps": null, "alt_name:en": null, "addr:community": null, "building:material": null, "roof:material": null, "addr:country": null, "addr:place": null, "fax": null, "note": null, "opening_hours:visitors": null }, "geometry": { "type": "Polygon", "coordinates": [ [ [ -0.2100013, 5.5536877 ], [ -0.2102696, 5.5536236 ], [ -0.2102079, 5.553362 ], [ -0.2099236, 5.5534314 ], [ -0.2100013, 5.5536877 ] ] ] } },
{ "type": "Feature", "properties": { "element": "way", "id": 788124542, "amenity": "hospital", "name": "Abuakwa Health Center", "opening_hours": "24/7", "healthcare": "hospital", "addr:city": null, "addr:street": null, "healthcare:speciality": null, "disabled": null, "emergency": null, "operator": null, "addr:suburb": null, "phone": null, "type": null, "contact:phone": null, "contact:website": null, "check_date": null, "email": null, "operator:type": null, "ownership": null, "description": null, "addr:housenumber": null, "source": null, "fixme": null, "addr:full": null, "beds": null, "wikidata": null, "wikipedia": null, "short_name": null, "level": null, "dispensing": null, "electricity": null, "health_amenity:type": null, "insurance:health": null, "operational_status": null, "water_source": null, "wheelchair": null, "website": null, "branch": null, "internet_access": null, "payment:cash": null, "payment:cards": null, "payment:credit_cards": null, "payment:debit_cards": null, "addr:postcode": null, "addr:region": null, "contact:facebook": null, "operator:wikidata": null, "mobile": null, "name:ar": null, "alt_name": null, "building": null, "name:de": "Gesundheitszentrum Abuakwa", "internet_access:fee": null, "old_name": null, "name:en": null, "official_name": null, "building:levels": null, "denomination": null, "name:fr": null, "layer": null, "barrier": null, "brand": null, "contact:email": null, "landuse": null, "name:it": null, "toilets:wheelchair": null, "addr:ghanapostgps": null, "alt_name:en": null, "addr:community": null, "building:material": null, "roof:material": null, "addr:country": null, "addr:place": null, "fax": null, "note": null, "opening_hours:visitors": null }, "geometry": { "type": "Polygon", "coordinates": [ [ [ -1.7154275, 6.701517 ], [ -1.7154892, 6.7011148 ], [ -1.7152961, 6.7010748 ], [ -1.7153015, 6.7009789 ], [ -1.7150762, 6.7009709 ], [ -1.7150681, 6.7010668 ], [ -1.7148535, 6.7010615 ], [ -1.7148348, 6.7013066 ], [ -1.7152264, 6.7013652 ], [ -1.7152076, 6.701477 ], [ -1.7154275, 6.701517 ] ] ] } },
{ "type": "Feature", "properties": { "element": "way", "id": 788125499, "amenity": "hospital", "name": "The Bank Hospital Anex", "opening_hours": null, "healthcare": "hospital", "addr:city": null, "addr:street": null, "healthcare:speciality": null, "disabled": null, "emergency": null, "operator": null, "addr:suburb": null, "phone": null, "type": null, "contact:phone": null, "contact:website": null, "check_date": null, "email": null, "operator:type": null, "ownership": null, "description": null, "addr:housenumber": null, "source": null, "fixme": null, "addr:full": null, "beds": null, "wikidata": null, "wikipedia": null, "short_name": null, "level": null, "dispensing": null, "electricity": null, "health_amenity:type": null, "insurance:health": null, "operational_status": null, "water_source": null, "wheelchair": null, "website": null, "branch": null, "internet_access": null, "payment:cash": null, "payment:cards": null, "payment:credit_cards": null, "payment:debit_cards": null, "addr:postcode": null, "addr:region": null, "contact:facebook": null, "operator:wikidata": null, "mobile": null, "name:ar": null, "alt_name": null, "building": null, "name:de": null, "internet_access:fee": null, "old_name": null, "name:en": null, "official_name": null, "building:levels": null, "denomination": null, "name:fr": null, "layer": null, "barrier": null, "brand": null, "contact:email": null, "landuse": null, "name:it": null, "toilets:wheelchair": null, "addr:ghanapostgps": null, "alt_name:en": null, "addr:community": null, "building:material": null, "roof:material": null, "addr:country": null, "addr:place": null, "fax": null, "note": null, "opening_hours:visitors": null }, "geometry": { "type": "Polygon", "coordinates": [ [ [ -0.1611712, 5.583396 ], [ -0.1608555, 5.5837036 ], [ -0.1604946, 5.5834679 ], [ -0.1604991, 5.5832456 ], [ -0.1605442, 5.5831873 ], [ -0.1605532, 5.5831401 ], [ -0.1606344, 5.5830908 ], [ -0.1607833, 5.5829336 ], [ -0.1611712, 5.583396 ] ] ] } },
{ "type": "Feature", "properties": { "element": "way", "id": 788125655, "amenity": "hospital", "name": "The Bank Hospital", "opening_hours": null, "healthcare": "hospital", "addr:city": null, "addr:street": null, "healthcare:speciality": null, "disabled": null, "emergency": null, "operator": null, "addr:suburb": null, "phone": null, "type": null, "contact:phone": null, "contact:website": null, "check_date": null, "email": null, "operator:type": null, "ownership": null, "description": null, "addr:housenumber": null, "source": null, "fixme": null, "addr:full": null, "beds": null, "wikidata": "Q92826507", "wikipedia": null, "short_name": null, "level": null, "dispensing": null, "electricity": null, "health_amenity:type": null, "insurance:health": null, "operational_status": null, "water_source": null, "wheelchair": null, "website": null, "branch": null, "internet_access": null, "payment:cash": null, "payment:cards": null, "payment:credit_cards": null, "payment:debit_cards": null, "addr:postcode": null, "addr:region": null, "contact:facebook": null, "operator:wikidata": null, "mobile": null, "name:ar": null, "alt_name": null, "building": null, "name:de": null, "internet_access:fee": null, "old_name": null, "name:en": null, "official_name": null, "building:levels": null, "denomination": null, "name:fr": null, "layer": null, "barrier": null, "brand": null, "contact:email": null, "landuse": null, "name:it": null, "toilets:wheelchair": null, "addr:ghanapostgps": null, "alt_name:en": null, "addr:community": null, "building:material": null, "roof:material": null, "addr:country": null, "addr:place": null, "fax": null, "note": null, "opening_hours:visitors": null }, "geometry": { "type": "Polygon", "coordinates": [ [ [ -0.162523, 5.5851314 ], [ -0.161949, 5.5856653 ], [ -0.1614769, 5.5851687 ], [ -0.1620563, 5.5845921 ], [ -0.162523, 5.5851314 ] ] ] } },
{ "type": "Feature", "properties": { "element": "way", "id": 788125741, "amenity": "hospital", "name": "Madonna Maternity Hospital", "opening_hours": null, "healthcare": "birthing_centre", "addr:city": null, "addr:street": null, "healthcare:speciality": null, "disabled": null, "emergency": null, "operator": null, "addr:suburb": null, "phone": null, "type": null, "contact:phone": null, "contact:website": null, "check_date": null, "email": null, "operator:type": null, "ownership": null, "description": null, "addr:housenumber": null, "source": null, "fixme": null, "addr:full": null, "beds": null, "wikidata": null, "wikipedia": null, "short_name": null, "level": null, "dispensing": null, "electricity": null, "health_amenity:type": null, "insurance:health": null, "operational_status": null, "water_source": null, "wheelchair": null, "website": null, "branch": null, "internet_access": null, "payment:cash": null, "payment:cards": null, "payment:credit_cards": null, "payment:debit_cards": null, "addr:postcode": null, "addr:region": null, "contact:facebook": null, "operator:wikidata": null, "mobile": null, "name:ar": null, "alt_name": null, "building": null, "name:de": null, "internet_access:fee": null, "old_name": null, "name:en": null, "official_name": null, "building:levels": null, "denomination": null, "name:fr": null, "layer": null, "barrier": null, "brand": null, "contact:email": null, "landuse": null, "name:it": null, "toilets:wheelchair": null, "addr:ghanapostgps": null, "alt_name:en": null, "addr:community": null, "building:material": null, "roof:material": null, "addr:country": null, "addr:place": null, "fax": null, "note": null, "opening_hours:visitors": null }, "geometry": { "type": "Polygon", "coordinates": [ [ [ -1.7205208, 6.7059077 ], [ -1.7211276, 6.7057554 ], [ -1.7209945, 6.7053231 ], [ -1.720399, 6.7054866 ], [ -1.7204406, 6.7056305 ], [ -1.7205208, 6.7059077 ] ] ] } },
{ "type": "Feature", "properties": { "element": "way", "id": 788134117, "amenity": "hospital", "name": "Polyclinic", "opening_hours": null, "healthcare": "hospital", "addr:city": null, "addr:street": null, "healthcare:speciality": null, "disabled": null, "emergency": null, "operator": null, "addr:suburb": null, "phone": null, "type": null, "contact:phone": null, "contact:website": null, "check_date": null, "email": null, "operator:type": null, "ownership": null, "description": null, "addr:housenumber": null, "source": null, "fixme": null, "addr:full": null, "beds": null, "wikidata": null, "wikipedia": null, "short_name": null, "level": null, "dispensing": null, "electricity": null, "health_amenity:type": null, "insurance:health": null, "operational_status": null, "water_source": null, "wheelchair": null, "website": null, "branch": null, "internet_access": null, "payment:cash": null, "payment:cards": null, "payment:credit_cards": null, "payment:debit_cards": null, "addr:postcode": null, "addr:region": null, "contact:facebook": null, "operator:wikidata": null, "mobile": null, "name:ar": null, "alt_name": null, "building": "hospital", "name:de": null, "internet_access:fee": null, "old_name": null, "name:en": null, "official_name": null, "building:levels": null, "denomination": null, "name:fr": null, "layer": null, "barrier": null, "brand": null, "contact:email": null, "landuse": null, "name:it": null, "toilets:wheelchair": null, "addr:ghanapostgps": null, "alt_name:en": null, "addr:community": null, "building:material": null, "roof:material": null, "addr:country": null, "addr:place": null, "fax": null, "note": null, "opening_hours:visitors": null }, "geometry": { "type": "Polygon", "coordinates": [ [ [ -2.7879767, 7.5936232 ], [ -2.7879111, 7.5936341 ], [ -2.7878995, 7.5935655 ], [ -2.7878106, 7.5935802 ], [ -2.7878295, 7.5936918 ], [ -2.7877567, 7.5937039 ], [ -2.7877193, 7.5934823 ], [ -2.7878015, 7.5934687 ], [ -2.7878095, 7.5935164 ], [ -2.7878827, 7.5935042 ], [ -2.7878701, 7.5934297 ], [ -2.787942, 7.5934177 ], [ -2.7879767, 7.5936232 ] ] ] } },
{ "type": "Feature", "properties": { "element": "way", "id": 788135801, "amenity": "hospital", "name": "Esidem Hospital", "opening_hours": null, "healthcare": "hospital", "addr:city": null, "addr:street": null, "healthcare:speciality": null, "disabled": null, "emergency": null, "operator": null, "addr:suburb": null, "phone": null, "type": null, "contact:phone": null, "contact:website": null, "check_date": null, "email": null, "operator:type": null, "ownership": null, "description": null, "addr:housenumber": null, "source": null, "fixme": null, "addr:full": null, "beds": null, "wikidata": null, "wikipedia": null, "short_name": null, "level": null, "dispensing": null, "electricity": null, "health_amenity:type": null, "insurance:health": null, "operational_status": null, "water_source": null, "wheelchair": null, "website": null, "branch": null, "internet_access": null, "payment:cash": null, "payment:cards": null, "payment:credit_cards": null, "payment:debit_cards": null, "addr:postcode": null, "addr:region": null, "contact:facebook": null, "operator:wikidata": null, "mobile": null, "name:ar": null, "alt_name": null, "building": null, "name:de": null, "internet_access:fee": null, "old_name": null, "name:en": null, "official_name": null, "building:levels": null, "denomination": null, "name:fr": null, "layer": null, "barrier": null, "brand": null, "contact:email": null, "landuse": null, "name:it": null, "toilets:wheelchair": null, "addr:ghanapostgps": null, "alt_name:en": null, "addr:community": null, "building:material": null, "roof:material": null, "addr:country": null, "addr:place": null, "fax": null, "note": null, "opening_hours:visitors": null }, "geometry": { "type": "Polygon", "coordinates": [ [ [ -0.1552161, 5.6599618 ], [ -0.1552063, 5.6604008 ], [ -0.1547421, 5.6603905 ], [ -0.154752, 5.6599516 ], [ -0.1552161, 5.6599618 ] ] ] } },
{ "type": "Feature", "properties": { "element": "way", "id": 788136715, "amenity": "hospital", "name": "Baptist Medical Centre", "opening_hours": null, "healthcare": "hospital", "addr:city": null, "addr:street": null, "healthcare:speciality": null, "disabled": null, "emergency": null, "operator": null, "addr:suburb": null, "phone": null, "type": null, "contact:phone": null, "contact:website": null, "check_date": null, "email": null, "operator:type": null, "ownership": null, "description": null, "addr:housenumber": null, "source": null, "fixme": null, "addr:full": null, "beds": null, "wikidata": null, "wikipedia": null, "short_name": null, "level": null, "dispensing": null, "electricity": null, "health_amenity:type": null, "insurance:health": null, "operational_status": null, "water_source": null, "wheelchair": null, "website": null, "branch": null, "internet_access": null, "payment:cash": null, "payment:cards": null, "payment:credit_cards": null, "payment:debit_cards": null, "addr:postcode": null, "addr:region": null, "contact:facebook": null, "operator:wikidata": null, "mobile": null, "name:ar": null, "alt_name": null, "building": null, "name:de": null, "internet_access:fee": null, "old_name": null, "name:en": null, "official_name": null, "building:levels": null, "denomination": null, "name:fr": null, "layer": null, "barrier": null, "brand": null, "contact:email": null, "landuse": null, "name:it": null, "toilets:wheelchair": null, "addr:ghanapostgps": null, "alt_name:en": null, "addr:community": null, "building:material": null, "roof:material": null, "addr:country": null, "addr:place": null, "fax": null, "note": null, "opening_hours:visitors": null }, "geometry": { "type": "Polygon", "coordinates": [ [ [ -0.366506, 10.5206719 ], [ -0.3659917, 10.5208582 ], [ -0.3642415, 10.5213194 ], [ -0.3628431, 10.5196607 ], [ -0.3653421, 10.5182503 ], [ -0.366506, 10.5206719 ] ] ] } },
{ "type": "Feature", "properties": { "element": "way", "id": 788137900, "amenity": "hospital", "name": "Provident Specialist Hospital", "opening_hours": null, "healthcare": "hospital", "addr:city": null, "addr:street": "Purple Avenue", "healthcare:speciality": null, "disabled": null, "emergency": null, "operator": null, "addr:suburb": null, "phone": null, "type": null, "contact:phone": null, "contact:website": null, "check_date": null, "email": null, "operator:type": null, "ownership": null, "description": null, "addr:housenumber": "3", "source": null, "fixme": null, "addr:full": null, "beds": null, "wikidata": null, "wikipedia": null, "short_name": null, "level": null, "dispensing": null, "electricity": null, "health_amenity:type": null, "insurance:health": null, "operational_status": null, "water_source": null, "wheelchair": null, "website": null, "branch": null, "internet_access": null, "payment:cash": null, "payment:cards": null, "payment:credit_cards": null, "payment:debit_cards": null, "addr:postcode": null, "addr:region": null, "contact:facebook": null, "operator:wikidata": null, "mobile": null, "name:ar": null, "alt_name": null, "building": null, "name:de": null, "internet_access:fee": null, "old_name": null, "name:en": null, "official_name": null, "building:levels": null, "denomination": null, "name:fr": null, "layer": null, "barrier": null, "brand": null, "contact:email": null, "landuse": null, "name:it": null, "toilets:wheelchair": null, "addr:ghanapostgps": null, "alt_name:en": null, "addr:community": null, "building:material": null, "roof:material": null, "addr:country": null, "addr:place": null, "fax": null, "note": null, "opening_hours:visitors": null }, "geometry": { "type": "Polygon", "coordinates": [ [ [ -0.2365051, 5.6264952 ], [ -0.2366553, 5.6262443 ], [ -0.2363468, 5.6260521 ], [ -0.236202, 5.6263164 ], [ -0.2365051, 5.6264952 ] ] ] } },
{ "type": "Feature", "properties": { "element": "way", "id": 788138027, "amenity": "hospital", "name": "Valco Clinic", "opening_hours": null, "healthcare": "hospital", "addr:city": null, "addr:street": null, "healthcare:speciality": null, "disabled": null, "emergency": null, "operator": null, "addr:suburb": null, "phone": null, "type": null, "contact:phone": null, "contact:website": null, "check_date": null, "email": null, "operator:type": null, "ownership": null, "description": null, "addr:housenumber": null, "source": null, "fixme": null, "addr:full": null, "beds": null, "wikidata": null, "wikipedia": null, "short_name": null, "level": null, "dispensing": null, "electricity": null, "health_amenity:type": null, "insurance:health": null, "operational_status": null, "water_source": null, "wheelchair": null, "website": null, "branch": null, "internet_access": null, "payment:cash": null, "payment:cards": null, "payment:credit_cards": null, "payment:debit_cards": null, "addr:postcode": null, "addr:region": null, "contact:facebook": null, "operator:wikidata": null, "mobile": null, "name:ar": null, "alt_name": null, "building": null, "name:de": null, "internet_access:fee": null, "old_name": null, "name:en": null, "official_name": null, "building:levels": null, "denomination": null, "name:fr": null, "layer": null, "barrier": null, "brand": null, "contact:email": null, "landuse": null, "name:it": null, "toilets:wheelchair": null, "addr:ghanapostgps": null, "alt_name:en": null, "addr:community": null, "building:material": null, "roof:material": null, "addr:country": null, "addr:place": null, "fax": null, "note": null, "opening_hours:visitors": null }, "geometry": { "type": "Polygon", "coordinates": [ [ [ -0.0101099, 5.6523062 ], [ -0.0103566, 5.6523057 ], [ -0.0103571, 5.6525418 ], [ -0.0102796, 5.6525419 ], [ -0.0102797, 5.6525584 ], [ -0.0101623, 5.6525587 ], [ -0.0101623, 5.6525362 ], [ -0.0101104, 5.6525363 ], [ -0.0101099, 5.6523062 ] ] ] } },
{ "type": "Feature", "properties": { "element": "way", "id": 788138332, "amenity": "hospital", "name": "Akrodie Health Centre", "opening_hours": null, "healthcare": "hospital", "addr:city": null, "addr:street": null, "healthcare:speciality": null, "disabled": null, "emergency": null, "operator": null, "addr:suburb": null, "phone": null, "type": null, "contact:phone": null, "contact:website": null, "check_date": null, "email": null, "operator:type": null, "ownership": null, "description": null, "addr:housenumber": null, "source": null, "fixme": null, "addr:full": null, "beds": null, "wikidata": null, "wikipedia": null, "short_name": null, "level": null, "dispensing": null, "electricity": null, "health_amenity:type": null, "insurance:health": null, "operational_status": null, "water_source": null, "wheelchair": null, "website": null, "branch": null, "internet_access": null, "payment:cash": null, "payment:cards": null, "payment:credit_cards": null, "payment:debit_cards": null, "addr:postcode": null, "addr:region": null, "contact:facebook": null, "operator:wikidata": null, "mobile": null, "name:ar": null, "alt_name": null, "building": null, "name:de": null, "internet_access:fee": null, "old_name": null, "name:en": null, "official_name": null, "building:levels": null, "denomination": null, "name:fr": null, "layer": null, "barrier": null, "brand": null, "contact:email": null, "landuse": null, "name:it": null, "toilets:wheelchair": null, "addr:ghanapostgps": null, "alt_name:en": null, "addr:community": null, "building:material": null, "roof:material": null, "addr:country": null, "addr:place": null, "fax": null, "note": null, "opening_hours:visitors": null }, "geometry": { "type": "Polygon", "coordinates": [ [ [ -2.5569306, 6.6953971 ], [ -2.55729, 6.6951227 ], [ -2.5569708, 6.6946165 ], [ -2.5565282, 6.6947764 ], [ -2.5566034, 6.6948909 ], [ -2.5569306, 6.6953971 ] ] ] } },
{ "type": "Feature", "properties": { "element": "way", "id": 788138476, "amenity": "hospital", "name": "Zambrama Ghana Health Service", "opening_hours": null, "healthcare": "hospital", "addr:city": null, "addr:street": null, "healthcare:speciality": null, "disabled": null, "emergency": null, "operator": null, "addr:suburb": null, "phone": null, "type": null, "contact:phone": null, "contact:website": null, "check_date": null, "email": null, "operator:type": null, "ownership": null, "description": null, "addr:housenumber": null, "source": null, "fixme": null, "addr:full": null, "beds": null, "wikidata": null, "wikipedia": null, "short_name": null, "level": null, "dispensing": null, "electricity": null, "health_amenity:type": null, "insurance:health": null, "operational_status": null, "water_source": null, "wheelchair": null, "website": null, "branch": null, "internet_access": null, "payment:cash": null, "payment:cards": null, "payment:credit_cards": null, "payment:debit_cards": null, "addr:postcode": null, "addr:region": null, "contact:facebook": null, "operator:wikidata": null, "mobile": null, "name:ar": null, "alt_name": null, "building": null, "name:de": null, "internet_access:fee": null, "old_name": null, "name:en": null, "official_name": null, "building:levels": null, "denomination": null, "name:fr": null, "layer": null, "barrier": null, "brand": null, "contact:email": null, "landuse": null, "name:it": null, "toilets:wheelchair": null, "addr:ghanapostgps": null, "alt_name:en": null, "addr:community": null, "building:material": null, "roof:material": null, "addr:country": null, "addr:place": null, "fax": null, "note": null, "opening_hours:visitors": null }, "geometry": { "type": "Polygon", "coordinates": [ [ [ -1.3979734, 7.9922354 ], [ -1.3981665, 7.9916935 ], [ -1.3983247, 7.99125 ], [ -1.397791, 7.9911756 ], [ -1.3975764, 7.9921424 ], [ -1.3979734, 7.9922354 ] ] ] } },
{ "type": "Feature", "properties": { "element": "way", "id": 788138716, "amenity": "hospital", "name": "Tafo Government Hospital", "opening_hours": null, "healthcare": "hospital", "addr:city": null, "addr:street": null, "healthcare:speciality": "general;clinic;ophthalmology;gynaecology;psychiatry;paediatrics", "disabled": null, "emergency": null, "operator": "Government of Ghana", "addr:suburb": null, "phone": null, "type": null, "contact:phone": null, "contact:website": null, "check_date": null, "email": null, "operator:type": "government", "ownership": null, "description": null, "addr:housenumber": null, "source": null, "fixme": null, "addr:full": null, "beds": null, "wikidata": null, "wikipedia": null, "short_name": null, "level": null, "dispensing": null, "electricity": null, "health_amenity:type": null, "insurance:health": null, "operational_status": null, "water_source": null, "wheelchair": null, "website": null, "branch": null, "internet_access": null, "payment:cash": null, "payment:cards": null, "payment:credit_cards": null, "payment:debit_cards": null, "addr:postcode": null, "addr:region": null, "contact:facebook": null, "operator:wikidata": null, "mobile": null, "name:ar": null, "alt_name": null, "building": null, "name:de": null, "internet_access:fee": null, "old_name": null, "name:en": null, "official_name": null, "building:levels": null, "denomination": null, "name:fr": null, "layer": null, "barrier": null, "brand": null, "contact:email": null, "landuse": null, "name:it": null, "toilets:wheelchair": null, "addr:ghanapostgps": null, "alt_name:en": null, "addr:community": null, "building:material": null, "roof:material": null, "addr:country": null, "addr:place": null, "fax": null, "note": null, "opening_hours:visitors": null }, "geometry": { "type": "Polygon", "coordinates": [ [ [ -1.6133409, 6.7260736 ], [ -1.6144637, 6.7239565 ], [ -1.613083, 6.7232181 ], [ -1.6121119, 6.7253654 ], [ -1.6133409, 6.7260736 ] ] ] } },
{ "type": "Feature", "properties": { "element": "way", "id": 788661433, "amenity": "hospital", "name": "International Maritime Hospital Ghana Limited", "opening_hours": null, "healthcare": null, "addr:city": null, "addr:street": null, "healthcare:speciality": null, "disabled": null, "emergency": null, "operator": null, "addr:suburb": null, "phone": null, "type": null, "contact:phone": null, "contact:website": null, "check_date": null, "email": null, "operator:type": null, "ownership": null, "description": null, "addr:housenumber": null, "source": null, "fixme": null, "addr:full": null, "beds": null, "wikidata": null, "wikipedia": null, "short_name": null, "level": null, "dispensing": null, "electricity": null, "health_amenity:type": null, "insurance:health": null, "operational_status": null, "water_source": null, "wheelchair": null, "website": null, "branch": null, "internet_access": null, "payment:cash": null, "payment:cards": null, "payment:credit_cards": null, "payment:debit_cards": null, "addr:postcode": null, "addr:region": null, "contact:facebook": null, "operator:wikidata": null, "mobile": null, "name:ar": null, "alt_name": null, "building": "hospital", "name:de": null, "internet_access:fee": null, "old_name": null, "name:en": null, "official_name": null, "building:levels": null, "denomination": null, "name:fr": null, "layer": null, "barrier": null, "brand": null, "contact:email": null, "landuse": null, "name:it": null, "toilets:wheelchair": null, "addr:ghanapostgps": null, "alt_name:en": null, "addr:community": null, "building:material": null, "roof:material": null, "addr:country": null, "addr:place": null, "fax": null, "note": null, "opening_hours:visitors": null }, "geometry": { "type": "Polygon", "coordinates": [ [ [ -0.0270293, 5.6268052 ], [ -0.0269391, 5.6267825 ], [ -0.0269294, 5.6268032 ], [ -0.0268181, 5.6267511 ], [ -0.0268342, 5.6267111 ], [ -0.0266156, 5.6267965 ], [ -0.0265743, 5.626692 ], [ -0.0266276, 5.6266724 ], [ -0.0266182, 5.6266464 ], [ -0.0265626, 5.6266677 ], [ -0.0265405, 5.6266077 ], [ -0.0265975, 5.6265923 ], [ -0.0265914, 5.6265743 ], [ -0.0265358, 5.6265857 ], [ -0.0265317, 5.6264595 ], [ -0.0266323, 5.6264529 ], [ -0.0266317, 5.6264308 ], [ -0.0267483, 5.6264335 ], [ -0.0267789, 5.626373 ], [ -0.026582, 5.6262867 ], [ -0.0266343, 5.6261692 ], [ -0.0268717, 5.62628 ], [ -0.0269455, 5.626236 ], [ -0.02703, 5.626216 ], [ -0.0270347, 5.6263961 ], [ -0.0269777, 5.6264162 ], [ -0.0269689, 5.6263928 ], [ -0.0269468, 5.6264195 ], [ -0.0269361, 5.6264575 ], [ -0.0270072, 5.6264549 ], [ -0.0270085, 5.6265283 ], [ -0.0269321, 5.6265309 ], [ -0.0269629, 5.6265576 ], [ -0.0269602, 5.6266043 ], [ -0.0269964, 5.6266177 ], [ -0.0270367, 5.6266204 ], [ -0.0270293, 5.6268052 ] ] ] } },
{ "type": "Feature", "properties": { "element": "way", "id": 791992775, "amenity": "hospital", "name": "Effutu Municipal Hospital", "opening_hours": null, "healthcare": "hospital", "addr:city": null, "addr:street": null, "healthcare:speciality": "general", "disabled": null, "emergency": null, "operator": "Governement", "addr:suburb": null, "phone": null, "type": null, "contact:phone": null, "contact:website": null, "check_date": null, "email": null, "operator:type": "government", "ownership": null, "description": null, "addr:housenumber": null, "source": null, "fixme": null, "addr:full": null, "beds": null, "wikidata": null, "wikipedia": null, "short_name": null, "level": null, "dispensing": null, "electricity": "grid", "health_amenity:type": null, "insurance:health": null, "operational_status": null, "water_source": null, "wheelchair": "yes", "website": null, "branch": null, "internet_access": "yes", "payment:cash": null, "payment:cards": null, "payment:credit_cards": null, "payment:debit_cards": null, "addr:postcode": null, "addr:region": null, "contact:facebook": null, "operator:wikidata": null, "mobile": null, "name:ar": null, "alt_name": null, "building": null, "name:de": null, "internet_access:fee": null, "old_name": null, "name:en": null, "official_name": null, "building:levels": null, "denomination": null, "name:fr": null, "layer": null, "barrier": null, "brand": null, "contact:email": null, "landuse": null, "name:it": null, "toilets:wheelchair": null, "addr:ghanapostgps": null, "alt_name:en": null, "addr:community": null, "building:material": null, "roof:material": null, "addr:country": null, "addr:place": null, "fax": null, "note": null, "opening_hours:visitors": null }, "geometry": { "type": "Polygon", "coordinates": [ [ [ -0.6217915, 5.3437398 ], [ -0.6226213, 5.3444553 ], [ -0.62346, 5.3434782 ], [ -0.6226799, 5.342803 ], [ -0.6217915, 5.3437398 ] ] ] } },
{ "type": "Feature", "properties": { "element": "way", "id": 791996627, "amenity": "hospital", "name": "Otoo Memorial Clinic", "opening_hours": null, "healthcare": "hospital", "addr:city": null, "addr:street": null, "healthcare:speciality": null, "disabled": null, "emergency": null, "operator": null, "addr:suburb": null, "phone": null, "type": null, "contact:phone": null, "contact:website": null, "check_date": null, "email": null, "operator:type": null, "ownership": null, "description": null, "addr:housenumber": null, "source": null, "fixme": null, "addr:full": null, "beds": null, "wikidata": null, "wikipedia": null, "short_name": null, "level": null, "dispensing": null, "electricity": null, "health_amenity:type": null, "insurance:health": null, "operational_status": null, "water_source": null, "wheelchair": null, "website": null, "branch": null, "internet_access": null, "payment:cash": null, "payment:cards": null, "payment:credit_cards": null, "payment:debit_cards": null, "addr:postcode": null, "addr:region": null, "contact:facebook": null, "operator:wikidata": null, "mobile": null, "name:ar": null, "alt_name": null, "building": null, "name:de": null, "internet_access:fee": null, "old_name": null, "name:en": null, "official_name": null, "building:levels": null, "denomination": null, "name:fr": null, "layer": null, "barrier": null, "brand": null, "contact:email": null, "landuse": null, "name:it": null, "toilets:wheelchair": null, "addr:ghanapostgps": null, "alt_name:en": null, "addr:community": null, "building:material": null, "roof:material": null, "addr:country": null, "addr:place": null, "fax": null, "note": null, "opening_hours:visitors": null }, "geometry": { "type": "Polygon", "coordinates": [ [ [ -0.6318006, 5.3547365 ], [ -0.6316904, 5.3543652 ], [ -0.6325698, 5.3541089 ], [ -0.6326774, 5.354482 ], [ -0.6318006, 5.3547365 ] ] ] } },
{ "type": "Feature", "properties": { "element": "way", "id": 806130064, "amenity": "hospital", "name": "Chrispod Hospital", "opening_hours": null, "healthcare": "hospital", "addr:city": null, "addr:street": null, "healthcare:speciality": null, "disabled": null, "emergency": null, "operator": null, "addr:suburb": null, "phone": null, "type": null, "contact:phone": null, "contact:website": null, "check_date": null, "email": null, "operator:type": null, "ownership": null, "description": null, "addr:housenumber": null, "source": null, "fixme": null, "addr:full": null, "beds": null, "wikidata": null, "wikipedia": null, "short_name": null, "level": null, "dispensing": null, "electricity": null, "health_amenity:type": null, "insurance:health": null, "operational_status": null, "water_source": null, "wheelchair": null, "website": null, "branch": null, "internet_access": null, "payment:cash": null, "payment:cards": null, "payment:credit_cards": null, "payment:debit_cards": null, "addr:postcode": null, "addr:region": null, "contact:facebook": null, "operator:wikidata": null, "mobile": null, "name:ar": null, "alt_name": null, "building": null, "name:de": null, "internet_access:fee": null, "old_name": null, "name:en": null, "official_name": null, "building:levels": null, "denomination": null, "name:fr": null, "layer": null, "barrier": null, "brand": null, "contact:email": null, "landuse": null, "name:it": null, "toilets:wheelchair": null, "addr:ghanapostgps": null, "alt_name:en": null, "addr:community": null, "building:material": null, "roof:material": null, "addr:country": null, "addr:place": null, "fax": null, "note": null, "opening_hours:visitors": null }, "geometry": { "type": "Polygon", "coordinates": [ [ [ -0.2318394, 5.6439531 ], [ -0.2316543, 5.6435434 ], [ -0.2320124, 5.6432658 ], [ -0.2323169, 5.6435727 ], [ -0.2318394, 5.6439531 ] ] ] } },
{ "type": "Feature", "properties": { "element": "way", "id": 851999247, "amenity": "hospital", "name": "Half-Assini Government Hospital", "opening_hours": null, "healthcare": "hospital", "addr:city": "Half-Assini", "addr:street": null, "healthcare:speciality": null, "disabled": null, "emergency": null, "operator": null, "addr:suburb": null, "phone": null, "type": null, "contact:phone": null, "contact:website": null, "check_date": null, "email": null, "operator:type": null, "ownership": null, "description": null, "addr:housenumber": null, "source": null, "fixme": null, "addr:full": null, "beds": null, "wikidata": null, "wikipedia": null, "short_name": null, "level": null, "dispensing": null, "electricity": null, "health_amenity:type": null, "insurance:health": null, "operational_status": null, "water_source": null, "wheelchair": null, "website": null, "branch": null, "internet_access": null, "payment:cash": null, "payment:cards": null, "payment:credit_cards": null, "payment:debit_cards": null, "addr:postcode": null, "addr:region": null, "contact:facebook": null, "operator:wikidata": null, "mobile": null, "name:ar": null, "alt_name": null, "building": null, "name:de": null, "internet_access:fee": null, "old_name": null, "name:en": null, "official_name": null, "building:levels": null, "denomination": null, "name:fr": null, "layer": null, "barrier": null, "brand": null, "contact:email": null, "landuse": null, "name:it": null, "toilets:wheelchair": null, "addr:ghanapostgps": null, "alt_name:en": null, "addr:community": null, "building:material": null, "roof:material": null, "addr:country": null, "addr:place": null, "fax": null, "note": null, "opening_hours:visitors": null }, "geometry": { "type": "Polygon", "coordinates": [ [ [ -2.8922917, 5.0548949 ], [ -2.8886533, 5.0543739 ], [ -2.8892984, 5.0523286 ], [ -2.8917794, 5.0529084 ], [ -2.8922917, 5.0548949 ] ] ] } },
{ "type": "Feature", "properties": { "element": "way", "id": 875374275, "amenity": "hospital", "name": "Enchi Government Hospital", "opening_hours": null, "healthcare": null, "addr:city": null, "addr:street": null, "healthcare:speciality": null, "disabled": null, "emergency": null, "operator": null, "addr:suburb": null, "phone": null, "type": null, "contact:phone": null, "contact:website": null, "check_date": null, "email": null, "operator:type": null, "ownership": null, "description": null, "addr:housenumber": null, "source": null, "fixme": null, "addr:full": null, "beds": null, "wikidata": null, "wikipedia": null, "short_name": null, "level": null, "dispensing": null, "electricity": null, "health_amenity:type": null, "insurance:health": null, "operational_status": null, "water_source": null, "wheelchair": null, "website": null, "branch": null, "internet_access": null, "payment:cash": null, "payment:cards": null, "payment:credit_cards": null, "payment:debit_cards": null, "addr:postcode": null, "addr:region": null, "contact:facebook": null, "operator:wikidata": null, "mobile": null, "name:ar": null, "alt_name": null, "building": null, "name:de": null, "internet_access:fee": null, "old_name": null, "name:en": null, "official_name": null, "building:levels": null, "denomination": null, "name:fr": null, "layer": null, "barrier": null, "brand": null, "contact:email": null, "landuse": null, "name:it": null, "toilets:wheelchair": null, "addr:ghanapostgps": null, "alt_name:en": null, "addr:community": null, "building:material": null, "roof:material": null, "addr:country": null, "addr:place": null, "fax": null, "note": null, "opening_hours:visitors": null }, "geometry": { "type": "Polygon", "coordinates": [ [ [ -2.820328, 5.8289326 ], [ -2.8205158, 5.8289273 ], [ -2.8206781, 5.8289313 ], [ -2.820721, 5.8289273 ], [ -2.8207693, 5.828946 ], [ -2.8208645, 5.828954 ], [ -2.8210717, 5.8288812 ], [ -2.821413, 5.8290007 ], [ -2.8221345, 5.8291301 ], [ -2.8222686, 5.8292368 ], [ -2.8220433, 5.8299253 ], [ -2.822274, 5.8306137 ], [ -2.822274, 5.8314035 ], [ -2.8220406, 5.8318865 ], [ -2.8217483, 5.8321213 ], [ -2.8213111, 5.8320492 ], [ -2.8211233, 5.8319345 ], [ -2.8209624, 5.8316783 ], [ -2.8206968, 5.831641 ], [ -2.820501, 5.8315503 ], [ -2.8205185, 5.8313074 ], [ -2.8205091, 5.8310313 ], [ -2.8205064, 5.8308805 ], [ -2.8204916, 5.8307498 ], [ -2.8204125, 5.8302268 ], [ -2.8203575, 5.8298065 ], [ -2.8203267, 5.8294716 ], [ -2.820328, 5.8291034 ], [ -2.820328, 5.8289326 ] ] ] } },
{ "type": "Feature", "properties": { "element": "way", "id": 881084468, "amenity": "hospital", "name": "Accra Medical Centre", "opening_hours": "24/7", "healthcare": null, "addr:city": "Osu, Accra", "addr:street": "Angola Close", "healthcare:speciality": null, "disabled": null, "emergency": null, "operator": null, "addr:suburb": null, "phone": "+233 20 4096 099", "type": null, "contact:phone": null, "contact:website": null, "check_date": "2025-02-06", "email": "info@accramed.com", "operator:type": null, "ownership": null, "description": null, "addr:housenumber": "11", "source": null, "fixme": null, "addr:full": null, "beds": null, "wikidata": null, "wikipedia": null, "short_name": null, "level": null, "dispensing": null, "electricity": null, "health_amenity:type": null, "insurance:health": null, "operational_status": null, "water_source": null, "wheelchair": null, "website": "https://accramed.com/", "branch": null, "internet_access": null, "payment:cash": null, "payment:cards": null, "payment:credit_cards": null, "payment:debit_cards": null, "addr:postcode": null, "addr:region": null, "contact:facebook": null, "operator:wikidata": null, "mobile": "+233 23 3099 096", "name:ar": null, "alt_name": null, "building": "hospital", "name:de": null, "internet_access:fee": null, "old_name": null, "name:en": null, "official_name": null, "building:levels": null, "denomination": null, "name:fr": null, "layer": null, "barrier": null, "brand": null, "contact:email": null, "landuse": null, "name:it": null, "toilets:wheelchair": null, "addr:ghanapostgps": null, "alt_name:en": null, "addr:community": null, "building:material": null, "roof:material": null, "addr:country": null, "addr:place": null, "fax": "+233 50 1663 827", "note": null, "opening_hours:visitors": null }, "geometry": { "type": "Polygon", "coordinates": [ [ [ -0.1864913, 5.5695077 ], [ -0.1864826, 5.5695084 ], [ -0.1864883, 5.5695789 ], [ -0.1864151, 5.5695848 ], [ -0.1864132, 5.5695614 ], [ -0.1863519, 5.5695663 ], [ -0.1863454, 5.5694867 ], [ -0.1863677, 5.5694849 ], [ -0.1863528, 5.5693025 ], [ -0.1863362, 5.5693038 ], [ -0.186331, 5.56924 ], [ -0.1863527, 5.5692382 ], [ -0.1863997, 5.5692344 ], [ -0.1864685, 5.5692288 ], [ -0.1864913, 5.5695077 ] ] ] } },
{ "type": "Feature", "properties": { "element": "way", "id": 907645554, "amenity": "hospital", "name": "3BN Military Hospital", "opening_hours": null, "healthcare": null, "addr:city": null, "addr:street": null, "healthcare:speciality": null, "disabled": null, "emergency": null, "operator": null, "addr:suburb": null, "phone": null, "type": null, "contact:phone": null, "contact:website": null, "check_date": null, "email": null, "operator:type": null, "ownership": null, "description": null, "addr:housenumber": null, "source": null, "fixme": null, "addr:full": null, "beds": null, "wikidata": null, "wikipedia": null, "short_name": null, "level": null, "dispensing": null, "electricity": null, "health_amenity:type": null, "insurance:health": null, "operational_status": null, "water_source": null, "wheelchair": null, "website": null, "branch": null, "internet_access": null, "payment:cash": null, "payment:cards": null, "payment:credit_cards": null, "payment:debit_cards": null, "addr:postcode": null, "addr:region": null, "contact:facebook": null, "operator:wikidata": null, "mobile": null, "name:ar": null, "alt_name": null, "building": null, "name:de": null, "internet_access:fee": null, "old_name": null, "name:en": null, "official_name": null, "building:levels": null, "denomination": null, "name:fr": null, "layer": null, "barrier": null, "brand": null, "contact:email": null, "landuse": null, "name:it": null, "toilets:wheelchair": null, "addr:ghanapostgps": null, "alt_name:en": null, "addr:community": null, "building:material": null, "roof:material": null, "addr:country": null, "addr:place": null, "fax": null, "note": null, "opening_hours:visitors": null }, "geometry": { "type": "Polygon", "coordinates": [ [ [ -2.2956075, 7.3425422 ], [ -2.2940791, 7.3425355 ], [ -2.2940842, 7.3414212 ], [ -2.2956125, 7.341428 ], [ -2.2956075, 7.3425422 ] ] ] } },
{ "type": "Feature", "properties": { "element": "way", "id": 908925710, "amenity": "hospital", "name": "Garden City Hospital", "opening_hours": null, "healthcare": "hospital", "addr:city": null, "addr:street": null, "healthcare:speciality": null, "disabled": null, "emergency": null, "operator": null, "addr:suburb": null, "phone": null, "type": null, "contact:phone": null, "contact:website": null, "check_date": null, "email": null, "operator:type": null, "ownership": null, "description": null, "addr:housenumber": null, "source": null, "fixme": null, "addr:full": null, "beds": null, "wikidata": null, "wikipedia": null, "short_name": null, "level": null, "dispensing": null, "electricity": null, "health_amenity:type": null, "insurance:health": null, "operational_status": null, "water_source": null, "wheelchair": null, "website": null, "branch": null, "internet_access": null, "payment:cash": null, "payment:cards": null, "payment:credit_cards": null, "payment:debit_cards": null, "addr:postcode": null, "addr:region": null, "contact:facebook": null, "operator:wikidata": null, "mobile": null, "name:ar": null, "alt_name": null, "building": null, "name:de": null, "internet_access:fee": null, "old_name": null, "name:en": null, "official_name": null, "building:levels": null, "denomination": null, "name:fr": null, "layer": null, "barrier": null, "brand": null, "contact:email": null, "landuse": null, "name:it": null, "toilets:wheelchair": null, "addr:ghanapostgps": null, "alt_name:en": null, "addr:community": null, "building:material": null, "roof:material": null, "addr:country": null, "addr:place": null, "fax": null, "note": null, "opening_hours:visitors": null }, "geometry": { "type": "Polygon", "coordinates": [ [ [ -1.568293, 6.7117196 ], [ -1.5676197, 6.7117036 ], [ -1.567547, 6.7112748 ], [ -1.5682688, 6.7111069 ], [ -1.568293, 6.7117196 ] ] ] } },
{ "type": "Feature", "properties": { "element": "way", "id": 909172923, "amenity": "hospital", "name": null, "opening_hours": null, "healthcare": "hospital", "addr:city": null, "addr:street": null, "healthcare:speciality": null, "disabled": null, "emergency": null, "operator": null, "addr:suburb": null, "phone": null, "type": null, "contact:phone": null, "contact:website": null, "check_date": null, "email": null, "operator:type": null, "ownership": null, "description": null, "addr:housenumber": null, "source": null, "fixme": null, "addr:full": null, "beds": null, "wikidata": null, "wikipedia": null, "short_name": null, "level": null, "dispensing": null, "electricity": null, "health_amenity:type": null, "insurance:health": null, "operational_status": null, "water_source": null, "wheelchair": null, "website": null, "branch": null, "internet_access": null, "payment:cash": null, "payment:cards": null, "payment:credit_cards": null, "payment:debit_cards": null, "addr:postcode": null, "addr:region": null, "contact:facebook": null, "operator:wikidata": null, "mobile": null, "name:ar": null, "alt_name": null, "building": null, "name:de": null, "internet_access:fee": null, "old_name": null, "name:en": null, "official_name": null, "building:levels": null, "denomination": null, "name:fr": null, "layer": null, "barrier": null, "brand": null, "contact:email": null, "landuse": null, "name:it": null, "toilets:wheelchair": null, "addr:ghanapostgps": null, "alt_name:en": null, "addr:community": null, "building:material": null, "roof:material": null, "addr:country": null, "addr:place": null, "fax": null, "note": null, "opening_hours:visitors": null }, "geometry": { "type": "Polygon", "coordinates": [ [ [ -1.562918, 6.7054388 ], [ -1.5628572, 6.7050767 ], [ -1.562548, 6.7051318 ], [ -1.56263, 6.7054861 ], [ -1.562918, 6.7054388 ] ] ] } },
{ "type": "Feature", "properties": { "element": "way", "id": 909173148, "amenity": "hospital", "name": null, "opening_hours": null, "healthcare": "hospital", "addr:city": null, "addr:street": null, "healthcare:speciality": null, "disabled": null, "emergency": null, "operator": null, "addr:suburb": null, "phone": null, "type": null, "contact:phone": null, "contact:website": null, "check_date": null, "email": null, "operator:type": null, "ownership": null, "description": null, "addr:housenumber": null, "source": null, "fixme": null, "addr:full": null, "beds": null, "wikidata": null, "wikipedia": null, "short_name": null, "level": null, "dispensing": null, "electricity": null, "health_amenity:type": null, "insurance:health": null, "operational_status": null, "water_source": null, "wheelchair": null, "website": null, "branch": null, "internet_access": null, "payment:cash": null, "payment:cards": null, "payment:credit_cards": null, "payment:debit_cards": null, "addr:postcode": null, "addr:region": null, "contact:facebook": null, "operator:wikidata": null, "mobile": null, "name:ar": null, "alt_name": null, "building": null, "name:de": null, "internet_access:fee": null, "old_name": null, "name:en": null, "official_name": null, "building:levels": null, "denomination": null, "name:fr": null, "layer": null, "barrier": null, "brand": null, "contact:email": null, "landuse": null, "name:it": null, "toilets:wheelchair": null, "addr:ghanapostgps": null, "alt_name:en": null, "addr:community": null, "building:material": null, "roof:material": null, "addr:country": null, "addr:place": null, "fax": null, "note": null, "opening_hours:visitors": null }, "geometry": { "type": "Polygon", "coordinates": [ [ [ -1.5674679, 6.7070973 ], [ -1.5678378, 6.7070763 ], [ -1.5677664, 6.7064885 ], [ -1.5673992, 6.7065121 ], [ -1.5674679, 6.7070973 ] ] ] } },
{ "type": "Feature", "properties": { "element": "way", "id": 929222972, "amenity": "hospital", "name": null, "opening_hours": null, "healthcare": "hospital", "addr:city": null, "addr:street": null, "healthcare:speciality": null, "disabled": null, "emergency": null, "operator": null, "addr:suburb": null, "phone": null, "type": null, "contact:phone": null, "contact:website": null, "check_date": null, "email": null, "operator:type": null, "ownership": null, "description": null, "addr:housenumber": null, "source": null, "fixme": null, "addr:full": null, "beds": null, "wikidata": null, "wikipedia": null, "short_name": null, "level": null, "dispensing": null, "electricity": null, "health_amenity:type": null, "insurance:health": null, "operational_status": null, "water_source": null, "wheelchair": null, "website": null, "branch": null, "internet_access": null, "payment:cash": null, "payment:cards": null, "payment:credit_cards": null, "payment:debit_cards": null, "addr:postcode": null, "addr:region": null, "contact:facebook": null, "operator:wikidata": null, "mobile": null, "name:ar": null, "alt_name": null, "building": null, "name:de": null, "internet_access:fee": null, "old_name": null, "name:en": null, "official_name": null, "building:levels": null, "denomination": null, "name:fr": null, "layer": null, "barrier": null, "brand": null, "contact:email": null, "landuse": null, "name:it": null, "toilets:wheelchair": null, "addr:ghanapostgps": null, "alt_name:en": null, "addr:community": null, "building:material": null, "roof:material": null, "addr:country": null, "addr:place": null, "fax": null, "note": null, "opening_hours:visitors": null }, "geometry": { "type": "Polygon", "coordinates": [ [ [ -2.5264887, 10.083681 ], [ -2.5264242, 10.0836931 ], [ -2.5263828, 10.0835798 ], [ -2.5264657, 10.0835783 ], [ -2.5264887, 10.083681 ] ] ] } },
{ "type": "Feature", "properties": { "element": "way", "id": 962283055, "amenity": "hospital", "name": "Green Shed Hospital", "opening_hours": null, "healthcare": "hospital", "addr:city": "Sefwi Bekwai", "addr:street": "Sefwi Bekwai to Wiawso Road", "healthcare:speciality": null, "disabled": null, "emergency": "yes", "operator": null, "addr:suburb": null, "phone": null, "type": null, "contact:phone": null, "contact:website": null, "check_date": null, "email": null, "operator:type": "private", "ownership": null, "description": null, "addr:housenumber": null, "source": "local knowledge", "fixme": null, "addr:full": null, "beds": null, "wikidata": null, "wikipedia": null, "short_name": null, "level": null, "dispensing": null, "electricity": null, "health_amenity:type": null, "insurance:health": null, "operational_status": null, "water_source": null, "wheelchair": "limited", "website": null, "branch": null, "internet_access": null, "payment:cash": null, "payment:cards": null, "payment:credit_cards": null, "payment:debit_cards": null, "addr:postcode": null, "addr:region": null, "contact:facebook": null, "operator:wikidata": null, "mobile": null, "name:ar": null, "alt_name": null, "building": null, "name:de": null, "internet_access:fee": null, "old_name": null, "name:en": null, "official_name": null, "building:levels": null, "denomination": null, "name:fr": null, "layer": null, "barrier": null, "brand": null, "contact:email": null, "landuse": null, "name:it": null, "toilets:wheelchair": null, "addr:ghanapostgps": null, "alt_name:en": null, "addr:community": null, "building:material": null, "roof:material": null, "addr:country": null, "addr:place": null, "fax": null, "note": null, "opening_hours:visitors": null }, "geometry": { "type": "Polygon", "coordinates": [ [ [ -2.3274566, 6.1949849 ], [ -2.3270906, 6.1948741 ], [ -2.3271662, 6.1946272 ], [ -2.3275578, 6.1945978 ], [ -2.3275685, 6.1946192 ], [ -2.3274566, 6.1949849 ] ] ] } },
{ "type": "Feature", "properties": { "element": "way", "id": 965030706, "amenity": "hospital", "name": "Mamprobi Hospital", "opening_hours": null, "healthcare": null, "addr:city": null, "addr:street": null, "healthcare:speciality": null, "disabled": null, "emergency": null, "operator": null, "addr:suburb": null, "phone": null, "type": null, "contact:phone": null, "contact:website": null, "check_date": null, "email": null, "operator:type": null, "ownership": null, "description": null, "addr:housenumber": null, "source": "AccraMobile3", "fixme": "local knowledge and validation", "addr:full": null, "beds": null, "wikidata": null, "wikipedia": null, "short_name": null, "level": null, "dispensing": null, "electricity": null, "health_amenity:type": null, "insurance:health": null, "operational_status": null, "water_source": null, "wheelchair": null, "website": null, "branch": null, "internet_access": null, "payment:cash": null, "payment:cards": null, "payment:credit_cards": null, "payment:debit_cards": null, "addr:postcode": null, "addr:region": null, "contact:facebook": null, "operator:wikidata": null, "mobile": null, "name:ar": null, "alt_name": null, "building": null, "name:de": null, "internet_access:fee": null, "old_name": null, "name:en": null, "official_name": null, "building:levels": null, "denomination": null, "name:fr": null, "layer": null, "barrier": null, "brand": null, "contact:email": null, "landuse": null, "name:it": null, "toilets:wheelchair": null, "addr:ghanapostgps": null, "alt_name:en": null, "addr:community": null, "building:material": null, "roof:material": null, "addr:country": null, "addr:place": null, "fax": null, "note": null, "opening_hours:visitors": null }, "geometry": { "type": "Polygon", "coordinates": [ [ [ -0.2458191, 5.5375208 ], [ -0.2458754, 5.5385059 ], [ -0.2458057, 5.5386087 ], [ -0.2446537, 5.5388383 ], [ -0.2458191, 5.5375208 ] ] ] } },
{ "type": "Feature", "properties": { "element": "way", "id": 967252117, "amenity": "hospital", "name": "Pentecost Clinic", "opening_hours": null, "healthcare": "hospital", "addr:city": null, "addr:street": null, "healthcare:speciality": "general", "disabled": null, "emergency": null, "operator": "Pentecost Church", "addr:suburb": null, "phone": null, "type": null, "contact:phone": null, "contact:website": null, "check_date": null, "email": null, "operator:type": "private", "ownership": null, "description": null, "addr:housenumber": null, "source": null, "fixme": null, "addr:full": null, "beds": null, "wikidata": null, "wikipedia": null, "short_name": null, "level": null, "dispensing": null, "electricity": null, "health_amenity:type": null, "insurance:health": null, "operational_status": null, "water_source": null, "wheelchair": null, "website": null, "branch": null, "internet_access": null, "payment:cash": null, "payment:cards": null, "payment:credit_cards": null, "payment:debit_cards": null, "addr:postcode": null, "addr:region": null, "contact:facebook": null, "operator:wikidata": null, "mobile": null, "name:ar": null, "alt_name": null, "building": null, "name:de": null, "internet_access:fee": null, "old_name": null, "name:en": null, "official_name": null, "building:levels": null, "denomination": null, "name:fr": null, "layer": null, "barrier": null, "brand": null, "contact:email": null, "landuse": null, "name:it": null, "toilets:wheelchair": null, "addr:ghanapostgps": null, "alt_name:en": null, "addr:community": null, "building:material": null, "roof:material": null, "addr:country": null, "addr:place": null, "fax": null, "note": null, "opening_hours:visitors": null }, "geometry": { "type": "Polygon", "coordinates": [ [ [ -1.8784117, 5.9575542 ], [ -1.8783142, 5.9577766 ], [ -1.8778263, 5.9575381 ], [ -1.8779524, 5.9572833 ], [ -1.8784117, 5.9575542 ] ] ] } },
{ "type": "Feature", "properties": { "element": "way", "id": 970442689, "amenity": "hospital", "name": "Adidome Hospital", "opening_hours": null, "healthcare": null, "addr:city": null, "addr:street": null, "healthcare:speciality": null, "disabled": null, "emergency": null, "operator": null, "addr:suburb": null, "phone": null, "type": null, "contact:phone": null, "contact:website": null, "check_date": null, "email": null, "operator:type": null, "ownership": null, "description": null, "addr:housenumber": null, "source": null, "fixme": null, "addr:full": null, "beds": null, "wikidata": null, "wikipedia": null, "short_name": null, "level": null, "dispensing": null, "electricity": null, "health_amenity:type": null, "insurance:health": null, "operational_status": null, "water_source": null, "wheelchair": null, "website": null, "branch": null, "internet_access": null, "payment:cash": null, "payment:cards": null, "payment:credit_cards": null, "payment:debit_cards": null, "addr:postcode": null, "addr:region": null, "contact:facebook": null, "operator:wikidata": null, "mobile": null, "name:ar": null, "alt_name": null, "building": null, "name:de": null, "internet_access:fee": null, "old_name": null, "name:en": null, "official_name": null, "building:levels": null, "denomination": null, "name:fr": null, "layer": null, "barrier": null, "brand": null, "contact:email": null, "landuse": null, "name:it": null, "toilets:wheelchair": null, "addr:ghanapostgps": null, "alt_name:en": null, "addr:community": null, "building:material": null, "roof:material": null, "addr:country": null, "addr:place": null, "fax": null, "note": null, "opening_hours:visitors": null }, "geometry": { "type": "Polygon", "coordinates": [ [ [ 0.497049, 6.0714726 ], [ 0.4970356, 6.0720529 ], [ 0.4970589, 6.0727706 ], [ 0.4977053, 6.0742429 ], [ 0.4992288, 6.0742589 ], [ 0.4993797, 6.0727351 ], [ 0.497049, 6.0714726 ] ] ] } },
{ "type": "Feature", "properties": { "element": "way", "id": 995254527, "amenity": "hospital", "name": "Aniwaa Medical Center", "opening_hours": null, "healthcare": null, "addr:city": null, "addr:street": null, "healthcare:speciality": null, "disabled": null, "emergency": null, "operator": null, "addr:suburb": null, "phone": null, "type": null, "contact:phone": null, "contact:website": null, "check_date": null, "email": null, "operator:type": null, "ownership": null, "description": null, "addr:housenumber": null, "source": null, "fixme": "boundary coverage", "addr:full": null, "beds": null, "wikidata": null, "wikipedia": null, "short_name": null, "level": null, "dispensing": null, "electricity": null, "health_amenity:type": null, "insurance:health": null, "operational_status": null, "water_source": null, "wheelchair": null, "website": null, "branch": null, "internet_access": null, "payment:cash": null, "payment:cards": null, "payment:credit_cards": null, "payment:debit_cards": null, "addr:postcode": null, "addr:region": null, "contact:facebook": null, "operator:wikidata": null, "mobile": null, "name:ar": null, "alt_name": null, "building": null, "name:de": null, "internet_access:fee": null, "old_name": null, "name:en": null, "official_name": null, "building:levels": null, "denomination": null, "name:fr": null, "layer": null, "barrier": null, "brand": null, "contact:email": null, "landuse": null, "name:it": null, "toilets:wheelchair": null, "addr:ghanapostgps": null, "alt_name:en": null, "addr:community": null, "building:material": null, "roof:material": null, "addr:country": null, "addr:place": null, "fax": null, "note": null, "opening_hours:visitors": null }, "geometry": { "type": "Polygon", "coordinates": [ [ [ -1.5358999, 6.6650671 ], [ -1.5359992, 6.6657105 ], [ -1.5343764, 6.6653908 ], [ -1.5343228, 6.6645476 ], [ -1.5345173, 6.6636938 ], [ -1.534606, 6.6635714 ], [ -1.5347104, 6.6634274 ], [ -1.5349599, 6.6637413 ], [ -1.5358678, 6.664858 ], [ -1.5358999, 6.6650671 ] ] ] } },
{ "type": "Feature", "properties": { "element": "way", "id": 996908203, "amenity": "hospital", "name": "Adweso Clinic", "opening_hours": null, "healthcare": "hospital", "addr:city": null, "addr:street": null, "healthcare:speciality": "general", "disabled": null, "emergency": null, "operator": "Government", "addr:suburb": null, "phone": null, "type": null, "contact:phone": null, "contact:website": null, "check_date": null, "email": null, "operator:type": "government", "ownership": null, "description": null, "addr:housenumber": null, "source": null, "fixme": null, "addr:full": null, "beds": null, "wikidata": null, "wikipedia": null, "short_name": null, "level": null, "dispensing": null, "electricity": null, "health_amenity:type": null, "insurance:health": null, "operational_status": null, "water_source": null, "wheelchair": null, "website": null, "branch": null, "internet_access": null, "payment:cash": null, "payment:cards": null, "payment:credit_cards": null, "payment:debit_cards": null, "addr:postcode": null, "addr:region": null, "contact:facebook": null, "operator:wikidata": null, "mobile": null, "name:ar": null, "alt_name": null, "building": null, "name:de": null, "internet_access:fee": null, "old_name": null, "name:en": null, "official_name": null, "building:levels": null, "denomination": null, "name:fr": null, "layer": null, "barrier": null, "brand": null, "contact:email": null, "landuse": null, "name:it": null, "toilets:wheelchair": null, "addr:ghanapostgps": null, "alt_name:en": null, "addr:community": null, "building:material": null, "roof:material": null, "addr:country": null, "addr:place": null, "fax": null, "note": null, "opening_hours:visitors": null }, "geometry": { "type": "Polygon", "coordinates": [ [ [ -0.2539834, 6.0637023 ], [ -0.2537862, 6.0635022 ], [ -0.2540067, 6.0632873 ], [ -0.2542039, 6.0634873 ], [ -0.2539834, 6.0637023 ] ] ] } },
{ "type": "Feature", "properties": { "element": "way", "id": 1027705627, "amenity": "hospital", "name": "Achiase Health Centre", "opening_hours": "24/7", "healthcare": "hospital", "addr:city": null, "addr:street": null, "healthcare:speciality": null, "disabled": null, "emergency": null, "operator": "Ministry of Health", "addr:suburb": null, "phone": null, "type": null, "contact:phone": null, "contact:website": null, "check_date": null, "email": null, "operator:type": "public", "ownership": null, "description": null, "addr:housenumber": null, "source": null, "fixme": null, "addr:full": null, "beds": null, "wikidata": null, "wikipedia": null, "short_name": null, "level": null, "dispensing": null, "electricity": null, "health_amenity:type": null, "insurance:health": null, "operational_status": null, "water_source": null, "wheelchair": null, "website": null, "branch": null, "internet_access": null, "payment:cash": null, "payment:cards": null, "payment:credit_cards": null, "payment:debit_cards": null, "addr:postcode": null, "addr:region": null, "contact:facebook": null, "operator:wikidata": null, "mobile": null, "name:ar": null, "alt_name": null, "building": null, "name:de": null, "internet_access:fee": null, "old_name": null, "name:en": null, "official_name": null, "building:levels": null, "denomination": null, "name:fr": null, "layer": null, "barrier": null, "brand": null, "contact:email": null, "landuse": null, "name:it": null, "toilets:wheelchair": null, "addr:ghanapostgps": null, "alt_name:en": null, "addr:community": null, "building:material": null, "roof:material": null, "addr:country": null, "addr:place": null, "fax": null, "note": null, "opening_hours:visitors": null }, "geometry": { "type": "Polygon", "coordinates": [ [ [ -1.0002575, 5.8441321 ], [ -0.9999973, 5.8450847 ], [ -1.0019634, 5.8454583 ], [ -1.0022102, 5.8449246 ], [ -1.002245, 5.8445991 ], [ -1.0021646, 5.8441882 ], [ -1.0018105, 5.8442842 ], [ -1.0012526, 5.8442976 ], [ -1.0007859, 5.8442629 ], [ -1.0002575, 5.8441321 ] ] ] } },
{ "type": "Feature", "properties": { "element": "way", "id": 1037981801, "amenity": "hospital", "name": "hospital grounds", "opening_hours": null, "healthcare": "hospital", "addr:city": null, "addr:street": null, "healthcare:speciality": null, "disabled": null, "emergency": null, "operator": null, "addr:suburb": null, "phone": null, "type": null, "contact:phone": null, "contact:website": null, "check_date": null, "email": null, "operator:type": null, "ownership": null, "description": null, "addr:housenumber": null, "source": null, "fixme": null, "addr:full": null, "beds": null, "wikidata": null, "wikipedia": null, "short_name": null, "level": null, "dispensing": null, "electricity": null, "health_amenity:type": null, "insurance:health": null, "operational_status": null, "water_source": null, "wheelchair": null, "website": null, "branch": null, "internet_access": null, "payment:cash": null, "payment:cards": null, "payment:credit_cards": null, "payment:debit_cards": null, "addr:postcode": null, "addr:region": null, "contact:facebook": null, "operator:wikidata": null, "mobile": null, "name:ar": null, "alt_name": null, "building": null, "name:de": null, "internet_access:fee": null, "old_name": null, "name:en": null, "official_name": null, "building:levels": null, "denomination": null, "name:fr": null, "layer": null, "barrier": null, "brand": null, "contact:email": null, "landuse": null, "name:it": null, "toilets:wheelchair": null, "addr:ghanapostgps": null, "alt_name:en": null, "addr:community": null, "building:material": null, "roof:material": null, "addr:country": null, "addr:place": null, "fax": null, "note": null, "opening_hours:visitors": null }, "geometry": { "type": "Polygon", "coordinates": [ [ [ -0.5655124, 5.4810522 ], [ -0.5656111, 5.4809375 ], [ -0.5651344, 5.4805313 ], [ -0.5650357, 5.480646 ], [ -0.5655124, 5.4810522 ] ] ] } },
{ "type": "Feature", "properties": { "element": "way", "id": 1056202980, "amenity": "hospital", "name": "Bechem Government Hospital", "opening_hours": null, "healthcare": "hospital", "addr:city": "Bechem", "addr:street": "Sunyani Road", "healthcare:speciality": null, "disabled": null, "emergency": null, "operator": null, "addr:suburb": null, "phone": null, "type": null, "contact:phone": null, "contact:website": null, "check_date": null, "email": null, "operator:type": null, "ownership": null, "description": null, "addr:housenumber": null, "source": null, "fixme": null, "addr:full": null, "beds": null, "wikidata": null, "wikipedia": null, "short_name": null, "level": null, "dispensing": null, "electricity": null, "health_amenity:type": null, "insurance:health": null, "operational_status": null, "water_source": null, "wheelchair": null, "website": null, "branch": null, "internet_access": null, "payment:cash": null, "payment:cards": null, "payment:credit_cards": null, "payment:debit_cards": null, "addr:postcode": null, "addr:region": null, "contact:facebook": null, "operator:wikidata": null, "mobile": null, "name:ar": null, "alt_name": null, "building": null, "name:de": null, "internet_access:fee": null, "old_name": null, "name:en": null, "official_name": null, "building:levels": null, "denomination": null, "name:fr": null, "layer": null, "barrier": null, "brand": null, "contact:email": null, "landuse": null, "name:it": null, "toilets:wheelchair": null, "addr:ghanapostgps": null, "alt_name:en": null, "addr:community": null, "building:material": null, "roof:material": null, "addr:country": null, "addr:place": null, "fax": null, "note": null, "opening_hours:visitors": null }, "geometry": { "type": "Polygon", "coordinates": [ [ [ -2.0316017, 7.0887701 ], [ -2.0290858, 7.0885039 ], [ -2.0292681, 7.0866381 ], [ -2.0300218, 7.086469 ], [ -2.0318592, 7.086316 ], [ -2.0318994, 7.0871371 ], [ -2.0318297, 7.0876868 ], [ -2.0316017, 7.0887701 ] ] ] } },
{ "type": "Feature", "properties": { "element": "way", "id": 1073125010, "amenity": "hospital", "name": "Sawia Health Center", "opening_hours": null, "healthcare": null, "addr:city": null, "addr:street": null, "healthcare:speciality": null, "disabled": null, "emergency": null, "operator": null, "addr:suburb": null, "phone": null, "type": null, "contact:phone": null, "contact:website": null, "check_date": null, "email": null, "operator:type": null, "ownership": null, "description": null, "addr:housenumber": null, "source": null, "fixme": null, "addr:full": null, "beds": null, "wikidata": null, "wikipedia": null, "short_name": null, "level": null, "dispensing": null, "electricity": null, "health_amenity:type": null, "insurance:health": null, "operational_status": null, "water_source": null, "wheelchair": null, "website": null, "branch": null, "internet_access": null, "payment:cash": null, "payment:cards": null, "payment:credit_cards": null, "payment:debit_cards": null, "addr:postcode": null, "addr:region": null, "contact:facebook": null, "operator:wikidata": null, "mobile": null, "name:ar": null, "alt_name": null, "building": null, "name:de": null, "internet_access:fee": null, "old_name": null, "name:en": null, "official_name": null, "building:levels": null, "denomination": null, "name:fr": null, "layer": null, "barrier": null, "brand": null, "contact:email": null, "landuse": null, "name:it": null, "toilets:wheelchair": null, "addr:ghanapostgps": null, "alt_name:en": null, "addr:community": null, "building:material": null, "roof:material": null, "addr:country": null, "addr:place": null, "fax": null, "note": null, "opening_hours:visitors": null }, "geometry": { "type": "Polygon", "coordinates": [ [ [ -1.5443942, 6.6159149 ], [ -1.5400367, 6.6157782 ], [ -1.540158, 6.6119639 ], [ -1.5414927, 6.6120058 ], [ -1.5415175, 6.6112246 ], [ -1.543706, 6.6112932 ], [ -1.5436438, 6.6132465 ], [ -1.5444782, 6.6132726 ], [ -1.5443942, 6.6159149 ] ] ] } },
{ "type": "Feature", "properties": { "element": "way", "id": 1074648190, "amenity": "hospital", "name": "Charia Health Center", "opening_hours": null, "healthcare": "hospital", "addr:city": null, "addr:street": null, "healthcare:speciality": null, "disabled": null, "emergency": null, "operator": "Ghana Health Service", "addr:suburb": null, "phone": null, "type": null, "contact:phone": null, "contact:website": null, "check_date": null, "email": null, "operator:type": "public", "ownership": null, "description": null, "addr:housenumber": null, "source": null, "fixme": null, "addr:full": null, "beds": null, "wikidata": null, "wikipedia": null, "short_name": null, "level": null, "dispensing": null, "electricity": null, "health_amenity:type": null, "insurance:health": null, "operational_status": null, "water_source": null, "wheelchair": null, "website": null, "branch": null, "internet_access": null, "payment:cash": null, "payment:cards": null, "payment:credit_cards": null, "payment:debit_cards": null, "addr:postcode": null, "addr:region": null, "contact:facebook": null, "operator:wikidata": null, "mobile": null, "name:ar": null, "alt_name": null, "building": null, "name:de": null, "internet_access:fee": null, "old_name": null, "name:en": null, "official_name": null, "building:levels": null, "denomination": null, "name:fr": null, "layer": null, "barrier": null, "brand": null, "contact:email": null, "landuse": null, "name:it": null, "toilets:wheelchair": null, "addr:ghanapostgps": null, "alt_name:en": null, "addr:community": null, "building:material": null, "roof:material": null, "addr:country": null, "addr:place": null, "fax": null, "note": null, "opening_hours:visitors": null }, "geometry": { "type": "Polygon", "coordinates": [ [ [ -2.5702, 10.1107931 ], [ -2.5710824, 10.1106479 ], [ -2.5709832, 10.1097554 ], [ -2.5701141, 10.109898 ], [ -2.5702, 10.1107931 ] ] ] } },
{ "type": "Feature", "properties": { "element": "way", "id": 1077277734, "amenity": "hospital", "name": "Anoma Health Center", "opening_hours": null, "healthcare": "clinic", "addr:city": null, "addr:street": null, "healthcare:speciality": "general", "disabled": null, "emergency": null, "operator": null, "addr:suburb": null, "phone": null, "type": null, "contact:phone": null, "contact:website": null, "check_date": null, "email": null, "operator:type": null, "ownership": null, "description": null, "addr:housenumber": null, "source": null, "fixme": "Amoma health center", "addr:full": null, "beds": null, "wikidata": null, "wikipedia": null, "short_name": null, "level": null, "dispensing": null, "electricity": null, "health_amenity:type": null, "insurance:health": null, "operational_status": null, "water_source": null, "wheelchair": null, "website": null, "branch": null, "internet_access": null, "payment:cash": null, "payment:cards": null, "payment:credit_cards": null, "payment:debit_cards": null, "addr:postcode": null, "addr:region": null, "contact:facebook": null, "operator:wikidata": null, "mobile": null, "name:ar": null, "alt_name": null, "building": null, "name:de": null, "internet_access:fee": null, "old_name": null, "name:en": null, "official_name": null, "building:levels": null, "denomination": null, "name:fr": null, "layer": "-1", "barrier": null, "brand": null, "contact:email": null, "landuse": null, "name:it": null, "toilets:wheelchair": null, "addr:ghanapostgps": null, "alt_name:en": null, "addr:community": null, "building:material": null, "roof:material": null, "addr:country": null, "addr:place": null, "fax": null, "note": null, "opening_hours:visitors": null }, "geometry": { "type": "Polygon", "coordinates": [ [ [ -1.8708163, 7.7842589 ], [ -1.8707326, 7.7831226 ], [ -1.8717155, 7.7830515 ], [ -1.8717992, 7.7841878 ], [ -1.8708163, 7.7842589 ] ] ] } },
{ "type": "Feature", "properties": { "element": "way", "id": 1110432871, "amenity": "hospital", "name": "Mount Olives Hospital", "opening_hours": null, "healthcare": "hospital", "addr:city": "Techiman", "addr:street": "Sansama Street", "healthcare:speciality": null, "disabled": null, "emergency": null, "operator": null, "addr:suburb": null, "phone": null, "type": null, "contact:phone": null, "contact:website": null, "check_date": null, "email": null, "operator:type": null, "ownership": null, "description": null, "addr:housenumber": null, "source": null, "fixme": null, "addr:full": null, "beds": null, "wikidata": null, "wikipedia": null, "short_name": null, "level": null, "dispensing": null, "electricity": null, "health_amenity:type": null, "insurance:health": null, "operational_status": null, "water_source": null, "wheelchair": null, "website": null, "branch": null, "internet_access": null, "payment:cash": null, "payment:cards": null, "payment:credit_cards": null, "payment:debit_cards": null, "addr:postcode": null, "addr:region": null, "contact:facebook": null, "operator:wikidata": null, "mobile": null, "name:ar": null, "alt_name": null, "building": null, "name:de": null, "internet_access:fee": null, "old_name": null, "name:en": null, "official_name": null, "building:levels": null, "denomination": null, "name:fr": null, "layer": null, "barrier": null, "brand": null, "contact:email": null, "landuse": null, "name:it": null, "toilets:wheelchair": null, "addr:ghanapostgps": null, "alt_name:en": null, "addr:community": null, "building:material": null, "roof:material": null, "addr:country": null, "addr:place": null, "fax": null, "note": null, "opening_hours:visitors": null }, "geometry": { "type": "Polygon", "coordinates": [ [ [ -1.9229716, 7.5967407 ], [ -1.9224774, 7.5963589 ], [ -1.9226979, 7.5961044 ], [ -1.9231823, 7.5965054 ], [ -1.9229716, 7.5967407 ] ] ] } },
{ "type": "Feature", "properties": { "element": "way", "id": 1117653578, "amenity": "hospital", "name": "Tolon District Hospital", "opening_hours": null, "healthcare": null, "addr:city": null, "addr:street": null, "healthcare:speciality": null, "disabled": null, "emergency": null, "operator": null, "addr:suburb": null, "phone": null, "type": null, "contact:phone": null, "contact:website": null, "check_date": null, "email": null, "operator:type": null, "ownership": null, "description": null, "addr:housenumber": null, "source": null, "fixme": null, "addr:full": null, "beds": null, "wikidata": null, "wikipedia": null, "short_name": null, "level": null, "dispensing": null, "electricity": null, "health_amenity:type": null, "insurance:health": null, "operational_status": null, "water_source": null, "wheelchair": null, "website": null, "branch": null, "internet_access": null, "payment:cash": null, "payment:cards": null, "payment:credit_cards": null, "payment:debit_cards": null, "addr:postcode": null, "addr:region": null, "contact:facebook": null, "operator:wikidata": null, "mobile": null, "name:ar": null, "alt_name": null, "building": null, "name:de": null, "internet_access:fee": null, "old_name": null, "name:en": null, "official_name": null, "building:levels": null, "denomination": null, "name:fr": null, "layer": null, "barrier": null, "brand": null, "contact:email": null, "landuse": null, "name:it": null, "toilets:wheelchair": null, "addr:ghanapostgps": null, "alt_name:en": null, "addr:community": null, "building:material": null, "roof:material": null, "addr:country": null, "addr:place": null, "fax": null, "note": null, "opening_hours:visitors": null }, "geometry": { "type": "Polygon", "coordinates": [ [ [ -1.0515294, 9.426674 ], [ -1.0502171, 9.4260874 ], [ -1.0503341, 9.4252022 ], [ -1.0505685, 9.4246688 ], [ -1.0519727, 9.4252696 ], [ -1.0519337, 9.4257939 ], [ -1.0515294, 9.426674 ] ] ] } },
{ "type": "Feature", "properties": { "element": "way", "id": 1123907983, "amenity": "hospital", "name": "UEW Hospital, North Campus.", "opening_hours": null, "healthcare": "hospital", "addr:city": "Winneba", "addr:street": "Faculty Road", "healthcare:speciality": "general", "disabled": null, "emergency": "yes", "operator": "University of Education Winneba.", "addr:suburb": null, "phone": null, "type": null, "contact:phone": null, "contact:website": null, "check_date": null, "email": "registrar@uew.edu.gh", "operator:type": "government", "ownership": null, "description": "University Hospital", "addr:housenumber": null, "source": null, "fixme": null, "addr:full": null, "beds": null, "wikidata": null, "wikipedia": null, "short_name": null, "level": null, "dispensing": null, "electricity": null, "health_amenity:type": null, "insurance:health": null, "operational_status": null, "water_source": null, "wheelchair": null, "website": null, "branch": null, "internet_access": null, "payment:cash": null, "payment:cards": null, "payment:credit_cards": null, "payment:debit_cards": null, "addr:postcode": null, "addr:region": null, "contact:facebook": null, "operator:wikidata": null, "mobile": null, "name:ar": null, "alt_name": null, "building": null, "name:de": null, "internet_access:fee": null, "old_name": null, "name:en": null, "official_name": null, "building:levels": null, "denomination": null, "name:fr": null, "layer": null, "barrier": null, "brand": null, "contact:email": null, "landuse": null, "name:it": null, "toilets:wheelchair": null, "addr:ghanapostgps": null, "alt_name:en": null, "addr:community": null, "building:material": null, "roof:material": null, "addr:country": null, "addr:place": null, "fax": null, "note": null, "opening_hours:visitors": null }, "geometry": { "type": "Polygon", "coordinates": [ [ [ -0.6299195, 5.3699207 ], [ -0.6298549, 5.3700462 ], [ -0.6298191, 5.3700279 ], [ -0.6296828, 5.3702928 ], [ -0.6295789, 5.3702397 ], [ -0.6296116, 5.370176 ], [ -0.6294058, 5.3700711 ], [ -0.6293715, 5.3701378 ], [ -0.6292826, 5.3700924 ], [ -0.6293567, 5.3699484 ], [ -0.6294109, 5.369976 ], [ -0.6294716, 5.3698581 ], [ -0.6294174, 5.3698304 ], [ -0.629485, 5.3696991 ], [ -0.6296547, 5.3697857 ], [ -0.6296305, 5.3698327 ], [ -0.6297405, 5.3698887 ], [ -0.6297646, 5.3698418 ], [ -0.6299195, 5.3699207 ] ] ] } },
{ "type": "Feature", "properties": { "element": "way", "id": 1136498503, "amenity": "hospital", "name": "Pankese Community Health Planning and Services", "opening_hours": null, "healthcare": null, "addr:city": null, "addr:street": null, "healthcare:speciality": null, "disabled": null, "emergency": null, "operator": null, "addr:suburb": null, "phone": null, "type": null, "contact:phone": null, "contact:website": null, "check_date": null, "email": null, "operator:type": null, "ownership": null, "description": null, "addr:housenumber": null, "source": null, "fixme": null, "addr:full": null, "beds": null, "wikidata": null, "wikipedia": null, "short_name": null, "level": null, "dispensing": null, "electricity": null, "health_amenity:type": null, "insurance:health": null, "operational_status": null, "water_source": null, "wheelchair": null, "website": null, "branch": null, "internet_access": null, "payment:cash": null, "payment:cards": null, "payment:credit_cards": null, "payment:debit_cards": null, "addr:postcode": null, "addr:region": null, "contact:facebook": null, "operator:wikidata": null, "mobile": null, "name:ar": null, "alt_name": null, "building": null, "name:de": null, "internet_access:fee": null, "old_name": null, "name:en": null, "official_name": null, "building:levels": null, "denomination": null, "name:fr": null, "layer": null, "barrier": null, "brand": null, "contact:email": null, "landuse": null, "name:it": null, "toilets:wheelchair": null, "addr:ghanapostgps": null, "alt_name:en": null, "addr:community": null, "building:material": null, "roof:material": null, "addr:country": null, "addr:place": null, "fax": null, "note": null, "opening_hours:visitors": null }, "geometry": { "type": "Polygon", "coordinates": [ [ [ -0.8440502, 6.5081966 ], [ -0.8439673, 6.5082663 ], [ -0.8439941, 6.5082977 ], [ -0.8439347, 6.5083476 ], [ -0.843902, 6.5083092 ], [ -0.8437739, 6.5084169 ], [ -0.8435951, 6.508207 ], [ -0.843642, 6.5081675 ], [ -0.8435755, 6.5080895 ], [ -0.8437989, 6.5079016 ], [ -0.8440502, 6.5081966 ] ] ] } },
{ "type": "Feature", "properties": { "element": "way", "id": 1136999444, "amenity": "hospital", "name": null, "opening_hours": null, "healthcare": "hospital", "addr:city": null, "addr:street": null, "healthcare:speciality": null, "disabled": null, "emergency": null, "operator": null, "addr:suburb": null, "phone": null, "type": null, "contact:phone": null, "contact:website": null, "check_date": null, "email": null, "operator:type": null, "ownership": null, "description": null, "addr:housenumber": null, "source": null, "fixme": null, "addr:full": null, "beds": null, "wikidata": null, "wikipedia": null, "short_name": null, "level": null, "dispensing": null, "electricity": null, "health_amenity:type": null, "insurance:health": null, "operational_status": null, "water_source": null, "wheelchair": null, "website": null, "branch": null, "internet_access": null, "payment:cash": null, "payment:cards": null, "payment:credit_cards": null, "payment:debit_cards": null, "addr:postcode": null, "addr:region": null, "contact:facebook": null, "operator:wikidata": null, "mobile": null, "name:ar": null, "alt_name": null, "building": null, "name:de": null, "internet_access:fee": null, "old_name": null, "name:en": null, "official_name": null, "building:levels": null, "denomination": null, "name:fr": null, "layer": null, "barrier": null, "brand": null, "contact:email": null, "landuse": null, "name:it": null, "toilets:wheelchair": null, "addr:ghanapostgps": null, "alt_name:en": null, "addr:community": null, "building:material": null, "roof:material": null, "addr:country": null, "addr:place": null, "fax": null, "note": null, "opening_hours:visitors": null }, "geometry": { "type": "Polygon", "coordinates": [ [ [ -1.6346165, 6.697388 ], [ -1.6344608, 6.6974801 ], [ -1.6342753, 6.6972149 ], [ -1.6344385, 6.697097 ], [ -1.6346165, 6.697388 ] ] ] } },
{ "type": "Feature", "properties": { "element": "way", "id": 1146828452, "amenity": "hospital", "name": "ECG Hospital", "opening_hours": null, "healthcare": "hospital", "addr:city": "Kpandai", "addr:street": "Kpandai-Yendi Road", "healthcare:speciality": null, "disabled": null, "emergency": null, "operator": null, "addr:suburb": null, "phone": null, "type": null, "contact:phone": null, "contact:website": null, "check_date": null, "email": null, "operator:type": null, "ownership": null, "description": null, "addr:housenumber": null, "source": null, "fixme": null, "addr:full": null, "beds": null, "wikidata": null, "wikipedia": null, "short_name": null, "level": null, "dispensing": null, "electricity": null, "health_amenity:type": null, "insurance:health": null, "operational_status": null, "water_source": null, "wheelchair": null, "website": null, "branch": null, "internet_access": null, "payment:cash": null, "payment:cards": null, "payment:credit_cards": null, "payment:debit_cards": null, "addr:postcode": null, "addr:region": null, "contact:facebook": null, "operator:wikidata": null, "mobile": null, "name:ar": null, "alt_name": null, "building": null, "name:de": null, "internet_access:fee": null, "old_name": null, "name:en": null, "official_name": null, "building:levels": null, "denomination": null, "name:fr": null, "layer": null, "barrier": null, "brand": null, "contact:email": null, "landuse": null, "name:it": null, "toilets:wheelchair": null, "addr:ghanapostgps": null, "alt_name:en": null, "addr:community": null, "building:material": null, "roof:material": null, "addr:country": null, "addr:place": null, "fax": null, "note": null, "opening_hours:visitors": null }, "geometry": { "type": "Polygon", "coordinates": [ [ [ -0.012927, 8.4577839 ], [ -0.011752, 8.4576552 ], [ -0.0117499, 8.4574013 ], [ -0.0117439, 8.45667 ], [ -0.0130611, 8.4566941 ], [ -0.012927, 8.4577839 ] ] ] } },
{ "type": "Feature", "properties": { "element": "way", "id": 1147978509, "amenity": "hospital", "name": "Kpandai District Hospital", "opening_hours": null, "healthcare": "hospital", "addr:city": "Kpandai", "addr:street": "Kpandai-Keyenkpa Road", "healthcare:speciality": null, "disabled": null, "emergency": null, "operator": null, "addr:suburb": null, "phone": null, "type": null, "contact:phone": null, "contact:website": null, "check_date": null, "email": null, "operator:type": null, "ownership": null, "description": null, "addr:housenumber": null, "source": null, "fixme": null, "addr:full": null, "beds": null, "wikidata": null, "wikipedia": null, "short_name": null, "level": null, "dispensing": null, "electricity": null, "health_amenity:type": null, "insurance:health": null, "operational_status": null, "water_source": null, "wheelchair": null, "website": null, "branch": null, "internet_access": null, "payment:cash": null, "payment:cards": null, "payment:credit_cards": null, "payment:debit_cards": null, "addr:postcode": null, "addr:region": null, "contact:facebook": null, "operator:wikidata": null, "mobile": null, "name:ar": null, "alt_name": null, "building": null, "name:de": null, "internet_access:fee": null, "old_name": null, "name:en": null, "official_name": null, "building:levels": null, "denomination": null, "name:fr": null, "layer": null, "barrier": null, "brand": null, "contact:email": null, "landuse": null, "name:it": null, "toilets:wheelchair": null, "addr:ghanapostgps": null, "alt_name:en": null, "addr:community": null, "building:material": null, "roof:material": null, "addr:country": null, "addr:place": null, "fax": null, "note": null, "opening_hours:visitors": null }, "geometry": { "type": "Polygon", "coordinates": [ [ [ -0.0222294, 8.4589925 ], [ -0.022418, 8.4607287 ], [ -0.0239498, 8.4603796 ], [ -0.0235153, 8.45834 ], [ -0.0222294, 8.4589925 ] ] ] } },
{ "type": "Feature", "properties": { "element": "way", "id": 1149193367, "amenity": "hospital", "name": null, "opening_hours": null, "healthcare": "hospital", "addr:city": null, "addr:street": null, "healthcare:speciality": null, "disabled": null, "emergency": null, "operator": null, "addr:suburb": null, "phone": null, "type": null, "contact:phone": null, "contact:website": null, "check_date": null, "email": null, "operator:type": null, "ownership": null, "description": null, "addr:housenumber": null, "source": null, "fixme": null, "addr:full": null, "beds": null, "wikidata": null, "wikipedia": null, "short_name": null, "level": null, "dispensing": null, "electricity": null, "health_amenity:type": null, "insurance:health": null, "operational_status": null, "water_source": null, "wheelchair": null, "website": null, "branch": null, "internet_access": null, "payment:cash": null, "payment:cards": null, "payment:credit_cards": null, "payment:debit_cards": null, "addr:postcode": null, "addr:region": null, "contact:facebook": null, "operator:wikidata": null, "mobile": null, "name:ar": null, "alt_name": null, "building": null, "name:de": null, "internet_access:fee": null, "old_name": null, "name:en": null, "official_name": null, "building:levels": null, "denomination": null, "name:fr": null, "layer": null, "barrier": null, "brand": null, "contact:email": null, "landuse": null, "name:it": null, "toilets:wheelchair": null, "addr:ghanapostgps": null, "alt_name:en": null, "addr:community": null, "building:material": null, "roof:material": null, "addr:country": null, "addr:place": null, "fax": null, "note": null, "opening_hours:visitors": null }, "geometry": { "type": "Polygon", "coordinates": [ [ [ 0.0406379, 6.0811283 ], [ 0.0406166, 6.080908 ], [ 0.0406788, 6.080896 ], [ 0.040609, 6.0804252 ], [ 0.041398, 6.0803362 ], [ 0.0414208, 6.0805112 ], [ 0.0421354, 6.0804373 ], [ 0.0422583, 6.0803649 ], [ 0.0422705, 6.0806893 ], [ 0.0421491, 6.0806576 ], [ 0.0421688, 6.0809624 ], [ 0.0420656, 6.0809955 ], [ 0.0406379, 6.0811283 ] ] ] } },
{ "type": "Feature", "properties": { "element": "way", "id": 1160668465, "amenity": "hospital", "name": "Gumani Clinic", "opening_hours": null, "healthcare": "hospital", "addr:city": null, "addr:street": null, "healthcare:speciality": null, "disabled": null, "emergency": null, "operator": null, "addr:suburb": null, "phone": null, "type": null, "contact:phone": null, "contact:website": null, "check_date": null, "email": null, "operator:type": null, "ownership": null, "description": null, "addr:housenumber": null, "source": null, "fixme": null, "addr:full": null, "beds": null, "wikidata": null, "wikipedia": null, "short_name": null, "level": null, "dispensing": null, "electricity": null, "health_amenity:type": null, "insurance:health": null, "operational_status": null, "water_source": null, "wheelchair": null, "website": null, "branch": null, "internet_access": null, "payment:cash": null, "payment:cards": null, "payment:credit_cards": null, "payment:debit_cards": null, "addr:postcode": null, "addr:region": null, "contact:facebook": null, "operator:wikidata": null, "mobile": null, "name:ar": null, "alt_name": null, "building": null, "name:de": null, "internet_access:fee": null, "old_name": null, "name:en": null, "official_name": null, "building:levels": null, "denomination": null, "name:fr": null, "layer": null, "barrier": null, "brand": null, "contact:email": null, "landuse": null, "name:it": null, "toilets:wheelchair": null, "addr:ghanapostgps": null, "alt_name:en": null, "addr:community": null, "building:material": null, "roof:material": null, "addr:country": null, "addr:place": null, "fax": null, "note": null, "opening_hours:visitors": null }, "geometry": { "type": "Polygon", "coordinates": [ [ [ -0.8364702, 9.4382302 ], [ -0.8364415, 9.4382266 ], [ -0.8364356, 9.438272 ], [ -0.8363483, 9.438261 ], [ -0.8363663, 9.438122 ], [ -0.8363313, 9.4381176 ], [ -0.8363382, 9.4380645 ], [ -0.8364789, 9.4380823 ], [ -0.8364702, 9.4381498 ], [ -0.8364543, 9.4381478 ], [ -0.8364508, 9.4381746 ], [ -0.836477, 9.4381779 ], [ -0.8364702, 9.4382302 ] ] ] } },
{ "type": "Feature", "properties": { "element": "way", "id": 1167556952, "amenity": "hospital", "name": "Emmanuel Med Hospital", "opening_hours": null, "healthcare": "hospital", "addr:city": null, "addr:street": "Hofedo Steet", "healthcare:speciality": null, "disabled": null, "emergency": "yes", "operator": null, "addr:suburb": null, "phone": null, "type": null, "contact:phone": null, "contact:website": null, "check_date": null, "email": null, "operator:type": null, "ownership": null, "description": null, "addr:housenumber": null, "source": null, "fixme": null, "addr:full": null, "beds": null, "wikidata": null, "wikipedia": null, "short_name": null, "level": null, "dispensing": null, "electricity": null, "health_amenity:type": null, "insurance:health": null, "operational_status": null, "water_source": null, "wheelchair": null, "website": null, "branch": null, "internet_access": null, "payment:cash": null, "payment:cards": null, "payment:credit_cards": null, "payment:debit_cards": null, "addr:postcode": null, "addr:region": null, "contact:facebook": null, "operator:wikidata": null, "mobile": null, "name:ar": null, "alt_name": null, "building": null, "name:de": null, "internet_access:fee": null, "old_name": null, "name:en": null, "official_name": null, "building:levels": null, "denomination": null, "name:fr": null, "layer": null, "barrier": null, "brand": null, "contact:email": null, "landuse": null, "name:it": null, "toilets:wheelchair": null, "addr:ghanapostgps": null, "alt_name:en": null, "addr:community": null, "building:material": null, "roof:material": null, "addr:country": null, "addr:place": null, "fax": null, "note": null, "opening_hours:visitors": null }, "geometry": { "type": "Polygon", "coordinates": [ [ [ 0.4823095, 6.6293072 ], [ 0.4819876, 6.6290154 ], [ 0.4821646, 6.6287996 ], [ 0.4824194, 6.6289808 ], [ 0.4823443, 6.629122 ], [ 0.482343, 6.6291487 ], [ 0.4823899, 6.6291953 ], [ 0.4823095, 6.6293072 ] ] ] } },
{ "type": "Feature", "properties": { "element": "way", "id": 1180753055, "amenity": "hospital", "name": "St. Mary Theresa Hospital", "opening_hours": null, "healthcare": null, "addr:city": null, "addr:street": null, "healthcare:speciality": null, "disabled": null, "emergency": null, "operator": null, "addr:suburb": null, "phone": null, "type": null, "contact:phone": null, "contact:website": null, "check_date": null, "email": null, "operator:type": null, "ownership": null, "description": null, "addr:housenumber": null, "source": null, "fixme": null, "addr:full": null, "beds": null, "wikidata": null, "wikipedia": null, "short_name": null, "level": null, "dispensing": null, "electricity": null, "health_amenity:type": null, "insurance:health": null, "operational_status": null, "water_source": null, "wheelchair": null, "website": null, "branch": null, "internet_access": null, "payment:cash": null, "payment:cards": null, "payment:credit_cards": null, "payment:debit_cards": null, "addr:postcode": null, "addr:region": null, "contact:facebook": null, "operator:wikidata": null, "mobile": null, "name:ar": null, "alt_name": null, "building": null, "name:de": null, "internet_access:fee": null, "old_name": null, "name:en": null, "official_name": null, "building:levels": null, "denomination": null, "name:fr": null, "layer": null, "barrier": null, "brand": null, "contact:email": null, "landuse": null, "name:it": null, "toilets:wheelchair": null, "addr:ghanapostgps": null, "alt_name:en": null, "addr:community": null, "building:material": null, "roof:material": null, "addr:country": null, "addr:place": null, "fax": null, "note": null, "opening_hours:visitors": null }, "geometry": { "type": "Polygon", "coordinates": [ [ [ 0.5102152, 7.7425855 ], [ 0.5110508, 7.7425578 ], [ 0.5110117, 7.7414004 ], [ 0.5101761, 7.7414281 ], [ 0.5102152, 7.7425855 ] ] ] } },
{ "type": "Feature", "properties": { "element": "way", "id": 1182211466, "amenity": "hospital", "name": "Bontanga hospital", "opening_hours": null, "healthcare": "hospital", "addr:city": null, "addr:street": null, "healthcare:speciality": "general;paediatrics;gynaecology;vaccination;emergency;maternity;clinical_pathology", "disabled": null, "emergency": null, "operator": null, "addr:suburb": null, "phone": null, "type": null, "contact:phone": null, "contact:website": null, "check_date": null, "email": null, "operator:type": null, "ownership": null, "description": null, "addr:housenumber": null, "source": null, "fixme": null, "addr:full": null, "beds": null, "wikidata": null, "wikipedia": null, "short_name": null, "level": null, "dispensing": null, "electricity": null, "health_amenity:type": null, "insurance:health": null, "operational_status": null, "water_source": null, "wheelchair": null, "website": null, "branch": null, "internet_access": null, "payment:cash": null, "payment:cards": null, "payment:credit_cards": null, "payment:debit_cards": null, "addr:postcode": null, "addr:region": null, "contact:facebook": null, "operator:wikidata": null, "mobile": null, "name:ar": null, "alt_name": null, "building": null, "name:de": null, "internet_access:fee": null, "old_name": null, "name:en": null, "official_name": null, "building:levels": null, "denomination": null, "name:fr": null, "layer": null, "barrier": null, "brand": null, "contact:email": null, "landuse": null, "name:it": null, "toilets:wheelchair": null, "addr:ghanapostgps": null, "alt_name:en": null, "addr:community": null, "building:material": null, "roof:material": null, "addr:country": null, "addr:place": null, "fax": null, "note": null, "opening_hours:visitors": null }, "geometry": { "type": "Polygon", "coordinates": [ [ [ -0.996008, 9.5797663 ], [ -0.9946552, 9.5800508 ], [ -0.9940614, 9.5787085 ], [ -0.9958652, 9.5785318 ], [ -0.996008, 9.5797663 ] ] ] } },
{ "type": "Feature", "properties": { "element": "way", "id": 1193052251, "amenity": "hospital", "name": "Medical Village Mortuary", "opening_hours": null, "healthcare": null, "addr:city": null, "addr:street": null, "healthcare:speciality": null, "disabled": null, "emergency": null, "operator": null, "addr:suburb": null, "phone": null, "type": null, "contact:phone": null, "contact:website": null, "check_date": null, "email": null, "operator:type": null, "ownership": null, "description": null, "addr:housenumber": null, "source": null, "fixme": null, "addr:full": null, "beds": null, "wikidata": null, "wikipedia": null, "short_name": null, "level": null, "dispensing": null, "electricity": null, "health_amenity:type": null, "insurance:health": null, "operational_status": null, "water_source": null, "wheelchair": null, "website": null, "branch": null, "internet_access": null, "payment:cash": null, "payment:cards": null, "payment:credit_cards": null, "payment:debit_cards": null, "addr:postcode": null, "addr:region": null, "contact:facebook": null, "operator:wikidata": null, "mobile": null, "name:ar": null, "alt_name": null, "building": null, "name:de": null, "internet_access:fee": null, "old_name": null, "name:en": null, "official_name": null, "building:levels": null, "denomination": null, "name:fr": null, "layer": null, "barrier": null, "brand": null, "contact:email": null, "landuse": null, "name:it": null, "toilets:wheelchair": null, "addr:ghanapostgps": null, "alt_name:en": null, "addr:community": null, "building:material": null, "roof:material": null, "addr:country": null, "addr:place": null, "fax": null, "note": null, "opening_hours:visitors": null }, "geometry": { "type": "Polygon", "coordinates": [ [ [ 0.510995, 8.259587 ], [ 0.5111573, 8.2596736 ], [ 0.5111973, 8.2596002 ], [ 0.5111454, 8.2595725 ], [ 0.5111791, 8.2595107 ], [ 0.5110645, 8.2594495 ], [ 0.511056, 8.259465 ], [ 0.5110377, 8.2594552 ], [ 0.5109983, 8.2595275 ], [ 0.5110209, 8.2595395 ], [ 0.510995, 8.259587 ] ] ] } },
{ "type": "Feature", "properties": { "element": "way", "id": 1195602513, "amenity": "hospital", "name": "Focos Orthopedic hospital", "opening_hours": null, "healthcare": "hospital", "addr:city": null, "addr:street": null, "healthcare:speciality": null, "disabled": null, "emergency": null, "operator": "Focos Hospital", "addr:suburb": null, "phone": null, "type": null, "contact:phone": null, "contact:website": null, "check_date": null, "email": null, "operator:type": null, "ownership": null, "description": null, "addr:housenumber": null, "source": null, "fixme": null, "addr:full": null, "beds": null, "wikidata": null, "wikipedia": null, "short_name": null, "level": null, "dispensing": null, "electricity": null, "health_amenity:type": null, "insurance:health": null, "operational_status": null, "water_source": null, "wheelchair": null, "website": null, "branch": null, "internet_access": null, "payment:cash": null, "payment:cards": null, "payment:credit_cards": null, "payment:debit_cards": null, "addr:postcode": null, "addr:region": null, "contact:facebook": null, "operator:wikidata": null, "mobile": null, "name:ar": null, "alt_name": null, "building": null, "name:de": null, "internet_access:fee": null, "old_name": null, "name:en": null, "official_name": null, "building:levels": null, "denomination": null, "name:fr": null, "layer": null, "barrier": null, "brand": null, "contact:email": null, "landuse": null, "name:it": null, "toilets:wheelchair": null, "addr:ghanapostgps": null, "alt_name:en": null, "addr:community": null, "building:material": null, "roof:material": null, "addr:country": null, "addr:place": null, "fax": null, "note": null, "opening_hours:visitors": null }, "geometry": { "type": "Polygon", "coordinates": [ [ [ -0.1857436, 5.7282438 ], [ -0.1857991, 5.7267784 ], [ -0.1845297, 5.7267049 ], [ -0.1844126, 5.728207 ], [ -0.1857436, 5.7282438 ] ] ] } },
{ "type": "Feature", "properties": { "element": "way", "id": 1197546137, "amenity": "hospital", "name": "Divine Healthcare Hospital", "opening_hours": null, "healthcare": null, "addr:city": null, "addr:street": null, "healthcare:speciality": null, "disabled": null, "emergency": null, "operator": null, "addr:suburb": null, "phone": null, "type": null, "contact:phone": null, "contact:website": null, "check_date": null, "email": null, "operator:type": null, "ownership": null, "description": null, "addr:housenumber": null, "source": null, "fixme": null, "addr:full": null, "beds": null, "wikidata": null, "wikipedia": null, "short_name": null, "level": null, "dispensing": null, "electricity": null, "health_amenity:type": null, "insurance:health": null, "operational_status": null, "water_source": null, "wheelchair": null, "website": null, "branch": null, "internet_access": null, "payment:cash": null, "payment:cards": null, "payment:credit_cards": null, "payment:debit_cards": null, "addr:postcode": null, "addr:region": null, "contact:facebook": null, "operator:wikidata": null, "mobile": null, "name:ar": null, "alt_name": null, "building": "yes", "name:de": null, "internet_access:fee": null, "old_name": null, "name:en": null, "official_name": null, "building:levels": null, "denomination": null, "name:fr": null, "layer": null, "barrier": null, "brand": null, "contact:email": null, "landuse": null, "name:it": null, "toilets:wheelchair": null, "addr:ghanapostgps": null, "alt_name:en": null, "addr:community": null, "building:material": null, "roof:material": null, "addr:country": null, "addr:place": null, "fax": null, "note": null, "opening_hours:visitors": null }, "geometry": { "type": "Polygon", "coordinates": [ [ [ -1.6515309, 6.7569249 ], [ -1.6514569, 6.7567648 ], [ -1.6516271, 6.7566872 ], [ -1.6517011, 6.7568472 ], [ -1.6515309, 6.7569249 ] ] ] } },
{ "type": "Feature", "properties": { "element": "way", "id": 1211688667, "amenity": "hospital", "name": "Sawla-Tuna-Kalba District Hospital", "opening_hours": null, "healthcare": "hospital", "addr:city": null, "addr:street": null, "healthcare:speciality": null, "disabled": null, "emergency": "yes", "operator": null, "addr:suburb": null, "phone": null, "type": null, "contact:phone": null, "contact:website": null, "check_date": null, "email": null, "operator:type": null, "ownership": null, "description": null, "addr:housenumber": null, "source": null, "fixme": null, "addr:full": null, "beds": null, "wikidata": null, "wikipedia": null, "short_name": null, "level": null, "dispensing": null, "electricity": null, "health_amenity:type": null, "insurance:health": null, "operational_status": null, "water_source": null, "wheelchair": "yes", "website": null, "branch": null, "internet_access": null, "payment:cash": null, "payment:cards": null, "payment:credit_cards": null, "payment:debit_cards": null, "addr:postcode": null, "addr:region": null, "contact:facebook": null, "operator:wikidata": null, "mobile": null, "name:ar": null, "alt_name": null, "building": null, "name:de": null, "internet_access:fee": null, "old_name": null, "name:en": null, "official_name": null, "building:levels": null, "denomination": null, "name:fr": null, "layer": null, "barrier": null, "brand": null, "contact:email": null, "landuse": null, "name:it": null, "toilets:wheelchair": null, "addr:ghanapostgps": null, "alt_name:en": null, "addr:community": null, "building:material": null, "roof:material": null, "addr:country": null, "addr:place": null, "fax": null, "note": null, "opening_hours:visitors": null }, "geometry": { "type": "Polygon", "coordinates": [ [ [ -2.4009593, 9.2646128 ], [ -2.4009134, 9.2638469 ], [ -2.4012401, 9.262816 ], [ -2.4020662, 9.2628842 ], [ -2.402872, 9.263563 ], [ -2.4022525, 9.2646746 ], [ -2.4018172, 9.2651289 ], [ -2.4009593, 9.2646128 ] ] ] } },
{ "type": "Feature", "properties": { "element": "way", "id": 1220212696, "amenity": "hospital", "name": null, "opening_hours": null, "healthcare": "hospital", "addr:city": null, "addr:street": null, "healthcare:speciality": null, "disabled": null, "emergency": null, "operator": null, "addr:suburb": null, "phone": null, "type": null, "contact:phone": null, "contact:website": null, "check_date": null, "email": null, "operator:type": null, "ownership": null, "description": null, "addr:housenumber": null, "source": null, "fixme": null, "addr:full": null, "beds": null, "wikidata": null, "wikipedia": null, "short_name": null, "level": null, "dispensing": null, "electricity": null, "health_amenity:type": null, "insurance:health": null, "operational_status": null, "water_source": null, "wheelchair": null, "website": null, "branch": null, "internet_access": null, "payment:cash": null, "payment:cards": null, "payment:credit_cards": null, "payment:debit_cards": null, "addr:postcode": null, "addr:region": null, "contact:facebook": null, "operator:wikidata": null, "mobile": null, "name:ar": null, "alt_name": null, "building": null, "name:de": null, "internet_access:fee": null, "old_name": null, "name:en": null, "official_name": null, "building:levels": null, "denomination": null, "name:fr": null, "layer": null, "barrier": null, "brand": null, "contact:email": null, "landuse": null, "name:it": null, "toilets:wheelchair": null, "addr:ghanapostgps": null, "alt_name:en": null, "addr:community": null, "building:material": null, "roof:material": null, "addr:country": null, "addr:place": null, "fax": null, "note": null, "opening_hours:visitors": null }, "geometry": { "type": "Polygon", "coordinates": [ [ [ 0.5948372, 6.0015788 ], [ 0.5949577, 6.0015952 ], [ 0.5949655, 6.0015387 ], [ 0.5949345, 6.0015345 ], [ 0.5949392, 6.0015007 ], [ 0.595033, 6.0015134 ], [ 0.5950515, 6.0013785 ], [ 0.5947908, 6.0013431 ], [ 0.594796, 6.0013049 ], [ 0.5947392, 6.0012972 ], [ 0.5947262, 6.0013913 ], [ 0.5947621, 6.0013962 ], [ 0.5947516, 6.0014725 ], [ 0.59485, 6.0014859 ], [ 0.5948372, 6.0015788 ] ] ] } },
{ "type": "Feature", "properties": { "element": "way", "id": 1245797366, "amenity": "hospital", "name": "Asokore Ahmadiyya Hospital", "opening_hours": null, "healthcare": "hospital", "addr:city": null, "addr:street": null, "healthcare:speciality": "general", "disabled": null, "emergency": null, "operator": "Ahmadiyya Ghana", "addr:suburb": null, "phone": null, "type": null, "contact:phone": null, "contact:website": null, "check_date": null, "email": null, "operator:type": "private", "ownership": null, "description": null, "addr:housenumber": null, "source": null, "fixme": null, "addr:full": null, "beds": null, "wikidata": null, "wikipedia": null, "short_name": null, "level": null, "dispensing": null, "electricity": null, "health_amenity:type": null, "insurance:health": null, "operational_status": null, "water_source": null, "wheelchair": null, "website": null, "branch": null, "internet_access": null, "payment:cash": null, "payment:cards": null, "payment:credit_cards": null, "payment:debit_cards": null, "addr:postcode": null, "addr:region": null, "contact:facebook": null, "operator:wikidata": null, "mobile": null, "name:ar": null, "alt_name": null, "building": null, "name:de": null, "internet_access:fee": null, "old_name": null, "name:en": null, "official_name": null, "building:levels": null, "denomination": null, "name:fr": null, "layer": null, "barrier": null, "brand": null, "contact:email": null, "landuse": null, "name:it": null, "toilets:wheelchair": null, "addr:ghanapostgps": null, "alt_name:en": null, "addr:community": null, "building:material": null, "roof:material": null, "addr:country": null, "addr:place": null, "fax": null, "note": null, "opening_hours:visitors": null }, "geometry": { "type": "Polygon", "coordinates": [ [ [ -1.3837549, 6.8456167 ], [ -1.3839965, 6.8440373 ], [ -1.3820813, 6.8440268 ], [ -1.3823194, 6.8453855 ], [ -1.3832417, 6.8455764 ], [ -1.3837549, 6.8456167 ] ] ] } },
{ "type": "Feature", "properties": { "element": "way", "id": 1293699868, "amenity": "hospital", "name": null, "opening_hours": null, "healthcare": null, "addr:city": null, "addr:street": null, "healthcare:speciality": null, "disabled": null, "emergency": null, "operator": null, "addr:suburb": null, "phone": null, "type": null, "contact:phone": null, "contact:website": null, "check_date": null, "email": null, "operator:type": null, "ownership": null, "description": null, "addr:housenumber": null, "source": null, "fixme": null, "addr:full": null, "beds": null, "wikidata": null, "wikipedia": null, "short_name": null, "level": null, "dispensing": null, "electricity": null, "health_amenity:type": null, "insurance:health": null, "operational_status": null, "water_source": null, "wheelchair": null, "website": null, "branch": null, "internet_access": null, "payment:cash": null, "payment:cards": null, "payment:credit_cards": null, "payment:debit_cards": null, "addr:postcode": null, "addr:region": null, "contact:facebook": null, "operator:wikidata": null, "mobile": null, "name:ar": null, "alt_name": null, "building": null, "name:de": null, "internet_access:fee": null, "old_name": null, "name:en": null, "official_name": null, "building:levels": null, "denomination": null, "name:fr": null, "layer": null, "barrier": "wall", "brand": null, "contact:email": null, "landuse": null, "name:it": null, "toilets:wheelchair": null, "addr:ghanapostgps": null, "alt_name:en": null, "addr:community": null, "building:material": null, "roof:material": null, "addr:country": null, "addr:place": null, "fax": null, "note": null, "opening_hours:visitors": null }, "geometry": { "type": "Polygon", "coordinates": [ [ [ -0.6424494, 5.3735498 ], [ -0.6416394, 5.3735712 ], [ -0.6413373, 5.3735746 ], [ -0.6411807, 5.3735712 ], [ -0.6410037, 5.3735685 ], [ -0.6407835, 5.3715858 ], [ -0.6407502, 5.3713588 ], [ -0.6417031, 5.3709912 ], [ -0.642114, 5.37085 ], [ -0.6422603, 5.3714669 ], [ -0.6423046, 5.3718061 ], [ -0.6424494, 5.3735498 ] ] ] } },
{ "type": "Feature", "properties": { "element": "way", "id": 1327489971, "amenity": "hospital", "name": "Kpoeta (Kpɔ̃ta) CHPs Compound", "opening_hours": null, "healthcare": "hospital", "addr:city": null, "addr:street": null, "healthcare:speciality": null, "disabled": null, "emergency": null, "operator": null, "addr:suburb": null, "phone": null, "type": null, "contact:phone": null, "contact:website": null, "check_date": null, "email": null, "operator:type": null, "ownership": null, "description": null, "addr:housenumber": null, "source": null, "fixme": null, "addr:full": null, "beds": null, "wikidata": null, "wikipedia": null, "short_name": null, "level": null, "dispensing": null, "electricity": null, "health_amenity:type": null, "insurance:health": null, "operational_status": null, "water_source": null, "wheelchair": null, "website": null, "branch": null, "internet_access": null, "payment:cash": null, "payment:cards": null, "payment:credit_cards": null, "payment:debit_cards": null, "addr:postcode": null, "addr:region": null, "contact:facebook": null, "operator:wikidata": null, "mobile": null, "name:ar": null, "alt_name": null, "building": null, "name:de": null, "internet_access:fee": null, "old_name": null, "name:en": null, "official_name": null, "building:levels": null, "denomination": null, "name:fr": null, "layer": null, "barrier": null, "brand": null, "contact:email": null, "landuse": null, "name:it": null, "toilets:wheelchair": null, "addr:ghanapostgps": null, "alt_name:en": null, "addr:community": null, "building:material": null, "roof:material": null, "addr:country": null, "addr:place": null, "fax": null, "note": null, "opening_hours:visitors": null }, "geometry": { "type": "Polygon", "coordinates": [ [ [ 0.542849, 6.9095849 ], [ 0.5429026, 6.9096515 ], [ 0.5430183, 6.9095417 ], [ 0.5429546, 6.9094784 ], [ 0.542849, 6.9095849 ] ] ] } },
{ "type": "Feature", "properties": { "element": "way", "id": 1337086403, "amenity": "hospital", "name": "Bright Clinic", "opening_hours": null, "healthcare": "hospital", "addr:city": null, "addr:street": null, "healthcare:speciality": null, "disabled": null, "emergency": null, "operator": null, "addr:suburb": null, "phone": null, "type": null, "contact:phone": null, "contact:website": null, "check_date": null, "email": null, "operator:type": null, "ownership": null, "description": null, "addr:housenumber": null, "source": null, "fixme": null, "addr:full": null, "beds": null, "wikidata": null, "wikipedia": null, "short_name": null, "level": null, "dispensing": null, "electricity": null, "health_amenity:type": null, "insurance:health": null, "operational_status": null, "water_source": null, "wheelchair": null, "website": null, "branch": null, "internet_access": null, "payment:cash": null, "payment:cards": null, "payment:credit_cards": null, "payment:debit_cards": null, "addr:postcode": null, "addr:region": null, "contact:facebook": null, "operator:wikidata": null, "mobile": null, "name:ar": null, "alt_name": null, "building": null, "name:de": null, "internet_access:fee": null, "old_name": null, "name:en": null, "official_name": null, "building:levels": null, "denomination": null, "name:fr": null, "layer": null, "barrier": null, "brand": null, "contact:email": null, "landuse": null, "name:it": null, "toilets:wheelchair": null, "addr:ghanapostgps": null, "alt_name:en": null, "addr:community": null, "building:material": null, "roof:material": null, "addr:country": null, "addr:place": null, "fax": null, "note": null, "opening_hours:visitors": null }, "geometry": { "type": "Polygon", "coordinates": [ [ [ 0.027717, 5.8246707 ], [ 0.027912, 5.8246314 ], [ 0.0279014, 5.8245955 ], [ 0.0278682, 5.8246019 ], [ 0.027822, 5.8243494 ], [ 0.0276617, 5.8243712 ], [ 0.027717, 5.8246707 ] ] ] } },
{ "type": "Feature", "properties": { "element": "way", "id": 1347744297, "amenity": "hospital", "name": "Kissi Health Centre", "opening_hours": null, "healthcare": "hospital", "addr:city": null, "addr:street": null, "healthcare:speciality": "community", "disabled": null, "emergency": "no", "operator": null, "addr:suburb": null, "phone": null, "type": null, "contact:phone": null, "contact:website": null, "check_date": "2026-05-24", "email": null, "operator:type": "private", "ownership": null, "description": null, "addr:housenumber": null, "source": null, "fixme": "update extent", "addr:full": null, "beds": null, "wikidata": null, "wikipedia": null, "short_name": null, "level": null, "dispensing": null, "electricity": null, "health_amenity:type": null, "insurance:health": null, "operational_status": null, "water_source": null, "wheelchair": "limited", "website": null, "branch": null, "internet_access": "no", "payment:cash": "yes", "payment:cards": "no", "payment:credit_cards": "no", "payment:debit_cards": "no", "addr:postcode": null, "addr:region": null, "contact:facebook": null, "operator:wikidata": null, "mobile": null, "name:ar": null, "alt_name": null, "building": null, "name:de": null, "internet_access:fee": null, "old_name": null, "name:en": null, "official_name": null, "building:levels": null, "denomination": null, "name:fr": null, "layer": null, "barrier": null, "brand": null, "contact:email": null, "landuse": null, "name:it": null, "toilets:wheelchair": null, "addr:ghanapostgps": null, "alt_name:en": null, "addr:community": null, "building:material": null, "roof:material": null, "addr:country": null, "addr:place": null, "fax": null, "note": null, "opening_hours:visitors": null }, "geometry": { "type": "Polygon", "coordinates": [ [ [ -1.5063903, 5.0858868 ], [ -1.5071923, 5.0872279 ], [ -1.506578, 5.0883527 ], [ -1.5056071, 5.0881176 ], [ -1.5054891, 5.0882953 ], [ -1.5051256, 5.0880468 ], [ -1.5053308, 5.0869234 ], [ -1.5049043, 5.0868392 ], [ -1.5063903, 5.0858868 ] ] ] } },
{ "type": "Feature", "properties": { "element": "way", "id": 1353970278, "amenity": "hospital", "name": "hospital", "opening_hours": null, "healthcare": "hospital", "addr:city": null, "addr:street": null, "healthcare:speciality": null, "disabled": null, "emergency": null, "operator": null, "addr:suburb": null, "phone": null, "type": null, "contact:phone": null, "contact:website": null, "check_date": null, "email": null, "operator:type": null, "ownership": null, "description": null, "addr:housenumber": null, "source": null, "fixme": null, "addr:full": null, "beds": null, "wikidata": null, "wikipedia": null, "short_name": null, "level": null, "dispensing": null, "electricity": null, "health_amenity:type": null, "insurance:health": null, "operational_status": null, "water_source": null, "wheelchair": null, "website": null, "branch": null, "internet_access": null, "payment:cash": null, "payment:cards": null, "payment:credit_cards": null, "payment:debit_cards": null, "addr:postcode": null, "addr:region": null, "contact:facebook": null, "operator:wikidata": null, "mobile": null, "name:ar": null, "alt_name": null, "building": null, "name:de": null, "internet_access:fee": null, "old_name": null, "name:en": null, "official_name": null, "building:levels": null, "denomination": null, "name:fr": null, "layer": null, "barrier": null, "brand": null, "contact:email": null, "landuse": null, "name:it": null, "toilets:wheelchair": null, "addr:ghanapostgps": null, "alt_name:en": null, "addr:community": null, "building:material": null, "roof:material": null, "addr:country": null, "addr:place": null, "fax": null, "note": null, "opening_hours:visitors": null }, "geometry": { "type": "Polygon", "coordinates": [ [ [ -0.4725619, 10.9372019 ], [ -0.4726694, 10.9366838 ], [ -0.4713267, 10.9363147 ], [ -0.4709765, 10.9376398 ], [ -0.4723425, 10.9379883 ], [ -0.4724826, 10.9379791 ], [ -0.4728281, 10.9380433 ], [ -0.4729916, 10.9372753 ], [ -0.4725619, 10.9372019 ] ] ] } },
{ "type": "Feature", "properties": { "element": "way", "id": 1364744531, "amenity": "hospital", "name": "ODUMAN POLYCLINIC", "opening_hours": null, "healthcare": "hospital", "addr:city": null, "addr:street": null, "healthcare:speciality": null, "disabled": null, "emergency": null, "operator": null, "addr:suburb": null, "phone": null, "type": null, "contact:phone": null, "contact:website": null, "check_date": null, "email": null, "operator:type": null, "ownership": null, "description": null, "addr:housenumber": null, "source": null, "fixme": null, "addr:full": null, "beds": null, "wikidata": null, "wikipedia": null, "short_name": null, "level": null, "dispensing": null, "electricity": null, "health_amenity:type": null, "insurance:health": null, "operational_status": null, "water_source": null, "wheelchair": null, "website": null, "branch": null, "internet_access": null, "payment:cash": null, "payment:cards": null, "payment:credit_cards": null, "payment:debit_cards": null, "addr:postcode": null, "addr:region": null, "contact:facebook": null, "operator:wikidata": null, "mobile": null, "name:ar": null, "alt_name": null, "building": null, "name:de": null, "internet_access:fee": null, "old_name": null, "name:en": null, "official_name": null, "building:levels": null, "denomination": null, "name:fr": null, "layer": null, "barrier": null, "brand": null, "contact:email": null, "landuse": null, "name:it": null, "toilets:wheelchair": null, "addr:ghanapostgps": null, "alt_name:en": null, "addr:community": null, "building:material": null, "roof:material": null, "addr:country": null, "addr:place": null, "fax": null, "note": null, "opening_hours:visitors": null }, "geometry": { "type": "Polygon", "coordinates": [ [ [ -0.3308794, 5.6421822 ], [ -0.3307542, 5.6422445 ], [ -0.3307352, 5.6422067 ], [ -0.3307105, 5.642218 ], [ -0.3307181, 5.6422577 ], [ -0.3305985, 5.6423295 ], [ -0.3304429, 5.6420329 ], [ -0.3305796, 5.6419668 ], [ -0.3306042, 5.6420273 ], [ -0.3306327, 5.6420235 ], [ -0.3306137, 5.641946 ], [ -0.3307238, 5.6418932 ], [ -0.3308794, 5.6421822 ] ] ] } },
{ "type": "Feature", "properties": { "element": "way", "id": 1364744532, "amenity": "hospital", "name": "ODUMAN POLYCLINIC", "opening_hours": null, "healthcare": "hospital", "addr:city": null, "addr:street": null, "healthcare:speciality": null, "disabled": null, "emergency": null, "operator": null, "addr:suburb": null, "phone": null, "type": null, "contact:phone": null, "contact:website": null, "check_date": null, "email": null, "operator:type": null, "ownership": null, "description": null, "addr:housenumber": null, "source": null, "fixme": null, "addr:full": null, "beds": null, "wikidata": null, "wikipedia": null, "short_name": null, "level": null, "dispensing": null, "electricity": null, "health_amenity:type": null, "insurance:health": null, "operational_status": null, "water_source": null, "wheelchair": null, "website": null, "branch": null, "internet_access": null, "payment:cash": null, "payment:cards": null, "payment:credit_cards": null, "payment:debit_cards": null, "addr:postcode": null, "addr:region": null, "contact:facebook": null, "operator:wikidata": null, "mobile": null, "name:ar": null, "alt_name": null, "building": null, "name:de": null, "internet_access:fee": null, "old_name": null, "name:en": null, "official_name": null, "building:levels": null, "denomination": null, "name:fr": null, "layer": null, "barrier": null, "brand": null, "contact:email": null, "landuse": null, "name:it": null, "toilets:wheelchair": null, "addr:ghanapostgps": null, "alt_name:en": null, "addr:community": null, "building:material": null, "roof:material": null, "addr:country": null, "addr:place": null, "fax": null, "note": null, "opening_hours:visitors": null }, "geometry": { "type": "Polygon", "coordinates": [ [ [ -0.330921, 5.6425229 ], [ -0.3308778, 5.6425524 ], [ -0.330883, 5.6425663 ], [ -0.3308228, 5.6426008 ], [ -0.3308143, 5.6425868 ], [ -0.3307562, 5.6426121 ], [ -0.3307162, 5.6425349 ], [ -0.3308846, 5.6424433 ], [ -0.330921, 5.6425229 ] ] ] } },
{ "type": "Feature", "properties": { "element": "way", "id": 1372132323, "amenity": "hospital", "name": null, "opening_hours": null, "healthcare": "hospital", "addr:city": null, "addr:street": null, "healthcare:speciality": null, "disabled": null, "emergency": null, "operator": null, "addr:suburb": null, "phone": null, "type": null, "contact:phone": null, "contact:website": null, "check_date": null, "email": null, "operator:type": null, "ownership": null, "description": null, "addr:housenumber": null, "source": null, "fixme": null, "addr:full": null, "beds": null, "wikidata": null, "wikipedia": null, "short_name": null, "level": null, "dispensing": null, "electricity": null, "health_amenity:type": null, "insurance:health": null, "operational_status": null, "water_source": null, "wheelchair": null, "website": null, "branch": null, "internet_access": null, "payment:cash": null, "payment:cards": null, "payment:credit_cards": null, "payment:debit_cards": null, "addr:postcode": null, "addr:region": null, "contact:facebook": null, "operator:wikidata": null, "mobile": null, "name:ar": null, "alt_name": null, "building": null, "name:de": null, "internet_access:fee": null, "old_name": null, "name:en": null, "official_name": null, "building:levels": null, "denomination": null, "name:fr": null, "layer": null, "barrier": null, "brand": null, "contact:email": null, "landuse": null, "name:it": null, "toilets:wheelchair": null, "addr:ghanapostgps": null, "alt_name:en": null, "addr:community": null, "building:material": null, "roof:material": null, "addr:country": null, "addr:place": null, "fax": null, "note": null, "opening_hours:visitors": null }, "geometry": { "type": "Polygon", "coordinates": [ [ [ -0.9396294, 5.2078751 ], [ -0.9389961, 5.2078276 ], [ -0.9390928, 5.2073117 ], [ -0.9394558, 5.2072444 ], [ -0.9397539, 5.2073051 ], [ -0.9396294, 5.2078751 ] ] ] } },
{ "type": "Feature", "properties": { "element": "way", "id": 1373254008, "amenity": "hospital", "name": "Rhema Rapha Medical Center", "opening_hours": null, "healthcare": "hospital", "addr:city": null, "addr:street": null, "healthcare:speciality": null, "disabled": null, "emergency": null, "operator": null, "addr:suburb": null, "phone": null, "type": null, "contact:phone": null, "contact:website": null, "check_date": null, "email": null, "operator:type": null, "ownership": null, "description": null, "addr:housenumber": null, "source": null, "fixme": null, "addr:full": null, "beds": null, "wikidata": null, "wikipedia": null, "short_name": null, "level": null, "dispensing": null, "electricity": null, "health_amenity:type": null, "insurance:health": null, "operational_status": null, "water_source": null, "wheelchair": null, "website": null, "branch": null, "internet_access": null, "payment:cash": null, "payment:cards": null, "payment:credit_cards": null, "payment:debit_cards": null, "addr:postcode": null, "addr:region": null, "contact:facebook": null, "operator:wikidata": null, "mobile": null, "name:ar": null, "alt_name": null, "building": "yes", "name:de": null, "internet_access:fee": null, "old_name": null, "name:en": null, "official_name": null, "building:levels": null, "denomination": null, "name:fr": null, "layer": null, "barrier": null, "brand": null, "contact:email": null, "landuse": null, "name:it": null, "toilets:wheelchair": null, "addr:ghanapostgps": null, "alt_name:en": null, "addr:community": null, "building:material": null, "roof:material": null, "addr:country": null, "addr:place": null, "fax": null, "note": null, "opening_hours:visitors": null }, "geometry": { "type": "Polygon", "coordinates": [ [ [ -0.1393566, 5.5765693 ], [ -0.1394713, 5.5764757 ], [ -0.1395819, 5.5766099 ], [ -0.1394671, 5.5767035 ], [ -0.1394317, 5.5766606 ], [ -0.1394631, 5.576635 ], [ -0.1394296, 5.5765942 ], [ -0.1393982, 5.5766199 ], [ -0.1393566, 5.5765693 ] ] ] } },
{ "type": "Feature", "properties": { "element": "way", "id": 1383076685, "amenity": "hospital", "name": "Breasted One Foundation", "opening_hours": null, "healthcare": null, "addr:city": null, "addr:street": null, "healthcare:speciality": null, "disabled": null, "emergency": null, "operator": null, "addr:suburb": null, "phone": null, "type": null, "contact:phone": null, "contact:website": null, "check_date": null, "email": null, "operator:type": null, "ownership": null, "description": null, "addr:housenumber": null, "source": null, "fixme": null, "addr:full": null, "beds": null, "wikidata": null, "wikipedia": null, "short_name": null, "level": null, "dispensing": null, "electricity": null, "health_amenity:type": null, "insurance:health": null, "operational_status": null, "water_source": null, "wheelchair": null, "website": null, "branch": null, "internet_access": null, "payment:cash": null, "payment:cards": null, "payment:credit_cards": null, "payment:debit_cards": null, "addr:postcode": null, "addr:region": null, "contact:facebook": null, "operator:wikidata": null, "mobile": null, "name:ar": null, "alt_name": null, "building": "hospital", "name:de": null, "internet_access:fee": null, "old_name": null, "name:en": null, "official_name": null, "building:levels": null, "denomination": null, "name:fr": null, "layer": null, "barrier": null, "brand": null, "contact:email": null, "landuse": null, "name:it": null, "toilets:wheelchair": null, "addr:ghanapostgps": null, "alt_name:en": null, "addr:community": null, "building:material": null, "roof:material": null, "addr:country": null, "addr:place": null, "fax": null, "note": null, "opening_hours:visitors": null }, "geometry": { "type": "Polygon", "coordinates": [ [ [ -0.0147283, 5.6319935 ], [ -0.0145962, 5.6319891 ], [ -0.0146011, 5.6318455 ], [ -0.0147332, 5.63185 ], [ -0.0147283, 5.6319935 ] ] ] } },
{ "type": "Feature", "properties": { "element": "way", "id": 1384790408, "amenity": "hospital", "name": "Vittin Health Centre, Ghana Health Service", "opening_hours": null, "healthcare": null, "addr:city": null, "addr:street": null, "healthcare:speciality": null, "disabled": null, "emergency": null, "operator": null, "addr:suburb": null, "phone": null, "type": null, "contact:phone": null, "contact:website": null, "check_date": null, "email": null, "operator:type": null, "ownership": null, "description": null, "addr:housenumber": null, "source": null, "fixme": null, "addr:full": null, "beds": null, "wikidata": null, "wikipedia": null, "short_name": null, "level": null, "dispensing": null, "electricity": null, "health_amenity:type": null, "insurance:health": null, "operational_status": null, "water_source": null, "wheelchair": null, "website": null, "branch": null, "internet_access": null, "payment:cash": null, "payment:cards": null, "payment:credit_cards": null, "payment:debit_cards": null, "addr:postcode": null, "addr:region": null, "contact:facebook": null, "operator:wikidata": null, "mobile": null, "name:ar": null, "alt_name": null, "building": "hospital", "name:de": null, "internet_access:fee": null, "old_name": null, "name:en": null, "official_name": null, "building:levels": null, "denomination": null, "name:fr": null, "layer": null, "barrier": null, "brand": null, "contact:email": null, "landuse": null, "name:it": null, "toilets:wheelchair": null, "addr:ghanapostgps": null, "alt_name:en": null, "addr:community": null, "building:material": null, "roof:material": null, "addr:country": null, "addr:place": null, "fax": null, "note": null, "opening_hours:visitors": null }, "geometry": { "type": "Polygon", "coordinates": [ [ [ -0.793272, 9.3902919 ], [ -0.7931609, 9.3902512 ], [ -0.7932152, 9.3901069 ], [ -0.7931959, 9.3900999 ], [ -0.7932201, 9.3900357 ], [ -0.7933505, 9.3900835 ], [ -0.7933074, 9.3901979 ], [ -0.7933446, 9.3902116 ], [ -0.7933254, 9.3902626 ], [ -0.7932882, 9.3902489 ], [ -0.793272, 9.3902919 ] ] ] } },
{ "type": "Feature", "properties": { "element": "way", "id": 1395327521, "amenity": "hospital", "name": "Atua Government Hospital", "opening_hours": null, "healthcare": "hospital", "addr:city": "Atua", "addr:street": "Atua Government Hospital Street", "healthcare:speciality": null, "disabled": null, "emergency": "yes", "operator": null, "addr:suburb": null, "phone": null, "type": null, "contact:phone": null, "contact:website": null, "check_date": null, "email": null, "operator:type": null, "ownership": null, "description": null, "addr:housenumber": null, "source": null, "fixme": null, "addr:full": null, "beds": null, "wikidata": null, "wikipedia": null, "short_name": null, "level": null, "dispensing": null, "electricity": null, "health_amenity:type": null, "insurance:health": null, "operational_status": null, "water_source": null, "wheelchair": null, "website": null, "branch": null, "internet_access": null, "payment:cash": null, "payment:cards": null, "payment:credit_cards": null, "payment:debit_cards": null, "addr:postcode": null, "addr:region": null, "contact:facebook": null, "operator:wikidata": null, "mobile": null, "name:ar": null, "alt_name": null, "building": null, "name:de": null, "internet_access:fee": null, "old_name": null, "name:en": null, "official_name": null, "building:levels": null, "denomination": null, "name:fr": null, "layer": null, "barrier": null, "brand": null, "contact:email": null, "landuse": null, "name:it": null, "toilets:wheelchair": null, "addr:ghanapostgps": null, "alt_name:en": null, "addr:community": null, "building:material": null, "roof:material": null, "addr:country": null, "addr:place": null, "fax": null, "note": null, "opening_hours:visitors": null }, "geometry": { "type": "Polygon", "coordinates": [ [ [ -0.0068324, 6.119373 ], [ -0.0070072, 6.1198541 ], [ -0.0072837, 6.1202745 ], [ -0.0076739, 6.1205251 ], [ -0.0081943, 6.120513 ], [ -0.0089668, 6.1203351 ], [ -0.009231, 6.1198177 ], [ -0.0091497, 6.1193003 ], [ -0.0089708, 6.1190577 ], [ -0.0088976, 6.1190173 ], [ -0.0086984, 6.119086 ], [ -0.0085358, 6.1190618 ], [ -0.0084098, 6.1188516 ], [ -0.0078488, 6.1190658 ], [ -0.0074097, 6.1192194 ], [ -0.0069259, 6.1193164 ], [ -0.0068324, 6.119373 ] ] ] } },
{ "type": "Feature", "properties": { "element": "way", "id": 1395340546, "amenity": "hospital", "name": "Saint Martin D Porres Hostital", "opening_hours": null, "healthcare": "hospital", "addr:city": "Odornor", "addr:street": "Saint Martin De Porres Hospital Drive", "healthcare:speciality": null, "disabled": null, "emergency": "yes", "operator": null, "addr:suburb": null, "phone": null, "type": null, "contact:phone": null, "contact:website": null, "check_date": null, "email": null, "operator:type": null, "ownership": null, "description": null, "addr:housenumber": null, "source": null, "fixme": null, "addr:full": null, "beds": null, "wikidata": null, "wikipedia": null, "short_name": null, "level": null, "dispensing": null, "electricity": null, "health_amenity:type": null, "insurance:health": null, "operational_status": null, "water_source": null, "wheelchair": null, "website": null, "branch": null, "internet_access": null, "payment:cash": null, "payment:cards": null, "payment:credit_cards": null, "payment:debit_cards": null, "addr:postcode": null, "addr:region": null, "contact:facebook": null, "operator:wikidata": null, "mobile": null, "name:ar": null, "alt_name": null, "building": null, "name:de": null, "internet_access:fee": null, "old_name": null, "name:en": null, "official_name": null, "building:levels": null, "denomination": null, "name:fr": null, "layer": null, "barrier": null, "brand": null, "contact:email": null, "landuse": null, "name:it": null, "toilets:wheelchair": null, "addr:ghanapostgps": null, "alt_name:en": null, "addr:community": null, "building:material": null, "roof:material": null, "addr:country": null, "addr:place": null, "fax": null, "note": null, "opening_hours:visitors": null }, "geometry": { "type": "Polygon", "coordinates": [ [ [ 0.0142525, 6.1447962 ], [ 0.0141732, 6.1447153 ], [ 0.0142138, 6.144683 ], [ 0.0136589, 6.1441858 ], [ 0.0145065, 6.1427468 ], [ 0.0160047, 6.1435108 ], [ 0.0164946, 6.1439595 ], [ 0.0160738, 6.1443414 ], [ 0.016334, 6.144582 ], [ 0.01497, 6.1456935 ], [ 0.0141976, 6.1450286 ], [ 0.0143399, 6.1449013 ], [ 0.014275, 6.1448219 ], [ 0.0142525, 6.1447962 ] ] ] } },
{ "type": "Feature", "properties": { "element": "way", "id": 1421585934, "amenity": "hospital", "name": null, "opening_hours": null, "healthcare": null, "addr:city": null, "addr:street": null, "healthcare:speciality": null, "disabled": null, "emergency": null, "operator": null, "addr:suburb": null, "phone": null, "type": null, "contact:phone": null, "contact:website": null, "check_date": null, "email": null, "operator:type": null, "ownership": null, "description": null, "addr:housenumber": null, "source": null, "fixme": null, "addr:full": null, "beds": null, "wikidata": null, "wikipedia": null, "short_name": null, "level": null, "dispensing": null, "electricity": null, "health_amenity:type": null, "insurance:health": null, "operational_status": null, "water_source": null, "wheelchair": null, "website": null, "branch": null, "internet_access": null, "payment:cash": null, "payment:cards": null, "payment:credit_cards": null, "payment:debit_cards": null, "addr:postcode": null, "addr:region": null, "contact:facebook": null, "operator:wikidata": null, "mobile": null, "name:ar": null, "alt_name": null, "building": null, "name:de": null, "internet_access:fee": null, "old_name": null, "name:en": null, "official_name": null, "building:levels": null, "denomination": null, "name:fr": null, "layer": null, "barrier": null, "brand": null, "contact:email": null, "landuse": null, "name:it": null, "toilets:wheelchair": null, "addr:ghanapostgps": null, "alt_name:en": null, "addr:community": null, "building:material": null, "roof:material": null, "addr:country": null, "addr:place": null, "fax": null, "note": null, "opening_hours:visitors": null }, "geometry": { "type": "Polygon", "coordinates": [ [ [ -2.7747613, 10.8386749 ], [ -2.773152, 10.8411564 ], [ -2.7711028, 10.8399288 ], [ -2.7728677, 10.837305 ], [ -2.7747613, 10.8386749 ] ] ] } },
{ "type": "Feature", "properties": { "element": "way", "id": 1433596206, "amenity": "hospital", "name": "Salaga Hospital", "opening_hours": null, "healthcare": "hospital", "addr:city": null, "addr:street": null, "healthcare:speciality": null, "disabled": null, "emergency": "yes", "operator": "Ghana Health Service", "addr:suburb": null, "phone": null, "type": null, "contact:phone": null, "contact:website": null, "check_date": null, "email": null, "operator:type": null, "ownership": null, "description": null, "addr:housenumber": null, "source": null, "fixme": null, "addr:full": null, "beds": "60", "wikidata": null, "wikipedia": null, "short_name": null, "level": null, "dispensing": null, "electricity": null, "health_amenity:type": null, "insurance:health": null, "operational_status": null, "water_source": null, "wheelchair": null, "website": null, "branch": null, "internet_access": null, "payment:cash": null, "payment:cards": null, "payment:credit_cards": null, "payment:debit_cards": null, "addr:postcode": null, "addr:region": null, "contact:facebook": null, "operator:wikidata": null, "mobile": null, "name:ar": null, "alt_name": null, "building": null, "name:de": null, "internet_access:fee": null, "old_name": null, "name:en": null, "official_name": null, "building:levels": null, "denomination": null, "name:fr": null, "layer": null, "barrier": null, "brand": null, "contact:email": null, "landuse": null, "name:it": null, "toilets:wheelchair": null, "addr:ghanapostgps": null, "alt_name:en": null, "addr:community": null, "building:material": null, "roof:material": null, "addr:country": null, "addr:place": null, "fax": null, "note": null, "opening_hours:visitors": null }, "geometry": { "type": "Polygon", "coordinates": [ [ [ -0.5027181, 8.541553 ], [ -0.5027114, 8.5447182 ], [ -0.5053178, 8.5447236 ], [ -0.5053456, 8.5420666 ], [ -0.5057479, 8.5417496 ], [ -0.5048467, 8.540769 ], [ -0.50392, 8.5415555 ], [ -0.5027181, 8.541553 ] ] ] } },
{ "type": "Feature", "properties": { "element": "way", "id": 1470263723, "amenity": "hospital", "name": "Chereponi Hospital", "opening_hours": null, "healthcare": "hospital", "addr:city": null, "addr:street": null, "healthcare:speciality": null, "disabled": null, "emergency": null, "operator": null, "addr:suburb": null, "phone": null, "type": null, "contact:phone": null, "contact:website": null, "check_date": null, "email": null, "operator:type": null, "ownership": null, "description": null, "addr:housenumber": null, "source": null, "fixme": null, "addr:full": null, "beds": null, "wikidata": null, "wikipedia": null, "short_name": null, "level": null, "dispensing": null, "electricity": null, "health_amenity:type": null, "insurance:health": null, "operational_status": null, "water_source": null, "wheelchair": null, "website": null, "branch": null, "internet_access": null, "payment:cash": null, "payment:cards": null, "payment:credit_cards": null, "payment:debit_cards": null, "addr:postcode": null, "addr:region": null, "contact:facebook": null, "operator:wikidata": null, "mobile": null, "name:ar": null, "alt_name": null, "building": null, "name:de": null, "internet_access:fee": null, "old_name": null, "name:en": null, "official_name": null, "building:levels": null, "denomination": null, "name:fr": null, "layer": null, "barrier": null, "brand": null, "contact:email": null, "landuse": null, "name:it": null, "toilets:wheelchair": null, "addr:ghanapostgps": null, "alt_name:en": null, "addr:community": null, "building:material": null, "roof:material": null, "addr:country": null, "addr:place": null, "fax": null, "note": null, "opening_hours:visitors": null }, "geometry": { "type": "Polygon", "coordinates": [ [ [ 0.2856874, 10.1302831 ], [ 0.2867724, 10.1298112 ], [ 0.2870433, 10.1303907 ], [ 0.2873209, 10.130293 ], [ 0.2875878, 10.1310033 ], [ 0.2864009, 10.1314839 ], [ 0.2856874, 10.1302831 ] ] ] } },
{ "type": "Feature", "properties": { "element": "way", "id": 1474934137, "amenity": "hospital", "name": null, "opening_hours": null, "healthcare": "hospital", "addr:city": null, "addr:street": null, "healthcare:speciality": null, "disabled": null, "emergency": null, "operator": null, "addr:suburb": null, "phone": null, "type": null, "contact:phone": null, "contact:website": null, "check_date": null, "email": null, "operator:type": null, "ownership": null, "description": null, "addr:housenumber": null, "source": null, "fixme": null, "addr:full": null, "beds": null, "wikidata": null, "wikipedia": null, "short_name": null, "level": null, "dispensing": null, "electricity": null, "health_amenity:type": null, "insurance:health": null, "operational_status": null, "water_source": null, "wheelchair": null, "website": null, "branch": null, "internet_access": null, "payment:cash": null, "payment:cards": null, "payment:credit_cards": null, "payment:debit_cards": null, "addr:postcode": null, "addr:region": null, "contact:facebook": null, "operator:wikidata": null, "mobile": null, "name:ar": null, "alt_name": null, "building": null, "name:de": null, "internet_access:fee": null, "old_name": null, "name:en": null, "official_name": null, "building:levels": null, "denomination": null, "name:fr": null, "layer": null, "barrier": null, "brand": null, "contact:email": null, "landuse": null, "name:it": null, "toilets:wheelchair": null, "addr:ghanapostgps": null, "alt_name:en": null, "addr:community": null, "building:material": null, "roof:material": null, "addr:country": null, "addr:place": null, "fax": null, "note": null, "opening_hours:visitors": null }, "geometry": { "type": "Polygon", "coordinates": [ [ [ 0.207936, 10.272812 ], [ 0.207817, 10.2727954 ], [ 0.2078284, 10.2727163 ], [ 0.2079474, 10.272733 ], [ 0.207936, 10.272812 ] ] ] } },
{ "type": "Feature", "properties": { "element": "way", "id": 1474934138, "amenity": "hospital", "name": null, "opening_hours": null, "healthcare": "hospital", "addr:city": null, "addr:street": null, "healthcare:speciality": null, "disabled": null, "emergency": null, "operator": null, "addr:suburb": null, "phone": null, "type": null, "contact:phone": null, "contact:website": null, "check_date": null, "email": null, "operator:type": null, "ownership": null, "description": null, "addr:housenumber": null, "source": null, "fixme": null, "addr:full": null, "beds": null, "wikidata": null, "wikipedia": null, "short_name": null, "level": null, "dispensing": null, "electricity": null, "health_amenity:type": null, "insurance:health": null, "operational_status": null, "water_source": null, "wheelchair": null, "website": null, "branch": null, "internet_access": null, "payment:cash": null, "payment:cards": null, "payment:credit_cards": null, "payment:debit_cards": null, "addr:postcode": null, "addr:region": null, "contact:facebook": null, "operator:wikidata": null, "mobile": null, "name:ar": null, "alt_name": null, "building": null, "name:de": null, "internet_access:fee": null, "old_name": null, "name:en": null, "official_name": null, "building:levels": null, "denomination": null, "name:fr": null, "layer": null, "barrier": null, "brand": null, "contact:email": null, "landuse": null, "name:it": null, "toilets:wheelchair": null, "addr:ghanapostgps": null, "alt_name:en": null, "addr:community": null, "building:material": null, "roof:material": null, "addr:country": null, "addr:place": null, "fax": null, "note": null, "opening_hours:visitors": null }, "geometry": { "type": "Polygon", "coordinates": [ [ [ 0.2073255, 10.2728511 ], [ 0.2075653, 10.2728912 ], [ 0.2075983, 10.2727007 ], [ 0.2073584, 10.2726605 ], [ 0.2073255, 10.2728511 ] ] ] } },
{ "type": "Feature", "properties": { "element": "way", "id": 1476776089, "amenity": "hospital", "name": "Wassa Dunkwa Government Hospital", "opening_hours": null, "healthcare": null, "addr:city": null, "addr:street": null, "healthcare:speciality": null, "disabled": null, "emergency": null, "operator": null, "addr:suburb": null, "phone": null, "type": null, "contact:phone": null, "contact:website": null, "check_date": null, "email": null, "operator:type": null, "ownership": null, "description": null, "addr:housenumber": null, "source": null, "fixme": null, "addr:full": null, "beds": null, "wikidata": null, "wikipedia": null, "short_name": null, "level": null, "dispensing": null, "electricity": null, "health_amenity:type": null, "insurance:health": null, "operational_status": null, "water_source": null, "wheelchair": null, "website": null, "branch": null, "internet_access": null, "payment:cash": null, "payment:cards": null, "payment:credit_cards": null, "payment:debit_cards": null, "addr:postcode": null, "addr:region": null, "contact:facebook": null, "operator:wikidata": null, "mobile": null, "name:ar": null, "alt_name": null, "building": null, "name:de": null, "internet_access:fee": null, "old_name": null, "name:en": null, "official_name": null, "building:levels": null, "denomination": null, "name:fr": null, "layer": null, "barrier": null, "brand": null, "contact:email": null, "landuse": null, "name:it": null, "toilets:wheelchair": null, "addr:ghanapostgps": null, "alt_name:en": null, "addr:community": null, "building:material": null, "roof:material": null, "addr:country": null, "addr:place": null, "fax": null, "note": null, "opening_hours:visitors": null }, "geometry": { "type": "Polygon", "coordinates": [ [ [ -2.5211906, 5.7749724 ], [ -2.5201207, 5.774199 ], [ -2.5204444, 5.7737557 ], [ -2.5215143, 5.7745291 ], [ -2.5211906, 5.7749724 ] ] ] } },
{ "type": "Feature", "properties": { "element": "way", "id": 1482120418, "amenity": "hospital", "name": "Venyard", "opening_hours": null, "healthcare": "hospital", "addr:city": null, "addr:street": null, "healthcare:speciality": null, "disabled": null, "emergency": null, "operator": null, "addr:suburb": null, "phone": null, "type": null, "contact:phone": null, "contact:website": null, "check_date": null, "email": null, "operator:type": null, "ownership": null, "description": null, "addr:housenumber": null, "source": null, "fixme": null, "addr:full": null, "beds": null, "wikidata": null, "wikipedia": null, "short_name": null, "level": null, "dispensing": null, "electricity": null, "health_amenity:type": null, "insurance:health": null, "operational_status": null, "water_source": null, "wheelchair": null, "website": null, "branch": null, "internet_access": null, "payment:cash": null, "payment:cards": null, "payment:credit_cards": null, "payment:debit_cards": null, "addr:postcode": null, "addr:region": null, "contact:facebook": null, "operator:wikidata": null, "mobile": null, "name:ar": null, "alt_name": null, "building": null, "name:de": null, "internet_access:fee": null, "old_name": null, "name:en": null, "official_name": null, "building:levels": null, "denomination": null, "name:fr": null, "layer": null, "barrier": null, "brand": null, "contact:email": null, "landuse": null, "name:it": null, "toilets:wheelchair": null, "addr:ghanapostgps": null, "alt_name:en": null, "addr:community": null, "building:material": null, "roof:material": null, "addr:country": null, "addr:place": null, "fax": null, "note": null, "opening_hours:visitors": null }, "geometry": { "type": "Polygon", "coordinates": [ [ [ -0.2606654, 11.0614062 ], [ -0.2601645, 11.0618184 ], [ -0.2593679, 11.0612902 ], [ -0.2595142, 11.0610703 ], [ -0.2591004, 11.0608443 ], [ -0.2584559, 11.0613028 ], [ -0.2584563, 11.0612657 ], [ -0.2583567, 11.0612688 ], [ -0.2580394, 11.060652 ], [ -0.2581627, 11.0603874 ], [ -0.2589666, 11.0599466 ], [ -0.2599124, 11.0606306 ], [ -0.2606654, 11.0614062 ] ] ] } },
{ "type": "Feature", "properties": { "element": "way", "id": 1489750080, "amenity": "hospital", "name": "Clinic", "opening_hours": null, "healthcare": "hospital", "addr:city": null, "addr:street": null, "healthcare:speciality": null, "disabled": null, "emergency": null, "operator": null, "addr:suburb": null, "phone": null, "type": null, "contact:phone": null, "contact:website": null, "check_date": null, "email": null, "operator:type": null, "ownership": null, "description": null, "addr:housenumber": null, "source": null, "fixme": null, "addr:full": null, "beds": null, "wikidata": null, "wikipedia": null, "short_name": null, "level": null, "dispensing": null, "electricity": null, "health_amenity:type": null, "insurance:health": null, "operational_status": null, "water_source": null, "wheelchair": null, "website": null, "branch": null, "internet_access": null, "payment:cash": null, "payment:cards": null, "payment:credit_cards": null, "payment:debit_cards": null, "addr:postcode": null, "addr:region": null, "contact:facebook": null, "operator:wikidata": null, "mobile": null, "name:ar": null, "alt_name": null, "building": null, "name:de": null, "internet_access:fee": null, "old_name": null, "name:en": null, "official_name": null, "building:levels": null, "denomination": null, "name:fr": null, "layer": null, "barrier": null, "brand": null, "contact:email": null, "landuse": null, "name:it": null, "toilets:wheelchair": null, "addr:ghanapostgps": null, "alt_name:en": null, "addr:community": null, "building:material": null, "roof:material": null, "addr:country": null, "addr:place": null, "fax": null, "note": null, "opening_hours:visitors": null }, "geometry": { "type": "Polygon", "coordinates": [ [ [ -1.1714234, 5.1896675 ], [ -1.1714705, 5.1894893 ], [ -1.1713057, 5.1893955 ], [ -1.1711879, 5.189569 ], [ -1.1714234, 5.1896675 ] ] ] } },
{ "type": "Feature", "properties": { "element": "way", "id": 1498831897, "amenity": "hospital", "name": "M & D Medical Center", "opening_hours": "24/7", "healthcare": "centre", "addr:city": null, "addr:street": null, "healthcare:speciality": null, "disabled": null, "emergency": null, "operator": null, "addr:suburb": null, "phone": "+233 30 293 9939; +233 24 486 8935", "type": null, "contact:phone": null, "contact:website": null, "check_date": null, "email": "mdclinicltd@gmail.com", "operator:type": null, "ownership": null, "description": null, "addr:housenumber": null, "source": null, "fixme": null, "addr:full": null, "beds": null, "wikidata": null, "wikipedia": null, "short_name": null, "level": null, "dispensing": null, "electricity": null, "health_amenity:type": null, "insurance:health": null, "operational_status": null, "water_source": null, "wheelchair": null, "website": "https://www.mndmedicalcentre.com/", "branch": null, "internet_access": null, "payment:cash": null, "payment:cards": null, "payment:credit_cards": null, "payment:debit_cards": null, "addr:postcode": null, "addr:region": null, "contact:facebook": null, "operator:wikidata": null, "mobile": null, "name:ar": null, "alt_name": null, "building": null, "name:de": null, "internet_access:fee": null, "old_name": null, "name:en": null, "official_name": null, "building:levels": null, "denomination": null, "name:fr": null, "layer": null, "barrier": null, "brand": null, "contact:email": null, "landuse": null, "name:it": null, "toilets:wheelchair": null, "addr:ghanapostgps": null, "alt_name:en": null, "addr:community": null, "building:material": null, "roof:material": null, "addr:country": null, "addr:place": null, "fax": null, "note": null, "opening_hours:visitors": "Mo-Su,PH 5:30-7:00; 17:00-19:00" }, "geometry": { "type": "Polygon", "coordinates": [ [ [ -0.3342771, 5.7561661 ], [ -0.3339546, 5.7563743 ], [ -0.3336865, 5.7559633 ], [ -0.334009, 5.7557551 ], [ -0.3342771, 5.7561661 ] ] ] } },
{ "type": "Feature", "properties": { "element": "way", "id": 1499406951, "amenity": "hospital", "name": "St. Patrick’s Hospital", "opening_hours": null, "healthcare": null, "addr:city": null, "addr:street": null, "healthcare:speciality": null, "disabled": null, "emergency": null, "operator": null, "addr:suburb": null, "phone": null, "type": null, "contact:phone": null, "contact:website": null, "check_date": null, "email": null, "operator:type": null, "ownership": null, "description": null, "addr:housenumber": null, "source": null, "fixme": "check extend of school and hospital", "addr:full": null, "beds": null, "wikidata": null, "wikipedia": null, "short_name": null, "level": null, "dispensing": null, "electricity": null, "health_amenity:type": null, "insurance:health": null, "operational_status": null, "water_source": null, "wheelchair": null, "website": null, "branch": null, "internet_access": null, "payment:cash": null, "payment:cards": null, "payment:credit_cards": null, "payment:debit_cards": null, "addr:postcode": null, "addr:region": null, "contact:facebook": null, "operator:wikidata": null, "mobile": null, "name:ar": null, "alt_name": null, "building": null, "name:de": null, "internet_access:fee": null, "old_name": null, "name:en": null, "official_name": null, "building:levels": null, "denomination": null, "name:fr": null, "layer": null, "barrier": null, "brand": null, "contact:email": null, "landuse": null, "name:it": null, "toilets:wheelchair": null, "addr:ghanapostgps": null, "alt_name:en": null, "addr:community": null, "building:material": null, "roof:material": null, "addr:country": null, "addr:place": null, "fax": null, "note": null, "opening_hours:visitors": null }, "geometry": { "type": "Polygon", "coordinates": [ [ [ -1.6810705, 6.9318772 ], [ -1.6817732, 6.9319438 ], [ -1.6826919, 6.9316309 ], [ -1.6826409, 6.9305939 ], [ -1.6819838, 6.9297671 ], [ -1.6812891, 6.929188 ], [ -1.6809645, 6.9291374 ], [ -1.6805676, 6.9292492 ], [ -1.6798796, 6.9298457 ], [ -1.6800633, 6.9301505 ], [ -1.6807419, 6.9304368 ], [ -1.6809404, 6.9308601 ], [ -1.6809109, 6.9308974 ], [ -1.6811201, 6.9311104 ], [ -1.6809645, 6.9315045 ], [ -1.6810705, 6.9318772 ] ] ] } },
{ "type": "Feature", "properties": { "element": "way", "id": 1501202764, "amenity": "hospital", "name": "St. Dominic Catholic Hospital", "opening_hours": null, "healthcare": null, "addr:city": null, "addr:street": null, "healthcare:speciality": null, "disabled": null, "emergency": null, "operator": null, "addr:suburb": null, "phone": null, "type": null, "contact:phone": null, "contact:website": null, "check_date": null, "email": null, "operator:type": null, "ownership": null, "description": null, "addr:housenumber": null, "source": null, "fixme": null, "addr:full": null, "beds": null, "wikidata": "Q124334647", "wikipedia": "en:St. Dominic Hospital", "short_name": null, "level": null, "dispensing": null, "electricity": null, "health_amenity:type": null, "insurance:health": null, "operational_status": null, "water_source": null, "wheelchair": null, "website": "https://sdhakwatia.org", "branch": null, "internet_access": null, "payment:cash": null, "payment:cards": null, "payment:credit_cards": null, "payment:debit_cards": null, "addr:postcode": null, "addr:region": null, "contact:facebook": null, "operator:wikidata": null, "mobile": null, "name:ar": null, "alt_name": null, "building": null, "name:de": null, "internet_access:fee": null, "old_name": null, "name:en": null, "official_name": null, "building:levels": null, "denomination": null, "name:fr": null, "layer": null, "barrier": null, "brand": null, "contact:email": null, "landuse": null, "name:it": null, "toilets:wheelchair": null, "addr:ghanapostgps": null, "alt_name:en": null, "addr:community": null, "building:material": null, "roof:material": null, "addr:country": null, "addr:place": null, "fax": null, "note": null, "opening_hours:visitors": null }, "geometry": { "type": "Polygon", "coordinates": [ [ [ -0.8021656, 6.0510862 ], [ -0.7986975, 6.0511068 ], [ -0.7986961, 6.0495572 ], [ -0.7983997, 6.0494858 ], [ -0.7982375, 6.0494831 ], [ -0.7984976, 6.0488857 ], [ -0.7986425, 6.0488963 ], [ -0.7986666, 6.0485509 ], [ -0.796537, 6.0485723 ], [ -0.7961226, 6.0483469 ], [ -0.7969219, 6.0473667 ], [ -0.7972223, 6.0465131 ], [ -0.8021334, 6.0465665 ], [ -0.8021656, 6.0510862 ] ] ] } },
{ "type": "Feature", "properties": { "element": "way", "id": 1512118581, "amenity": "hospital", "name": "Asanteman CHPS compound", "opening_hours": null, "healthcare": "hospital", "addr:city": null, "addr:street": null, "healthcare:speciality": null, "disabled": null, "emergency": null, "operator": null, "addr:suburb": null, "phone": null, "type": null, "contact:phone": null, "contact:website": null, "check_date": null, "email": null, "operator:type": null, "ownership": null, "description": null, "addr:housenumber": null, "source": null, "fixme": null, "addr:full": null, "beds": null, "wikidata": null, "wikipedia": null, "short_name": null, "level": null, "dispensing": null, "electricity": null, "health_amenity:type": null, "insurance:health": null, "operational_status": null, "water_source": null, "wheelchair": null, "website": null, "branch": null, "internet_access": null, "payment:cash": null, "payment:cards": null, "payment:credit_cards": null, "payment:debit_cards": null, "addr:postcode": null, "addr:region": null, "contact:facebook": null, "operator:wikidata": null, "mobile": null, "name:ar": null, "alt_name": null, "building": null, "name:de": null, "internet_access:fee": null, "old_name": null, "name:en": null, "official_name": null, "building:levels": null, "denomination": null, "name:fr": null, "layer": null, "barrier": null, "brand": null, "contact:email": null, "landuse": null, "name:it": null, "toilets:wheelchair": null, "addr:ghanapostgps": null, "alt_name:en": null, "addr:community": null, "building:material": null, "roof:material": null, "addr:country": null, "addr:place": null, "fax": null, "note": null, "opening_hours:visitors": null }, "geometry": { "type": "Polygon", "coordinates": [ [ [ -0.853518, 5.861606 ], [ -0.8537586, 5.8615426 ], [ -0.8537057, 5.861344 ], [ -0.8534651, 5.8614075 ], [ -0.853518, 5.861606 ] ] ] } }
]
}
