{
"type": "FeatureCollection",
"name": "benin_hospitals",
"crs": { "type": "name", "properties": { "name": "urn:ogc:def:crs:OGC:1.3:CRS84" } },
"features": [
{ "type": "Feature", "properties": { "element": "node", "id": 2197628606, "amenity": "hospital", "health_facility:type": null, "name": "Centre de santé de Natta", "operator:type": null, "source": null, "healthcare": null, "name:fr": null, "addr:street": null, "description": null, "email": null, "opening_hours": null, "operator": null, "emergency": null, "healthcare:speciality": null, "website": null, "addr:city": null, "addr:housenumber": null, "phone": null, "name:en": null, "barrier": null, "waterway": null, "contact": null, "denomination": null, "religion": null, "building": null, "postal_code": null, "contact:phone": null, "note": null, "source:name": null, "addr:country": null, "addr:province": null, "wheelchair": null, "short_name": null, "start_date": null, "wikidata": null, "type": null }, "geometry": { "type": "Point", "coordinates": [ 1.1166576, 10.221533 ] } },
{ "type": "Feature", "properties": { "element": "node", "id": 2529951882, "amenity": "hospital", "health_facility:type": null, "name": "Centre de Santé de Kpebie", "operator:type": null, "source": null, "healthcare": "hospital", "name:fr": null, "addr:street": null, "description": null, "email": null, "opening_hours": null, "operator": null, "emergency": null, "healthcare:speciality": null, "website": null, "addr:city": null, "addr:housenumber": null, "phone": null, "name:en": null, "barrier": null, "waterway": null, "contact": null, "denomination": null, "religion": null, "building": null, "postal_code": null, "contact:phone": null, "note": null, "source:name": null, "addr:country": null, "addr:province": null, "wheelchair": null, "short_name": null, "start_date": null, "wikidata": null, "type": null }, "geometry": { "type": "Point", "coordinates": [ 2.6149412, 9.3413099 ] } },
{ "type": "Feature", "properties": { "element": "node", "id": 2711055478, "amenity": "hospital", "health_facility:type": "hospital", "name": "Hôpital de zone de Aplahoué", "operator:type": "public", "source": "Bing", "healthcare": null, "name:fr": null, "addr:street": null, "description": null, "email": null, "opening_hours": null, "operator": null, "emergency": null, "healthcare:speciality": null, "website": null, "addr:city": null, "addr:housenumber": null, "phone": null, "name:en": null, "barrier": null, "waterway": null, "contact": null, "denomination": null, "religion": null, "building": null, "postal_code": null, "contact:phone": null, "note": null, "source:name": null, "addr:country": null, "addr:province": null, "wheelchair": null, "short_name": null, "start_date": null, "wikidata": null, "type": null }, "geometry": { "type": "Point", "coordinates": [ 1.6952664, 6.9420519 ] } },
{ "type": "Feature", "properties": { "element": "node", "id": 3992128835, "amenity": "hospital", "health_facility:type": null, "name": "Centre de santé de Togoudo", "operator:type": null, "source": null, "healthcare": "yes", "name:fr": null, "addr:street": null, "description": null, "email": null, "opening_hours": null, "operator": null, "emergency": null, "healthcare:speciality": null, "website": null, "addr:city": null, "addr:housenumber": null, "phone": null, "name:en": null, "barrier": null, "waterway": null, "contact": null, "denomination": null, "religion": null, "building": null, "postal_code": null, "contact:phone": null, "note": null, "source:name": null, "addr:country": null, "addr:province": null, "wheelchair": null, "short_name": null, "start_date": null, "wikidata": null, "type": null }, "geometry": { "type": "Point", "coordinates": [ 2.173519, 6.6684647 ] } },
{ "type": "Feature", "properties": { "element": "node", "id": 3995343800, "amenity": "hospital", "health_facility:type": null, "name": "MÉDICAL ILE OLA", "operator:type": null, "source": null, "healthcare": null, "name:fr": null, "addr:street": null, "description": "médecin diplômes faculté médecin parakou", "email": null, "opening_hours": null, "operator": null, "emergency": null, "healthcare:speciality": null, "website": null, "addr:city": null, "addr:housenumber": null, "phone": null, "name:en": null, "barrier": null, "waterway": null, "contact": null, "denomination": null, "religion": null, "building": null, "postal_code": null, "contact:phone": null, "note": null, "source:name": null, "addr:country": null, "addr:province": null, "wheelchair": null, "short_name": null, "start_date": null, "wikidata": null, "type": null }, "geometry": { "type": "Point", "coordinates": [ 2.7794707, 6.7282992 ] } },
{ "type": "Feature", "properties": { "element": "node", "id": 3995348029, "amenity": "hospital", "health_facility:type": null, "name": "ITA SIMBA", "operator:type": null, "source": null, "healthcare": "hospital", "name:fr": null, "addr:street": null, "description": null, "email": null, "opening_hours": null, "operator": null, "emergency": null, "healthcare:speciality": null, "website": null, "addr:city": null, "addr:housenumber": null, "phone": null, "name:en": null, "barrier": null, "waterway": null, "contact": null, "denomination": null, "religion": null, "building": null, "postal_code": null, "contact:phone": null, "note": null, "source:name": null, "addr:country": null, "addr:province": null, "wheelchair": null, "short_name": null, "start_date": null, "wikidata": null, "type": null }, "geometry": { "type": "Point", "coordinates": [ 2.7765953, 6.6962517 ] } },
{ "type": "Feature", "properties": { "element": "node", "id": 3995348257, "amenity": "hospital", "health_facility:type": null, "name": "LABORATOIRE DE ZIAN", "operator:type": null, "source": null, "healthcare": null, "name:fr": null, "addr:street": null, "description": null, "email": null, "opening_hours": null, "operator": null, "emergency": null, "healthcare:speciality": null, "website": null, "addr:city": null, "addr:housenumber": null, "phone": null, "name:en": null, "barrier": null, "waterway": null, "contact": null, "denomination": null, "religion": null, "building": null, "postal_code": null, "contact:phone": null, "note": null, "source:name": null, "addr:country": null, "addr:province": null, "wheelchair": null, "short_name": null, "start_date": null, "wikidata": null, "type": null }, "geometry": { "type": "Point", "coordinates": [ 2.6758304, 6.687458 ] } },
{ "type": "Feature", "properties": { "element": "node", "id": 4161715092, "amenity": "hospital", "health_facility:type": null, "name": "CNHU", "operator:type": null, "source": null, "healthcare": null, "name:fr": null, "addr:street": null, "description": null, "email": null, "opening_hours": null, "operator": null, "emergency": null, "healthcare:speciality": null, "website": null, "addr:city": null, "addr:housenumber": null, "phone": null, "name:en": null, "barrier": null, "waterway": null, "contact": null, "denomination": null, "religion": null, "building": null, "postal_code": null, "contact:phone": null, "note": null, "source:name": null, "addr:country": null, "addr:province": null, "wheelchair": null, "short_name": null, "start_date": null, "wikidata": null, "type": null }, "geometry": { "type": "Point", "coordinates": [ 2.3442712, 6.4148248 ] } },
{ "type": "Feature", "properties": { "element": "node", "id": 4167241861, "amenity": "hospital", "health_facility:type": null, "name": "Hôpital", "operator:type": null, "source": null, "healthcare": null, "name:fr": null, "addr:street": null, "description": null, "email": null, "opening_hours": null, "operator": null, "emergency": null, "healthcare:speciality": null, "website": null, "addr:city": null, "addr:housenumber": null, "phone": null, "name:en": null, "barrier": null, "waterway": null, "contact": null, "denomination": null, "religion": null, "building": null, "postal_code": null, "contact:phone": null, "note": null, "source:name": null, "addr:country": null, "addr:province": null, "wheelchair": null, "short_name": null, "start_date": null, "wikidata": null, "type": null }, "geometry": { "type": "Point", "coordinates": [ 1.968609, 6.5224466 ] } },
{ "type": "Feature", "properties": { "element": "node", "id": 4310949932, "amenity": "hospital", "health_facility:type": null, "name": "Hopital La Croix de Zinvié", "operator:type": null, "source": null, "healthcare": null, "name:fr": null, "addr:street": null, "description": null, "email": null, "opening_hours": null, "operator": null, "emergency": null, "healthcare:speciality": null, "website": null, "addr:city": null, "addr:housenumber": null, "phone": null, "name:en": null, "barrier": null, "waterway": null, "contact": null, "denomination": null, "religion": null, "building": null, "postal_code": null, "contact:phone": null, "note": null, "source:name": null, "addr:country": null, "addr:province": null, "wheelchair": null, "short_name": null, "start_date": null, "wikidata": null, "type": null }, "geometry": { "type": "Point", "coordinates": [ 2.3638228, 6.5988068 ] } },
{ "type": "Feature", "properties": { "element": "node", "id": 4407717684, "amenity": "hospital", "health_facility:type": null, "name": "Poste d'inspection phytosanitaire", "operator:type": null, "source": null, "healthcare": null, "name:fr": null, "addr:street": null, "description": null, "email": null, "opening_hours": null, "operator": null, "emergency": null, "healthcare:speciality": null, "website": null, "addr:city": null, "addr:housenumber": null, "phone": null, "name:en": null, "barrier": null, "waterway": null, "contact": null, "denomination": null, "religion": null, "building": null, "postal_code": null, "contact:phone": null, "note": null, "source:name": null, "addr:country": null, "addr:province": null, "wheelchair": null, "short_name": null, "start_date": null, "wikidata": null, "type": null }, "geometry": { "type": "Point", "coordinates": [ 1.6321013, 6.2405546 ] } },
{ "type": "Feature", "properties": { "element": "node", "id": 4535581388, "amenity": "hospital", "health_facility:type": null, "name": "Marternité d'Ilikimou", "operator:type": null, "source": "gps;servey", "healthcare": null, "name:fr": null, "addr:street": null, "description": null, "email": null, "opening_hours": null, "operator": null, "emergency": null, "healthcare:speciality": null, "website": null, "addr:city": null, "addr:housenumber": null, "phone": null, "name:en": null, "barrier": null, "waterway": null, "contact": null, "denomination": null, "religion": null, "building": null, "postal_code": null, "contact:phone": null, "note": null, "source:name": null, "addr:country": null, "addr:province": null, "wheelchair": null, "short_name": null, "start_date": null, "wikidata": null, "type": null }, "geometry": { "type": "Point", "coordinates": [ 2.7479998, 7.4479718 ] } },
{ "type": "Feature", "properties": { "element": "node", "id": 4535718144, "amenity": "hospital", "health_facility:type": null, "name": "centre de santé orougbé", "operator:type": null, "source": "GPS; survey", "healthcare": null, "name:fr": null, "addr:street": null, "description": null, "email": null, "opening_hours": null, "operator": null, "emergency": null, "healthcare:speciality": null, "website": null, "addr:city": null, "addr:housenumber": null, "phone": null, "name:en": null, "barrier": null, "waterway": null, "contact": null, "denomination": null, "religion": null, "building": null, "postal_code": null, "contact:phone": null, "note": null, "source:name": null, "addr:country": null, "addr:province": null, "wheelchair": null, "short_name": null, "start_date": null, "wikidata": null, "type": null }, "geometry": { "type": "Point", "coordinates": [ 2.5239633, 7.3302567 ] } },
{ "type": "Feature", "properties": { "element": "node", "id": 4535734691, "amenity": "hospital", "health_facility:type": null, "name": "Marternité d'Illèchin", "operator:type": null, "source": "gps;servey", "healthcare": null, "name:fr": null, "addr:street": null, "description": null, "email": null, "opening_hours": null, "operator": null, "emergency": null, "healthcare:speciality": null, "website": null, "addr:city": null, "addr:housenumber": null, "phone": null, "name:en": null, "barrier": null, "waterway": null, "contact": null, "denomination": null, "religion": null, "building": null, "postal_code": null, "contact:phone": null, "note": null, "source:name": null, "addr:country": null, "addr:province": null, "wheelchair": null, "short_name": null, "start_date": null, "wikidata": null, "type": null }, "geometry": { "type": "Point", "coordinates": [ 2.7082969, 7.4288897 ] } },
{ "type": "Feature", "properties": { "element": "node", "id": 4856553312, "amenity": "hospital", "health_facility:type": null, "name": "Centre de Santé Oganla de Ketou", "operator:type": null, "source": null, "healthcare": null, "name:fr": null, "addr:street": null, "description": null, "email": null, "opening_hours": null, "operator": null, "emergency": null, "healthcare:speciality": null, "website": null, "addr:city": null, "addr:housenumber": null, "phone": null, "name:en": null, "barrier": null, "waterway": null, "contact": null, "denomination": null, "religion": null, "building": null, "postal_code": null, "contact:phone": null, "note": null, "source:name": null, "addr:country": null, "addr:province": null, "wheelchair": null, "short_name": null, "start_date": null, "wikidata": null, "type": null }, "geometry": { "type": "Point", "coordinates": [ 2.5989933, 7.3704983 ] } },
{ "type": "Feature", "properties": { "element": "node", "id": 4859372149, "amenity": "hospital", "health_facility:type": null, "name": "Maternité dispensaire de Keétou", "operator:type": null, "source": null, "healthcare": null, "name:fr": null, "addr:street": null, "description": null, "email": null, "opening_hours": null, "operator": null, "emergency": null, "healthcare:speciality": null, "website": null, "addr:city": null, "addr:housenumber": null, "phone": null, "name:en": null, "barrier": null, "waterway": null, "contact": null, "denomination": null, "religion": null, "building": null, "postal_code": null, "contact:phone": null, "note": null, "source:name": null, "addr:country": null, "addr:province": null, "wheelchair": null, "short_name": null, "start_date": null, "wikidata": null, "type": null }, "geometry": { "type": "Point", "coordinates": [ 2.5971225, 7.3904046 ] } },
{ "type": "Feature", "properties": { "element": "node", "id": 4885883338, "amenity": "hospital", "health_facility:type": null, "name": "Centre de santé communale", "operator:type": null, "source": null, "healthcare": null, "name:fr": null, "addr:street": null, "description": null, "email": null, "opening_hours": null, "operator": null, "emergency": null, "healthcare:speciality": null, "website": null, "addr:city": null, "addr:housenumber": null, "phone": null, "name:en": null, "barrier": null, "waterway": null, "contact": null, "denomination": null, "religion": null, "building": null, "postal_code": null, "contact:phone": null, "note": null, "source:name": null, "addr:country": null, "addr:province": null, "wheelchair": null, "short_name": null, "start_date": null, "wikidata": null, "type": null }, "geometry": { "type": "Point", "coordinates": [ 2.520278, 7.111667 ] } },
{ "type": "Feature", "properties": { "element": "node", "id": 4885883340, "amenity": "hospital", "health_facility:type": null, "name": "Centre de santé de Tohoues Dokodji", "operator:type": null, "source": null, "healthcare": null, "name:fr": null, "addr:street": null, "description": null, "email": null, "opening_hours": null, "operator": null, "emergency": null, "healthcare:speciality": null, "website": null, "addr:city": null, "addr:housenumber": null, "phone": null, "name:en": null, "barrier": null, "waterway": null, "contact": null, "denomination": null, "religion": null, "building": null, "postal_code": null, "contact:phone": null, "note": null, "source:name": null, "addr:country": null, "addr:province": null, "wheelchair": null, "short_name": null, "start_date": null, "wikidata": null, "type": null }, "geometry": { "type": "Point", "coordinates": [ 2.436111, 7.026389 ] } },
{ "type": "Feature", "properties": { "element": "node", "id": 4992303021, "amenity": "hospital", "health_facility:type": null, "name": "Centre de santé de Houegbo", "operator:type": null, "source": null, "healthcare": "hospital", "name:fr": "Centre de santé de Houegbo", "addr:street": null, "description": null, "email": null, "opening_hours": null, "operator": null, "emergency": null, "healthcare:speciality": null, "website": null, "addr:city": null, "addr:housenumber": null, "phone": null, "name:en": null, "barrier": null, "waterway": null, "contact": null, "denomination": null, "religion": null, "building": null, "postal_code": null, "contact:phone": null, "note": null, "source:name": null, "addr:country": null, "addr:province": null, "wheelchair": null, "short_name": null, "start_date": null, "wikidata": null, "type": null }, "geometry": { "type": "Point", "coordinates": [ 2.1740767, 6.8094189 ] } },
{ "type": "Feature", "properties": { "element": "node", "id": 5188034821, "amenity": "hospital", "health_facility:type": null, "name": "Centre de santé d'Adjarra ll", "operator:type": null, "source": null, "healthcare": "hospital", "name:fr": null, "addr:street": null, "description": null, "email": null, "opening_hours": null, "operator": null, "emergency": null, "healthcare:speciality": null, "website": null, "addr:city": null, "addr:housenumber": null, "phone": null, "name:en": null, "barrier": null, "waterway": null, "contact": null, "denomination": null, "religion": null, "building": null, "postal_code": null, "contact:phone": null, "note": null, "source:name": null, "addr:country": null, "addr:province": null, "wheelchair": null, "short_name": null, "start_date": null, "wikidata": null, "type": null }, "geometry": { "type": "Point", "coordinates": [ 2.6691206, 6.5145924 ] } },
{ "type": "Feature", "properties": { "element": "node", "id": 5472445949, "amenity": "hospital", "health_facility:type": null, "name": "Centre de santé de Lahotan", "operator:type": null, "source": null, "healthcare": null, "name:fr": null, "addr:street": null, "description": null, "email": null, "opening_hours": null, "operator": null, "emergency": null, "healthcare:speciality": null, "website": null, "addr:city": null, "addr:housenumber": null, "phone": null, "name:en": null, "barrier": null, "waterway": null, "contact": null, "denomination": null, "religion": null, "building": null, "postal_code": null, "contact:phone": null, "note": null, "source:name": null, "addr:country": null, "addr:province": null, "wheelchair": null, "short_name": null, "start_date": null, "wikidata": null, "type": null }, "geometry": { "type": "Point", "coordinates": [ 2.0768988, 7.9992591 ] } },
{ "type": "Feature", "properties": { "element": "node", "id": 5472515562, "amenity": "hospital", "health_facility:type": null, "name": "Centre de santé d'Arrondissement de Ouèssè", "operator:type": null, "source": null, "healthcare": "hospital", "name:fr": null, "addr:street": null, "description": null, "email": null, "opening_hours": null, "operator": null, "emergency": null, "healthcare:speciality": null, "website": null, "addr:city": null, "addr:housenumber": null, "phone": null, "name:en": null, "barrier": null, "waterway": null, "contact": null, "denomination": null, "religion": null, "building": null, "postal_code": null, "contact:phone": null, "note": null, "source:name": null, "addr:country": null, "addr:province": null, "wheelchair": null, "short_name": null, "start_date": null, "wikidata": null, "type": null }, "geometry": { "type": "Point", "coordinates": [ 1.9619997, 7.938492 ] } },
{ "type": "Feature", "properties": { "element": "node", "id": 5472515564, "amenity": "hospital", "health_facility:type": null, "name": "Centre de santé d'Arrondissement de Djalloukou", "operator:type": null, "source": null, "healthcare": null, "name:fr": null, "addr:street": null, "description": null, "email": null, "opening_hours": null, "operator": null, "emergency": null, "healthcare:speciality": null, "website": null, "addr:city": null, "addr:housenumber": null, "phone": null, "name:en": null, "barrier": null, "waterway": null, "contact": null, "denomination": null, "religion": null, "building": null, "postal_code": null, "contact:phone": null, "note": null, "source:name": null, "addr:country": null, "addr:province": null, "wheelchair": null, "short_name": null, "start_date": null, "wikidata": null, "type": null }, "geometry": { "type": "Point", "coordinates": [ 1.7794378, 7.7382388 ] } },
{ "type": "Feature", "properties": { "element": "node", "id": 5782465637, "amenity": "hospital", "health_facility:type": null, "name": "Centre de Santé de la Commune de Tanguiéta", "operator:type": null, "source": null, "healthcare": "hospital", "name:fr": null, "addr:street": null, "description": null, "email": null, "opening_hours": null, "operator": "Public", "emergency": null, "healthcare:speciality": null, "website": null, "addr:city": null, "addr:housenumber": null, "phone": null, "name:en": null, "barrier": null, "waterway": null, "contact": null, "denomination": null, "religion": null, "building": null, "postal_code": null, "contact:phone": null, "note": null, "source:name": null, "addr:country": null, "addr:province": null, "wheelchair": null, "short_name": null, "start_date": null, "wikidata": null, "type": null }, "geometry": { "type": "Point", "coordinates": [ 1.2711579, 10.6226062 ] } },
{ "type": "Feature", "properties": { "element": "node", "id": 5898767139, "amenity": "hospital", "health_facility:type": null, "name": "Centre de sante d'agon", "operator:type": null, "source": null, "healthcare": "hospital", "name:fr": null, "addr:street": null, "description": null, "email": null, "opening_hours": null, "operator": null, "emergency": null, "healthcare:speciality": null, "website": null, "addr:city": null, "addr:housenumber": null, "phone": null, "name:en": null, "barrier": null, "waterway": null, "contact": null, "denomination": null, "religion": null, "building": null, "postal_code": null, "contact:phone": null, "note": null, "source:name": null, "addr:country": null, "addr:province": null, "wheelchair": null, "short_name": null, "start_date": null, "wikidata": null, "type": null }, "geometry": { "type": "Point", "coordinates": [ 2.234962, 6.8586284 ] } },
{ "type": "Feature", "properties": { "element": "node", "id": 6176804165, "amenity": "hospital", "health_facility:type": null, "name": "Maternité", "operator:type": null, "source": null, "healthcare": null, "name:fr": null, "addr:street": null, "description": null, "email": null, "opening_hours": null, "operator": null, "emergency": null, "healthcare:speciality": null, "website": null, "addr:city": null, "addr:housenumber": null, "phone": null, "name:en": null, "barrier": null, "waterway": null, "contact": null, "denomination": null, "religion": null, "building": null, "postal_code": null, "contact:phone": null, "note": null, "source:name": null, "addr:country": null, "addr:province": null, "wheelchair": null, "short_name": null, "start_date": null, "wikidata": null, "type": null }, "geometry": { "type": "Point", "coordinates": [ 2.7495048, 7.4478328 ] } },
{ "type": "Feature", "properties": { "element": "node", "id": 6328515989, "amenity": "hospital", "health_facility:type": null, "name": null, "operator:type": null, "source": null, "healthcare": "hospital", "name:fr": null, "addr:street": null, "description": null, "email": null, "opening_hours": null, "operator": null, "emergency": null, "healthcare:speciality": null, "website": null, "addr:city": null, "addr:housenumber": null, "phone": null, "name:en": null, "barrier": null, "waterway": "dam", "contact": null, "denomination": null, "religion": null, "building": null, "postal_code": null, "contact:phone": null, "note": null, "source:name": null, "addr:country": null, "addr:province": null, "wheelchair": null, "short_name": null, "start_date": null, "wikidata": null, "type": null }, "geometry": { "type": "Point", "coordinates": [ 3.2102751, 9.9351012 ] } },
{ "type": "Feature", "properties": { "element": "node", "id": 7260593485, "amenity": "hospital", "health_facility:type": null, "name": "Centre Saint Camille de Davougon", "operator:type": null, "source": null, "healthcare": null, "name:fr": null, "addr:street": null, "description": null, "email": null, "opening_hours": null, "operator": null, "emergency": null, "healthcare:speciality": null, "website": null, "addr:city": null, "addr:housenumber": null, "phone": null, "name:en": null, "barrier": null, "waterway": null, "contact": null, "denomination": null, "religion": null, "building": null, "postal_code": null, "contact:phone": null, "note": null, "source:name": null, "addr:country": null, "addr:province": null, "wheelchair": null, "short_name": null, "start_date": null, "wikidata": null, "type": null }, "geometry": { "type": "Point", "coordinates": [ 1.9397071, 7.1602811 ] } },
{ "type": "Feature", "properties": { "element": "node", "id": 7315424387, "amenity": "hospital", "health_facility:type": null, "name": "Centre de santé de ISSALE IBERE", "operator:type": null, "source": null, "healthcare": null, "name:fr": null, "addr:street": null, "description": null, "email": null, "opening_hours": null, "operator": null, "emergency": null, "healthcare:speciality": null, "website": null, "addr:city": null, "addr:housenumber": null, "phone": null, "name:en": null, "barrier": null, "waterway": null, "contact": null, "denomination": null, "religion": null, "building": null, "postal_code": null, "contact:phone": null, "note": null, "source:name": null, "addr:country": null, "addr:province": null, "wheelchair": null, "short_name": null, "start_date": null, "wikidata": null, "type": null }, "geometry": { "type": "Point", "coordinates": [ 2.7094812, 6.9767885 ] } },
{ "type": "Feature", "properties": { "element": "node", "id": 7335140785, "amenity": "hospital", "health_facility:type": null, "name": "CENTRE DE SANTÉ DE AGBOGBOME, PAOUIGNAN", "operator:type": null, "source": null, "healthcare": null, "name:fr": "CENTRE DE SANTÉ DE AGBOGBOME, PAOUIGNAN, DASSA ZOUME, COLLINES, BENIN", "addr:street": null, "description": null, "email": null, "opening_hours": null, "operator": null, "emergency": null, "healthcare:speciality": null, "website": null, "addr:city": null, "addr:housenumber": null, "phone": null, "name:en": null, "barrier": null, "waterway": null, "contact": null, "denomination": null, "religion": null, "building": null, "postal_code": null, "contact:phone": null, "note": null, "source:name": null, "addr:country": null, "addr:province": null, "wheelchair": null, "short_name": null, "start_date": null, "wikidata": null, "type": null }, "geometry": { "type": "Point", "coordinates": [ 2.4688082, 7.5862937 ] } },
{ "type": "Feature", "properties": { "element": "node", "id": 7380045689, "amenity": "hospital", "health_facility:type": null, "name": "Maternité Isolée de Djagbalo", "operator:type": null, "source": null, "healthcare": null, "name:fr": null, "addr:street": null, "description": null, "email": null, "opening_hours": null, "operator": null, "emergency": null, "healthcare:speciality": null, "website": null, "addr:city": null, "addr:housenumber": null, "phone": null, "name:en": null, "barrier": null, "waterway": null, "contact": null, "denomination": null, "religion": null, "building": null, "postal_code": null, "contact:phone": null, "note": null, "source:name": null, "addr:country": null, "addr:province": null, "wheelchair": null, "short_name": null, "start_date": null, "wikidata": null, "type": null }, "geometry": { "type": "Point", "coordinates": [ 2.0351315, 8.4295489 ] } },
{ "type": "Feature", "properties": { "element": "node", "id": 7642731985, "amenity": "hospital", "health_facility:type": null, "name": "Centre de Santé de Djègbé", "operator:type": null, "source": null, "healthcare": null, "name:fr": null, "addr:street": null, "description": null, "email": null, "opening_hours": null, "operator": null, "emergency": null, "healthcare:speciality": null, "website": null, "addr:city": null, "addr:housenumber": null, "phone": null, "name:en": null, "barrier": null, "waterway": null, "contact": null, "denomination": null, "religion": null, "building": null, "postal_code": null, "contact:phone": null, "note": null, "source:name": null, "addr:country": null, "addr:province": null, "wheelchair": null, "short_name": null, "start_date": null, "wikidata": null, "type": null }, "geometry": { "type": "Point", "coordinates": [ 2.4054691, 8.3037394 ] } },
{ "type": "Feature", "properties": { "element": "node", "id": 7726735285, "amenity": "hospital", "health_facility:type": null, "name": "Hopital Ahmadiyya", "operator:type": null, "source": null, "healthcare": "hospital", "name:fr": null, "addr:street": null, "description": null, "email": null, "opening_hours": null, "operator": null, "emergency": null, "healthcare:speciality": null, "website": null, "addr:city": null, "addr:housenumber": null, "phone": null, "name:en": null, "barrier": null, "waterway": null, "contact": null, "denomination": null, "religion": null, "building": null, "postal_code": null, "contact:phone": null, "note": null, "source:name": null, "addr:country": null, "addr:province": null, "wheelchair": null, "short_name": null, "start_date": null, "wikidata": null, "type": null }, "geometry": { "type": "Point", "coordinates": [ 2.6105245, 9.3239143 ] } },
{ "type": "Feature", "properties": { "element": "node", "id": 7791419795, "amenity": "hospital", "health_facility:type": null, "name": "Saint Luc", "operator:type": null, "source": null, "healthcare": "hospital", "name:fr": null, "addr:street": null, "description": null, "email": null, "opening_hours": null, "operator": null, "emergency": null, "healthcare:speciality": null, "website": null, "addr:city": null, "addr:housenumber": null, "phone": null, "name:en": null, "barrier": null, "waterway": null, "contact": null, "denomination": null, "religion": null, "building": null, "postal_code": null, "contact:phone": null, "note": null, "source:name": null, "addr:country": null, "addr:province": null, "wheelchair": null, "short_name": null, "start_date": null, "wikidata": null, "type": null }, "geometry": { "type": "Point", "coordinates": [ 2.4028404, 6.3847282 ] } },
{ "type": "Feature", "properties": { "element": "node", "id": 7889741781, "amenity": "hospital", "health_facility:type": null, "name": "Hôpital La Croix de Zinvié", "operator:type": null, "source": null, "healthcare": null, "name:fr": null, "addr:street": null, "description": null, "email": null, "opening_hours": null, "operator": null, "emergency": null, "healthcare:speciality": null, "website": null, "addr:city": null, "addr:housenumber": null, "phone": null, "name:en": null, "barrier": null, "waterway": null, "contact": null, "denomination": null, "religion": null, "building": null, "postal_code": null, "contact:phone": null, "note": null, "source:name": null, "addr:country": null, "addr:province": null, "wheelchair": null, "short_name": null, "start_date": null, "wikidata": null, "type": null }, "geometry": { "type": "Point", "coordinates": [ 2.3642322, 6.5983453 ] } },
{ "type": "Feature", "properties": { "element": "node", "id": 8437916417, "amenity": "hospital", "health_facility:type": null, "name": "Centre de santé Saint Camille", "operator:type": null, "source": null, "healthcare": null, "name:fr": null, "addr:street": null, "description": null, "email": null, "opening_hours": null, "operator": null, "emergency": null, "healthcare:speciality": null, "website": null, "addr:city": null, "addr:housenumber": null, "phone": null, "name:en": "Saint Camille hospital", "barrier": null, "waterway": null, "contact": null, "denomination": null, "religion": null, "building": null, "postal_code": null, "contact:phone": null, "note": null, "source:name": null, "addr:country": null, "addr:province": null, "wheelchair": null, "short_name": null, "start_date": null, "wikidata": null, "type": null }, "geometry": { "type": "Point", "coordinates": [ 1.6882889, 9.6814596 ] } },
{ "type": "Feature", "properties": { "element": "node", "id": 8474826217, "amenity": "hospital", "health_facility:type": null, "name": "CS TANGANDJI", "operator:type": null, "source": null, "healthcare": null, "name:fr": null, "addr:street": null, "description": null, "email": null, "opening_hours": null, "operator": null, "emergency": null, "healthcare:speciality": null, "website": null, "addr:city": null, "addr:housenumber": null, "phone": null, "name:en": null, "barrier": null, "waterway": null, "contact": null, "denomination": null, "religion": null, "building": null, "postal_code": null, "contact:phone": null, "note": null, "source:name": null, "addr:country": null, "addr:province": null, "wheelchair": null, "short_name": null, "start_date": null, "wikidata": null, "type": null }, "geometry": { "type": "Point", "coordinates": [ 1.8519321, 7.236181 ] } },
{ "type": "Feature", "properties": { "element": "node", "id": 8610448643, "amenity": "hospital", "health_facility:type": null, "name": "Centre de Santé d'Arrondissement de Azohouè Aliho", "operator:type": null, "source": null, "healthcare": null, "name:fr": null, "addr:street": null, "description": null, "email": null, "opening_hours": null, "operator": "Public", "emergency": null, "healthcare:speciality": null, "website": null, "addr:city": null, "addr:housenumber": null, "phone": null, "name:en": null, "barrier": null, "waterway": null, "contact": null, "denomination": null, "religion": null, "building": null, "postal_code": null, "contact:phone": null, "note": null, "source:name": null, "addr:country": null, "addr:province": null, "wheelchair": null, "short_name": null, "start_date": null, "wikidata": null, "type": null }, "geometry": { "type": "Point", "coordinates": [ 2.1258867, 6.5904405 ] } },
{ "type": "Feature", "properties": { "element": "node", "id": 8650916117, "amenity": "hospital", "health_facility:type": null, "name": "Morgue Hôpital de Zone", "operator:type": null, "source": null, "healthcare": "hospital", "name:fr": null, "addr:street": null, "description": null, "email": null, "opening_hours": null, "operator": null, "emergency": null, "healthcare:speciality": null, "website": null, "addr:city": null, "addr:housenumber": null, "phone": null, "name:en": null, "barrier": null, "waterway": null, "contact": null, "denomination": null, "religion": null, "building": null, "postal_code": null, "contact:phone": null, "note": null, "source:name": null, "addr:country": null, "addr:province": null, "wheelchair": null, "short_name": null, "start_date": null, "wikidata": null, "type": null }, "geometry": { "type": "Point", "coordinates": [ 2.5048279, 8.0548699 ] } },
{ "type": "Feature", "properties": { "element": "node", "id": 8749834817, "amenity": "hospital", "health_facility:type": null, "name": "CTE natitingou", "operator:type": null, "source": null, "healthcare": null, "name:fr": null, "addr:street": null, "description": null, "email": null, "opening_hours": null, "operator": null, "emergency": null, "healthcare:speciality": null, "website": null, "addr:city": null, "addr:housenumber": null, "phone": null, "name:en": null, "barrier": null, "waterway": null, "contact": null, "denomination": null, "religion": null, "building": null, "postal_code": null, "contact:phone": null, "note": null, "source:name": null, "addr:country": null, "addr:province": null, "wheelchair": null, "short_name": null, "start_date": null, "wikidata": null, "type": null }, "geometry": { "type": "Point", "coordinates": [ 1.3747638, 10.2784305 ] } },
{ "type": "Feature", "properties": { "element": "node", "id": 8930337217, "amenity": "hospital", "health_facility:type": null, "name": "Centre de santé d'Oumako", "operator:type": null, "source": null, "healthcare": null, "name:fr": null, "addr:street": null, "description": null, "email": null, "opening_hours": null, "operator": null, "emergency": null, "healthcare:speciality": null, "website": "zs comé @yahoo.fr", "addr:city": null, "addr:housenumber": null, "phone": null, "name:en": null, "barrier": null, "waterway": null, "contact": null, "denomination": null, "religion": null, "building": null, "postal_code": null, "contact:phone": null, "note": null, "source:name": null, "addr:country": null, "addr:province": null, "wheelchair": null, "short_name": null, "start_date": null, "wikidata": null, "type": null }, "geometry": { "type": "Point", "coordinates": [ 1.8421733, 6.4344167 ] } },
{ "type": "Feature", "properties": { "element": "node", "id": 9028613917, "amenity": "hospital", "health_facility:type": null, "name": "Hôpital Arabe", "operator:type": null, "source": null, "healthcare": null, "name:fr": null, "addr:street": null, "description": null, "email": null, "opening_hours": null, "operator": null, "emergency": null, "healthcare:speciality": null, "website": null, "addr:city": null, "addr:housenumber": null, "phone": null, "name:en": null, "barrier": null, "waterway": null, "contact": null, "denomination": null, "religion": null, "building": null, "postal_code": null, "contact:phone": null, "note": null, "source:name": null, "addr:country": null, "addr:province": null, "wheelchair": null, "short_name": null, "start_date": null, "wikidata": null, "type": null }, "geometry": { "type": "Point", "coordinates": [ 2.9365741, 11.1141565 ] } },
{ "type": "Feature", "properties": { "element": "node", "id": 9563703223, "amenity": "hospital", "health_facility:type": null, "name": "Centre de santé de Zougame", "operator:type": null, "source": null, "healthcare": null, "name:fr": null, "addr:street": null, "description": null, "email": null, "opening_hours": null, "operator": null, "emergency": null, "healthcare:speciality": null, "website": null, "addr:city": null, "addr:housenumber": null, "phone": null, "name:en": null, "barrier": null, "waterway": null, "contact": null, "denomination": null, "religion": null, "building": null, "postal_code": null, "contact:phone": null, "note": null, "source:name": null, "addr:country": null, "addr:province": null, "wheelchair": null, "short_name": null, "start_date": null, "wikidata": null, "type": null }, "geometry": { "type": "Point", "coordinates": [ 2.5410873, 6.4529173 ] } },
{ "type": "Feature", "properties": { "element": "node", "id": 9587077405, "amenity": "hospital", "health_facility:type": null, "name": "Centre Hospitalier Départemental du Mono (CHD MONO)", "operator:type": null, "source": null, "healthcare": "hospital", "name:fr": null, "addr:street": "RN 2", "description": null, "email": null, "opening_hours": null, "operator": null, "emergency": null, "healthcare:speciality": null, "website": null, "addr:city": "Lokossa", "addr:housenumber": null, "phone": null, "name:en": null, "barrier": null, "waterway": null, "contact": null, "denomination": null, "religion": null, "building": null, "postal_code": null, "contact:phone": null, "note": null, "source:name": null, "addr:country": null, "addr:province": null, "wheelchair": null, "short_name": null, "start_date": null, "wikidata": null, "type": null }, "geometry": { "type": "Point", "coordinates": [ 1.7157655, 6.6442638 ] } },
{ "type": "Feature", "properties": { "element": "node", "id": 9603507795, "amenity": "hospital", "health_facility:type": null, "name": "Centre de Santé Communal de Nikki", "operator:type": null, "source": null, "healthcare": null, "name:fr": null, "addr:street": null, "description": null, "email": null, "opening_hours": null, "operator": null, "emergency": null, "healthcare:speciality": null, "website": null, "addr:city": null, "addr:housenumber": null, "phone": null, "name:en": null, "barrier": null, "waterway": null, "contact": null, "denomination": null, "religion": null, "building": null, "postal_code": null, "contact:phone": null, "note": null, "source:name": null, "addr:country": null, "addr:province": null, "wheelchair": null, "short_name": null, "start_date": null, "wikidata": null, "type": null }, "geometry": { "type": "Point", "coordinates": [ 3.2103133, 9.9347444 ] } },
{ "type": "Feature", "properties": { "element": "node", "id": 9605995379, "amenity": "hospital", "health_facility:type": null, "name": "Centre de Sante de Sérékali", "operator:type": null, "source": null, "healthcare": null, "name:fr": null, "addr:street": null, "description": null, "email": null, "opening_hours": null, "operator": null, "emergency": null, "healthcare:speciality": null, "website": null, "addr:city": null, "addr:housenumber": null, "phone": null, "name:en": null, "barrier": null, "waterway": null, "contact": null, "denomination": null, "religion": null, "building": null, "postal_code": null, "contact:phone": null, "note": null, "source:name": null, "addr:country": null, "addr:province": null, "wheelchair": null, "short_name": null, "start_date": null, "wikidata": null, "type": null }, "geometry": { "type": "Point", "coordinates": [ 3.0389908, 9.9161317 ] } },
{ "type": "Feature", "properties": { "element": "node", "id": 9606061722, "amenity": "hospital", "health_facility:type": null, "name": "Centre de Sante de Biro", "operator:type": null, "source": null, "healthcare": null, "name:fr": null, "addr:street": null, "description": null, "email": null, "opening_hours": null, "operator": null, "emergency": null, "healthcare:speciality": null, "website": null, "addr:city": null, "addr:housenumber": null, "phone": null, "name:en": null, "barrier": null, "waterway": null, "contact": null, "denomination": null, "religion": null, "building": null, "postal_code": null, "contact:phone": null, "note": null, "source:name": null, "addr:country": null, "addr:province": null, "wheelchair": null, "short_name": null, "start_date": null, "wikidata": null, "type": null }, "geometry": { "type": "Point", "coordinates": [ 2.9389221, 9.904161 ] } },
{ "type": "Feature", "properties": { "element": "node", "id": 9711699217, "amenity": "hospital", "health_facility:type": null, "name": "Centre de santé de la commune de parakou", "operator:type": null, "source": null, "healthcare": "hospital", "name:fr": null, "addr:street": null, "description": null, "email": null, "opening_hours": null, "operator": null, "emergency": null, "healthcare:speciality": null, "website": null, "addr:city": null, "addr:housenumber": null, "phone": null, "name:en": null, "barrier": null, "waterway": null, "contact": null, "denomination": null, "religion": null, "building": null, "postal_code": null, "contact:phone": null, "note": null, "source:name": null, "addr:country": null, "addr:province": null, "wheelchair": null, "short_name": null, "start_date": null, "wikidata": null, "type": null }, "geometry": { "type": "Point", "coordinates": [ 2.6295915, 9.3409798 ] } },
{ "type": "Feature", "properties": { "element": "node", "id": 9711699317, "amenity": "hospital", "health_facility:type": null, "name": "Clinique St Nicolas", "operator:type": null, "source": null, "healthcare": null, "name:fr": null, "addr:street": null, "description": null, "email": null, "opening_hours": null, "operator": null, "emergency": null, "healthcare:speciality": null, "website": null, "addr:city": null, "addr:housenumber": null, "phone": null, "name:en": null, "barrier": null, "waterway": null, "contact": null, "denomination": null, "religion": null, "building": null, "postal_code": null, "contact:phone": null, "note": null, "source:name": null, "addr:country": null, "addr:province": null, "wheelchair": null, "short_name": null, "start_date": null, "wikidata": null, "type": null }, "geometry": { "type": "Point", "coordinates": [ 2.6430759, 6.466874 ] } },
{ "type": "Feature", "properties": { "element": "node", "id": 9711699417, "amenity": "hospital", "health_facility:type": null, "name": "Centre de santé adja-ouèrè", "operator:type": null, "source": null, "healthcare": "hospital", "name:fr": null, "addr:street": null, "description": null, "email": null, "opening_hours": null, "operator": null, "emergency": null, "healthcare:speciality": null, "website": null, "addr:city": null, "addr:housenumber": null, "phone": null, "name:en": null, "barrier": null, "waterway": null, "contact": null, "denomination": null, "religion": null, "building": null, "postal_code": null, "contact:phone": null, "note": null, "source:name": null, "addr:country": null, "addr:province": null, "wheelchair": null, "short_name": null, "start_date": null, "wikidata": null, "type": null }, "geometry": { "type": "Point", "coordinates": [ 2.6070533, 6.9995333 ] } },
{ "type": "Feature", "properties": { "element": "node", "id": 9730704017, "amenity": "hospital", "health_facility:type": null, "name": "Agence Nationale de la Transfusion Sanguine (ANTS)", "operator:type": null, "source": null, "healthcare": "hospital", "name:fr": null, "addr:street": null, "description": null, "email": null, "opening_hours": null, "operator": null, "emergency": null, "healthcare:speciality": null, "website": "https://www.antsbenin.org/", "addr:city": null, "addr:housenumber": null, "phone": "002290123612164", "name:en": null, "barrier": null, "waterway": null, "contact": null, "denomination": null, "religion": null, "building": null, "postal_code": null, "contact:phone": null, "note": null, "source:name": null, "addr:country": null, "addr:province": null, "wheelchair": null, "short_name": null, "start_date": null, "wikidata": null, "type": null }, "geometry": { "type": "Point", "coordinates": [ 2.6408262, 9.3398155 ] } },
{ "type": "Feature", "properties": { "element": "node", "id": 9799655253, "amenity": "hospital", "health_facility:type": null, "name": "Hôpital de zone - Klouékanmè", "operator:type": null, "source": null, "healthcare": "hospital", "name:fr": null, "addr:street": null, "description": null, "email": null, "opening_hours": null, "operator": null, "emergency": null, "healthcare:speciality": null, "website": null, "addr:city": null, "addr:housenumber": null, "phone": null, "name:en": null, "barrier": null, "waterway": null, "contact": null, "denomination": null, "religion": null, "building": null, "postal_code": null, "contact:phone": null, "note": null, "source:name": null, "addr:country": null, "addr:province": null, "wheelchair": null, "short_name": null, "start_date": null, "wikidata": null, "type": null }, "geometry": { "type": "Point", "coordinates": [ 1.8366925, 6.9850063 ] } },
{ "type": "Feature", "properties": { "element": "node", "id": 10042436985, "amenity": "hospital", "health_facility:type": null, "name": "Centre de santé de Ague-Milahin", "operator:type": null, "source": null, "healthcare": null, "name:fr": null, "addr:street": null, "description": null, "email": null, "opening_hours": null, "operator": null, "emergency": null, "healthcare:speciality": null, "website": null, "addr:city": null, "addr:housenumber": null, "phone": null, "name:en": null, "barrier": null, "waterway": null, "contact": null, "denomination": null, "religion": null, "building": null, "postal_code": null, "contact:phone": null, "note": null, "source:name": null, "addr:country": null, "addr:province": null, "wheelchair": null, "short_name": null, "start_date": null, "wikidata": null, "type": null }, "geometry": { "type": "Point", "coordinates": [ 2.4850894, 6.6748532 ] } },
{ "type": "Feature", "properties": { "element": "node", "id": 10056352607, "amenity": "hospital", "health_facility:type": null, "name": "Centre de santé de Kousspkpa", "operator:type": null, "source": null, "healthcare": null, "name:fr": null, "addr:street": null, "description": null, "email": null, "opening_hours": null, "operator": null, "emergency": null, "healthcare:speciality": null, "website": null, "addr:city": null, "addr:housenumber": null, "phone": null, "name:en": null, "barrier": null, "waterway": null, "contact": null, "denomination": null, "religion": null, "building": null, "postal_code": null, "contact:phone": null, "note": null, "source:name": null, "addr:country": null, "addr:province": null, "wheelchair": null, "short_name": null, "start_date": null, "wikidata": null, "type": null }, "geometry": { "type": "Point", "coordinates": [ 2.2717355, 7.0655853 ] } },
{ "type": "Feature", "properties": { "element": "node", "id": 10176038578, "amenity": "hospital", "health_facility:type": null, "name": "CABINET DE SOIN EX CRASIB ONG D", "operator:type": null, "source": null, "healthcare": "hospital", "name:fr": null, "addr:street": null, "description": null, "email": null, "opening_hours": null, "operator": null, "emergency": null, "healthcare:speciality": null, "website": null, "addr:city": null, "addr:housenumber": null, "phone": null, "name:en": null, "barrier": null, "waterway": null, "contact": null, "denomination": null, "religion": null, "building": null, "postal_code": null, "contact:phone": null, "note": null, "source:name": null, "addr:country": null, "addr:province": null, "wheelchair": null, "short_name": null, "start_date": null, "wikidata": null, "type": null }, "geometry": { "type": "Point", "coordinates": [ 2.3857847, 6.3902684 ] } },
{ "type": "Feature", "properties": { "element": "node", "id": 10176046337, "amenity": "hospital", "health_facility:type": null, "name": "Clinique Sainte Gerarda", "operator:type": null, "source": null, "healthcare": "hospital", "name:fr": null, "addr:street": null, "description": null, "email": null, "opening_hours": null, "operator": null, "emergency": null, "healthcare:speciality": null, "website": null, "addr:city": null, "addr:housenumber": null, "phone": null, "name:en": null, "barrier": null, "waterway": null, "contact": null, "denomination": null, "religion": null, "building": null, "postal_code": null, "contact:phone": null, "note": null, "source:name": null, "addr:country": null, "addr:province": null, "wheelchair": null, "short_name": null, "start_date": null, "wikidata": null, "type": null }, "geometry": { "type": "Point", "coordinates": [ 2.3851954, 6.3906159 ] } },
{ "type": "Feature", "properties": { "element": "node", "id": 10242581624, "amenity": "hospital", "health_facility:type": null, "name": "Centre de santé de Péhunco", "operator:type": null, "source": null, "healthcare": null, "name:fr": null, "addr:street": null, "description": null, "email": null, "opening_hours": null, "operator": null, "emergency": null, "healthcare:speciality": null, "website": null, "addr:city": null, "addr:housenumber": null, "phone": null, "name:en": null, "barrier": null, "waterway": null, "contact": null, "denomination": null, "religion": null, "building": null, "postal_code": null, "contact:phone": null, "note": null, "source:name": null, "addr:country": null, "addr:province": null, "wheelchair": null, "short_name": null, "start_date": null, "wikidata": null, "type": null }, "geometry": { "type": "Point", "coordinates": [ 1.9999811, 10.2292778 ] } },
{ "type": "Feature", "properties": { "element": "node", "id": 10256997283, "amenity": "hospital", "health_facility:type": null, "name": "UVS De Doh", "operator:type": null, "source": null, "healthcare": null, "name:fr": null, "addr:street": null, "description": null, "email": null, "opening_hours": null, "operator": null, "emergency": null, "healthcare:speciality": null, "website": null, "addr:city": null, "addr:housenumber": null, "phone": null, "name:en": null, "barrier": null, "waterway": null, "contact": null, "denomination": null, "religion": null, "building": null, "postal_code": null, "contact:phone": null, "note": null, "source:name": null, "addr:country": null, "addr:province": null, "wheelchair": null, "short_name": null, "start_date": null, "wikidata": null, "type": null }, "geometry": { "type": "Point", "coordinates": [ 1.9415842, 10.3396323 ] } },
{ "type": "Feature", "properties": { "element": "node", "id": 10540286812, "amenity": "hospital", "health_facility:type": null, "name": "Grâce a Jesus bohicon", "operator:type": null, "source": null, "healthcare": "hospital", "name:fr": null, "addr:street": null, "description": null, "email": null, "opening_hours": null, "operator": null, "emergency": null, "healthcare:speciality": null, "website": null, "addr:city": null, "addr:housenumber": null, "phone": null, "name:en": null, "barrier": null, "waterway": null, "contact": null, "denomination": null, "religion": null, "building": null, "postal_code": null, "contact:phone": null, "note": null, "source:name": null, "addr:country": null, "addr:province": null, "wheelchair": null, "short_name": null, "start_date": null, "wikidata": null, "type": null }, "geometry": { "type": "Point", "coordinates": [ 2.05898, 7.1926235 ] } },
{ "type": "Feature", "properties": { "element": "node", "id": 10567589904, "amenity": "hospital", "health_facility:type": null, "name": "Centre de santé", "operator:type": null, "source": null, "healthcare": null, "name:fr": null, "addr:street": null, "description": null, "email": null, "opening_hours": null, "operator": null, "emergency": null, "healthcare:speciality": null, "website": null, "addr:city": null, "addr:housenumber": null, "phone": null, "name:en": null, "barrier": null, "waterway": null, "contact": null, "denomination": null, "religion": null, "building": null, "postal_code": null, "contact:phone": null, "note": null, "source:name": null, "addr:country": null, "addr:province": null, "wheelchair": null, "short_name": null, "start_date": null, "wikidata": null, "type": null }, "geometry": { "type": "Point", "coordinates": [ 2.3177971, 11.1973173 ] } },
{ "type": "Feature", "properties": { "element": "node", "id": 10567609476, "amenity": "hospital", "health_facility:type": null, "name": "Complexe communal de santé de Patargo", "operator:type": null, "source": null, "healthcare": null, "name:fr": null, "addr:street": null, "description": null, "email": null, "opening_hours": null, "operator": null, "emergency": null, "healthcare:speciality": null, "website": null, "addr:city": null, "addr:housenumber": null, "phone": null, "name:en": null, "barrier": null, "waterway": null, "contact": null, "denomination": null, "religion": null, "building": null, "postal_code": null, "contact:phone": null, "note": null, "source:name": null, "addr:country": null, "addr:province": null, "wheelchair": null, "short_name": null, "start_date": null, "wikidata": null, "type": null }, "geometry": { "type": "Point", "coordinates": [ 1.904937, 9.5376951 ] } },
{ "type": "Feature", "properties": { "element": "node", "id": 10970235833, "amenity": "hospital", "health_facility:type": null, "name": "Centre de santé Tourou", "operator:type": null, "source": null, "healthcare": null, "name:fr": null, "addr:street": null, "description": null, "email": null, "opening_hours": null, "operator": null, "emergency": null, "healthcare:speciality": null, "website": null, "addr:city": null, "addr:housenumber": null, "phone": null, "name:en": null, "barrier": null, "waterway": null, "contact": null, "denomination": null, "religion": null, "building": null, "postal_code": null, "contact:phone": null, "note": null, "source:name": null, "addr:country": null, "addr:province": null, "wheelchair": null, "short_name": null, "start_date": null, "wikidata": null, "type": null }, "geometry": { "type": "Point", "coordinates": [ 2.5457438, 9.3468953 ] } },
{ "type": "Feature", "properties": { "element": "node", "id": 10970572902, "amenity": "hospital", "health_facility:type": null, "name": "Centre de santé Daagbé", "operator:type": null, "source": null, "healthcare": null, "name:fr": null, "addr:street": null, "description": null, "email": null, "opening_hours": null, "operator": null, "emergency": null, "healthcare:speciality": null, "website": null, "addr:city": null, "addr:housenumber": null, "phone": null, "name:en": null, "barrier": null, "waterway": null, "contact": null, "denomination": null, "religion": null, "building": null, "postal_code": null, "contact:phone": null, "note": null, "source:name": null, "addr:country": null, "addr:province": null, "wheelchair": null, "short_name": null, "start_date": null, "wikidata": null, "type": null }, "geometry": { "type": "Point", "coordinates": [ 2.699591, 6.5756925 ] } },
{ "type": "Feature", "properties": { "element": "node", "id": 10970594155, "amenity": "hospital", "health_facility:type": null, "name": "Centre de santé Gbahouété", "operator:type": null, "source": null, "healthcare": "hospital", "name:fr": null, "addr:street": null, "description": null, "email": null, "opening_hours": null, "operator": null, "emergency": null, "healthcare:speciality": null, "website": null, "addr:city": null, "addr:housenumber": null, "phone": null, "name:en": null, "barrier": null, "waterway": null, "contact": null, "denomination": null, "religion": null, "building": null, "postal_code": null, "contact:phone": null, "note": null, "source:name": null, "addr:country": null, "addr:province": null, "wheelchair": null, "short_name": null, "start_date": null, "wikidata": null, "type": null }, "geometry": { "type": "Point", "coordinates": [ 2.6004394, 7.0005453 ] } },
{ "type": "Feature", "properties": { "element": "node", "id": 10970595464, "amenity": "hospital", "health_facility:type": null, "name": "CSA de Béssè", "operator:type": null, "source": null, "healthcare": null, "name:fr": null, "addr:street": null, "description": null, "email": null, "opening_hours": null, "operator": null, "emergency": null, "healthcare:speciality": null, "website": null, "addr:city": null, "addr:housenumber": null, "phone": null, "name:en": null, "barrier": null, "waterway": null, "contact": null, "denomination": null, "religion": null, "building": null, "postal_code": null, "contact:phone": null, "note": null, "source:name": null, "addr:country": null, "addr:province": null, "wheelchair": null, "short_name": null, "start_date": null, "wikidata": null, "type": null }, "geometry": { "type": "Point", "coordinates": [ 2.5856047, 7.8167962 ] } },
{ "type": "Feature", "properties": { "element": "node", "id": 10970600511, "amenity": "hospital", "health_facility:type": null, "name": "CS Ganou", "operator:type": null, "source": null, "healthcare": null, "name:fr": null, "addr:street": null, "description": null, "email": null, "opening_hours": null, "operator": null, "emergency": null, "healthcare:speciality": null, "website": null, "addr:city": null, "addr:housenumber": null, "phone": null, "name:en": null, "barrier": null, "waterway": null, "contact": null, "denomination": null, "religion": null, "building": null, "postal_code": null, "contact:phone": null, "note": null, "source:name": null, "addr:country": null, "addr:province": null, "wheelchair": null, "short_name": null, "start_date": null, "wikidata": null, "type": null }, "geometry": { "type": "Point", "coordinates": [ 2.6225705, 9.3966679 ] } },
{ "type": "Feature", "properties": { "element": "node", "id": 10980362862, "amenity": "hospital", "health_facility:type": null, "name": "Clinique Dieu fera", "operator:type": null, "source": null, "healthcare": null, "name:fr": null, "addr:street": null, "description": null, "email": null, "opening_hours": "24/7", "operator": null, "emergency": null, "healthcare:speciality": null, "website": null, "addr:city": null, "addr:housenumber": null, "phone": "97677933", "name:en": null, "barrier": null, "waterway": null, "contact": null, "denomination": null, "religion": null, "building": null, "postal_code": null, "contact:phone": null, "note": null, "source:name": null, "addr:country": null, "addr:province": null, "wheelchair": null, "short_name": null, "start_date": null, "wikidata": null, "type": null }, "geometry": { "type": "Point", "coordinates": [ 2.6812114, 6.504798 ] } },
{ "type": "Feature", "properties": { "element": "node", "id": 10980403918, "amenity": "hospital", "health_facility:type": null, "name": "Centre de santé Communal adjarra I", "operator:type": null, "source": null, "healthcare": null, "name:fr": null, "addr:street": null, "description": null, "email": null, "opening_hours": null, "operator": null, "emergency": null, "healthcare:speciality": null, "website": null, "addr:city": null, "addr:housenumber": null, "phone": null, "name:en": null, "barrier": null, "waterway": null, "contact": null, "denomination": null, "religion": null, "building": null, "postal_code": null, "contact:phone": null, "note": null, "source:name": null, "addr:country": null, "addr:province": null, "wheelchair": null, "short_name": null, "start_date": null, "wikidata": null, "type": null }, "geometry": { "type": "Point", "coordinates": [ 2.65971, 6.5334696 ] } },
{ "type": "Feature", "properties": { "element": "node", "id": 10980415708, "amenity": "hospital", "health_facility:type": null, "name": "Centre de santé Communal adjarra dispensaire", "operator:type": null, "source": null, "healthcare": null, "name:fr": null, "addr:street": null, "description": null, "email": null, "opening_hours": null, "operator": null, "emergency": null, "healthcare:speciality": null, "website": null, "addr:city": null, "addr:housenumber": null, "phone": null, "name:en": null, "barrier": null, "waterway": null, "contact": null, "denomination": null, "religion": null, "building": null, "postal_code": null, "contact:phone": null, "note": null, "source:name": null, "addr:country": null, "addr:province": null, "wheelchair": null, "short_name": null, "start_date": null, "wikidata": null, "type": null }, "geometry": { "type": "Point", "coordinates": [ 2.6598112, 6.5338976 ] } },
{ "type": "Feature", "properties": { "element": "node", "id": 10980481851, "amenity": "hospital", "health_facility:type": null, "name": "Centre de santé de tchakou", "operator:type": null, "source": null, "healthcare": null, "name:fr": null, "addr:street": null, "description": null, "email": null, "opening_hours": null, "operator": null, "emergency": null, "healthcare:speciality": null, "website": null, "addr:city": null, "addr:housenumber": null, "phone": null, "name:en": null, "barrier": null, "waterway": null, "contact": null, "denomination": null, "religion": null, "building": null, "postal_code": null, "contact:phone": null, "note": null, "source:name": null, "addr:country": null, "addr:province": null, "wheelchair": null, "short_name": null, "start_date": null, "wikidata": null, "type": null }, "geometry": { "type": "Point", "coordinates": [ 2.7087503, 6.4809833 ] } },
{ "type": "Feature", "properties": { "element": "node", "id": 10990071259, "amenity": "hospital", "health_facility:type": null, "name": "Clinique d'accouchement Sainte Cécile", "operator:type": null, "source": null, "healthcare": null, "name:fr": null, "addr:street": null, "description": null, "email": null, "opening_hours": null, "operator": null, "emergency": null, "healthcare:speciality": null, "website": null, "addr:city": null, "addr:housenumber": null, "phone": null, "name:en": null, "barrier": null, "waterway": null, "contact": null, "denomination": null, "religion": null, "building": null, "postal_code": null, "contact:phone": null, "note": null, "source:name": null, "addr:country": null, "addr:province": null, "wheelchair": null, "short_name": null, "start_date": null, "wikidata": null, "type": null }, "geometry": { "type": "Point", "coordinates": [ 2.6561331, 6.5092447 ] } },
{ "type": "Feature", "properties": { "element": "node", "id": 10990127893, "amenity": "hospital", "health_facility:type": null, "name": "Centre de santé de mededjonou", "operator:type": null, "source": null, "healthcare": "hospital", "name:fr": null, "addr:street": null, "description": null, "email": null, "opening_hours": null, "operator": null, "emergency": null, "healthcare:speciality": null, "website": null, "addr:city": null, "addr:housenumber": null, "phone": null, "name:en": null, "barrier": null, "waterway": null, "contact": null, "denomination": null, "religion": null, "building": null, "postal_code": null, "contact:phone": null, "note": null, "source:name": null, "addr:country": null, "addr:province": null, "wheelchair": null, "short_name": null, "start_date": null, "wikidata": null, "type": null }, "geometry": { "type": "Point", "coordinates": [ 2.6978899, 6.5009786 ] } },
{ "type": "Feature", "properties": { "element": "node", "id": 10990157994, "amenity": "hospital", "health_facility:type": null, "name": "Cabinet médical \"ab santé life plus\"", "operator:type": null, "source": null, "healthcare": "hospital", "name:fr": null, "addr:street": null, "description": null, "email": null, "opening_hours": null, "operator": null, "emergency": null, "healthcare:speciality": null, "website": null, "addr:city": null, "addr:housenumber": null, "phone": null, "name:en": null, "barrier": null, "waterway": null, "contact": null, "denomination": null, "religion": null, "building": null, "postal_code": null, "contact:phone": null, "note": null, "source:name": null, "addr:country": null, "addr:province": null, "wheelchair": null, "short_name": null, "start_date": null, "wikidata": null, "type": null }, "geometry": { "type": "Point", "coordinates": [ 2.6587898, 6.5229159 ] } },
{ "type": "Feature", "properties": { "element": "node", "id": 10990239442, "amenity": "hospital", "health_facility:type": null, "name": "Clinique fingnon", "operator:type": null, "source": null, "healthcare": "hospital", "name:fr": null, "addr:street": null, "description": null, "email": null, "opening_hours": null, "operator": null, "emergency": null, "healthcare:speciality": null, "website": null, "addr:city": null, "addr:housenumber": null, "phone": "65538484", "name:en": null, "barrier": null, "waterway": null, "contact": null, "denomination": null, "religion": null, "building": null, "postal_code": null, "contact:phone": null, "note": null, "source:name": null, "addr:country": null, "addr:province": null, "wheelchair": null, "short_name": null, "start_date": null, "wikidata": null, "type": null }, "geometry": { "type": "Point", "coordinates": [ 2.667543, 6.5282482 ] } },
{ "type": "Feature", "properties": { "element": "node", "id": 10990246789, "amenity": "hospital", "health_facility:type": null, "name": "Ong cœur a cœur", "operator:type": null, "source": null, "healthcare": "hospital", "name:fr": null, "addr:street": null, "description": "Centre de récupération nutritionnels", "email": null, "opening_hours": null, "operator": null, "emergency": null, "healthcare:speciality": null, "website": null, "addr:city": null, "addr:housenumber": null, "phone": "66051878", "name:en": null, "barrier": null, "waterway": null, "contact": null, "denomination": null, "religion": null, "building": null, "postal_code": null, "contact:phone": null, "note": null, "source:name": null, "addr:country": null, "addr:province": null, "wheelchair": null, "short_name": null, "start_date": null, "wikidata": null, "type": null }, "geometry": { "type": "Point", "coordinates": [ 2.6713305, 6.5266657 ] } },
{ "type": "Feature", "properties": { "element": "node", "id": 10990256461, "amenity": "hospital", "health_facility:type": null, "name": "Ong enantche", "operator:type": null, "source": null, "healthcare": "hospital", "name:fr": null, "addr:street": null, "description": null, "email": null, "opening_hours": null, "operator": null, "emergency": null, "healthcare:speciality": null, "website": null, "addr:city": null, "addr:housenumber": null, "phone": "97225444", "name:en": null, "barrier": null, "waterway": null, "contact": null, "denomination": null, "religion": null, "building": null, "postal_code": null, "contact:phone": null, "note": null, "source:name": null, "addr:country": null, "addr:province": null, "wheelchair": null, "short_name": null, "start_date": null, "wikidata": null, "type": null }, "geometry": { "type": "Point", "coordinates": [ 2.6670225, 6.5296363 ] } },
{ "type": "Feature", "properties": { "element": "node", "id": 10992660292, "amenity": "hospital", "health_facility:type": null, "name": "Grisseur des os", "operator:type": null, "source": null, "healthcare": null, "name:fr": null, "addr:street": null, "description": null, "email": null, "opening_hours": null, "operator": null, "emergency": null, "healthcare:speciality": null, "website": null, "addr:city": null, "addr:housenumber": null, "phone": null, "name:en": null, "barrier": null, "waterway": null, "contact": null, "denomination": null, "religion": null, "building": null, "postal_code": null, "contact:phone": null, "note": null, "source:name": null, "addr:country": null, "addr:province": null, "wheelchair": null, "short_name": null, "start_date": null, "wikidata": null, "type": null }, "geometry": { "type": "Point", "coordinates": [ 2.6664157, 6.4896792 ] } },
{ "type": "Feature", "properties": { "element": "node", "id": 10992666396, "amenity": "hospital", "health_facility:type": null, "name": "Voudoun R Gemy", "operator:type": null, "source": null, "healthcare": null, "name:fr": null, "addr:street": null, "description": null, "email": null, "opening_hours": null, "operator": null, "emergency": null, "healthcare:speciality": null, "website": null, "addr:city": null, "addr:housenumber": null, "phone": "97538909", "name:en": null, "barrier": null, "waterway": null, "contact": null, "denomination": null, "religion": null, "building": null, "postal_code": null, "contact:phone": null, "note": null, "source:name": null, "addr:country": null, "addr:province": null, "wheelchair": null, "short_name": null, "start_date": null, "wikidata": null, "type": null }, "geometry": { "type": "Point", "coordinates": [ 2.6657478, 6.4899703 ] } },
{ "type": "Feature", "properties": { "element": "node", "id": 10992697923, "amenity": "hospital", "health_facility:type": null, "name": "Zone sanitaire 3A", "operator:type": null, "source": null, "healthcare": null, "name:fr": null, "addr:street": null, "description": null, "email": null, "opening_hours": null, "operator": null, "emergency": null, "healthcare:speciality": null, "website": null, "addr:city": null, "addr:housenumber": null, "phone": "67670785", "name:en": null, "barrier": null, "waterway": null, "contact": null, "denomination": null, "religion": null, "building": null, "postal_code": null, "contact:phone": null, "note": null, "source:name": null, "addr:country": null, "addr:province": null, "wheelchair": null, "short_name": null, "start_date": null, "wikidata": null, "type": null }, "geometry": { "type": "Point", "coordinates": [ 2.6619863, 6.4887396 ] } },
{ "type": "Feature", "properties": { "element": "node", "id": 11071056105, "amenity": "hospital", "health_facility:type": null, "name": "CS GANLONONCODJI", "operator:type": null, "source": null, "healthcare": null, "name:fr": null, "addr:street": null, "description": null, "email": null, "opening_hours": null, "operator": null, "emergency": null, "healthcare:speciality": null, "website": null, "addr:city": null, "addr:housenumber": null, "phone": null, "name:en": null, "barrier": null, "waterway": null, "contact": null, "denomination": null, "religion": null, "building": null, "postal_code": null, "contact:phone": null, "note": null, "source:name": null, "addr:country": null, "addr:province": null, "wheelchair": null, "short_name": null, "start_date": null, "wikidata": null, "type": null }, "geometry": { "type": "Point", "coordinates": [ 2.0804626, 6.3528544 ] } },
{ "type": "Feature", "properties": { "element": "node", "id": 11071097106, "amenity": "hospital", "health_facility:type": null, "name": "CS HOUAKPE DAHO", "operator:type": null, "source": null, "healthcare": null, "name:fr": null, "addr:street": null, "description": null, "email": null, "opening_hours": null, "operator": null, "emergency": null, "healthcare:speciality": null, "website": null, "addr:city": null, "addr:housenumber": null, "phone": null, "name:en": null, "barrier": null, "waterway": null, "contact": null, "denomination": null, "religion": null, "building": null, "postal_code": null, "contact:phone": null, "note": null, "source:name": null, "addr:country": null, "addr:province": null, "wheelchair": null, "short_name": null, "start_date": null, "wikidata": null, "type": null }, "geometry": { "type": "Point", "coordinates": [ 2.0302272, 6.3218255 ] } },
{ "type": "Feature", "properties": { "element": "node", "id": 11071174805, "amenity": "hospital", "health_facility:type": null, "name": "CS DJONJI OUIDAH", "operator:type": null, "source": null, "healthcare": null, "name:fr": null, "addr:street": null, "description": null, "email": null, "opening_hours": null, "operator": null, "emergency": null, "healthcare:speciality": null, "website": null, "addr:city": null, "addr:housenumber": null, "phone": null, "name:en": null, "barrier": null, "waterway": null, "contact": null, "denomination": null, "religion": null, "building": null, "postal_code": null, "contact:phone": null, "note": null, "source:name": null, "addr:country": null, "addr:province": null, "wheelchair": null, "short_name": null, "start_date": null, "wikidata": null, "type": null }, "geometry": { "type": "Point", "coordinates": [ 1.9516185, 6.3802754 ] } },
{ "type": "Feature", "properties": { "element": "node", "id": 11078450605, "amenity": "hospital", "health_facility:type": null, "name": "CS AGONKANME", "operator:type": null, "source": null, "healthcare": null, "name:fr": null, "addr:street": null, "description": null, "email": null, "opening_hours": null, "operator": null, "emergency": null, "healthcare:speciality": null, "website": null, "addr:city": null, "addr:housenumber": null, "phone": null, "name:en": null, "barrier": null, "waterway": null, "contact": null, "denomination": null, "religion": null, "building": null, "postal_code": null, "contact:phone": null, "note": null, "source:name": null, "addr:country": null, "addr:province": null, "wheelchair": null, "short_name": null, "start_date": null, "wikidata": null, "type": null }, "geometry": { "type": "Point", "coordinates": [ 2.0054367, 6.3870516 ] } },
{ "type": "Feature", "properties": { "element": "node", "id": 11078500705, "amenity": "hospital", "health_facility:type": null, "name": "CS SEGBOHOUE", "operator:type": null, "source": null, "healthcare": null, "name:fr": null, "addr:street": null, "description": null, "email": null, "opening_hours": null, "operator": null, "emergency": null, "healthcare:speciality": null, "website": null, "addr:city": null, "addr:housenumber": null, "phone": null, "name:en": null, "barrier": null, "waterway": null, "contact": null, "denomination": null, "religion": null, "building": null, "postal_code": null, "contact:phone": null, "note": null, "source:name": null, "addr:country": null, "addr:province": null, "wheelchair": null, "short_name": null, "start_date": null, "wikidata": null, "type": null }, "geometry": { "type": "Point", "coordinates": [ 1.9662897, 6.4001697 ] } },
{ "type": "Feature", "properties": { "element": "node", "id": 11078514005, "amenity": "hospital", "health_facility:type": null, "name": "Csak Agbanto", "operator:type": null, "source": null, "healthcare": "hospital", "name:fr": null, "addr:street": null, "description": null, "email": null, "opening_hours": null, "operator": null, "emergency": null, "healthcare:speciality": null, "website": null, "addr:city": null, "addr:housenumber": null, "phone": null, "name:en": null, "barrier": null, "waterway": null, "contact": null, "denomination": null, "religion": null, "building": null, "postal_code": null, "contact:phone": null, "note": null, "source:name": null, "addr:country": null, "addr:province": null, "wheelchair": null, "short_name": null, "start_date": null, "wikidata": null, "type": null }, "geometry": { "type": "Point", "coordinates": [ 1.890846, 6.4017814 ] } },
{ "type": "Feature", "properties": { "element": "node", "id": 11102238605, "amenity": "hospital", "health_facility:type": null, "name": "CS KPOMASSE CENTRE", "operator:type": null, "source": null, "healthcare": null, "name:fr": null, "addr:street": null, "description": null, "email": null, "opening_hours": null, "operator": null, "emergency": null, "healthcare:speciality": null, "website": null, "addr:city": null, "addr:housenumber": null, "phone": null, "name:en": null, "barrier": null, "waterway": null, "contact": null, "denomination": null, "religion": null, "building": null, "postal_code": null, "contact:phone": null, "note": null, "source:name": null, "addr:country": null, "addr:province": null, "wheelchair": null, "short_name": null, "start_date": null, "wikidata": null, "type": null }, "geometry": { "type": "Point", "coordinates": [ 2.0066606, 6.4469202 ] } },
{ "type": "Feature", "properties": { "element": "node", "id": 11228710703, "amenity": "hospital", "health_facility:type": null, "name": "Centre De Sante Communal Adjarra 1", "operator:type": null, "source": null, "healthcare": null, "name:fr": null, "addr:street": null, "description": null, "email": null, "opening_hours": null, "operator": null, "emergency": null, "healthcare:speciality": null, "website": null, "addr:city": null, "addr:housenumber": null, "phone": null, "name:en": null, "barrier": null, "waterway": null, "contact": "20274125", "denomination": null, "religion": null, "building": null, "postal_code": null, "contact:phone": null, "note": null, "source:name": null, "addr:country": null, "addr:province": null, "wheelchair": null, "short_name": null, "start_date": null, "wikidata": null, "type": null }, "geometry": { "type": "Point", "coordinates": [ 2.6596506, 6.533533 ] } },
{ "type": "Feature", "properties": { "element": "node", "id": 11494372269, "amenity": "hospital", "health_facility:type": null, "name": "Centre de Santé Djeregbe", "operator:type": null, "source": null, "healthcare": null, "name:fr": null, "addr:street": null, "description": null, "email": null, "opening_hours": null, "operator": null, "emergency": null, "healthcare:speciality": null, "website": null, "addr:city": null, "addr:housenumber": null, "phone": null, "name:en": null, "barrier": null, "waterway": null, "contact": null, "denomination": null, "religion": null, "building": null, "postal_code": null, "contact:phone": null, "note": null, "source:name": null, "addr:country": null, "addr:province": null, "wheelchair": null, "short_name": null, "start_date": null, "wikidata": null, "type": null }, "geometry": { "type": "Point", "coordinates": [ 2.6247816, 6.4252705 ] } },
{ "type": "Feature", "properties": { "element": "node", "id": 11938942062, "amenity": "hospital", "health_facility:type": null, "name": "Clinique Rapha", "operator:type": null, "source": null, "healthcare": "hospital", "name:fr": null, "addr:street": null, "description": null, "email": null, "opening_hours": null, "operator": null, "emergency": null, "healthcare:speciality": null, "website": null, "addr:city": null, "addr:housenumber": null, "phone": null, "name:en": null, "barrier": null, "waterway": null, "contact": null, "denomination": null, "religion": null, "building": null, "postal_code": null, "contact:phone": null, "note": null, "source:name": null, "addr:country": null, "addr:province": null, "wheelchair": null, "short_name": null, "start_date": null, "wikidata": null, "type": null }, "geometry": { "type": "Point", "coordinates": [ 2.6202118, 6.4899935 ] } },
{ "type": "Feature", "properties": { "element": "node", "id": 11945881488, "amenity": "hospital", "health_facility:type": null, "name": "Centre ophtalmologie de Boko 1", "operator:type": null, "source": null, "healthcare": null, "name:fr": null, "addr:street": null, "description": null, "email": null, "opening_hours": null, "operator": null, "emergency": null, "healthcare:speciality": null, "website": null, "addr:city": null, "addr:housenumber": null, "phone": null, "name:en": null, "barrier": null, "waterway": null, "contact": null, "denomination": null, "religion": null, "building": null, "postal_code": null, "contact:phone": null, "note": null, "source:name": null, "addr:country": null, "addr:province": null, "wheelchair": null, "short_name": null, "start_date": null, "wikidata": null, "type": null }, "geometry": { "type": "Point", "coordinates": [ 2.6329658, 9.4620529 ] } },
{ "type": "Feature", "properties": { "element": "node", "id": 12061584841, "amenity": "hospital", "health_facility:type": null, "name": "Clinique", "operator:type": null, "source": null, "healthcare": null, "name:fr": null, "addr:street": null, "description": null, "email": null, "opening_hours": null, "operator": null, "emergency": null, "healthcare:speciality": null, "website": null, "addr:city": null, "addr:housenumber": null, "phone": null, "name:en": null, "barrier": null, "waterway": null, "contact": null, "denomination": null, "religion": null, "building": null, "postal_code": null, "contact:phone": null, "note": null, "source:name": null, "addr:country": null, "addr:province": null, "wheelchair": null, "short_name": null, "start_date": null, "wikidata": null, "type": null }, "geometry": { "type": "Point", "coordinates": [ 2.3354356, 6.4224474 ] } },
{ "type": "Feature", "properties": { "element": "node", "id": 12061609580, "amenity": "hospital", "health_facility:type": null, "name": "Centre de santé de hinvi", "operator:type": null, "source": null, "healthcare": null, "name:fr": null, "addr:street": null, "description": null, "email": null, "opening_hours": null, "operator": null, "emergency": null, "healthcare:speciality": null, "website": null, "addr:city": null, "addr:housenumber": null, "phone": null, "name:en": null, "barrier": null, "waterway": null, "contact": null, "denomination": null, "religion": null, "building": null, "postal_code": null, "contact:phone": null, "note": null, "source:name": null, "addr:country": null, "addr:province": null, "wheelchair": null, "short_name": null, "start_date": null, "wikidata": null, "type": null }, "geometry": { "type": "Point", "coordinates": [ 2.1691366, 6.7694566 ] } },
{ "type": "Feature", "properties": { "element": "node", "id": 12061618520, "amenity": "hospital", "health_facility:type": null, "name": "Centre de kinésithérapie", "operator:type": null, "source": null, "healthcare": null, "name:fr": null, "addr:street": null, "description": null, "email": null, "opening_hours": null, "operator": null, "emergency": null, "healthcare:speciality": null, "website": null, "addr:city": null, "addr:housenumber": null, "phone": "64311518", "name:en": null, "barrier": null, "waterway": null, "contact": null, "denomination": null, "religion": null, "building": null, "postal_code": null, "contact:phone": null, "note": null, "source:name": null, "addr:country": null, "addr:province": null, "wheelchair": null, "short_name": null, "start_date": null, "wikidata": null, "type": null }, "geometry": { "type": "Point", "coordinates": [ 2.3235717, 6.4213126 ] } },
{ "type": "Feature", "properties": { "element": "node", "id": 12061666454, "amenity": "hospital", "health_facility:type": null, "name": "Clinique SAINT PIERRE", "operator:type": null, "source": null, "healthcare": "hospital", "name:fr": null, "addr:street": null, "description": null, "email": null, "opening_hours": null, "operator": null, "emergency": null, "healthcare:speciality": null, "website": null, "addr:city": null, "addr:housenumber": "BP66 Allada", "phone": "97332800", "name:en": null, "barrier": null, "waterway": null, "contact": null, "denomination": null, "religion": null, "building": null, "postal_code": null, "contact:phone": null, "note": null, "source:name": null, "addr:country": null, "addr:province": null, "wheelchair": null, "short_name": null, "start_date": null, "wikidata": null, "type": null }, "geometry": { "type": "Point", "coordinates": [ 2.1491446, 6.6698808 ] } },
{ "type": "Feature", "properties": { "element": "node", "id": 12062913330, "amenity": "hospital", "health_facility:type": null, "name": "Centre de Santé de Hinvi", "operator:type": null, "source": null, "healthcare": null, "name:fr": null, "addr:street": null, "description": null, "email": null, "opening_hours": null, "operator": null, "emergency": null, "healthcare:speciality": null, "website": null, "addr:city": null, "addr:housenumber": null, "phone": null, "name:en": null, "barrier": null, "waterway": null, "contact": null, "denomination": null, "religion": null, "building": null, "postal_code": null, "contact:phone": null, "note": null, "source:name": null, "addr:country": null, "addr:province": null, "wheelchair": null, "short_name": null, "start_date": null, "wikidata": null, "type": null }, "geometry": { "type": "Point", "coordinates": [ 2.1692949, 6.7698066 ] } },
{ "type": "Feature", "properties": { "element": "node", "id": 12063364904, "amenity": "hospital", "health_facility:type": null, "name": "Centre de santé D'ATTOGON", "operator:type": null, "source": null, "healthcare": "hospital", "name:fr": null, "addr:street": null, "description": null, "email": null, "opening_hours": null, "operator": null, "emergency": null, "healthcare:speciality": null, "website": null, "addr:city": null, "addr:housenumber": null, "phone": null, "name:en": null, "barrier": null, "waterway": null, "contact": null, "denomination": null, "religion": null, "building": null, "postal_code": null, "contact:phone": null, "note": null, "source:name": null, "addr:country": null, "addr:province": null, "wheelchair": null, "short_name": null, "start_date": null, "wikidata": null, "type": null }, "geometry": { "type": "Point", "coordinates": [ 2.1619011, 6.7250813 ] } },
{ "type": "Feature", "properties": { "element": "node", "id": 12125307694, "amenity": "hospital", "health_facility:type": null, "name": "Maison Saint Jean de Dieu", "operator:type": null, "source": null, "healthcare": null, "name:fr": null, "addr:street": null, "description": null, "email": null, "opening_hours": null, "operator": null, "emergency": null, "healthcare:speciality": null, "website": null, "addr:city": null, "addr:housenumber": null, "phone": null, "name:en": null, "barrier": null, "waterway": null, "contact": null, "denomination": "catholic", "religion": "christian", "building": null, "postal_code": null, "contact:phone": null, "note": null, "source:name": null, "addr:country": null, "addr:province": null, "wheelchair": null, "short_name": null, "start_date": null, "wikidata": null, "type": null }, "geometry": { "type": "Point", "coordinates": [ 2.3899426, 6.3679227 ] } },
{ "type": "Feature", "properties": { "element": "node", "id": 12146118424, "amenity": "hospital", "health_facility:type": null, "name": "Maternité", "operator:type": null, "source": null, "healthcare": null, "name:fr": null, "addr:street": null, "description": null, "email": null, "opening_hours": null, "operator": null, "emergency": null, "healthcare:speciality": null, "website": null, "addr:city": null, "addr:housenumber": null, "phone": null, "name:en": null, "barrier": null, "waterway": null, "contact": null, "denomination": null, "religion": null, "building": null, "postal_code": null, "contact:phone": null, "note": null, "source:name": null, "addr:country": null, "addr:province": null, "wheelchair": null, "short_name": null, "start_date": null, "wikidata": null, "type": null }, "geometry": { "type": "Point", "coordinates": [ 2.5882187, 6.5940604 ] } },
{ "type": "Feature", "properties": { "element": "node", "id": 12146134116, "amenity": "hospital", "health_facility:type": null, "name": "ONG action prospérité et bien être social", "operator:type": null, "source": null, "healthcare": "hospital", "name:fr": null, "addr:street": null, "description": null, "email": null, "opening_hours": null, "operator": null, "emergency": null, "healthcare:speciality": null, "website": null, "addr:city": null, "addr:housenumber": null, "phone": "66086767", "name:en": null, "barrier": null, "waterway": null, "contact": null, "denomination": null, "religion": null, "building": null, "postal_code": null, "contact:phone": null, "note": null, "source:name": null, "addr:country": null, "addr:province": null, "wheelchair": null, "short_name": null, "start_date": null, "wikidata": null, "type": null }, "geometry": { "type": "Point", "coordinates": [ 2.5924321, 6.5378347 ] } },
{ "type": "Feature", "properties": { "element": "node", "id": 12146145498, "amenity": "hospital", "health_facility:type": null, "name": "Cabinet de soins le bon secours", "operator:type": null, "source": null, "healthcare": "hospital", "name:fr": null, "addr:street": null, "description": null, "email": null, "opening_hours": null, "operator": null, "emergency": null, "healthcare:speciality": null, "website": null, "addr:city": null, "addr:housenumber": null, "phone": "97442699", "name:en": null, "barrier": null, "waterway": null, "contact": null, "denomination": null, "religion": null, "building": null, "postal_code": null, "contact:phone": null, "note": null, "source:name": null, "addr:country": null, "addr:province": null, "wheelchair": null, "short_name": null, "start_date": null, "wikidata": null, "type": null }, "geometry": { "type": "Point", "coordinates": [ 2.5896331, 6.5420345 ] } },
{ "type": "Feature", "properties": { "element": "node", "id": 12146158802, "amenity": "hospital", "health_facility:type": null, "name": "Clinique centrale de l'oueme \"Clinico\"", "operator:type": null, "source": null, "healthcare": "hospital", "name:fr": null, "addr:street": null, "description": null, "email": null, "opening_hours": null, "operator": null, "emergency": null, "healthcare:speciality": null, "website": null, "addr:city": null, "addr:housenumber": null, "phone": null, "name:en": null, "barrier": null, "waterway": null, "contact": null, "denomination": null, "religion": null, "building": null, "postal_code": null, "contact:phone": null, "note": null, "source:name": null, "addr:country": null, "addr:province": null, "wheelchair": null, "short_name": null, "start_date": null, "wikidata": null, "type": null }, "geometry": { "type": "Point", "coordinates": [ 2.5900741, 6.5390171 ] } },
{ "type": "Feature", "properties": { "element": "node", "id": 12159541540, "amenity": "hospital", "health_facility:type": null, "name": "Cabinet de soins santé ALAFIA-DOGBOTIN KPANKOU", "operator:type": null, "source": null, "healthcare": null, "name:fr": null, "addr:street": null, "description": null, "email": null, "opening_hours": null, "operator": null, "emergency": null, "healthcare:speciality": null, "website": null, "addr:city": null, "addr:housenumber": null, "phone": null, "name:en": null, "barrier": null, "waterway": null, "contact": null, "denomination": null, "religion": null, "building": null, "postal_code": null, "contact:phone": null, "note": null, "source:name": null, "addr:country": null, "addr:province": null, "wheelchair": null, "short_name": null, "start_date": null, "wikidata": null, "type": null }, "geometry": { "type": "Point", "coordinates": [ 2.5915203, 7.3378447 ] } },
{ "type": "Feature", "properties": { "element": "node", "id": 12193119467, "amenity": "hospital", "health_facility:type": null, "name": "Centre de santé", "operator:type": null, "source": null, "healthcare": "hospital", "name:fr": null, "addr:street": null, "description": null, "email": null, "opening_hours": null, "operator": null, "emergency": null, "healthcare:speciality": null, "website": null, "addr:city": null, "addr:housenumber": null, "phone": null, "name:en": null, "barrier": null, "waterway": null, "contact": null, "denomination": null, "religion": null, "building": null, "postal_code": null, "contact:phone": null, "note": null, "source:name": null, "addr:country": null, "addr:province": null, "wheelchair": null, "short_name": null, "start_date": null, "wikidata": null, "type": null }, "geometry": { "type": "Point", "coordinates": [ 2.6349923, 9.7892269 ] } },
{ "type": "Feature", "properties": { "element": "node", "id": 12195224935, "amenity": "hospital", "health_facility:type": null, "name": "Centre de santé", "operator:type": null, "source": null, "healthcare": null, "name:fr": null, "addr:street": null, "description": null, "email": null, "opening_hours": null, "operator": null, "emergency": null, "healthcare:speciality": null, "website": null, "addr:city": null, "addr:housenumber": null, "phone": null, "name:en": null, "barrier": null, "waterway": null, "contact": null, "denomination": null, "religion": null, "building": null, "postal_code": null, "contact:phone": null, "note": null, "source:name": null, "addr:country": null, "addr:province": null, "wheelchair": null, "short_name": null, "start_date": null, "wikidata": null, "type": null }, "geometry": { "type": "Point", "coordinates": [ 2.4402451, 9.7477426 ] } },
{ "type": "Feature", "properties": { "element": "node", "id": 12198973678, "amenity": "hospital", "health_facility:type": null, "name": "Centre de santé", "operator:type": null, "source": null, "healthcare": null, "name:fr": null, "addr:street": null, "description": null, "email": null, "opening_hours": null, "operator": null, "emergency": null, "healthcare:speciality": null, "website": null, "addr:city": null, "addr:housenumber": null, "phone": null, "name:en": null, "barrier": null, "waterway": null, "contact": null, "denomination": null, "religion": null, "building": null, "postal_code": null, "contact:phone": null, "note": null, "source:name": null, "addr:country": null, "addr:province": null, "wheelchair": null, "short_name": null, "start_date": null, "wikidata": null, "type": null }, "geometry": { "type": "Point", "coordinates": [ 2.5988807, 8.8801477 ] } },
{ "type": "Feature", "properties": { "element": "node", "id": 12247769357, "amenity": "hospital", "health_facility:type": null, "name": "Hôpital Saint Joseph", "operator:type": null, "source": null, "healthcare": null, "name:fr": null, "addr:street": null, "description": null, "email": null, "opening_hours": null, "operator": null, "emergency": null, "healthcare:speciality": null, "website": null, "addr:city": null, "addr:housenumber": null, "phone": null, "name:en": null, "barrier": null, "waterway": null, "contact": null, "denomination": null, "religion": null, "building": null, "postal_code": null, "contact:phone": null, "note": null, "source:name": null, "addr:country": null, "addr:province": null, "wheelchair": null, "short_name": null, "start_date": null, "wikidata": null, "type": null }, "geometry": { "type": "Point", "coordinates": [ 2.4325956, 7.1554036 ] } },
{ "type": "Feature", "properties": { "element": "node", "id": 12247822828, "amenity": "hospital", "health_facility:type": null, "name": "Centre de santé", "operator:type": null, "source": null, "healthcare": null, "name:fr": null, "addr:street": null, "description": null, "email": null, "opening_hours": null, "operator": null, "emergency": null, "healthcare:speciality": null, "website": null, "addr:city": null, "addr:housenumber": null, "phone": null, "name:en": null, "barrier": null, "waterway": null, "contact": null, "denomination": null, "religion": null, "building": null, "postal_code": null, "contact:phone": null, "note": null, "source:name": null, "addr:country": null, "addr:province": null, "wheelchair": null, "short_name": null, "start_date": null, "wikidata": null, "type": null }, "geometry": { "type": "Point", "coordinates": [ 2.4451157, 7.1355011 ] } },
{ "type": "Feature", "properties": { "element": "node", "id": 12247823892, "amenity": "hospital", "health_facility:type": null, "name": "Maternité", "operator:type": null, "source": null, "healthcare": null, "name:fr": null, "addr:street": null, "description": null, "email": null, "opening_hours": null, "operator": null, "emergency": null, "healthcare:speciality": null, "website": null, "addr:city": null, "addr:housenumber": null, "phone": null, "name:en": null, "barrier": null, "waterway": null, "contact": null, "denomination": null, "religion": null, "building": null, "postal_code": null, "contact:phone": null, "note": null, "source:name": null, "addr:country": null, "addr:province": null, "wheelchair": null, "short_name": null, "start_date": null, "wikidata": null, "type": null }, "geometry": { "type": "Point", "coordinates": [ 2.4320044, 7.1534481 ] } },
{ "type": "Feature", "properties": { "element": "node", "id": 12247828728, "amenity": "hospital", "health_facility:type": null, "name": "Centre de santé", "operator:type": null, "source": null, "healthcare": null, "name:fr": null, "addr:street": null, "description": null, "email": null, "opening_hours": null, "operator": null, "emergency": null, "healthcare:speciality": null, "website": null, "addr:city": null, "addr:housenumber": null, "phone": null, "name:en": null, "barrier": null, "waterway": null, "contact": null, "denomination": null, "religion": null, "building": null, "postal_code": null, "contact:phone": null, "note": null, "source:name": null, "addr:country": null, "addr:province": null, "wheelchair": null, "short_name": null, "start_date": null, "wikidata": null, "type": null }, "geometry": { "type": "Point", "coordinates": [ 2.4988, 7.1649497 ] } },
{ "type": "Feature", "properties": { "element": "node", "id": 12255864949, "amenity": "hospital", "health_facility:type": null, "name": "CHD zou et collines", "operator:type": null, "source": null, "healthcare": "hospital", "name:fr": null, "addr:street": null, "description": null, "email": null, "opening_hours": null, "operator": null, "emergency": null, "healthcare:speciality": null, "website": null, "addr:city": null, "addr:housenumber": null, "phone": null, "name:en": null, "barrier": null, "waterway": null, "contact": null, "denomination": null, "religion": null, "building": null, "postal_code": null, "contact:phone": null, "note": null, "source:name": null, "addr:country": null, "addr:province": null, "wheelchair": null, "short_name": null, "start_date": null, "wikidata": null, "type": null }, "geometry": { "type": "Point", "coordinates": [ 2.0180553, 7.1820863 ] } },
{ "type": "Feature", "properties": { "element": "node", "id": 12255864950, "amenity": "hospital", "health_facility:type": null, "name": "Dispensaire ouassaho", "operator:type": null, "source": null, "healthcare": "hospital", "name:fr": null, "addr:street": null, "description": null, "email": null, "opening_hours": null, "operator": null, "emergency": null, "healthcare:speciality": null, "website": null, "addr:city": null, "addr:housenumber": null, "phone": null, "name:en": null, "barrier": null, "waterway": null, "contact": null, "denomination": null, "religion": null, "building": null, "postal_code": null, "contact:phone": null, "note": null, "source:name": null, "addr:country": null, "addr:province": null, "wheelchair": null, "short_name": null, "start_date": null, "wikidata": null, "type": null }, "geometry": { "type": "Point", "coordinates": [ 2.045757, 7.1518208 ] } },
{ "type": "Feature", "properties": { "element": "node", "id": 12255878546, "amenity": "hospital", "health_facility:type": null, "name": "Centre de santé d'arrondissement", "operator:type": null, "source": null, "healthcare": "hospital", "name:fr": null, "addr:street": null, "description": null, "email": null, "opening_hours": null, "operator": null, "emergency": null, "healthcare:speciality": null, "website": null, "addr:city": null, "addr:housenumber": null, "phone": null, "name:en": null, "barrier": null, "waterway": null, "contact": null, "denomination": null, "religion": null, "building": null, "postal_code": null, "contact:phone": null, "note": null, "source:name": null, "addr:country": null, "addr:province": null, "wheelchair": null, "short_name": null, "start_date": null, "wikidata": null, "type": null }, "geometry": { "type": "Point", "coordinates": [ 2.0021212, 7.2135544 ] } },
{ "type": "Feature", "properties": { "element": "node", "id": 12255898450, "amenity": "hospital", "health_facility:type": null, "name": "Centre de santé de Cana II", "operator:type": null, "source": null, "healthcare": "hospital", "name:fr": null, "addr:street": null, "description": null, "email": null, "opening_hours": null, "operator": null, "emergency": null, "healthcare:speciality": null, "website": null, "addr:city": null, "addr:housenumber": null, "phone": null, "name:en": null, "barrier": null, "waterway": null, "contact": null, "denomination": null, "religion": null, "building": null, "postal_code": null, "contact:phone": null, "note": null, "source:name": null, "addr:country": null, "addr:province": null, "wheelchair": null, "short_name": null, "start_date": null, "wikidata": null, "type": null }, "geometry": { "type": "Point", "coordinates": [ 2.0772953, 7.124555 ] } },
{ "type": "Feature", "properties": { "element": "node", "id": 12255900642, "amenity": "hospital", "health_facility:type": null, "name": "Centre de santé d'Akpro-missérété", "operator:type": null, "source": null, "healthcare": null, "name:fr": null, "addr:street": null, "description": null, "email": null, "opening_hours": null, "operator": null, "emergency": null, "healthcare:speciality": null, "website": null, "addr:city": null, "addr:housenumber": null, "phone": null, "name:en": null, "barrier": null, "waterway": null, "contact": null, "denomination": null, "religion": null, "building": null, "postal_code": null, "contact:phone": null, "note": null, "source:name": null, "addr:country": null, "addr:province": null, "wheelchair": null, "short_name": null, "start_date": null, "wikidata": null, "type": null }, "geometry": { "type": "Point", "coordinates": [ 2.5898738, 6.5633555 ] } },
{ "type": "Feature", "properties": { "element": "node", "id": 12255900709, "amenity": "hospital", "health_facility:type": null, "name": "Centre de santé de zoukou", "operator:type": null, "source": null, "healthcare": null, "name:fr": null, "addr:street": null, "description": null, "email": null, "opening_hours": null, "operator": null, "emergency": null, "healthcare:speciality": null, "website": null, "addr:city": null, "addr:housenumber": null, "phone": null, "name:en": null, "barrier": null, "waterway": null, "contact": null, "denomination": null, "religion": null, "building": null, "postal_code": null, "contact:phone": null, "note": null, "source:name": null, "addr:country": null, "addr:province": null, "wheelchair": null, "short_name": null, "start_date": null, "wikidata": null, "type": null }, "geometry": { "type": "Point", "coordinates": [ 2.171423, 7.0232838 ] } },
{ "type": "Feature", "properties": { "element": "node", "id": 12422935783, "amenity": "hospital", "health_facility:type": null, "name": "Centre communal de santé avakpa", "operator:type": null, "source": null, "healthcare": null, "name:fr": null, "addr:street": null, "description": null, "email": null, "opening_hours": null, "operator": null, "emergency": null, "healthcare:speciality": null, "website": null, "addr:city": null, "addr:housenumber": null, "phone": null, "name:en": null, "barrier": null, "waterway": null, "contact": null, "denomination": null, "religion": null, "building": null, "postal_code": null, "contact:phone": null, "note": null, "source:name": null, "addr:country": null, "addr:province": null, "wheelchair": null, "short_name": null, "start_date": null, "wikidata": null, "type": null }, "geometry": { "type": "Point", "coordinates": [ 2.0406984, 6.6686431 ] } },
{ "type": "Feature", "properties": { "element": "node", "id": 12422942617, "amenity": "hospital", "health_facility:type": null, "name": "Centre de santé d'ALLADA", "operator:type": null, "source": null, "healthcare": "hospital", "name:fr": null, "addr:street": null, "description": null, "email": null, "opening_hours": null, "operator": null, "emergency": null, "healthcare:speciality": null, "website": null, "addr:city": null, "addr:housenumber": null, "phone": null, "name:en": null, "barrier": null, "waterway": null, "contact": null, "denomination": null, "religion": null, "building": null, "postal_code": null, "contact:phone": null, "note": null, "source:name": null, "addr:country": null, "addr:province": null, "wheelchair": null, "short_name": null, "start_date": null, "wikidata": null, "type": null }, "geometry": { "type": "Point", "coordinates": [ 2.1555239, 6.6624984 ] } },
{ "type": "Feature", "properties": { "element": "node", "id": 12422958201, "amenity": "hospital", "health_facility:type": null, "name": "Morgue", "operator:type": null, "source": null, "healthcare": null, "name:fr": null, "addr:street": null, "description": null, "email": null, "opening_hours": null, "operator": null, "emergency": null, "healthcare:speciality": null, "website": null, "addr:city": null, "addr:housenumber": null, "phone": null, "name:en": null, "barrier": null, "waterway": null, "contact": null, "denomination": null, "religion": null, "building": null, "postal_code": null, "contact:phone": null, "note": null, "source:name": null, "addr:country": null, "addr:province": null, "wheelchair": null, "short_name": null, "start_date": null, "wikidata": null, "type": null }, "geometry": { "type": "Point", "coordinates": [ 2.1835485, 6.6522016 ] } },
{ "type": "Feature", "properties": { "element": "node", "id": 12423026746, "amenity": "hospital", "health_facility:type": null, "name": "Hôpital de zone", "operator:type": null, "source": null, "healthcare": null, "name:fr": null, "addr:street": null, "description": null, "email": null, "opening_hours": null, "operator": null, "emergency": null, "healthcare:speciality": null, "website": null, "addr:city": null, "addr:housenumber": null, "phone": null, "name:en": null, "barrier": null, "waterway": null, "contact": null, "denomination": null, "religion": null, "building": null, "postal_code": null, "contact:phone": null, "note": null, "source:name": null, "addr:country": null, "addr:province": null, "wheelchair": null, "short_name": null, "start_date": null, "wikidata": null, "type": null }, "geometry": { "type": "Point", "coordinates": [ 2.1343066, 6.704324 ] } },
{ "type": "Feature", "properties": { "element": "node", "id": 12423055231, "amenity": "hospital", "health_facility:type": null, "name": "Centre de santé", "operator:type": null, "source": null, "healthcare": "hospital", "name:fr": null, "addr:street": null, "description": null, "email": null, "opening_hours": null, "operator": null, "emergency": null, "healthcare:speciality": null, "website": null, "addr:city": null, "addr:housenumber": null, "phone": null, "name:en": null, "barrier": null, "waterway": null, "contact": null, "denomination": null, "religion": null, "building": null, "postal_code": null, "contact:phone": null, "note": null, "source:name": null, "addr:country": null, "addr:province": null, "wheelchair": null, "short_name": null, "start_date": null, "wikidata": null, "type": null }, "geometry": { "type": "Point", "coordinates": [ 2.1186382, 6.7295045 ] } },
{ "type": "Feature", "properties": { "element": "node", "id": 12423193047, "amenity": "hospital", "health_facility:type": null, "name": "Clinique Saint Pierre", "operator:type": null, "source": null, "healthcare": "hospital", "name:fr": null, "addr:street": null, "description": null, "email": null, "opening_hours": null, "operator": null, "emergency": null, "healthcare:speciality": null, "website": null, "addr:city": null, "addr:housenumber": null, "phone": null, "name:en": null, "barrier": null, "waterway": null, "contact": null, "denomination": null, "religion": null, "building": null, "postal_code": null, "contact:phone": null, "note": null, "source:name": null, "addr:country": null, "addr:province": null, "wheelchair": null, "short_name": null, "start_date": null, "wikidata": null, "type": null }, "geometry": { "type": "Point", "coordinates": [ 2.1489748, 6.669945 ] } },
{ "type": "Feature", "properties": { "element": "node", "id": 12423195236, "amenity": "hospital", "health_facility:type": null, "name": "Cimetière de la ville", "operator:type": null, "source": null, "healthcare": "hospital", "name:fr": null, "addr:street": null, "description": null, "email": null, "opening_hours": null, "operator": null, "emergency": null, "healthcare:speciality": null, "website": null, "addr:city": null, "addr:housenumber": null, "phone": null, "name:en": null, "barrier": null, "waterway": null, "contact": null, "denomination": null, "religion": null, "building": null, "postal_code": null, "contact:phone": null, "note": null, "source:name": null, "addr:country": null, "addr:province": null, "wheelchair": null, "short_name": null, "start_date": null, "wikidata": null, "type": null }, "geometry": { "type": "Point", "coordinates": [ 2.1482137, 6.6604007 ] } },
{ "type": "Feature", "properties": { "element": "relation", "id": 6517878, "amenity": "hospital", "health_facility:type": null, "name": "Hopital du Militaire", "operator:type": null, "source": null, "healthcare": "hospital", "name:fr": "Hôpital chinois", "addr:street": null, "description": null, "email": null, "opening_hours": null, "operator": null, "emergency": null, "healthcare:speciality": null, "website": null, "addr:city": null, "addr:housenumber": null, "phone": null, "name:en": null, "barrier": null, "waterway": null, "contact": null, "denomination": null, "religion": null, "building": "yes", "postal_code": null, "contact:phone": null, "note": null, "source:name": null, "addr:country": null, "addr:province": null, "wheelchair": null, "short_name": null, "start_date": null, "wikidata": null, "type": "multipolygon" }, "geometry": { "type": "Polygon", "coordinates": [ [ [ 2.6023668, 9.314648 ], [ 2.6023029, 9.3146844 ], [ 2.6022767, 9.3146989 ], [ 2.6022545, 9.3147117 ], [ 2.6023343, 9.3148488 ], [ 2.6023998, 9.3148117 ], [ 2.6024184, 9.3148436 ], [ 2.6024994, 9.3147978 ], [ 2.6024808, 9.3147658 ], [ 2.6026094, 9.3146929 ], [ 2.6025551, 9.3145996 ], [ 2.6026014, 9.3145734 ], [ 2.6024834, 9.3143707 ], [ 2.6024344, 9.3143985 ], [ 2.6023738, 9.3142946 ], [ 2.6023266, 9.3143213 ], [ 2.6023126, 9.3142972 ], [ 2.6021377, 9.3143963 ], [ 2.6021517, 9.3144204 ], [ 2.6021066, 9.314446 ], [ 2.6021898, 9.3145889 ], [ 2.6022081, 9.3145783 ], [ 2.6022344, 9.3145638 ], [ 2.602297, 9.3145281 ], [ 2.6023668, 9.314648 ] ], [ [ 2.6024305, 9.3145785 ], [ 2.602397, 9.3145209 ], [ 2.6024477, 9.3144922 ], [ 2.6024812, 9.3145498 ], [ 2.6024305, 9.3145785 ] ] ] } },
{ "type": "Feature", "properties": { "element": "relation", "id": 10034476, "amenity": "hospital", "health_facility:type": null, "name": null, "operator:type": null, "source": null, "healthcare": null, "name:fr": null, "addr:street": null, "description": null, "email": null, "opening_hours": null, "operator": null, "emergency": null, "healthcare:speciality": null, "website": null, "addr:city": null, "addr:housenumber": null, "phone": null, "name:en": null, "barrier": null, "waterway": null, "contact": null, "denomination": null, "religion": null, "building": null, "postal_code": null, "contact:phone": null, "note": null, "source:name": null, "addr:country": null, "addr:province": null, "wheelchair": null, "short_name": null, "start_date": null, "wikidata": null, "type": "multipolygon" }, "geometry": { "type": "Polygon", "coordinates": [ [ [ 3.466224, 10.3843822 ], [ 3.4662616, 10.3843136 ], [ 3.4663287, 10.3842794 ], [ 3.4664655, 10.3842767 ], [ 3.466613, 10.3839153 ], [ 3.466562, 10.3835354 ], [ 3.4663823, 10.3835538 ], [ 3.4663743, 10.3833375 ], [ 3.46609, 10.3833639 ], [ 3.4661141, 10.3835274 ], [ 3.4659666, 10.3835723 ], [ 3.4659854, 10.3840234 ], [ 3.4659076, 10.3841711 ], [ 3.466224, 10.3843822 ] ] ] } },
{ "type": "Feature", "properties": { "element": "relation", "id": 10053631, "amenity": "hospital", "health_facility:type": null, "name": "Centre Hospitalier Universitaire Départemental de Borgou - Alibori (CHUD -BA)", "operator:type": null, "source": null, "healthcare": "hospital", "name:fr": null, "addr:street": null, "description": null, "email": null, "opening_hours": null, "operator": null, "emergency": null, "healthcare:speciality": null, "website": null, "addr:city": null, "addr:housenumber": null, "phone": null, "name:en": null, "barrier": null, "waterway": null, "contact": null, "denomination": null, "religion": null, "building": null, "postal_code": null, "contact:phone": null, "note": null, "source:name": null, "addr:country": null, "addr:province": null, "wheelchair": null, "short_name": null, "start_date": null, "wikidata": null, "type": "multipolygon" }, "geometry": { "type": "Polygon", "coordinates": [ [ [ 2.6352901, 9.3371503 ], [ 2.6379263, 9.336591 ], [ 2.6376366, 9.3353084 ], [ 2.6374722, 9.3345254 ], [ 2.6349117, 9.3352063 ], [ 2.6352901, 9.3371503 ] ] ] } },
{ "type": "Feature", "properties": { "element": "relation", "id": 11258943, "amenity": "hospital", "health_facility:type": null, "name": "Centre Hospitalier Universitaire Départemental de l'Ouémé", "operator:type": null, "source": null, "healthcare": "hospital", "name:fr": null, "addr:street": null, "description": null, "email": null, "opening_hours": null, "operator": null, "emergency": null, "healthcare:speciality": null, "website": null, "addr:city": null, "addr:housenumber": null, "phone": null, "name:en": null, "barrier": null, "waterway": null, "contact": null, "denomination": null, "religion": null, "building": null, "postal_code": null, "contact:phone": null, "note": null, "source:name": null, "addr:country": null, "addr:province": null, "wheelchair": null, "short_name": null, "start_date": null, "wikidata": null, "type": "multipolygon" }, "geometry": { "type": "Polygon", "coordinates": [ [ [ 2.6140946, 6.472788 ], [ 2.6140796, 6.4727633 ], [ 2.6140245, 6.4727653 ], [ 2.6137851, 6.4727904 ], [ 2.6134007, 6.4728307 ], [ 2.6123342, 6.4728334 ], [ 2.6126319, 6.4754972 ], [ 2.6146523, 6.4752795 ], [ 2.6145163, 6.4740152 ], [ 2.6144873, 6.473861 ], [ 2.6144081, 6.4738117 ], [ 2.6143692, 6.4737678 ], [ 2.6143451, 6.4737371 ], [ 2.6143277, 6.4736865 ], [ 2.6140946, 6.472788 ] ] ] } },
{ "type": "Feature", "properties": { "element": "relation", "id": 11292030, "amenity": "hospital", "health_facility:type": null, "name": "Centre National Hospitalier Universitaire (CNHU)", "operator:type": null, "source": null, "healthcare": "hospital", "name:fr": null, "addr:street": null, "description": null, "email": null, "opening_hours": null, "operator": null, "emergency": null, "healthcare:speciality": null, "website": null, "addr:city": null, "addr:housenumber": null, "phone": null, "name:en": null, "barrier": null, "waterway": null, "contact": null, "denomination": null, "religion": null, "building": null, "postal_code": null, "contact:phone": null, "note": null, "source:name": null, "addr:country": null, "addr:province": null, "wheelchair": null, "short_name": null, "start_date": null, "wikidata": null, "type": "multipolygon" }, "geometry": { "type": "Polygon", "coordinates": [ [ [ 2.4078886, 6.3548062 ], [ 2.4078789, 6.3557337 ], [ 2.4078787, 6.3563924 ], [ 2.412332, 6.3563248 ], [ 2.412285, 6.3533861 ], [ 2.4109662, 6.3534069 ], [ 2.4109629, 6.3531986 ], [ 2.4101383, 6.3532116 ], [ 2.4089143, 6.3533197 ], [ 2.4089158, 6.3536536 ], [ 2.4085246, 6.3536645 ], [ 2.4085296, 6.3539771 ], [ 2.4078836, 6.3539852 ], [ 2.4078886, 6.3548062 ] ] ] } },
{ "type": "Feature", "properties": { "element": "way", "id": 80540431, "amenity": "hospital", "health_facility:type": null, "name": "Hôpital de Zone Bassila", "operator:type": null, "source": null, "healthcare": null, "name:fr": null, "addr:street": null, "description": null, "email": null, "opening_hours": null, "operator": null, "emergency": null, "healthcare:speciality": null, "website": null, "addr:city": null, "addr:housenumber": null, "phone": null, "name:en": null, "barrier": "wall", "waterway": null, "contact": null, "denomination": null, "religion": null, "building": null, "postal_code": null, "contact:phone": null, "note": "the hospital is like a walled park with individual buildings in it", "source:name": null, "addr:country": null, "addr:province": null, "wheelchair": null, "short_name": null, "start_date": null, "wikidata": null, "type": null }, "geometry": { "type": "Polygon", "coordinates": [ [ [ 1.6677859, 9.0061255 ], [ 1.6686751, 9.0055735 ], [ 1.6697671, 9.0049488 ], [ 1.669894, 9.005157 ], [ 1.6701576, 9.0055893 ], [ 1.6706057, 9.0063747 ], [ 1.6705805, 9.0063959 ], [ 1.6706022, 9.0064333 ], [ 1.6707496, 9.0066868 ], [ 1.6704937, 9.0069618 ], [ 1.6705146, 9.0069788 ], [ 1.670084, 9.0074197 ], [ 1.6695361, 9.0079808 ], [ 1.66894, 9.0082927 ], [ 1.6677859, 9.0061255 ] ] ] } },
{ "type": "Feature", "properties": { "element": "way", "id": 241265170, "amenity": "hospital", "health_facility:type": null, "name": null, "operator:type": null, "source": null, "healthcare": null, "name:fr": null, "addr:street": null, "description": null, "email": null, "opening_hours": null, "operator": null, "emergency": null, "healthcare:speciality": null, "website": null, "addr:city": null, "addr:housenumber": null, "phone": null, "name:en": null, "barrier": "wall", "waterway": null, "contact": null, "denomination": null, "religion": null, "building": null, "postal_code": null, "contact:phone": null, "note": null, "source:name": null, "addr:country": null, "addr:province": null, "wheelchair": null, "short_name": null, "start_date": null, "wikidata": null, "type": null }, "geometry": { "type": "Polygon", "coordinates": [ [ [ 1.667448, 9.008767 ], [ 1.6672441, 9.0083532 ], [ 1.6678532, 9.0081852 ], [ 1.6680985, 9.0085822 ], [ 1.66777, 9.0086751 ], [ 1.667448, 9.008767 ] ] ] } },
{ "type": "Feature", "properties": { "element": "way", "id": 264743876, "amenity": "hospital", "health_facility:type": null, "name": "Hopital de Zone de Natitingou", "operator:type": null, "source": null, "healthcare": "hospital", "name:fr": null, "addr:street": null, "description": null, "email": null, "opening_hours": null, "operator": null, "emergency": null, "healthcare:speciality": null, "website": null, "addr:city": null, "addr:housenumber": null, "phone": null, "name:en": null, "barrier": null, "waterway": null, "contact": null, "denomination": null, "religion": null, "building": null, "postal_code": null, "contact:phone": null, "note": null, "source:name": null, "addr:country": null, "addr:province": null, "wheelchair": null, "short_name": null, "start_date": null, "wikidata": null, "type": null }, "geometry": { "type": "Polygon", "coordinates": [ [ [ 1.3771173, 10.3127617 ], [ 1.3765433, 10.3121864 ], [ 1.3761946, 10.3116428 ], [ 1.3763915, 10.3105812 ], [ 1.3764558, 10.3102803 ], [ 1.3767257, 10.3099908 ], [ 1.3775609, 10.3094412 ], [ 1.3784798, 10.3099697 ], [ 1.3783012, 10.3108503 ], [ 1.3782331, 10.3111361 ], [ 1.3781188, 10.3116103 ], [ 1.3781027, 10.3116789 ], [ 1.3780008, 10.3121434 ], [ 1.3779809, 10.3122497 ], [ 1.377915, 10.3125023 ], [ 1.3778935, 10.3125973 ], [ 1.3778667, 10.3127134 ], [ 1.3771173, 10.3127617 ] ] ] } },
{ "type": "Feature", "properties": { "element": "way", "id": 264895847, "amenity": "hospital", "health_facility:type": null, "name": "Hôpital Bakhita", "operator:type": null, "source": null, "healthcare": null, "name:fr": null, "addr:street": null, "description": null, "email": null, "opening_hours": null, "operator": null, "emergency": null, "healthcare:speciality": null, "website": null, "addr:city": null, "addr:housenumber": null, "phone": null, "name:en": null, "barrier": null, "waterway": null, "contact": null, "denomination": null, "religion": null, "building": null, "postal_code": null, "contact:phone": null, "note": null, "source:name": null, "addr:country": null, "addr:province": null, "wheelchair": null, "short_name": null, "start_date": null, "wikidata": null, "type": null }, "geometry": { "type": "Polygon", "coordinates": [ [ [ 1.4039207, 10.3043926 ], [ 1.4035447, 10.3031795 ], [ 1.4042485, 10.3029684 ], [ 1.4045025, 10.3037879 ], [ 1.4046245, 10.3041815 ], [ 1.4039207, 10.3043926 ] ] ] } },
{ "type": "Feature", "properties": { "element": "way", "id": 265748566, "amenity": "hospital", "health_facility:type": null, "name": "Centre Hospitalier Départemental de Natitingou (CHD)", "operator:type": null, "source": null, "healthcare": null, "name:fr": "Centre Hospitalier Départemental de Natitingou (CHD)", "addr:street": null, "description": null, "email": null, "opening_hours": null, "operator": null, "emergency": null, "healthcare:speciality": null, "website": null, "addr:city": null, "addr:housenumber": null, "phone": null, "name:en": null, "barrier": null, "waterway": null, "contact": null, "denomination": null, "religion": null, "building": null, "postal_code": null, "contact:phone": null, "note": null, "source:name": null, "addr:country": null, "addr:province": null, "wheelchair": null, "short_name": null, "start_date": null, "wikidata": null, "type": null }, "geometry": { "type": "Polygon", "coordinates": [ [ [ 1.3789039, 10.2766194 ], [ 1.3763625, 10.2770381 ], [ 1.3777015, 10.2794456 ], [ 1.3794864, 10.2790727 ], [ 1.379446, 10.2788947 ], [ 1.379435, 10.2788703 ], [ 1.3794152, 10.2788265 ], [ 1.3793514, 10.2785519 ], [ 1.3790753, 10.2773627 ], [ 1.3790631, 10.2773132 ], [ 1.3789039, 10.2766194 ] ] ] } },
{ "type": "Feature", "properties": { "element": "way", "id": 266190214, "amenity": "hospital", "health_facility:type": null, "name": "Centre de santé Boukombé Centre", "operator:type": null, "source": null, "healthcare": null, "name:fr": null, "addr:street": null, "description": null, "email": null, "opening_hours": null, "operator": null, "emergency": null, "healthcare:speciality": null, "website": null, "addr:city": null, "addr:housenumber": null, "phone": null, "name:en": null, "barrier": null, "waterway": null, "contact": null, "denomination": null, "religion": null, "building": null, "postal_code": null, "contact:phone": null, "note": null, "source:name": null, "addr:country": null, "addr:province": null, "wheelchair": null, "short_name": null, "start_date": null, "wikidata": null, "type": null }, "geometry": { "type": "Polygon", "coordinates": [ [ [ 1.110464, 10.1744119 ], [ 1.1114636, 10.1749011 ], [ 1.1121164, 10.1735327 ], [ 1.1116828, 10.1732679 ], [ 1.110464, 10.1744119 ] ] ] } },
{ "type": "Feature", "properties": { "element": "way", "id": 266210099, "amenity": "hospital", "health_facility:type": null, "name": "Centre de santé de Kouweri", "operator:type": null, "source": null, "healthcare": "hospital", "name:fr": null, "addr:street": null, "description": null, "email": null, "opening_hours": null, "operator": null, "emergency": null, "healthcare:speciality": null, "website": null, "addr:city": null, "addr:housenumber": null, "phone": null, "name:en": null, "barrier": null, "waterway": null, "contact": null, "denomination": null, "religion": null, "building": null, "postal_code": null, "contact:phone": null, "note": null, "source:name": null, "addr:country": null, "addr:province": null, "wheelchair": null, "short_name": null, "start_date": null, "wikidata": null, "type": null }, "geometry": { "type": "Polygon", "coordinates": [ [ [ 1.1088659, 10.214659 ], [ 1.1080804, 10.2148908 ], [ 1.1078115, 10.2140083 ], [ 1.108603, 10.2137747 ], [ 1.1084202, 10.2131748 ], [ 1.1087606, 10.2130743 ], [ 1.1092123, 10.2145567 ], [ 1.1088659, 10.214659 ] ] ] } },
{ "type": "Feature", "properties": { "element": "way", "id": 297108020, "amenity": "hospital", "health_facility:type": null, "name": "Hôpital évangélique - UEEB/SIM de Bembéréké", "operator:type": null, "source": "knowledge", "healthcare": null, "name:fr": null, "addr:street": null, "description": null, "email": "hebueebsim@yahoo.fr", "opening_hours": null, "operator": null, "emergency": null, "healthcare:speciality": null, "website": null, "addr:city": null, "addr:housenumber": null, "phone": null, "name:en": null, "barrier": null, "waterway": null, "contact": null, "denomination": null, "religion": null, "building": null, "postal_code": null, "contact:phone": null, "note": null, "source:name": null, "addr:country": null, "addr:province": null, "wheelchair": null, "short_name": null, "start_date": null, "wikidata": null, "type": null }, "geometry": { "type": "Polygon", "coordinates": [ [ [ 2.6712413, 10.2387793 ], [ 2.6745731, 10.2421241 ], [ 2.6767132, 10.2404311 ], [ 2.6757061, 10.239184 ], [ 2.6745815, 10.2380112 ], [ 2.6731212, 10.2367228 ], [ 2.6712413, 10.2387793 ] ] ] } },
{ "type": "Feature", "properties": { "element": "way", "id": 320991991, "amenity": "hospital", "health_facility:type": null, "name": "Centre Sanitaire et Nutritionnel Gbemontin", "operator:type": null, "source": "Bing", "healthcare": "hospital", "name:fr": null, "addr:street": null, "description": null, "email": null, "opening_hours": null, "operator": null, "emergency": null, "healthcare:speciality": null, "website": null, "addr:city": null, "addr:housenumber": null, "phone": null, "name:en": null, "barrier": null, "waterway": null, "contact": null, "denomination": null, "religion": null, "building": "yes", "postal_code": null, "contact:phone": null, "note": null, "source:name": null, "addr:country": null, "addr:province": null, "wheelchair": null, "short_name": null, "start_date": null, "wikidata": null, "type": null }, "geometry": { "type": "Polygon", "coordinates": [ [ [ 2.3914593, 7.2141969 ], [ 2.3914841, 7.2141867 ], [ 2.3915109, 7.2141867 ], [ 2.3915357, 7.2141969 ], [ 2.3915547, 7.2142158 ], [ 2.3915649, 7.2142404 ], [ 2.3915649, 7.214267 ], [ 2.3915546, 7.2142916 ], [ 2.3915356, 7.2143104 ], [ 2.3915108, 7.2143206 ], [ 2.391484, 7.2143206 ], [ 2.3914592, 7.2143103 ], [ 2.3914402, 7.2142915 ], [ 2.39143, 7.2142669 ], [ 2.39143, 7.2142403 ], [ 2.3914403, 7.2142157 ], [ 2.3914593, 7.2141969 ] ] ] } },
{ "type": "Feature", "properties": { "element": "way", "id": 326698716, "amenity": "hospital", "health_facility:type": null, "name": "Centre de santé de Guéné", "operator:type": null, "source": null, "healthcare": null, "name:fr": null, "addr:street": null, "description": null, "email": null, "opening_hours": null, "operator": null, "emergency": null, "healthcare:speciality": null, "website": null, "addr:city": null, "addr:housenumber": null, "phone": null, "name:en": null, "barrier": "wall", "waterway": null, "contact": null, "denomination": null, "religion": null, "building": null, "postal_code": null, "contact:phone": null, "note": null, "source:name": null, "addr:country": null, "addr:province": null, "wheelchair": null, "short_name": null, "start_date": null, "wikidata": null, "type": null }, "geometry": { "type": "Polygon", "coordinates": [ [ [ 3.2233044, 11.7318828 ], [ 3.223815, 11.7311232 ], [ 3.2242449, 11.7311178 ], [ 3.2244363, 11.7323085 ], [ 3.2236643, 11.732322 ], [ 3.2236665, 11.7321441 ], [ 3.22335, 11.7320994 ], [ 3.2233044, 11.7318828 ] ] ] } },
{ "type": "Feature", "properties": { "element": "way", "id": 327976789, "amenity": "hospital", "health_facility:type": null, "name": "Bodi CSA", "operator:type": null, "source": null, "healthcare": null, "name:fr": null, "addr:street": null, "description": null, "email": null, "opening_hours": null, "operator": null, "emergency": null, "healthcare:speciality": null, "website": null, "addr:city": null, "addr:housenumber": null, "phone": null, "name:en": null, "barrier": null, "waterway": null, "contact": null, "denomination": null, "religion": null, "building": null, "postal_code": null, "contact:phone": null, "note": null, "source:name": null, "addr:country": null, "addr:province": null, "wheelchair": null, "short_name": null, "start_date": null, "wikidata": null, "type": null }, "geometry": { "type": "Polygon", "coordinates": [ [ [ 1.5657801, 9.3796655 ], [ 1.565862, 9.379293 ], [ 1.5655082, 9.3792173 ], [ 1.5654263, 9.3795898 ], [ 1.5657801, 9.3796655 ] ] ] } },
{ "type": "Feature", "properties": { "element": "way", "id": 331529567, "amenity": "hospital", "health_facility:type": null, "name": "Hôpital de Kpankou", "operator:type": null, "source": null, "healthcare": "hospital", "name:fr": null, "addr:street": null, "description": null, "email": null, "opening_hours": null, "operator": null, "emergency": null, "healthcare:speciality": null, "website": null, "addr:city": null, "addr:housenumber": null, "phone": null, "name:en": null, "barrier": null, "waterway": null, "contact": null, "denomination": null, "religion": null, "building": "yes", "postal_code": null, "contact:phone": null, "note": null, "source:name": null, "addr:country": null, "addr:province": null, "wheelchair": null, "short_name": null, "start_date": null, "wikidata": null, "type": null }, "geometry": { "type": "Polygon", "coordinates": [ [ [ 2.5878206, 7.3308772 ], [ 2.5877124, 7.3307666 ], [ 2.5877869, 7.3306948 ], [ 2.5878952, 7.3308054 ], [ 2.5878206, 7.3308772 ] ] ] } },
{ "type": "Feature", "properties": { "element": "way", "id": 352671273, "amenity": "hospital", "health_facility:type": null, "name": null, "operator:type": null, "source": null, "healthcare": "hospital", "name:fr": null, "addr:street": null, "description": null, "email": null, "opening_hours": null, "operator": null, "emergency": null, "healthcare:speciality": null, "website": null, "addr:city": null, "addr:housenumber": null, "phone": null, "name:en": null, "barrier": null, "waterway": null, "contact": null, "denomination": null, "religion": null, "building": null, "postal_code": null, "contact:phone": null, "note": null, "source:name": null, "addr:country": null, "addr:province": null, "wheelchair": null, "short_name": null, "start_date": null, "wikidata": null, "type": null }, "geometry": { "type": "Polygon", "coordinates": [ [ [ 1.6728523, 9.7084469 ], [ 1.6725859, 9.7094842 ], [ 1.6725043, 9.7094561 ], [ 1.6725451, 9.7092431 ], [ 1.6714563, 9.7089818 ], [ 1.6713951, 9.7092471 ], [ 1.6711586, 9.7091265 ], [ 1.670131, 9.7086281 ], [ 1.6701514, 9.7081337 ], [ 1.6728523, 9.7084469 ] ] ] } },
{ "type": "Feature", "properties": { "element": "way", "id": 353253351, "amenity": "hospital", "health_facility:type": null, "name": "Centre de Santé", "operator:type": null, "source": null, "healthcare": "hospital", "name:fr": null, "addr:street": null, "description": null, "email": null, "opening_hours": null, "operator": null, "emergency": null, "healthcare:speciality": null, "website": null, "addr:city": null, "addr:housenumber": null, "phone": null, "name:en": null, "barrier": null, "waterway": null, "contact": null, "denomination": null, "religion": null, "building": "yes", "postal_code": null, "contact:phone": null, "note": null, "source:name": null, "addr:country": null, "addr:province": null, "wheelchair": null, "short_name": null, "start_date": null, "wikidata": null, "type": null }, "geometry": { "type": "Polygon", "coordinates": [ [ [ 3.2683087, 10.3371897 ], [ 3.268513, 10.3371745 ], [ 3.268503, 10.3370443 ], [ 3.2682986, 10.3370595 ], [ 3.2683087, 10.3371897 ] ] ] } },
{ "type": "Feature", "properties": { "element": "way", "id": 353253453, "amenity": "hospital", "health_facility:type": null, "name": null, "operator:type": null, "source": null, "healthcare": null, "name:fr": null, "addr:street": null, "description": null, "email": null, "opening_hours": null, "operator": null, "emergency": null, "healthcare:speciality": null, "website": null, "addr:city": null, "addr:housenumber": null, "phone": null, "name:en": null, "barrier": null, "waterway": null, "contact": null, "denomination": null, "religion": null, "building": null, "postal_code": null, "contact:phone": null, "note": null, "source:name": null, "addr:country": null, "addr:province": null, "wheelchair": null, "short_name": null, "start_date": null, "wikidata": null, "type": null }, "geometry": { "type": "Polygon", "coordinates": [ [ [ 3.268448, 10.3369222 ], [ 3.2684553, 10.3369331 ], [ 3.2684657, 10.3369412 ], [ 3.2684782, 10.3369456 ], [ 3.2684914, 10.3369459 ], [ 3.268504, 10.3369421 ], [ 3.2685148, 10.3369346 ], [ 3.2685226, 10.3369241 ], [ 3.2685268, 10.3369108 ], [ 3.2685262, 10.3368968 ], [ 3.2685209, 10.3368839 ], [ 3.2685114, 10.3368736 ], [ 3.2684989, 10.3368669 ], [ 3.2684849, 10.3368648 ], [ 3.268471, 10.3368675 ], [ 3.2684588, 10.3368747 ], [ 3.2684503, 10.3368846 ], [ 3.2684454, 10.3368967 ], [ 3.2684446, 10.3369097 ], [ 3.268448, 10.3369222 ] ] ] } },
{ "type": "Feature", "properties": { "element": "way", "id": 367812090, "amenity": "hospital", "health_facility:type": null, "name": "Centre Sante Bante Commune", "operator:type": null, "source": null, "healthcare": null, "name:fr": null, "addr:street": null, "description": null, "email": null, "opening_hours": null, "operator": "Public", "emergency": null, "healthcare:speciality": null, "website": null, "addr:city": null, "addr:housenumber": null, "phone": null, "name:en": null, "barrier": null, "waterway": null, "contact": null, "denomination": null, "religion": null, "building": null, "postal_code": null, "contact:phone": null, "note": null, "source:name": null, "addr:country": null, "addr:province": null, "wheelchair": null, "short_name": null, "start_date": null, "wikidata": null, "type": null }, "geometry": { "type": "Polygon", "coordinates": [ [ [ 1.8989528, 8.4068238 ], [ 1.8999789, 8.4067417 ], [ 1.8999425, 8.4062963 ], [ 1.8989164, 8.4063783 ], [ 1.8989528, 8.4068238 ] ] ] } },
{ "type": "Feature", "properties": { "element": "way", "id": 376980825, "amenity": "hospital", "health_facility:type": null, "name": "Hôpital de Zone d'Èkpè", "operator:type": null, "source": null, "healthcare": "hospital", "name:fr": null, "addr:street": null, "description": null, "email": null, "opening_hours": null, "operator": null, "emergency": null, "healthcare:speciality": null, "website": null, "addr:city": null, "addr:housenumber": null, "phone": null, "name:en": null, "barrier": "wall", "waterway": null, "contact": null, "denomination": null, "religion": null, "building": null, "postal_code": null, "contact:phone": null, "note": null, "source:name": null, "addr:country": null, "addr:province": null, "wheelchair": null, "short_name": null, "start_date": null, "wikidata": null, "type": null }, "geometry": { "type": "Polygon", "coordinates": [ [ [ 2.5415435, 6.3871259 ], [ 2.54198, 6.3871114 ], [ 2.5419991, 6.3862943 ], [ 2.5418856, 6.3863009 ], [ 2.5413409, 6.3863021 ], [ 2.5411874, 6.3863002 ], [ 2.5409692, 6.3863 ], [ 2.5409565, 6.3868865 ], [ 2.5412756, 6.3868868 ], [ 2.5415519, 6.3868925 ], [ 2.5415435, 6.3871259 ] ] ] } },
{ "type": "Feature", "properties": { "element": "way", "id": 380970259, "amenity": "hospital", "health_facility:type": null, "name": "Centre Hopitalier Universitaire Départemental de l'Ouémé-Plateau", "operator:type": null, "source": "bing", "healthcare": "hospital", "name:fr": null, "addr:street": null, "description": null, "email": null, "opening_hours": null, "operator": null, "emergency": "yes", "healthcare:speciality": null, "website": null, "addr:city": null, "addr:housenumber": null, "phone": null, "name:en": null, "barrier": null, "waterway": null, "contact": null, "denomination": null, "religion": null, "building": "yes", "postal_code": null, "contact:phone": null, "note": null, "source:name": null, "addr:country": null, "addr:province": null, "wheelchair": null, "short_name": null, "start_date": null, "wikidata": null, "type": null }, "geometry": { "type": "Polygon", "coordinates": [ [ [ 2.6126908, 6.4737396 ], [ 2.6130592, 6.4736561 ], [ 2.6130841, 6.4737645 ], [ 2.6129497, 6.473795 ], [ 2.6129684, 6.4738768 ], [ 2.6131002, 6.473847 ], [ 2.6131259, 6.4739593 ], [ 2.612757, 6.4740428 ], [ 2.612732, 6.4739337 ], [ 2.6128578, 6.4739052 ], [ 2.6128383, 6.4738203 ], [ 2.6127157, 6.473848 ], [ 2.6126908, 6.4737396 ] ] ] } },
{ "type": "Feature", "properties": { "element": "way", "id": 392098411, "amenity": "hospital", "health_facility:type": null, "name": "shalom la mains de dieu", "operator:type": null, "source": null, "healthcare": "hospital", "name:fr": null, "addr:street": null, "description": null, "email": null, "opening_hours": null, "operator": null, "emergency": null, "healthcare:speciality": null, "website": null, "addr:city": null, "addr:housenumber": null, "phone": null, "name:en": null, "barrier": null, "waterway": null, "contact": null, "denomination": null, "religion": null, "building": "yes", "postal_code": null, "contact:phone": null, "note": null, "source:name": null, "addr:country": null, "addr:province": null, "wheelchair": null, "short_name": null, "start_date": null, "wikidata": null, "type": null }, "geometry": { "type": "Polygon", "coordinates": [ [ [ 2.7194914, 6.6742164 ], [ 2.7197311, 6.6742962 ], [ 2.7197581, 6.6742163 ], [ 2.7195184, 6.6741365 ], [ 2.7194914, 6.6742164 ] ] ] } },
{ "type": "Feature", "properties": { "element": "way", "id": 394142739, "amenity": "hospital", "health_facility:type": null, "name": "Hôpital de l'Ordre de Malte", "operator:type": null, "source": null, "healthcare": "hospital", "name:fr": null, "addr:street": null, "description": null, "email": null, "opening_hours": null, "operator": "Ordre de Malte", "emergency": null, "healthcare:speciality": null, "website": null, "addr:city": null, "addr:housenumber": null, "phone": null, "name:en": null, "barrier": null, "waterway": null, "contact": null, "denomination": null, "religion": null, "building": null, "postal_code": null, "contact:phone": null, "note": null, "source:name": null, "addr:country": null, "addr:province": null, "wheelchair": null, "short_name": null, "start_date": null, "wikidata": null, "type": null }, "geometry": { "type": "Polygon", "coordinates": [ [ [ 1.671248, 9.7080247 ], [ 1.6729386, 9.7082115 ], [ 1.6729531, 9.7077044 ], [ 1.672908, 9.7075823 ], [ 1.6729207, 9.7074517 ], [ 1.6729289, 9.7073676 ], [ 1.6730056, 9.7065781 ], [ 1.6734283, 9.7061141 ], [ 1.6720654, 9.705362 ], [ 1.6720022, 9.7053308 ], [ 1.6719709, 9.7056201 ], [ 1.6719665, 9.7057828 ], [ 1.6719269, 9.7061932 ], [ 1.6718748, 9.706614 ], [ 1.6717708, 9.7069515 ], [ 1.671601, 9.7068819 ], [ 1.6714152, 9.706749 ], [ 1.6714114, 9.7067751 ], [ 1.6713945, 9.7069216 ], [ 1.671248, 9.7080247 ] ] ] } },
{ "type": "Feature", "properties": { "element": "way", "id": 414326412, "amenity": "hospital", "health_facility:type": null, "name": "Biguina Health Center", "operator:type": null, "source": null, "healthcare": "hospital", "name:fr": null, "addr:street": null, "description": "Includes general consultation room, prenatal consultation room, and maternity ward.", "email": null, "opening_hours": null, "operator": null, "emergency": null, "healthcare:speciality": "general", "website": null, "addr:city": null, "addr:housenumber": null, "phone": null, "name:en": null, "barrier": null, "waterway": null, "contact": null, "denomination": null, "religion": null, "building": null, "postal_code": null, "contact:phone": null, "note": null, "source:name": null, "addr:country": null, "addr:province": null, "wheelchair": null, "short_name": null, "start_date": null, "wikidata": null, "type": null }, "geometry": { "type": "Polygon", "coordinates": [ [ [ 1.6487024, 8.7785239 ], [ 1.6485927, 8.7785101 ], [ 1.6486067, 8.7784397 ], [ 1.6488087, 8.7784708 ], [ 1.6487737, 8.7786347 ], [ 1.6486826, 8.778622 ], [ 1.6487024, 8.7785239 ] ] ] } },
{ "type": "Feature", "properties": { "element": "way", "id": 418096195, "amenity": "hospital", "health_facility:type": null, "name": "Hospitalisation", "operator:type": null, "source": null, "healthcare": "hospital", "name:fr": null, "addr:street": null, "description": null, "email": null, "opening_hours": null, "operator": null, "emergency": null, "healthcare:speciality": null, "website": null, "addr:city": null, "addr:housenumber": null, "phone": null, "name:en": null, "barrier": null, "waterway": null, "contact": null, "denomination": null, "religion": null, "building": "yes", "postal_code": null, "contact:phone": null, "note": null, "source:name": null, "addr:country": null, "addr:province": null, "wheelchair": null, "short_name": null, "start_date": null, "wikidata": null, "type": null }, "geometry": { "type": "Polygon", "coordinates": [ [ [ 2.4142461, 6.35577 ], [ 2.414376, 6.3557681 ], [ 2.4143757, 6.3557507 ], [ 2.4144133, 6.3557501 ], [ 2.4144136, 6.3557684 ], [ 2.41451, 6.3557669 ], [ 2.4145093, 6.3557178 ], [ 2.4145229, 6.3557176 ], [ 2.4145233, 6.3557436 ], [ 2.4145521, 6.3557431 ], [ 2.4145524, 6.3557631 ], [ 2.4146058, 6.3557623 ], [ 2.4146059, 6.3557706 ], [ 2.4146345, 6.3557701 ], [ 2.4146342, 6.3557536 ], [ 2.4146691, 6.3557531 ], [ 2.4146687, 6.3557256 ], [ 2.4146952, 6.3557252 ], [ 2.4146937, 6.3556267 ], [ 2.4146462, 6.3556274 ], [ 2.4146453, 6.3555674 ], [ 2.4142939, 6.3555727 ], [ 2.4142936, 6.3555558 ], [ 2.4142587, 6.3555564 ], [ 2.4142589, 6.3555707 ], [ 2.4142459, 6.3555709 ], [ 2.4142464, 6.3556067 ], [ 2.4142888, 6.3556061 ], [ 2.4142893, 6.3556347 ], [ 2.4142441, 6.3556354 ], [ 2.4142461, 6.35577 ] ] ] } },
{ "type": "Feature", "properties": { "element": "way", "id": 418099916, "amenity": "hospital", "health_facility:type": null, "name": "Hophtamologie", "operator:type": null, "source": null, "healthcare": "hospital", "name:fr": null, "addr:street": null, "description": null, "email": null, "opening_hours": null, "operator": null, "emergency": null, "healthcare:speciality": null, "website": null, "addr:city": null, "addr:housenumber": null, "phone": null, "name:en": null, "barrier": null, "waterway": null, "contact": null, "denomination": null, "religion": null, "building": "yes", "postal_code": null, "contact:phone": null, "note": null, "source:name": null, "addr:country": null, "addr:province": null, "wheelchair": null, "short_name": null, "start_date": null, "wikidata": null, "type": null }, "geometry": { "type": "Polygon", "coordinates": [ [ [ 2.4149735, 6.3559531 ], [ 2.4152216, 6.3559533 ], [ 2.4152217, 6.355837 ], [ 2.4149736, 6.3558368 ], [ 2.4149735, 6.3559531 ] ] ] } },
{ "type": "Feature", "properties": { "element": "way", "id": 418099917, "amenity": "hospital", "health_facility:type": null, "name": "Cardiologie", "operator:type": null, "source": null, "healthcare": "hospital", "name:fr": null, "addr:street": null, "description": null, "email": null, "opening_hours": null, "operator": null, "emergency": null, "healthcare:speciality": "cardiology", "website": null, "addr:city": null, "addr:housenumber": null, "phone": null, "name:en": null, "barrier": null, "waterway": null, "contact": null, "denomination": null, "religion": null, "building": "yes", "postal_code": null, "contact:phone": null, "note": null, "source:name": null, "addr:country": null, "addr:province": null, "wheelchair": null, "short_name": null, "start_date": null, "wikidata": null, "type": null }, "geometry": { "type": "Polygon", "coordinates": [ [ [ 2.4147713, 6.3556963 ], [ 2.4150854, 6.3556897 ], [ 2.415083, 6.3555763 ], [ 2.4147689, 6.3555829 ], [ 2.4147713, 6.3556963 ] ] ] } },
{ "type": "Feature", "properties": { "element": "way", "id": 418112757, "amenity": "hospital", "health_facility:type": null, "name": null, "operator:type": null, "source": null, "healthcare": "hospital", "name:fr": null, "addr:street": null, "description": null, "email": null, "opening_hours": null, "operator": "ORL", "emergency": null, "healthcare:speciality": null, "website": null, "addr:city": null, "addr:housenumber": null, "phone": null, "name:en": null, "barrier": null, "waterway": null, "contact": null, "denomination": null, "religion": null, "building": "yes", "postal_code": null, "contact:phone": null, "note": null, "source:name": null, "addr:country": null, "addr:province": null, "wheelchair": null, "short_name": null, "start_date": null, "wikidata": null, "type": null }, "geometry": { "type": "Polygon", "coordinates": [ [ [ 2.4143687, 6.3559644 ], [ 2.4146142, 6.355963 ], [ 2.4146135, 6.3558491 ], [ 2.4143681, 6.3558504 ], [ 2.4143687, 6.3559644 ] ] ] } },
{ "type": "Feature", "properties": { "element": "way", "id": 418112759, "amenity": "hospital", "health_facility:type": null, "name": "Hôpital d'instructions des Armées", "operator:type": null, "source": null, "healthcare": "hospital", "name:fr": null, "addr:street": null, "description": null, "email": null, "opening_hours": null, "operator": null, "emergency": null, "healthcare:speciality": null, "website": null, "addr:city": null, "addr:housenumber": null, "phone": null, "name:en": null, "barrier": null, "waterway": null, "contact": null, "denomination": null, "religion": null, "building": "yes", "postal_code": null, "contact:phone": null, "note": null, "source:name": null, "addr:country": null, "addr:province": null, "wheelchair": null, "short_name": null, "start_date": null, "wikidata": null, "type": null }, "geometry": { "type": "Polygon", "coordinates": [ [ [ 2.4147099, 6.3562138 ], [ 2.415218, 6.3562187 ], [ 2.4152194, 6.3560797 ], [ 2.4149318, 6.356077 ], [ 2.4149316, 6.356102 ], [ 2.4148487, 6.3561012 ], [ 2.4148497, 6.3559904 ], [ 2.4147122, 6.3559891 ], [ 2.4147099, 6.3562138 ] ] ] } },
{ "type": "Feature", "properties": { "element": "way", "id": 418185262, "amenity": "hospital", "health_facility:type": null, "name": "CRES IRM", "operator:type": null, "source": "Pleiades-2016", "healthcare": "hospital", "name:fr": null, "addr:street": null, "description": null, "email": null, "opening_hours": null, "operator": null, "emergency": null, "healthcare:speciality": null, "website": null, "addr:city": null, "addr:housenumber": null, "phone": null, "name:en": null, "barrier": null, "waterway": null, "contact": null, "denomination": null, "religion": null, "building": "yes", "postal_code": null, "contact:phone": null, "note": null, "source:name": null, "addr:country": null, "addr:province": null, "wheelchair": null, "short_name": null, "start_date": null, "wikidata": null, "type": null }, "geometry": { "type": "Polygon", "coordinates": [ [ [ 2.399733, 6.3615588 ], [ 2.3999203, 6.3617038 ], [ 2.4000064, 6.3615939 ], [ 2.3998191, 6.3614489 ], [ 2.399733, 6.3615588 ] ] ] } },
{ "type": "Feature", "properties": { "element": "way", "id": 418199486, "amenity": "hospital", "health_facility:type": null, "name": null, "operator:type": null, "source": null, "healthcare": "hospital", "name:fr": null, "addr:street": null, "description": null, "email": null, "opening_hours": null, "operator": null, "emergency": null, "healthcare:speciality": null, "website": null, "addr:city": null, "addr:housenumber": null, "phone": null, "name:en": null, "barrier": null, "waterway": null, "contact": null, "denomination": null, "religion": null, "building": "yes", "postal_code": null, "contact:phone": null, "note": null, "source:name": null, "addr:country": null, "addr:province": null, "wheelchair": null, "short_name": null, "start_date": null, "wikidata": null, "type": null }, "geometry": { "type": "Polygon", "coordinates": [ [ [ 2.4415836, 6.3654031 ], [ 2.4418055, 6.3654385 ], [ 2.4418212, 6.3653414 ], [ 2.4415992, 6.365306 ], [ 2.4415836, 6.3654031 ] ] ] } },
{ "type": "Feature", "properties": { "element": "way", "id": 418379153, "amenity": "hospital", "health_facility:type": null, "name": null, "operator:type": null, "source": null, "healthcare": null, "name:fr": null, "addr:street": null, "description": null, "email": null, "opening_hours": null, "operator": null, "emergency": null, "healthcare:speciality": null, "website": null, "addr:city": null, "addr:housenumber": null, "phone": null, "name:en": null, "barrier": null, "waterway": null, "contact": null, "denomination": null, "religion": null, "building": null, "postal_code": null, "contact:phone": null, "note": null, "source:name": null, "addr:country": null, "addr:province": null, "wheelchair": null, "short_name": null, "start_date": null, "wikidata": null, "type": null }, "geometry": { "type": "Polygon", "coordinates": [ [ [ 2.4045138, 10.3709934 ], [ 2.4045422, 10.3708774 ], [ 2.4047028, 10.3708874 ], [ 2.4046906, 10.3710034 ], [ 2.4045138, 10.3709934 ] ] ] } },
{ "type": "Feature", "properties": { "element": "way", "id": 418379154, "amenity": "hospital", "health_facility:type": null, "name": null, "operator:type": null, "source": null, "healthcare": null, "name:fr": null, "addr:street": null, "description": null, "email": null, "opening_hours": null, "operator": null, "emergency": null, "healthcare:speciality": null, "website": null, "addr:city": null, "addr:housenumber": null, "phone": null, "name:en": null, "barrier": null, "waterway": null, "contact": null, "denomination": null, "religion": null, "building": null, "postal_code": null, "contact:phone": null, "note": null, "source:name": null, "addr:country": null, "addr:province": null, "wheelchair": null, "short_name": null, "start_date": null, "wikidata": null, "type": null }, "geometry": { "type": "Polygon", "coordinates": [ [ [ 2.4045422, 10.3707575 ], [ 2.4045626, 10.3706275 ], [ 2.4047191, 10.3706395 ], [ 2.404715, 10.3707655 ], [ 2.4045422, 10.3707575 ] ] ] } },
{ "type": "Feature", "properties": { "element": "way", "id": 418468583, "amenity": "hospital", "health_facility:type": null, "name": null, "operator:type": null, "source": null, "healthcare": null, "name:fr": null, "addr:street": null, "description": null, "email": null, "opening_hours": null, "operator": null, "emergency": null, "healthcare:speciality": null, "website": null, "addr:city": null, "addr:housenumber": null, "phone": null, "name:en": null, "barrier": null, "waterway": null, "contact": null, "denomination": null, "religion": null, "building": null, "postal_code": null, "contact:phone": null, "note": null, "source:name": null, "addr:country": null, "addr:province": null, "wheelchair": null, "short_name": null, "start_date": null, "wikidata": null, "type": null }, "geometry": { "type": "Polygon", "coordinates": [ [ [ 2.4041211, 10.3708147 ], [ 2.404115, 10.3706608 ], [ 2.4041394, 10.3706568 ], [ 2.4041455, 10.3708207 ], [ 2.4041211, 10.3708147 ] ] ] } },
{ "type": "Feature", "properties": { "element": "way", "id": 424123861, "amenity": "hospital", "health_facility:type": null, "name": "Hôpital de Menontin", "operator:type": null, "source": null, "healthcare": "hospital", "name:fr": null, "addr:street": null, "description": null, "email": null, "opening_hours": null, "operator": null, "emergency": null, "healthcare:speciality": null, "website": null, "addr:city": null, "addr:housenumber": null, "phone": null, "name:en": null, "barrier": null, "waterway": null, "contact": null, "denomination": null, "religion": null, "building": "yes", "postal_code": null, "contact:phone": null, "note": null, "source:name": "survey", "addr:country": null, "addr:province": null, "wheelchair": null, "short_name": null, "start_date": null, "wikidata": null, "type": null }, "geometry": { "type": "Polygon", "coordinates": [ [ [ 2.365072, 6.3901318 ], [ 2.3654662, 6.3901265 ], [ 2.3654647, 6.390013 ], [ 2.3650704, 6.3900184 ], [ 2.365072, 6.3901318 ] ] ] } },
{ "type": "Feature", "properties": { "element": "way", "id": 435464203, "amenity": "hospital", "health_facility:type": null, "name": "Public Health Center", "operator:type": null, "source": null, "healthcare": null, "name:fr": null, "addr:street": null, "description": null, "email": null, "opening_hours": null, "operator": null, "emergency": null, "healthcare:speciality": null, "website": null, "addr:city": null, "addr:housenumber": null, "phone": null, "name:en": null, "barrier": null, "waterway": null, "contact": null, "denomination": null, "religion": null, "building": null, "postal_code": null, "contact:phone": null, "note": null, "source:name": null, "addr:country": null, "addr:province": null, "wheelchair": null, "short_name": null, "start_date": null, "wikidata": null, "type": null }, "geometry": { "type": "Polygon", "coordinates": [ [ [ 2.2721516, 7.9154873 ], [ 2.2721596, 7.9154262 ], [ 2.2721972, 7.9154262 ], [ 2.2721999, 7.9153916 ], [ 2.2724198, 7.9154023 ], [ 2.2724117, 7.9154926 ], [ 2.2723045, 7.9154767 ], [ 2.2722991, 7.9155139 ], [ 2.2722106, 7.9155085 ], [ 2.2722106, 7.915482 ], [ 2.2721516, 7.9154873 ] ] ] } },
{ "type": "Feature", "properties": { "element": "way", "id": 443482228, "amenity": "hospital", "health_facility:type": null, "name": "Health Center Beroubouay", "operator:type": null, "source": null, "healthcare": null, "name:fr": null, "addr:street": null, "description": null, "email": null, "opening_hours": null, "operator": null, "emergency": null, "healthcare:speciality": null, "website": null, "addr:city": null, "addr:housenumber": null, "phone": null, "name:en": null, "barrier": null, "waterway": null, "contact": null, "denomination": null, "religion": null, "building": null, "postal_code": null, "contact:phone": null, "note": null, "source:name": null, "addr:country": null, "addr:province": null, "wheelchair": null, "short_name": null, "start_date": null, "wikidata": null, "type": null }, "geometry": { "type": "Polygon", "coordinates": [ [ [ 2.7266089, 10.5352562 ], [ 2.7271252, 10.5352113 ], [ 2.7270555, 10.5347419 ], [ 2.7265338, 10.5347723 ], [ 2.7266089, 10.5352562 ] ] ] } },
{ "type": "Feature", "properties": { "element": "way", "id": 461343469, "amenity": "hospital", "health_facility:type": null, "name": "Centre Santé", "operator:type": null, "source": null, "healthcare": "hospital", "name:fr": null, "addr:street": null, "description": null, "email": null, "opening_hours": null, "operator": "ACNUR", "emergency": null, "healthcare:speciality": null, "website": null, "addr:city": null, "addr:housenumber": null, "phone": null, "name:en": null, "barrier": null, "waterway": null, "contact": null, "denomination": null, "religion": null, "building": "yes", "postal_code": null, "contact:phone": null, "note": null, "source:name": null, "addr:country": null, "addr:province": null, "wheelchair": null, "short_name": null, "start_date": null, "wikidata": null, "type": null }, "geometry": { "type": "Polygon", "coordinates": [ [ [ 3.2097611, 9.9243301 ], [ 3.2098308, 9.9243087 ], [ 3.2098074, 9.9242347 ], [ 3.2097376, 9.9242562 ], [ 3.2097611, 9.9243301 ] ] ] } },
{ "type": "Feature", "properties": { "element": "way", "id": 469690429, "amenity": "hospital", "health_facility:type": null, "name": "Unité Villageoise de Santé", "operator:type": null, "source": "gps;servey", "healthcare": "hospital", "name:fr": null, "addr:street": null, "description": null, "email": null, "opening_hours": null, "operator": null, "emergency": null, "healthcare:speciality": null, "website": null, "addr:city": null, "addr:housenumber": null, "phone": null, "name:en": null, "barrier": null, "waterway": null, "contact": null, "denomination": null, "religion": null, "building": "yes", "postal_code": null, "contact:phone": null, "note": null, "source:name": null, "addr:country": null, "addr:province": null, "wheelchair": null, "short_name": null, "start_date": null, "wikidata": null, "type": null }, "geometry": { "type": "Polygon", "coordinates": [ [ [ 2.6977122, 7.4147269 ], [ 2.6977515, 7.4146505 ], [ 2.6976281, 7.414588 ], [ 2.6975888, 7.4146644 ], [ 2.6977122, 7.4147269 ] ] ] } },
{ "type": "Feature", "properties": { "element": "way", "id": 493201014, "amenity": "hospital", "health_facility:type": null, "name": "Centre de santé Oga Nla", "operator:type": null, "source": "gps;servey", "healthcare": "hospital", "name:fr": null, "addr:street": null, "description": null, "email": null, "opening_hours": null, "operator": null, "emergency": null, "healthcare:speciality": null, "website": null, "addr:city": null, "addr:housenumber": null, "phone": null, "name:en": null, "barrier": null, "waterway": null, "contact": null, "denomination": null, "religion": null, "building": "yes", "postal_code": null, "contact:phone": null, "note": null, "source:name": null, "addr:country": null, "addr:province": null, "wheelchair": null, "short_name": null, "start_date": null, "wikidata": null, "type": null }, "geometry": { "type": "Polygon", "coordinates": [ [ [ 2.7357463, 7.4071774 ], [ 2.7358108, 7.4071814 ], [ 2.7358128, 7.4071495 ], [ 2.7358669, 7.4071528 ], [ 2.7358693, 7.4071138 ], [ 2.7358385, 7.4071119 ], [ 2.7358445, 7.4070155 ], [ 2.7357567, 7.4070102 ], [ 2.7357527, 7.4070737 ], [ 2.7357706, 7.4070748 ], [ 2.7357689, 7.4071027 ], [ 2.735751, 7.4071016 ], [ 2.7357463, 7.4071774 ] ] ] } },
{ "type": "Feature", "properties": { "element": "way", "id": 495481663, "amenity": "hospital", "health_facility:type": null, "name": "Centre de santé Djidja", "operator:type": null, "source": null, "healthcare": "hospital", "name:fr": null, "addr:street": null, "description": null, "email": null, "opening_hours": null, "operator": null, "emergency": null, "healthcare:speciality": null, "website": null, "addr:city": null, "addr:housenumber": null, "phone": null, "name:en": null, "barrier": null, "waterway": null, "contact": null, "denomination": null, "religion": null, "building": "yes", "postal_code": null, "contact:phone": null, "note": null, "source:name": null, "addr:country": null, "addr:province": null, "wheelchair": null, "short_name": null, "start_date": null, "wikidata": null, "type": null }, "geometry": { "type": "Polygon", "coordinates": [ [ [ 1.932838, 7.3466264 ], [ 1.9329345, 7.3467206 ], [ 1.9330071, 7.3466476 ], [ 1.9329106, 7.3465533 ], [ 1.932838, 7.3466264 ] ] ] } },
{ "type": "Feature", "properties": { "element": "way", "id": 496312352, "amenity": "hospital", "health_facility:type": null, "name": "Meternité de Mowodani", "operator:type": null, "source": null, "healthcare": "hospital", "name:fr": null, "addr:street": null, "description": null, "email": null, "opening_hours": null, "operator": null, "emergency": null, "healthcare:speciality": null, "website": null, "addr:city": null, "addr:housenumber": null, "phone": null, "name:en": null, "barrier": null, "waterway": null, "contact": null, "denomination": null, "religion": null, "building": "yes", "postal_code": null, "contact:phone": null, "note": null, "source:name": null, "addr:country": null, "addr:province": null, "wheelchair": null, "short_name": null, "start_date": null, "wikidata": null, "type": null }, "geometry": { "type": "Polygon", "coordinates": [ [ [ 2.5439177, 7.2637717 ], [ 2.543907, 7.2638417 ], [ 2.5440437, 7.2638622 ], [ 2.5440544, 7.2637922 ], [ 2.5439177, 7.2637717 ] ] ] } },
{ "type": "Feature", "properties": { "element": "way", "id": 496497819, "amenity": "hospital", "health_facility:type": null, "name": "Hôpital Minonkpo (ProFam)", "operator:type": null, "source": null, "healthcare": "hospital", "name:fr": null, "addr:street": null, "description": null, "email": null, "opening_hours": null, "operator": null, "emergency": null, "healthcare:speciality": null, "website": null, "addr:city": "Cotonou", "addr:housenumber": null, "phone": null, "name:en": null, "barrier": null, "waterway": null, "contact": null, "denomination": null, "religion": null, "building": null, "postal_code": null, "contact:phone": null, "note": null, "source:name": null, "addr:country": null, "addr:province": null, "wheelchair": null, "short_name": null, "start_date": null, "wikidata": null, "type": null }, "geometry": { "type": "Polygon", "coordinates": [ [ [ 2.4776724, 6.3676651 ], [ 2.4778387, 6.3676784 ], [ 2.4778521, 6.3674572 ], [ 2.4776858, 6.3674412 ], [ 2.4776724, 6.3676651 ] ] ] } },
{ "type": "Feature", "properties": { "element": "way", "id": 502910685, "amenity": "hospital", "health_facility:type": null, "name": "Centre de Santé et Maternité d'Assanté", "operator:type": null, "source": null, "healthcare": null, "name:fr": null, "addr:street": null, "description": null, "email": null, "opening_hours": null, "operator": null, "emergency": null, "healthcare:speciality": null, "website": null, "addr:city": null, "addr:housenumber": null, "phone": null, "name:en": null, "barrier": null, "waterway": null, "contact": null, "denomination": null, "religion": null, "building": null, "postal_code": null, "contact:phone": null, "note": null, "source:name": null, "addr:country": null, "addr:province": null, "wheelchair": null, "short_name": null, "start_date": null, "wikidata": null, "type": null }, "geometry": { "type": "Polygon", "coordinates": [ [ [ 2.2576448, 8.1314508 ], [ 2.2580954, 8.1318119 ], [ 2.2583153, 8.131804 ], [ 2.2585674, 8.1317137 ], [ 2.2586747, 8.1312225 ], [ 2.2581624, 8.1311375 ], [ 2.2576984, 8.131079 ], [ 2.2576931, 8.131172 ], [ 2.2576448, 8.1314508 ] ] ] } },
{ "type": "Feature", "properties": { "element": "way", "id": 512906046, "amenity": "hospital", "health_facility:type": null, "name": "Clinique Nassiera", "operator:type": null, "source": null, "healthcare": null, "name:fr": null, "addr:street": null, "description": null, "email": null, "opening_hours": null, "operator": "Dr BASSONGUI", "emergency": null, "healthcare:speciality": null, "website": null, "addr:city": null, "addr:housenumber": null, "phone": null, "name:en": null, "barrier": null, "waterway": null, "contact": null, "denomination": null, "religion": null, "building": null, "postal_code": null, "contact:phone": null, "note": null, "source:name": null, "addr:country": null, "addr:province": null, "wheelchair": null, "short_name": null, "start_date": null, "wikidata": null, "type": null }, "geometry": { "type": "Polygon", "coordinates": [ [ [ 1.3858679, 10.2974847 ], [ 1.3858384, 10.297209 ], [ 1.3860986, 10.2971746 ], [ 1.3861335, 10.2974465 ], [ 1.3858679, 10.2974847 ] ] ] } },
{ "type": "Feature", "properties": { "element": "way", "id": 542157645, "amenity": "hospital", "health_facility:type": null, "name": "Hopital de zone de Lokossa", "operator:type": null, "source": null, "healthcare": "hospital", "name:fr": null, "addr:street": null, "description": null, "email": null, "opening_hours": null, "operator": null, "emergency": null, "healthcare:speciality": null, "website": null, "addr:city": null, "addr:housenumber": null, "phone": null, "name:en": null, "barrier": null, "waterway": null, "contact": null, "denomination": null, "religion": null, "building": "yes", "postal_code": null, "contact:phone": null, "note": null, "source:name": null, "addr:country": null, "addr:province": null, "wheelchair": null, "short_name": null, "start_date": null, "wikidata": null, "type": null }, "geometry": { "type": "Polygon", "coordinates": [ [ [ 1.7131396, 6.6337379 ], [ 1.7131385, 6.6336057 ], [ 1.7132534, 6.6336047 ], [ 1.7132545, 6.6337369 ], [ 1.7131396, 6.6337379 ] ] ] } },
{ "type": "Feature", "properties": { "element": "way", "id": 550451993, "amenity": "hospital", "health_facility:type": null, "name": "Centre de Santé d'Arrondissement de Toui", "operator:type": null, "source": null, "healthcare": "hospital", "name:fr": null, "addr:street": null, "description": null, "email": null, "opening_hours": null, "operator": null, "emergency": null, "healthcare:speciality": null, "website": null, "addr:city": null, "addr:housenumber": null, "phone": null, "name:en": null, "barrier": null, "waterway": null, "contact": null, "denomination": null, "religion": null, "building": null, "postal_code": null, "contact:phone": null, "note": null, "source:name": null, "addr:country": null, "addr:province": null, "wheelchair": null, "short_name": null, "start_date": null, "wikidata": null, "type": null }, "geometry": { "type": "Polygon", "coordinates": [ [ [ 2.5931168, 8.6859085 ], [ 2.5931248, 8.6851582 ], [ 2.5937551, 8.6849354 ], [ 2.594018, 8.6856725 ], [ 2.5939054, 8.6858899 ], [ 2.5931168, 8.6859085 ] ] ] } },
{ "type": "Feature", "properties": { "element": "way", "id": 553294715, "amenity": "hospital", "health_facility:type": null, "name": null, "operator:type": null, "source": null, "healthcare": "hospital", "name:fr": null, "addr:street": null, "description": null, "email": null, "opening_hours": null, "operator": null, "emergency": null, "healthcare:speciality": null, "website": null, "addr:city": null, "addr:housenumber": null, "phone": null, "name:en": null, "barrier": "wall", "waterway": null, "contact": null, "denomination": null, "religion": null, "building": null, "postal_code": null, "contact:phone": null, "note": null, "source:name": null, "addr:country": null, "addr:province": null, "wheelchair": null, "short_name": null, "start_date": null, "wikidata": null, "type": null }, "geometry": { "type": "Polygon", "coordinates": [ [ [ 3.2216635, 11.9738761 ], [ 3.2217586, 11.9733074 ], [ 3.2221259, 11.9733662 ], [ 3.2220309, 11.9739344 ], [ 3.2219645, 11.9739238 ], [ 3.2219462, 11.9740331 ], [ 3.2217169, 11.9739964 ], [ 3.2217351, 11.9738876 ], [ 3.2216635, 11.9738761 ] ] ] } },
{ "type": "Feature", "properties": { "element": "way", "id": 553551540, "amenity": "hospital", "health_facility:type": null, "name": null, "operator:type": null, "source": null, "healthcare": "hospital", "name:fr": null, "addr:street": null, "description": null, "email": null, "opening_hours": null, "operator": null, "emergency": null, "healthcare:speciality": null, "website": null, "addr:city": null, "addr:housenumber": null, "phone": null, "name:en": null, "barrier": null, "waterway": null, "contact": null, "denomination": null, "religion": null, "building": null, "postal_code": null, "contact:phone": null, "note": null, "source:name": null, "addr:country": null, "addr:province": null, "wheelchair": null, "short_name": null, "start_date": null, "wikidata": null, "type": null }, "geometry": { "type": "Polygon", "coordinates": [ [ [ 3.1802852, 12.0675247 ], [ 3.180432, 12.0667842 ], [ 3.1804535, 12.0666793 ], [ 3.1804875, 12.0666011 ], [ 3.1805152, 12.0665481 ], [ 3.1805825, 12.0664644 ], [ 3.1796614, 12.0662306 ], [ 3.1793233, 12.067234 ], [ 3.1802852, 12.0675247 ] ] ] } },
{ "type": "Feature", "properties": { "element": "way", "id": 568882934, "amenity": "hospital", "health_facility:type": null, "name": "Centre de santé d'Ottola", "operator:type": null, "source": null, "healthcare": "hospital", "name:fr": null, "addr:street": null, "description": null, "email": null, "opening_hours": null, "operator": null, "emergency": null, "healthcare:speciality": null, "website": null, "addr:city": null, "addr:housenumber": null, "phone": null, "name:en": null, "barrier": null, "waterway": null, "contact": null, "denomination": null, "religion": null, "building": "yes", "postal_code": null, "contact:phone": null, "note": null, "source:name": null, "addr:country": null, "addr:province": null, "wheelchair": null, "short_name": null, "start_date": null, "wikidata": null, "type": null }, "geometry": { "type": "Polygon", "coordinates": [ [ [ 1.6579358, 8.1539307 ], [ 1.6580313, 8.1539022 ], [ 1.6579749, 8.1537176 ], [ 1.6578794, 8.1537462 ], [ 1.6579358, 8.1539307 ] ] ] } },
{ "type": "Feature", "properties": { "element": "way", "id": 568884138, "amenity": "hospital", "health_facility:type": null, "name": "Centre de Santé d'Arrondissement de Kpataba", "operator:type": null, "source": null, "healthcare": "hospital", "name:fr": null, "addr:street": null, "description": null, "email": null, "opening_hours": null, "operator": null, "emergency": null, "healthcare:speciality": null, "website": null, "addr:city": null, "addr:housenumber": null, "phone": null, "name:en": null, "barrier": null, "waterway": null, "contact": null, "denomination": null, "religion": null, "building": "yes", "postal_code": null, "contact:phone": null, "note": null, "source:name": null, "addr:country": null, "addr:province": null, "wheelchair": null, "short_name": null, "start_date": null, "wikidata": null, "type": null }, "geometry": { "type": "Polygon", "coordinates": [ [ [ 1.9805398, 8.0554054 ], [ 1.9806533, 8.0554077 ], [ 1.9806567, 8.055249 ], [ 1.9805431, 8.0552467 ], [ 1.9805398, 8.0554054 ] ] ] } },
{ "type": "Feature", "properties": { "element": "way", "id": 717468966, "amenity": "hospital", "health_facility:type": null, "name": "Hôpital de Liboussou", "operator:type": null, "source": null, "healthcare": null, "name:fr": null, "addr:street": null, "description": null, "email": null, "opening_hours": null, "operator": null, "emergency": null, "healthcare:speciality": null, "website": null, "addr:city": null, "addr:housenumber": null, "phone": null, "name:en": null, "barrier": "fence", "waterway": null, "contact": null, "denomination": null, "religion": null, "building": null, "postal_code": null, "contact:phone": null, "note": null, "source:name": null, "addr:country": null, "addr:province": null, "wheelchair": null, "short_name": null, "start_date": null, "wikidata": null, "type": null }, "geometry": { "type": "Polygon", "coordinates": [ [ [ 3.4847662, 10.9208819 ], [ 3.4852034, 10.9212664 ], [ 3.4857452, 10.9206765 ], [ 3.4853026, 10.9202788 ], [ 3.4847662, 10.9208819 ] ] ] } },
{ "type": "Feature", "properties": { "element": "way", "id": 718425400, "amenity": "hospital", "health_facility:type": null, "name": null, "operator:type": null, "source": null, "healthcare": "hospital", "name:fr": null, "addr:street": null, "description": null, "email": null, "opening_hours": null, "operator": null, "emergency": null, "healthcare:speciality": null, "website": null, "addr:city": null, "addr:housenumber": null, "phone": null, "name:en": null, "barrier": "wall", "waterway": null, "contact": null, "denomination": null, "religion": null, "building": null, "postal_code": null, "contact:phone": null, "note": null, "source:name": null, "addr:country": null, "addr:province": null, "wheelchair": null, "short_name": null, "start_date": null, "wikidata": null, "type": null }, "geometry": { "type": "Polygon", "coordinates": [ [ [ 3.0342436, 12.2036825 ], [ 3.0342919, 12.203132 ], [ 3.0335864, 12.2030507 ], [ 3.0335087, 12.2036249 ], [ 3.0341358, 12.2036841 ], [ 3.0342177, 12.2036892 ], [ 3.0342436, 12.2036825 ] ] ] } },
{ "type": "Feature", "properties": { "element": "way", "id": 718846401, "amenity": "hospital", "health_facility:type": null, "name": null, "operator:type": null, "source": null, "healthcare": null, "name:fr": null, "addr:street": null, "description": null, "email": null, "opening_hours": null, "operator": null, "emergency": null, "healthcare:speciality": null, "website": null, "addr:city": null, "addr:housenumber": null, "phone": null, "name:en": null, "barrier": null, "waterway": null, "contact": null, "denomination": null, "religion": null, "building": null, "postal_code": null, "contact:phone": null, "note": null, "source:name": null, "addr:country": null, "addr:province": null, "wheelchair": null, "short_name": null, "start_date": null, "wikidata": null, "type": null }, "geometry": { "type": "Polygon", "coordinates": [ [ [ 3.1086025, 12.1041087 ], [ 3.1093883, 12.103975 ], [ 3.1093535, 12.1031751 ], [ 3.1091684, 12.1032144 ], [ 3.1090665, 12.1032302 ], [ 3.1089377, 12.103238 ], [ 3.1087661, 12.1032433 ], [ 3.1086615, 12.1032538 ], [ 3.1085488, 12.103259 ], [ 3.1086025, 12.1041087 ] ] ] } },
{ "type": "Feature", "properties": { "element": "way", "id": 719455737, "amenity": "hospital", "health_facility:type": null, "name": null, "operator:type": null, "source": null, "healthcare": null, "name:fr": null, "addr:street": null, "description": null, "email": null, "opening_hours": null, "operator": null, "emergency": null, "healthcare:speciality": null, "website": null, "addr:city": null, "addr:housenumber": null, "phone": null, "name:en": null, "barrier": null, "waterway": null, "contact": null, "denomination": null, "religion": null, "building": null, "postal_code": null, "contact:phone": null, "note": null, "source:name": null, "addr:country": null, "addr:province": null, "wheelchair": null, "short_name": null, "start_date": null, "wikidata": null, "type": null }, "geometry": { "type": "Polygon", "coordinates": [ [ [ 3.5183582, 11.7551195 ], [ 3.5191789, 11.7548884 ], [ 3.5191226, 11.7545943 ], [ 3.5184815, 11.7546206 ], [ 3.5183582, 11.7551195 ] ] ] } },
{ "type": "Feature", "properties": { "element": "way", "id": 720003844, "amenity": "hospital", "health_facility:type": null, "name": null, "operator:type": null, "source": null, "healthcare": null, "name:fr": null, "addr:street": null, "description": null, "email": null, "opening_hours": null, "operator": null, "emergency": null, "healthcare:speciality": null, "website": null, "addr:city": null, "addr:housenumber": null, "phone": null, "name:en": null, "barrier": null, "waterway": null, "contact": null, "denomination": null, "religion": null, "building": null, "postal_code": null, "contact:phone": null, "note": null, "source:name": null, "addr:country": null, "addr:province": null, "wheelchair": null, "short_name": null, "start_date": null, "wikidata": null, "type": null }, "geometry": { "type": "Polygon", "coordinates": [ [ [ 2.9952335, 11.244288 ], [ 2.9966792, 11.2434751 ], [ 2.9961669, 11.2426043 ], [ 2.9946649, 11.2433199 ], [ 2.9952335, 11.244288 ] ] ] } },
{ "type": "Feature", "properties": { "element": "way", "id": 720127325, "amenity": "hospital", "health_facility:type": null, "name": "Hospital Zone de Kandi", "operator:type": null, "source": null, "healthcare": "hospital", "name:fr": null, "addr:street": null, "description": null, "email": null, "opening_hours": null, "operator": null, "emergency": null, "healthcare:speciality": null, "website": null, "addr:city": null, "addr:housenumber": null, "phone": null, "name:en": null, "barrier": null, "waterway": null, "contact": null, "denomination": null, "religion": null, "building": null, "postal_code": null, "contact:phone": null, "note": null, "source:name": null, "addr:country": null, "addr:province": null, "wheelchair": null, "short_name": null, "start_date": null, "wikidata": null, "type": null }, "geometry": { "type": "Polygon", "coordinates": [ [ [ 2.9419568, 11.13687 ], [ 2.9432175, 11.1372806 ], [ 2.9448375, 11.1378267 ], [ 2.9451084, 11.137853 ], [ 2.9452908, 11.137853 ], [ 2.9453364, 11.1377793 ], [ 2.945382, 11.1376898 ], [ 2.9454786, 11.1364819 ], [ 2.9452372, 11.1363977 ], [ 2.9451889, 11.1354134 ], [ 2.9441214, 11.1354187 ], [ 2.944057, 11.1355713 ], [ 2.9417503, 11.1355555 ], [ 2.9419568, 11.13687 ] ] ] } },
{ "type": "Feature", "properties": { "element": "way", "id": 720217002, "amenity": "hospital", "health_facility:type": null, "name": null, "operator:type": null, "source": null, "healthcare": null, "name:fr": null, "addr:street": null, "description": null, "email": null, "opening_hours": null, "operator": null, "emergency": null, "healthcare:speciality": null, "website": null, "addr:city": null, "addr:housenumber": null, "phone": null, "name:en": null, "barrier": "wall", "waterway": null, "contact": null, "denomination": null, "religion": null, "building": null, "postal_code": null, "contact:phone": null, "note": null, "source:name": null, "addr:country": null, "addr:province": null, "wheelchair": null, "short_name": null, "start_date": null, "wikidata": null, "type": null }, "geometry": { "type": "Polygon", "coordinates": [ [ [ 2.9373568, 11.1201964 ], [ 2.9365307, 11.1202965 ], [ 2.9369813, 11.1212123 ], [ 2.9375392, 11.1211018 ], [ 2.9373568, 11.1201964 ] ] ] } },
{ "type": "Feature", "properties": { "element": "way", "id": 720313561, "amenity": "hospital", "health_facility:type": null, "name": "Centre de santé de Gransosso", "operator:type": null, "source": null, "healthcare": null, "name:fr": null, "addr:street": null, "description": null, "email": null, "opening_hours": null, "operator": null, "emergency": null, "healthcare:speciality": null, "website": null, "addr:city": null, "addr:housenumber": null, "phone": null, "name:en": null, "barrier": null, "waterway": null, "contact": null, "denomination": null, "religion": null, "building": null, "postal_code": null, "contact:phone": null, "note": null, "source:name": null, "addr:country": null, "addr:province": null, "wheelchair": null, "short_name": null, "start_date": null, "wikidata": null, "type": null }, "geometry": { "type": "Polygon", "coordinates": [ [ [ 2.9266226, 11.1324659 ], [ 2.92651, 11.132029 ], [ 2.9261425, 11.1320658 ], [ 2.9262015, 11.1324632 ], [ 2.9266226, 11.1324659 ] ] ] } },
{ "type": "Feature", "properties": { "element": "way", "id": 721179760, "amenity": "hospital", "health_facility:type": null, "name": null, "operator:type": null, "source": null, "healthcare": null, "name:fr": null, "addr:street": null, "description": null, "email": null, "opening_hours": null, "operator": null, "emergency": null, "healthcare:speciality": null, "website": null, "addr:city": null, "addr:housenumber": null, "phone": null, "name:en": null, "barrier": null, "waterway": null, "contact": null, "denomination": null, "religion": null, "building": null, "postal_code": null, "contact:phone": null, "note": null, "source:name": null, "addr:country": null, "addr:province": null, "wheelchair": null, "short_name": null, "start_date": null, "wikidata": null, "type": null }, "geometry": { "type": "Polygon", "coordinates": [ [ [ 3.0691525, 11.2616055 ], [ 3.0697694, 11.2613398 ], [ 3.0693993, 11.2607637 ], [ 3.0687878, 11.2610373 ], [ 3.0691525, 11.2616055 ] ] ] } },
{ "type": "Feature", "properties": { "element": "way", "id": 721231752, "amenity": "hospital", "health_facility:type": null, "name": null, "operator:type": null, "source": null, "healthcare": null, "name:fr": null, "addr:street": null, "description": null, "email": null, "opening_hours": null, "operator": null, "emergency": null, "healthcare:speciality": null, "website": null, "addr:city": null, "addr:housenumber": null, "phone": null, "name:en": null, "barrier": null, "waterway": null, "contact": null, "denomination": null, "religion": null, "building": null, "postal_code": null, "contact:phone": null, "note": null, "source:name": null, "addr:country": null, "addr:province": null, "wheelchair": null, "short_name": null, "start_date": null, "wikidata": null, "type": null }, "geometry": { "type": "Polygon", "coordinates": [ [ [ 3.0630927, 11.1733889 ], [ 3.063956, 11.173695 ], [ 3.0641617, 11.1731368 ], [ 3.0632983, 11.1728307 ], [ 3.0630927, 11.1733889 ] ] ] } },
{ "type": "Feature", "properties": { "element": "way", "id": 721564999, "amenity": "hospital", "health_facility:type": null, "name": null, "operator:type": null, "source": null, "healthcare": null, "name:fr": null, "addr:street": null, "description": null, "email": null, "opening_hours": null, "operator": null, "emergency": null, "healthcare:speciality": null, "website": null, "addr:city": null, "addr:housenumber": null, "phone": null, "name:en": null, "barrier": null, "waterway": null, "contact": null, "denomination": null, "religion": null, "building": null, "postal_code": null, "contact:phone": null, "note": null, "source:name": null, "addr:country": null, "addr:province": null, "wheelchair": null, "short_name": null, "start_date": null, "wikidata": null, "type": null }, "geometry": { "type": "Polygon", "coordinates": [ [ [ 3.1067303, 10.9143662 ], [ 3.1069905, 10.9144268 ], [ 3.1076235, 10.9143478 ], [ 3.1077012, 10.9134444 ], [ 3.10669, 10.913476 ], [ 3.1067303, 10.9143662 ] ] ] } },
{ "type": "Feature", "properties": { "element": "way", "id": 721719370, "amenity": "hospital", "health_facility:type": null, "name": null, "operator:type": null, "source": null, "healthcare": null, "name:fr": null, "addr:street": null, "description": null, "email": null, "opening_hours": null, "operator": null, "emergency": null, "healthcare:speciality": null, "website": null, "addr:city": null, "addr:housenumber": null, "phone": null, "name:en": null, "barrier": null, "waterway": null, "contact": null, "denomination": null, "religion": null, "building": null, "postal_code": null, "contact:phone": null, "note": null, "source:name": null, "addr:country": null, "addr:province": null, "wheelchair": null, "short_name": null, "start_date": null, "wikidata": null, "type": null }, "geometry": { "type": "Polygon", "coordinates": [ [ [ 3.3188662, 10.6401578 ], [ 3.3190969, 10.6400524 ], [ 3.3189628, 10.6396201 ], [ 3.3186704, 10.6397044 ], [ 3.3188662, 10.6401578 ] ] ] } },
{ "type": "Feature", "properties": { "element": "way", "id": 722184674, "amenity": "hospital", "health_facility:type": null, "name": "Hôpital de Kambara", "operator:type": null, "source": null, "healthcare": null, "name:fr": null, "addr:street": null, "description": null, "email": null, "opening_hours": null, "operator": null, "emergency": null, "healthcare:speciality": null, "website": null, "addr:city": null, "addr:housenumber": null, "phone": null, "name:en": null, "barrier": null, "waterway": null, "contact": null, "denomination": null, "religion": null, "building": null, "postal_code": null, "contact:phone": null, "note": null, "source:name": null, "addr:country": null, "addr:province": null, "wheelchair": null, "short_name": null, "start_date": null, "wikidata": null, "type": null }, "geometry": { "type": "Polygon", "coordinates": [ [ [ 3.5453251, 10.9287195 ], [ 3.5454029, 10.9291909 ], [ 3.5462397, 10.9289434 ], [ 3.5460734, 10.9285404 ], [ 3.5453251, 10.9287195 ] ] ] } },
{ "type": "Feature", "properties": { "element": "way", "id": 722854815, "amenity": "hospital", "health_facility:type": null, "name": null, "operator:type": null, "source": null, "healthcare": null, "name:fr": null, "addr:street": null, "description": null, "email": null, "opening_hours": null, "operator": null, "emergency": null, "healthcare:speciality": null, "website": null, "addr:city": null, "addr:housenumber": null, "phone": null, "name:en": null, "barrier": null, "waterway": null, "contact": null, "denomination": null, "religion": null, "building": null, "postal_code": null, "contact:phone": null, "note": null, "source:name": null, "addr:country": null, "addr:province": null, "wheelchair": null, "short_name": null, "start_date": null, "wikidata": null, "type": null }, "geometry": { "type": "Polygon", "coordinates": [ [ [ 3.5456791, 11.0272642 ], [ 3.5465133, 11.0272458 ], [ 3.5464999, 11.0267561 ], [ 3.5457033, 11.0267693 ], [ 3.5456791, 11.0272642 ] ] ] } },
{ "type": "Feature", "properties": { "element": "way", "id": 723073207, "amenity": "hospital", "health_facility:type": null, "name": null, "operator:type": null, "source": null, "healthcare": null, "name:fr": null, "addr:street": null, "description": null, "email": null, "opening_hours": null, "operator": null, "emergency": null, "healthcare:speciality": null, "website": null, "addr:city": null, "addr:housenumber": null, "phone": null, "name:en": null, "barrier": null, "waterway": null, "contact": null, "denomination": null, "religion": null, "building": null, "postal_code": null, "contact:phone": null, "note": null, "source:name": null, "addr:country": null, "addr:province": null, "wheelchair": null, "short_name": null, "start_date": null, "wikidata": null, "type": null }, "geometry": { "type": "Polygon", "coordinates": [ [ [ 3.7983781, 10.6817578 ], [ 3.7988341, 10.6817262 ], [ 3.7988394, 10.6813176 ], [ 3.7983566, 10.6813387 ], [ 3.7983781, 10.6817578 ] ] ] } },
{ "type": "Feature", "properties": { "element": "way", "id": 723219355, "amenity": "hospital", "health_facility:type": null, "name": null, "operator:type": null, "source": null, "healthcare": null, "name:fr": null, "addr:street": null, "description": null, "email": null, "opening_hours": null, "operator": null, "emergency": null, "healthcare:speciality": null, "website": null, "addr:city": null, "addr:housenumber": null, "phone": null, "name:en": null, "barrier": null, "waterway": null, "contact": null, "denomination": null, "religion": null, "building": null, "postal_code": null, "contact:phone": null, "note": null, "source:name": null, "addr:country": null, "addr:province": null, "wheelchair": null, "short_name": null, "start_date": null, "wikidata": null, "type": null }, "geometry": { "type": "Polygon", "coordinates": [ [ [ 3.530927, 10.4678461 ], [ 3.5312301, 10.4684106 ], [ 3.5316995, 10.4682391 ], [ 3.5313615, 10.467614 ], [ 3.530927, 10.4678461 ] ] ] } },
{ "type": "Feature", "properties": { "element": "way", "id": 723319960, "amenity": "hospital", "health_facility:type": null, "name": null, "operator:type": null, "source": null, "healthcare": null, "name:fr": null, "addr:street": null, "description": null, "email": null, "opening_hours": null, "operator": null, "emergency": null, "healthcare:speciality": null, "website": null, "addr:city": null, "addr:housenumber": null, "phone": null, "name:en": null, "barrier": null, "waterway": null, "contact": null, "denomination": null, "religion": null, "building": null, "postal_code": null, "contact:phone": null, "note": null, "source:name": null, "addr:country": null, "addr:province": null, "wheelchair": null, "short_name": null, "start_date": null, "wikidata": null, "type": null }, "geometry": { "type": "Polygon", "coordinates": [ [ [ 3.5847079, 10.7862149 ], [ 3.5846463, 10.785327 ], [ 3.5838282, 10.7853849 ], [ 3.5835117, 10.7862887 ], [ 3.5847079, 10.7862149 ] ] ] } },
{ "type": "Feature", "properties": { "element": "way", "id": 723507702, "amenity": "hospital", "health_facility:type": null, "name": null, "operator:type": null, "source": null, "healthcare": null, "name:fr": null, "addr:street": null, "description": null, "email": null, "opening_hours": null, "operator": null, "emergency": null, "healthcare:speciality": null, "website": null, "addr:city": null, "addr:housenumber": null, "phone": null, "name:en": null, "barrier": null, "waterway": null, "contact": null, "denomination": null, "religion": null, "building": null, "postal_code": null, "contact:phone": null, "note": null, "source:name": null, "addr:country": null, "addr:province": null, "wheelchair": null, "short_name": null, "start_date": null, "wikidata": null, "type": null }, "geometry": { "type": "Polygon", "coordinates": [ [ [ 3.6908537, 10.9201234 ], [ 3.6917496, 10.9200497 ], [ 3.6915511, 10.9186539 ], [ 3.6906767, 10.9187961 ], [ 3.6908537, 10.9201234 ] ] ] } },
{ "type": "Feature", "properties": { "element": "way", "id": 724291342, "amenity": "hospital", "health_facility:type": null, "name": null, "operator:type": null, "source": null, "healthcare": null, "name:fr": null, "addr:street": null, "description": null, "email": null, "opening_hours": null, "operator": null, "emergency": null, "healthcare:speciality": null, "website": null, "addr:city": null, "addr:housenumber": null, "phone": null, "name:en": null, "barrier": null, "waterway": null, "contact": null, "denomination": null, "religion": null, "building": null, "postal_code": null, "contact:phone": null, "note": null, "source:name": null, "addr:country": null, "addr:province": null, "wheelchair": null, "short_name": null, "start_date": null, "wikidata": null, "type": null }, "geometry": { "type": "Polygon", "coordinates": [ [ [ 3.4561738, 10.3267095 ], [ 3.456485, 10.3271607 ], [ 3.4577188, 10.3265512 ], [ 3.4573165, 10.3261659 ], [ 3.4561738, 10.3267095 ] ] ] } },
{ "type": "Feature", "properties": { "element": "way", "id": 724291353, "amenity": "hospital", "health_facility:type": null, "name": null, "operator:type": null, "source": null, "healthcare": null, "name:fr": null, "addr:street": null, "description": null, "email": null, "opening_hours": null, "operator": null, "emergency": null, "healthcare:speciality": null, "website": null, "addr:city": null, "addr:housenumber": null, "phone": null, "name:en": null, "barrier": null, "waterway": null, "contact": null, "denomination": null, "religion": null, "building": null, "postal_code": null, "contact:phone": null, "note": null, "source:name": null, "addr:country": null, "addr:province": null, "wheelchair": null, "short_name": null, "start_date": null, "wikidata": null, "type": null }, "geometry": { "type": "Polygon", "coordinates": [ [ [ 3.4058985, 10.3190623 ], [ 3.4063089, 10.3188723 ], [ 3.4061104, 10.3186585 ], [ 3.4057778, 10.3188089 ], [ 3.4058985, 10.3190623 ] ] ] } },
{ "type": "Feature", "properties": { "element": "way", "id": 724416791, "amenity": "hospital", "health_facility:type": null, "name": null, "operator:type": null, "source": null, "healthcare": null, "name:fr": null, "addr:street": null, "description": null, "email": null, "opening_hours": null, "operator": null, "emergency": null, "healthcare:speciality": null, "website": null, "addr:city": null, "addr:housenumber": null, "phone": null, "name:en": null, "barrier": null, "waterway": null, "contact": null, "denomination": null, "religion": null, "building": null, "postal_code": null, "contact:phone": null, "note": null, "source:name": null, "addr:country": null, "addr:province": null, "wheelchair": null, "short_name": null, "start_date": null, "wikidata": null, "type": null }, "geometry": { "type": "Polygon", "coordinates": [ [ [ 3.2602143, 10.1594337 ], [ 3.2609546, 10.1591248 ], [ 3.2610619, 10.1590905 ], [ 3.261137, 10.159072 ], [ 3.2611933, 10.1590668 ], [ 3.2612658, 10.158412 ], [ 3.2601258, 10.1583988 ], [ 3.2601419, 10.1594575 ], [ 3.2602143, 10.1594337 ] ] ] } },
{ "type": "Feature", "properties": { "element": "way", "id": 724587898, "amenity": "hospital", "health_facility:type": null, "name": "Hôpital Sunon Séro", "operator:type": null, "source": null, "healthcare": "hospital", "name:fr": null, "addr:street": null, "description": null, "email": null, "opening_hours": null, "operator": null, "emergency": null, "healthcare:speciality": null, "website": null, "addr:city": null, "addr:housenumber": null, "phone": null, "name:en": null, "barrier": "fence", "waterway": null, "contact": null, "denomination": null, "religion": null, "building": null, "postal_code": null, "contact:phone": null, "note": null, "source:name": null, "addr:country": null, "addr:province": null, "wheelchair": null, "short_name": null, "start_date": null, "wikidata": null, "type": null }, "geometry": { "type": "Polygon", "coordinates": [ [ [ 3.2127093, 9.935259 ], [ 3.2147884, 9.9349293 ], [ 3.2144397, 9.9322767 ], [ 3.2118648, 9.9326624 ], [ 3.2120854, 9.9338226 ], [ 3.2121009, 9.9339042 ], [ 3.2121694, 9.9342867 ], [ 3.2126727, 9.9343792 ], [ 3.2126702, 9.9347641 ], [ 3.2127093, 9.935259 ] ] ] } },
{ "type": "Feature", "properties": { "element": "way", "id": 724676183, "amenity": "hospital", "health_facility:type": null, "name": null, "operator:type": null, "source": null, "healthcare": "hospital", "name:fr": null, "addr:street": null, "description": null, "email": null, "opening_hours": null, "operator": null, "emergency": null, "healthcare:speciality": null, "website": null, "addr:city": "SUYA", "addr:housenumber": null, "phone": null, "name:en": null, "barrier": null, "waterway": null, "contact": null, "denomination": null, "religion": null, "building": null, "postal_code": null, "contact:phone": null, "note": null, "source:name": null, "addr:country": null, "addr:province": null, "wheelchair": null, "short_name": null, "start_date": null, "wikidata": null, "type": null }, "geometry": { "type": "Polygon", "coordinates": [ [ [ 3.0909026, 9.8540798 ], [ 3.0905485, 9.8547748 ], [ 3.0911601, 9.8551949 ], [ 3.0915061, 9.8551844 ], [ 3.0921793, 9.8555253 ], [ 3.0924422, 9.8551712 ], [ 3.0909026, 9.8540798 ] ] ] } },
{ "type": "Feature", "properties": { "element": "way", "id": 724688232, "amenity": "hospital", "health_facility:type": null, "name": null, "operator:type": null, "source": null, "healthcare": null, "name:fr": null, "addr:street": null, "description": null, "email": null, "opening_hours": null, "operator": null, "emergency": null, "healthcare:speciality": null, "website": null, "addr:city": null, "addr:housenumber": null, "phone": null, "name:en": null, "barrier": null, "waterway": null, "contact": null, "denomination": null, "religion": null, "building": null, "postal_code": null, "contact:phone": null, "note": null, "source:name": null, "addr:country": null, "addr:province": null, "wheelchair": null, "short_name": null, "start_date": null, "wikidata": null, "type": null }, "geometry": { "type": "Polygon", "coordinates": [ [ [ 3.0393183, 9.9166726 ], [ 3.039718, 9.9161257 ], [ 3.038916, 9.9153621 ], [ 3.0386826, 9.9160517 ], [ 3.0393183, 9.9166726 ] ] ] } },
{ "type": "Feature", "properties": { "element": "way", "id": 724782079, "amenity": "hospital", "health_facility:type": null, "name": null, "operator:type": null, "source": null, "healthcare": null, "name:fr": null, "addr:street": null, "description": null, "email": null, "opening_hours": null, "operator": null, "emergency": null, "healthcare:speciality": null, "website": null, "addr:city": null, "addr:housenumber": null, "phone": null, "name:en": null, "barrier": null, "waterway": null, "contact": null, "denomination": null, "religion": null, "building": null, "postal_code": null, "contact:phone": null, "note": null, "source:name": null, "addr:country": null, "addr:province": null, "wheelchair": null, "short_name": null, "start_date": null, "wikidata": null, "type": null }, "geometry": { "type": "Polygon", "coordinates": [ [ [ 2.8557613, 9.9000452 ], [ 2.8564239, 9.9001456 ], [ 2.8565633, 9.8994507 ], [ 2.8558069, 9.8992737 ], [ 2.8557613, 9.9000452 ] ] ] } },
{ "type": "Feature", "properties": { "element": "way", "id": 724880223, "amenity": "hospital", "health_facility:type": null, "name": null, "operator:type": null, "source": null, "healthcare": null, "name:fr": null, "addr:street": null, "description": null, "email": null, "opening_hours": null, "operator": null, "emergency": null, "healthcare:speciality": null, "website": null, "addr:city": null, "addr:housenumber": null, "phone": null, "name:en": null, "barrier": null, "waterway": null, "contact": null, "denomination": null, "religion": null, "building": null, "postal_code": null, "contact:phone": null, "note": null, "source:name": null, "addr:country": null, "addr:province": null, "wheelchair": null, "short_name": null, "start_date": null, "wikidata": null, "type": null }, "geometry": { "type": "Polygon", "coordinates": [ [ [ 2.4397186, 9.7476931 ], [ 2.4401035, 9.7483581 ], [ 2.4413211, 9.7476735 ], [ 2.4409308, 9.7469767 ], [ 2.4397186, 9.7476931 ] ] ] } },
{ "type": "Feature", "properties": { "element": "way", "id": 725910663, "amenity": "hospital", "health_facility:type": null, "name": "Centre médical de Gbégourou", "operator:type": null, "source": null, "healthcare": null, "name:fr": null, "addr:street": null, "description": null, "email": null, "opening_hours": null, "operator": null, "emergency": null, "healthcare:speciality": null, "website": null, "addr:city": null, "addr:housenumber": null, "phone": null, "name:en": null, "barrier": null, "waterway": null, "contact": null, "denomination": null, "religion": null, "building": null, "postal_code": null, "contact:phone": null, "note": null, "source:name": null, "addr:country": null, "addr:province": null, "wheelchair": null, "short_name": null, "start_date": null, "wikidata": null, "type": null }, "geometry": { "type": "Polygon", "coordinates": [ [ [ 2.7414, 9.4457625 ], [ 2.7418345, 9.4463049 ], [ 2.741915, 9.4464186 ], [ 2.7424434, 9.4460932 ], [ 2.7418211, 9.4453206 ], [ 2.7414, 9.4457625 ] ] ] } },
{ "type": "Feature", "properties": { "element": "way", "id": 725916242, "amenity": "hospital", "health_facility:type": null, "name": null, "operator:type": null, "source": null, "healthcare": null, "name:fr": null, "addr:street": null, "description": null, "email": null, "opening_hours": null, "operator": null, "emergency": null, "healthcare:speciality": null, "website": null, "addr:city": null, "addr:housenumber": null, "phone": null, "name:en": null, "barrier": null, "waterway": null, "contact": null, "denomination": null, "religion": null, "building": null, "postal_code": null, "contact:phone": null, "note": null, "source:name": null, "addr:country": null, "addr:province": null, "wheelchair": null, "short_name": null, "start_date": null, "wikidata": null, "type": null }, "geometry": { "type": "Polygon", "coordinates": [ [ [ 2.7210581, 9.4305221 ], [ 2.7216375, 9.4301966 ], [ 2.7213049, 9.4296754 ], [ 2.7207175, 9.4300247 ], [ 2.7210581, 9.4305221 ] ] ] } },
{ "type": "Feature", "properties": { "element": "way", "id": 727409881, "amenity": "hospital", "health_facility:type": null, "name": null, "operator:type": null, "source": null, "healthcare": null, "name:fr": null, "addr:street": null, "description": null, "email": null, "opening_hours": null, "operator": null, "emergency": null, "healthcare:speciality": null, "website": null, "addr:city": null, "addr:housenumber": null, "phone": null, "name:en": null, "barrier": null, "waterway": null, "contact": null, "denomination": null, "religion": null, "building": null, "postal_code": null, "contact:phone": null, "note": null, "source:name": null, "addr:country": null, "addr:province": null, "wheelchair": null, "short_name": null, "start_date": null, "wikidata": null, "type": null }, "geometry": { "type": "Polygon", "coordinates": [ [ [ 1.7264065, 9.0146162 ], [ 1.7275089, 9.014505 ], [ 1.7274579, 9.0138665 ], [ 1.7263153, 9.0139646 ], [ 1.7264065, 9.0146162 ] ] ] } },
{ "type": "Feature", "properties": { "element": "way", "id": 727422394, "amenity": "hospital", "health_facility:type": null, "name": null, "operator:type": null, "source": null, "healthcare": null, "name:fr": null, "addr:street": null, "description": null, "email": null, "opening_hours": null, "operator": null, "emergency": null, "healthcare:speciality": null, "website": null, "addr:city": null, "addr:housenumber": null, "phone": null, "name:en": null, "barrier": "wall", "waterway": null, "contact": null, "denomination": null, "religion": null, "building": null, "postal_code": null, "contact:phone": null, "note": null, "source:name": null, "addr:country": null, "addr:province": null, "wheelchair": null, "short_name": null, "start_date": null, "wikidata": null, "type": null }, "geometry": { "type": "Polygon", "coordinates": [ [ [ 1.7211762, 8.9748328 ], [ 1.7221284, 8.9744963 ], [ 1.7219514, 8.973826 ], [ 1.7212563, 8.9739497 ], [ 1.7209536, 8.9740036 ], [ 1.7210665, 8.9744242 ], [ 1.7211762, 8.9748328 ] ] ] } },
{ "type": "Feature", "properties": { "element": "way", "id": 727454207, "amenity": "hospital", "health_facility:type": null, "name": null, "operator:type": null, "source": null, "healthcare": null, "name:fr": null, "addr:street": null, "description": null, "email": null, "opening_hours": null, "operator": null, "emergency": null, "healthcare:speciality": null, "website": null, "addr:city": null, "addr:housenumber": null, "phone": null, "name:en": null, "barrier": null, "waterway": null, "contact": null, "denomination": null, "religion": null, "building": null, "postal_code": null, "contact:phone": null, "note": null, "source:name": null, "addr:country": null, "addr:province": null, "wheelchair": null, "short_name": null, "start_date": null, "wikidata": null, "type": null }, "geometry": { "type": "Polygon", "coordinates": [ [ [ 1.9574144, 8.9917301 ], [ 1.9574118, 8.9921063 ], [ 1.9581199, 8.9921752 ], [ 1.9582486, 8.9918361 ], [ 1.9574144, 8.9917301 ] ] ] } },
{ "type": "Feature", "properties": { "element": "way", "id": 727835362, "amenity": "hospital", "health_facility:type": null, "name": null, "operator:type": null, "source": null, "healthcare": null, "name:fr": null, "addr:street": null, "description": null, "email": null, "opening_hours": null, "operator": null, "emergency": null, "healthcare:speciality": null, "website": null, "addr:city": null, "addr:housenumber": null, "phone": null, "name:en": null, "barrier": null, "waterway": null, "contact": null, "denomination": null, "religion": null, "building": null, "postal_code": null, "contact:phone": null, "note": null, "source:name": null, "addr:country": null, "addr:province": null, "wheelchair": null, "short_name": null, "start_date": null, "wikidata": null, "type": null }, "geometry": { "type": "Polygon", "coordinates": [ [ [ 2.488693, 11.3184701 ], [ 2.4899858, 11.3185963 ], [ 2.490533, 11.3168342 ], [ 2.4905544, 11.3167395 ], [ 2.4905759, 11.3163608 ], [ 2.4886554, 11.3163818 ], [ 2.488634, 11.317013 ], [ 2.488693, 11.3184701 ] ] ] } },
{ "type": "Feature", "properties": { "element": "way", "id": 728823353, "amenity": "hospital", "health_facility:type": null, "name": null, "operator:type": null, "source": null, "healthcare": null, "name:fr": null, "addr:street": null, "description": null, "email": null, "opening_hours": null, "operator": null, "emergency": null, "healthcare:speciality": null, "website": null, "addr:city": null, "addr:housenumber": null, "phone": null, "name:en": null, "barrier": null, "waterway": null, "contact": null, "denomination": null, "religion": null, "building": null, "postal_code": null, "contact:phone": null, "note": null, "source:name": null, "addr:country": null, "addr:province": null, "wheelchair": null, "short_name": null, "start_date": null, "wikidata": null, "type": null }, "geometry": { "type": "Polygon", "coordinates": [ [ [ 2.3241422, 11.2032773 ], [ 2.3240215, 11.2042456 ], [ 2.3252928, 11.2044245 ], [ 2.3254645, 11.2035404 ], [ 2.3241422, 11.2032773 ] ] ] } },
{ "type": "Feature", "properties": { "element": "way", "id": 734729678, "amenity": "hospital", "health_facility:type": null, "name": "Cantre de santé de Dunkassa", "operator:type": null, "source": null, "healthcare": "hospital", "name:fr": null, "addr:street": null, "description": null, "email": null, "opening_hours": null, "operator": null, "emergency": null, "healthcare:speciality": null, "website": null, "addr:city": null, "addr:housenumber": null, "phone": null, "name:en": null, "barrier": null, "waterway": null, "contact": null, "denomination": null, "religion": null, "building": null, "postal_code": null, "contact:phone": null, "note": null, "source:name": null, "addr:country": null, "addr:province": null, "wheelchair": null, "short_name": null, "start_date": null, "wikidata": null, "type": null }, "geometry": { "type": "Polygon", "coordinates": [ [ [ 3.148511, 10.3573546 ], [ 3.1489429, 10.3576554 ], [ 3.1498468, 10.3576527 ], [ 3.1498575, 10.3573335 ], [ 3.1495973, 10.3573018 ], [ 3.1496081, 10.3570327 ], [ 3.1493452, 10.3570406 ], [ 3.1491119, 10.356687 ], [ 3.148511, 10.3573546 ] ] ] } },
{ "type": "Feature", "properties": { "element": "way", "id": 736506222, "amenity": "hospital", "health_facility:type": null, "name": null, "operator:type": null, "source": null, "healthcare": null, "name:fr": null, "addr:street": null, "description": null, "email": null, "opening_hours": null, "operator": null, "emergency": null, "healthcare:speciality": null, "website": null, "addr:city": null, "addr:housenumber": null, "phone": null, "name:en": null, "barrier": null, "waterway": null, "contact": null, "denomination": null, "religion": null, "building": null, "postal_code": null, "contact:phone": null, "note": null, "source:name": null, "addr:country": null, "addr:province": null, "wheelchair": null, "short_name": null, "start_date": null, "wikidata": null, "type": null }, "geometry": { "type": "Polygon", "coordinates": [ [ [ 2.8726566, 10.1963172 ], [ 2.8728872, 10.1956467 ], [ 2.8722328, 10.1954197 ], [ 2.8723186, 10.1951715 ], [ 2.8716642, 10.1949498 ], [ 2.8713369, 10.1956678 ], [ 2.8726566, 10.1963172 ] ] ] } },
{ "type": "Feature", "properties": { "element": "way", "id": 736772272, "amenity": "hospital", "health_facility:type": null, "name": null, "operator:type": null, "source": null, "healthcare": null, "name:fr": null, "addr:street": null, "description": null, "email": null, "opening_hours": null, "operator": null, "emergency": null, "healthcare:speciality": null, "website": null, "addr:city": null, "addr:housenumber": null, "phone": null, "name:en": null, "barrier": null, "waterway": null, "contact": null, "denomination": null, "religion": null, "building": null, "postal_code": null, "contact:phone": null, "note": null, "source:name": null, "addr:country": null, "addr:province": null, "wheelchair": null, "short_name": null, "start_date": null, "wikidata": null, "type": null }, "geometry": { "type": "Polygon", "coordinates": [ [ [ 2.8957933, 10.1174737 ], [ 2.8968394, 10.117141 ], [ 2.8966436, 10.1164069 ], [ 2.8956163, 10.1167291 ], [ 2.8957933, 10.1174737 ] ] ] } },
{ "type": "Feature", "properties": { "element": "way", "id": 737061532, "amenity": "hospital", "health_facility:type": null, "name": null, "operator:type": null, "source": null, "healthcare": "hospital", "name:fr": null, "addr:street": null, "description": null, "email": null, "opening_hours": null, "operator": null, "emergency": null, "healthcare:speciality": null, "website": null, "addr:city": null, "addr:housenumber": null, "phone": null, "name:en": null, "barrier": null, "waterway": null, "contact": null, "denomination": null, "religion": null, "building": null, "postal_code": null, "contact:phone": null, "note": null, "source:name": null, "addr:country": null, "addr:province": null, "wheelchair": null, "short_name": null, "start_date": null, "wikidata": null, "type": null }, "geometry": { "type": "Polygon", "coordinates": [ [ [ 3.2099827, 9.9357378 ], [ 3.2096686, 9.9349903 ], [ 3.2103827, 9.9347068 ], [ 3.2106743, 9.9354838 ], [ 3.2099827, 9.9357378 ] ] ] } },
{ "type": "Feature", "properties": { "element": "way", "id": 737225737, "amenity": "hospital", "health_facility:type": null, "name": null, "operator:type": null, "source": null, "healthcare": null, "name:fr": null, "addr:street": null, "description": null, "email": null, "opening_hours": null, "operator": null, "emergency": null, "healthcare:speciality": null, "website": null, "addr:city": null, "addr:housenumber": null, "phone": null, "name:en": null, "barrier": null, "waterway": null, "contact": null, "denomination": null, "religion": null, "building": null, "postal_code": null, "contact:phone": null, "note": null, "source:name": null, "addr:country": null, "addr:province": null, "wheelchair": null, "short_name": null, "start_date": null, "wikidata": null, "type": null }, "geometry": { "type": "Polygon", "coordinates": [ [ [ 2.8300551, 10.0605553 ], [ 2.8308302, 10.0602674 ], [ 2.8306264, 10.0597657 ], [ 2.830165, 10.0599664 ], [ 2.830098, 10.0598475 ], [ 2.8297976, 10.0599373 ], [ 2.8298619, 10.0602199 ], [ 2.8300551, 10.0605553 ] ] ] } },
{ "type": "Feature", "properties": { "element": "way", "id": 737300290, "amenity": "hospital", "health_facility:type": null, "name": null, "operator:type": null, "source": null, "healthcare": null, "name:fr": null, "addr:street": null, "description": null, "email": null, "opening_hours": null, "operator": null, "emergency": null, "healthcare:speciality": null, "website": null, "addr:city": null, "addr:housenumber": null, "phone": null, "name:en": null, "barrier": null, "waterway": null, "contact": null, "denomination": null, "religion": null, "building": null, "postal_code": null, "contact:phone": null, "note": null, "source:name": null, "addr:country": null, "addr:province": null, "wheelchair": null, "short_name": null, "start_date": null, "wikidata": null, "type": null }, "geometry": { "type": "Polygon", "coordinates": [ [ [ 2.9250938, 10.0114111 ], [ 2.9256302, 10.0115485 ], [ 2.9258126, 10.0110625 ], [ 2.9251206, 10.0109357 ], [ 2.9250938, 10.0114111 ] ] ] } },
{ "type": "Feature", "properties": { "element": "way", "id": 738203899, "amenity": "hospital", "health_facility:type": null, "name": null, "operator:type": null, "source": null, "healthcare": "hospital", "name:fr": null, "addr:street": null, "description": null, "email": null, "opening_hours": null, "operator": null, "emergency": null, "healthcare:speciality": null, "website": null, "addr:city": null, "addr:housenumber": null, "phone": null, "name:en": null, "barrier": null, "waterway": null, "contact": null, "denomination": null, "religion": null, "building": null, "postal_code": null, "contact:phone": null, "note": null, "source:name": null, "addr:country": null, "addr:province": null, "wheelchair": null, "short_name": null, "start_date": null, "wikidata": null, "type": null }, "geometry": { "type": "Polygon", "coordinates": [ [ [ 3.0696326, 10.0204656 ], [ 3.0713868, 10.0203203 ], [ 3.0714995, 10.0189574 ], [ 3.0705607, 10.0189917 ], [ 3.0696326, 10.0204656 ] ] ] } },
{ "type": "Feature", "properties": { "element": "way", "id": 738265204, "amenity": "hospital", "health_facility:type": null, "name": null, "operator:type": null, "source": null, "healthcare": null, "name:fr": null, "addr:street": null, "description": null, "email": null, "opening_hours": null, "operator": null, "emergency": null, "healthcare:speciality": null, "website": null, "addr:city": null, "addr:housenumber": null, "phone": null, "name:en": null, "barrier": null, "waterway": null, "contact": null, "denomination": null, "religion": null, "building": null, "postal_code": null, "contact:phone": null, "note": null, "source:name": null, "addr:country": null, "addr:province": null, "wheelchair": null, "short_name": null, "start_date": null, "wikidata": null, "type": null }, "geometry": { "type": "Polygon", "coordinates": [ [ [ 2.8332925, 9.9819268 ], [ 2.8331637, 9.981351 ], [ 2.8322384, 9.9816917 ], [ 2.8324932, 9.98208 ], [ 2.8332925, 9.9819268 ] ] ] } },
{ "type": "Feature", "properties": { "element": "way", "id": 738467893, "amenity": "hospital", "health_facility:type": null, "name": null, "operator:type": null, "source": null, "healthcare": "hospital", "name:fr": null, "addr:street": null, "description": null, "email": null, "opening_hours": null, "operator": null, "emergency": null, "healthcare:speciality": null, "website": null, "addr:city": null, "addr:housenumber": null, "phone": null, "name:en": null, "barrier": null, "waterway": null, "contact": null, "denomination": null, "religion": null, "building": null, "postal_code": null, "contact:phone": null, "note": null, "source:name": null, "addr:country": null, "addr:province": null, "wheelchair": null, "short_name": null, "start_date": null, "wikidata": null, "type": null }, "geometry": { "type": "Polygon", "coordinates": [ [ [ 2.7292013, 9.9605582 ], [ 2.7277154, 9.960751 ], [ 2.727879, 9.9618209 ], [ 2.7292523, 9.9616492 ], [ 2.7292013, 9.9605582 ] ] ] } },
{ "type": "Feature", "properties": { "element": "way", "id": 738471765, "amenity": "hospital", "health_facility:type": null, "name": "Centre de rééducation d'Ina", "operator:type": null, "source": null, "healthcare": "hospital", "name:fr": null, "addr:street": null, "description": null, "email": null, "opening_hours": null, "operator": null, "emergency": null, "healthcare:speciality": null, "website": null, "addr:city": null, "addr:housenumber": null, "phone": null, "name:en": null, "barrier": null, "waterway": null, "contact": null, "denomination": null, "religion": null, "building": null, "postal_code": null, "contact:phone": null, "note": null, "source:name": null, "addr:country": null, "addr:province": null, "wheelchair": null, "short_name": null, "start_date": null, "wikidata": null, "type": null }, "geometry": { "type": "Polygon", "coordinates": [ [ [ 2.7157474, 9.9728396 ], [ 2.716316, 9.9728501 ], [ 2.7170455, 9.9729241 ], [ 2.7167129, 9.9710961 ], [ 2.7166378, 9.9704198 ], [ 2.7156776, 9.9704356 ], [ 2.7156401, 9.9710062 ], [ 2.7157474, 9.9728396 ] ] ] } },
{ "type": "Feature", "properties": { "element": "way", "id": 738616712, "amenity": "hospital", "health_facility:type": null, "name": "Hôpital Sanitaire de N'Dali", "operator:type": null, "source": null, "healthcare": "hospital", "name:fr": null, "addr:street": null, "description": null, "email": null, "opening_hours": null, "operator": null, "emergency": null, "healthcare:speciality": null, "website": null, "addr:city": null, "addr:housenumber": null, "phone": null, "name:en": null, "barrier": null, "waterway": null, "contact": null, "denomination": null, "religion": null, "building": null, "postal_code": null, "contact:phone": null, "note": null, "source:name": null, "addr:country": null, "addr:province": null, "wheelchair": null, "short_name": null, "start_date": null, "wikidata": null, "type": null }, "geometry": { "type": "Polygon", "coordinates": [ [ [ 2.7078179, 9.8404277 ], [ 2.7078137, 9.8406938 ], [ 2.7092233, 9.8409614 ], [ 2.7095428, 9.8411524 ], [ 2.70986, 9.8412851 ], [ 2.7104207, 9.8398804 ], [ 2.7108481, 9.8399824 ], [ 2.7109883, 9.8395865 ], [ 2.7089403, 9.8387158 ], [ 2.7081259, 9.8385197 ], [ 2.7080691, 9.8388289 ], [ 2.708014, 9.8388189 ], [ 2.7079628, 9.8390942 ], [ 2.7080185, 9.8391043 ], [ 2.7079963, 9.8392256 ], [ 2.7079401, 9.8393448 ], [ 2.7078404, 9.8395389 ], [ 2.7077939, 9.8397211 ], [ 2.7078179, 9.8404277 ] ] ] } },
{ "type": "Feature", "properties": { "element": "way", "id": 740645644, "amenity": "hospital", "health_facility:type": null, "name": "Centre médical de Tamarou", "operator:type": null, "source": null, "healthcare": null, "name:fr": null, "addr:street": null, "description": null, "email": null, "opening_hours": null, "operator": null, "emergency": null, "healthcare:speciality": null, "website": null, "addr:city": null, "addr:housenumber": null, "phone": null, "name:en": null, "barrier": null, "waterway": null, "contact": null, "denomination": null, "religion": null, "building": null, "postal_code": null, "contact:phone": null, "note": null, "source:name": null, "addr:country": null, "addr:province": null, "wheelchair": null, "short_name": null, "start_date": null, "wikidata": null, "type": null }, "geometry": { "type": "Polygon", "coordinates": [ [ [ 2.6955461, 9.7345389 ], [ 2.6960793, 9.7344028 ], [ 2.6959454, 9.7338931 ], [ 2.6954122, 9.7340292 ], [ 2.6955461, 9.7345389 ] ] ] } },
{ "type": "Feature", "properties": { "element": "way", "id": 742689325, "amenity": "hospital", "health_facility:type": null, "name": null, "operator:type": null, "source": null, "healthcare": null, "name:fr": null, "addr:street": null, "description": null, "email": null, "opening_hours": null, "operator": null, "emergency": null, "healthcare:speciality": null, "website": null, "addr:city": null, "addr:housenumber": null, "phone": null, "name:en": null, "barrier": null, "waterway": null, "contact": null, "denomination": null, "religion": null, "building": null, "postal_code": null, "contact:phone": null, "note": null, "source:name": null, "addr:country": null, "addr:province": null, "wheelchair": null, "short_name": null, "start_date": null, "wikidata": null, "type": null }, "geometry": { "type": "Polygon", "coordinates": [ [ [ 2.7799594, 9.2894453 ], [ 2.7806219, 9.2891991 ], [ 2.7804905, 9.2887809 ], [ 2.7797744, 9.2887994 ], [ 2.7799594, 9.2894453 ] ] ] } },
{ "type": "Feature", "properties": { "element": "way", "id": 746442837, "amenity": "hospital", "health_facility:type": null, "name": "CMC Woria", "operator:type": null, "source": null, "healthcare": null, "name:fr": null, "addr:street": null, "description": null, "email": null, "opening_hours": null, "operator": null, "emergency": null, "healthcare:speciality": null, "website": null, "addr:city": null, "addr:housenumber": null, "phone": null, "name:en": null, "barrier": null, "waterway": null, "contact": null, "denomination": null, "religion": null, "building": null, "postal_code": null, "contact:phone": null, "note": null, "source:name": null, "addr:country": null, "addr:province": null, "wheelchair": null, "short_name": null, "start_date": null, "wikidata": null, "type": null }, "geometry": { "type": "Polygon", "coordinates": [ [ [ 2.7294347, 9.0816979 ], [ 2.7292281, 9.0825004 ], [ 2.7297217, 9.0826143 ], [ 2.7299175, 9.0818621 ], [ 2.7294347, 9.0816979 ] ] ] } },
{ "type": "Feature", "properties": { "element": "way", "id": 777531369, "amenity": "hospital", "health_facility:type": null, "name": "Centre de Santé d'Adjaha", "operator:type": null, "source": null, "healthcare": null, "name:fr": null, "addr:street": null, "description": null, "email": null, "opening_hours": null, "operator": null, "emergency": null, "healthcare:speciality": null, "website": null, "addr:city": null, "addr:housenumber": null, "phone": null, "name:en": null, "barrier": null, "waterway": null, "contact": null, "denomination": null, "religion": null, "building": null, "postal_code": null, "contact:phone": null, "note": null, "source:name": null, "addr:country": null, "addr:province": null, "wheelchair": null, "short_name": null, "start_date": null, "wikidata": null, "type": null }, "geometry": { "type": "Polygon", "coordinates": [ [ [ 1.8361341, 6.3279572 ], [ 1.8363535, 6.3278855 ], [ 1.8364253, 6.3280611 ], [ 1.8364366, 6.3280887 ], [ 1.8364851, 6.3282072 ], [ 1.83622, 6.3283004 ], [ 1.8362069, 6.3282289 ], [ 1.8361943, 6.3281573 ], [ 1.8361866, 6.3281193 ], [ 1.8361341, 6.3279572 ] ] ] } },
{ "type": "Feature", "properties": { "element": "way", "id": 787112580, "amenity": "hospital", "health_facility:type": null, "name": null, "operator:type": null, "source": null, "healthcare": "hospital", "name:fr": null, "addr:street": null, "description": null, "email": null, "opening_hours": null, "operator": null, "emergency": null, "healthcare:speciality": null, "website": null, "addr:city": null, "addr:housenumber": null, "phone": null, "name:en": null, "barrier": null, "waterway": null, "contact": null, "denomination": null, "religion": null, "building": "hospital", "postal_code": null, "contact:phone": null, "note": null, "source:name": null, "addr:country": null, "addr:province": null, "wheelchair": null, "short_name": null, "start_date": null, "wikidata": null, "type": null }, "geometry": { "type": "Polygon", "coordinates": [ [ [ 1.7838604, 6.8072683 ], [ 1.7840212, 6.8074127 ], [ 1.7842739, 6.8071351 ], [ 1.78433, 6.8071855 ], [ 1.7844508, 6.8070529 ], [ 1.7841571, 6.8067892 ], [ 1.7840668, 6.8068884 ], [ 1.7841334, 6.8069482 ], [ 1.7841092, 6.8069747 ], [ 1.7841194, 6.8069839 ], [ 1.7838604, 6.8072683 ] ] ] } },
{ "type": "Feature", "properties": { "element": "way", "id": 787112581, "amenity": "hospital", "health_facility:type": null, "name": "Cent lits", "operator:type": null, "source": null, "healthcare": "hospital", "name:fr": null, "addr:street": null, "description": null, "email": null, "opening_hours": null, "operator": null, "emergency": null, "healthcare:speciality": null, "website": null, "addr:city": null, "addr:housenumber": null, "phone": null, "name:en": null, "barrier": null, "waterway": null, "contact": null, "denomination": null, "religion": null, "building": "yes", "postal_code": null, "contact:phone": null, "note": null, "source:name": null, "addr:country": null, "addr:province": null, "wheelchair": null, "short_name": null, "start_date": null, "wikidata": null, "type": null }, "geometry": { "type": "Polygon", "coordinates": [ [ [ 1.8893053, 6.4119724 ], [ 1.8892552, 6.4118937 ], [ 1.8893191, 6.4118535 ], [ 1.8890504, 6.411432 ], [ 1.8890002, 6.4114637 ], [ 1.8889381, 6.4113664 ], [ 1.8890119, 6.4113198 ], [ 1.8889292, 6.4111905 ], [ 1.8882243, 6.4116356 ], [ 1.8883157, 6.4117785 ], [ 1.8884685, 6.4116819 ], [ 1.8885487, 6.4118074 ], [ 1.8886782, 6.4117256 ], [ 1.8886051, 6.4116112 ], [ 1.8886184, 6.4116028 ], [ 1.8887573, 6.4118214 ], [ 1.8886149, 6.4119108 ], [ 1.8886951, 6.412037 ], [ 1.8888604, 6.4119334 ], [ 1.8890062, 6.4121628 ], [ 1.8886996, 6.4123551 ], [ 1.8887695, 6.412465 ], [ 1.8894312, 6.4120499 ], [ 1.8893601, 6.4119379 ], [ 1.8893053, 6.4119724 ] ] ] } },
{ "type": "Feature", "properties": { "element": "way", "id": 787112582, "amenity": "hospital", "health_facility:type": null, "name": "Hopital Saint Jean de Dieu Tanguiéta", "operator:type": null, "source": null, "healthcare": "hospital", "name:fr": null, "addr:street": null, "description": null, "email": null, "opening_hours": null, "operator": null, "emergency": null, "healthcare:speciality": null, "website": null, "addr:city": null, "addr:housenumber": null, "phone": null, "name:en": null, "barrier": null, "waterway": null, "contact": null, "denomination": null, "religion": null, "building": null, "postal_code": null, "contact:phone": null, "note": null, "source:name": null, "addr:country": null, "addr:province": null, "wheelchair": null, "short_name": null, "start_date": null, "wikidata": null, "type": null }, "geometry": { "type": "Polygon", "coordinates": [ [ [ 1.2669074, 10.62734 ], [ 1.2684051, 10.624207 ], [ 1.2672621, 10.6221518 ], [ 1.2636841, 10.6258511 ], [ 1.2669074, 10.62734 ] ] ] } },
{ "type": "Feature", "properties": { "element": "way", "id": 787112583, "amenity": "hospital", "health_facility:type": null, "name": "Centre de santé de Manta", "operator:type": null, "source": null, "healthcare": "hospital", "name:fr": null, "addr:street": null, "description": null, "email": null, "opening_hours": null, "operator": null, "emergency": null, "healthcare:speciality": null, "website": null, "addr:city": null, "addr:housenumber": null, "phone": null, "name:en": null, "barrier": null, "waterway": null, "contact": null, "denomination": null, "religion": null, "building": "yes", "postal_code": null, "contact:phone": null, "note": null, "source:name": null, "addr:country": null, "addr:province": null, "wheelchair": null, "short_name": null, "start_date": null, "wikidata": null, "type": null }, "geometry": { "type": "Polygon", "coordinates": [ [ [ 1.1083744, 10.3528335 ], [ 1.1084787, 10.3528084 ], [ 1.1084594, 10.3527312 ], [ 1.1084946, 10.3527227 ], [ 1.1084558, 10.352567 ], [ 1.1083467, 10.3525934 ], [ 1.1083549, 10.3526263 ], [ 1.1083246, 10.3526336 ], [ 1.1083744, 10.3528335 ] ] ] } },
{ "type": "Feature", "properties": { "element": "way", "id": 787112584, "amenity": "hospital", "health_facility:type": null, "name": "CHD Centre Hospitalier du Zou", "operator:type": null, "source": null, "healthcare": "hospital", "name:fr": null, "addr:street": null, "description": null, "email": null, "opening_hours": "24/7", "operator": null, "emergency": null, "healthcare:speciality": null, "website": null, "addr:city": null, "addr:housenumber": null, "phone": "22501824", "name:en": null, "barrier": null, "waterway": null, "contact": null, "denomination": null, "religion": null, "building": null, "postal_code": "49 Abomey", "contact:phone": null, "note": null, "source:name": null, "addr:country": null, "addr:province": null, "wheelchair": null, "short_name": null, "start_date": null, "wikidata": null, "type": null }, "geometry": { "type": "Polygon", "coordinates": [ [ [ 2.0174138, 7.1824243 ], [ 2.0168371, 7.179575 ], [ 2.0184427, 7.1792777 ], [ 2.0190023, 7.1821158 ], [ 2.0174138, 7.1824243 ] ] ] } },
{ "type": "Feature", "properties": { "element": "way", "id": 787112585, "amenity": "hospital", "health_facility:type": "hospital", "name": "Centre de traitement anti lèpre", "operator:type": "public", "source": "GPS;bing", "healthcare": "hospital", "name:fr": null, "addr:street": null, "description": null, "email": null, "opening_hours": null, "operator": null, "emergency": null, "healthcare:speciality": null, "website": null, "addr:city": null, "addr:housenumber": null, "phone": null, "name:en": null, "barrier": null, "waterway": null, "contact": null, "denomination": null, "religion": null, "building": "yes", "postal_code": null, "contact:phone": null, "note": null, "source:name": null, "addr:country": null, "addr:province": null, "wheelchair": null, "short_name": null, "start_date": null, "wikidata": null, "type": null }, "geometry": { "type": "Polygon", "coordinates": [ [ [ 1.3818481, 10.3236377 ], [ 1.3820178, 10.3235914 ], [ 1.3819835, 10.3234698 ], [ 1.3819381, 10.3234822 ], [ 1.3819293, 10.323451 ], [ 1.3818883, 10.3234622 ], [ 1.3818972, 10.3234939 ], [ 1.381814, 10.3235166 ], [ 1.3818481, 10.3236377 ] ] ] } },
{ "type": "Feature", "properties": { "element": "way", "id": 787112586, "amenity": "hospital", "health_facility:type": null, "name": "Centre de santé d'arrondissement de Kouarfa", "operator:type": null, "source": "GPS;bing", "healthcare": "hospital", "name:fr": null, "addr:street": null, "description": null, "email": null, "opening_hours": null, "operator": null, "emergency": null, "healthcare:speciality": null, "website": null, "addr:city": null, "addr:housenumber": null, "phone": null, "name:en": null, "barrier": null, "waterway": null, "contact": null, "denomination": null, "religion": null, "building": null, "postal_code": null, "contact:phone": null, "note": null, "source:name": null, "addr:country": null, "addr:province": null, "wheelchair": null, "short_name": null, "start_date": null, "wikidata": null, "type": null }, "geometry": { "type": "Polygon", "coordinates": [ [ [ 1.5136682, 10.4870345 ], [ 1.5144108, 10.4869543 ], [ 1.5142978, 10.4859031 ], [ 1.5135531, 10.4859813 ], [ 1.5136682, 10.4870345 ] ] ] } },
{ "type": "Feature", "properties": { "element": "way", "id": 787112587, "amenity": "hospital", "health_facility:type": null, "name": "Dispensaire", "operator:type": null, "source": null, "healthcare": "hospital", "name:fr": null, "addr:street": null, "description": null, "email": null, "opening_hours": null, "operator": null, "emergency": null, "healthcare:speciality": null, "website": null, "addr:city": null, "addr:housenumber": null, "phone": null, "name:en": null, "barrier": null, "waterway": null, "contact": null, "denomination": null, "religion": null, "building": null, "postal_code": null, "contact:phone": null, "note": null, "source:name": null, "addr:country": null, "addr:province": null, "wheelchair": null, "short_name": null, "start_date": null, "wikidata": null, "type": null }, "geometry": { "type": "Polygon", "coordinates": [ [ [ 2.3978445, 10.118947 ], [ 2.3983634, 10.1190884 ], [ 2.3986477, 10.1182202 ], [ 2.3980219, 10.1180275 ], [ 2.3978445, 10.118947 ] ] ] } },
{ "type": "Feature", "properties": { "element": "way", "id": 787112588, "amenity": "hospital", "health_facility:type": null, "name": "Médecins d'Afrique", "operator:type": null, "source": null, "healthcare": "hospital", "name:fr": null, "addr:street": null, "description": null, "email": null, "opening_hours": null, "operator": null, "emergency": null, "healthcare:speciality": null, "website": null, "addr:city": "Ketou", "addr:housenumber": null, "phone": null, "name:en": null, "barrier": null, "waterway": null, "contact": null, "denomination": null, "religion": null, "building": null, "postal_code": null, "contact:phone": null, "note": null, "source:name": null, "addr:country": "BJ", "addr:province": "Plateau", "wheelchair": "no", "short_name": null, "start_date": null, "wikidata": null, "type": null }, "geometry": { "type": "Polygon", "coordinates": [ [ [ 2.6083345, 7.3622691 ], [ 2.6090641, 7.3617899 ], [ 2.6084435, 7.3609724 ], [ 2.6078371, 7.3614516 ], [ 2.6083345, 7.3622691 ] ] ] } },
{ "type": "Feature", "properties": { "element": "way", "id": 787112589, "amenity": "hospital", "health_facility:type": null, "name": "Hôpital Saint Augustin", "operator:type": null, "source": null, "healthcare": "hospital", "name:fr": null, "addr:street": null, "description": null, "email": null, "opening_hours": null, "operator": null, "emergency": null, "healthcare:speciality": null, "website": null, "addr:city": null, "addr:housenumber": null, "phone": "21037893", "name:en": null, "barrier": null, "waterway": null, "contact": null, "denomination": null, "religion": null, "building": "yes", "postal_code": null, "contact:phone": null, "note": null, "source:name": null, "addr:country": null, "addr:province": null, "wheelchair": null, "short_name": null, "start_date": null, "wikidata": null, "type": null }, "geometry": { "type": "Polygon", "coordinates": [ [ [ 2.3279279, 6.3919668 ], [ 2.328058, 6.3919097 ], [ 2.3280462, 6.3918833 ], [ 2.3280739, 6.3918392 ], [ 2.3279877, 6.391645 ], [ 2.327818, 6.3917194 ], [ 2.3279279, 6.3919668 ] ] ] } },
{ "type": "Feature", "properties": { "element": "way", "id": 787112590, "amenity": "hospital", "health_facility:type": null, "name": "CENTRE DE SANTE D'ALLADA", "operator:type": null, "source": null, "healthcare": "hospital", "name:fr": null, "addr:street": null, "description": null, "email": null, "opening_hours": null, "operator": null, "emergency": null, "healthcare:speciality": null, "website": null, "addr:city": null, "addr:housenumber": null, "phone": null, "name:en": null, "barrier": null, "waterway": null, "contact": null, "denomination": null, "religion": null, "building": "yes", "postal_code": null, "contact:phone": null, "note": null, "source:name": null, "addr:country": null, "addr:province": null, "wheelchair": null, "short_name": null, "start_date": null, "wikidata": null, "type": null }, "geometry": { "type": "Polygon", "coordinates": [ [ [ 2.1556772, 6.6627233 ], [ 2.1558568, 6.6626812 ], [ 2.1557942, 6.6624181 ], [ 2.15562, 6.6624589 ], [ 2.1556438, 6.6625587 ], [ 2.1556758, 6.6625512 ], [ 2.1556916, 6.6626176 ], [ 2.1556541, 6.6626264 ], [ 2.1556772, 6.6627233 ] ] ] } },
{ "type": "Feature", "properties": { "element": "way", "id": 787161781, "amenity": "hospital", "health_facility:type": null, "name": "CENTRE DE SANTÉ D'IFEANGI", "operator:type": null, "source": null, "healthcare": "hospital", "name:fr": null, "addr:street": null, "description": null, "email": null, "opening_hours": null, "operator": null, "emergency": null, "healthcare:speciality": null, "website": null, "addr:city": null, "addr:housenumber": null, "phone": null, "name:en": null, "barrier": null, "waterway": null, "contact": null, "denomination": null, "religion": null, "building": "yes", "postal_code": null, "contact:phone": null, "note": null, "source:name": null, "addr:country": null, "addr:province": null, "wheelchair": null, "short_name": null, "start_date": null, "wikidata": null, "type": null }, "geometry": { "type": "Polygon", "coordinates": [ [ [ 2.7244793, 6.6617304 ], [ 2.7244977, 6.661596 ], [ 2.7244419, 6.6615885 ], [ 2.7244474, 6.6615483 ], [ 2.7243309, 6.6615325 ], [ 2.7243069, 6.661707 ], [ 2.7244793, 6.6617304 ] ] ] } },
{ "type": "Feature", "properties": { "element": "way", "id": 787161782, "amenity": "hospital", "health_facility:type": null, "name": "tawa kalton", "operator:type": null, "source": null, "healthcare": "hospital", "name:fr": null, "addr:street": null, "description": "consultation-soin, accouchement, petit chirurgie, pédiatrie", "email": null, "opening_hours": null, "operator": null, "emergency": null, "healthcare:speciality": null, "website": null, "addr:city": null, "addr:housenumber": null, "phone": null, "name:en": null, "barrier": null, "waterway": null, "contact": null, "denomination": null, "religion": null, "building": null, "postal_code": null, "contact:phone": null, "note": null, "source:name": null, "addr:country": null, "addr:province": null, "wheelchair": null, "short_name": null, "start_date": null, "wikidata": null, "type": null }, "geometry": { "type": "Polygon", "coordinates": [ [ [ 2.6750169, 6.6863945 ], [ 2.6750556, 6.686431 ], [ 2.6751767, 6.6863925 ], [ 2.675273, 6.6865279 ], [ 2.6750187, 6.6867064 ], [ 2.6748978, 6.6865365 ], [ 2.6749434, 6.6864783 ], [ 2.6749253, 6.6864472 ], [ 2.6750169, 6.6863945 ] ] ] } },
{ "type": "Feature", "properties": { "element": "way", "id": 787161783, "amenity": "hospital", "health_facility:type": null, "name": "Hopital de zone d’Abomey-Calavi", "operator:type": null, "source": null, "healthcare": "hospital", "name:fr": null, "addr:street": null, "description": null, "email": null, "opening_hours": null, "operator": null, "emergency": null, "healthcare:speciality": null, "website": null, "addr:city": null, "addr:housenumber": null, "phone": null, "name:en": null, "barrier": "wall", "waterway": null, "contact": null, "denomination": null, "religion": null, "building": null, "postal_code": null, "contact:phone": null, "note": null, "source:name": null, "addr:country": null, "addr:province": null, "wheelchair": null, "short_name": null, "start_date": null, "wikidata": null, "type": null }, "geometry": { "type": "Polygon", "coordinates": [ [ [ 2.3415865, 6.4746015 ], [ 2.3442098, 6.4747323 ], [ 2.3443187, 6.4725744 ], [ 2.3416953, 6.472444 ], [ 2.3415865, 6.4746015 ] ] ] } },
{ "type": "Feature", "properties": { "element": "way", "id": 787161784, "amenity": "hospital", "health_facility:type": null, "name": "Hôpital de Tchikandou", "operator:type": null, "source": null, "healthcare": "hospital", "name:fr": null, "addr:street": null, "description": null, "email": null, "opening_hours": null, "operator": null, "emergency": "yes", "healthcare:speciality": null, "website": null, "addr:city": null, "addr:housenumber": null, "phone": null, "name:en": null, "barrier": null, "waterway": null, "contact": null, "denomination": null, "religion": null, "building": null, "postal_code": null, "contact:phone": null, "note": null, "source:name": null, "addr:country": null, "addr:province": null, "wheelchair": null, "short_name": null, "start_date": null, "wikidata": null, "type": null }, "geometry": { "type": "Polygon", "coordinates": [ [ [ 3.3543872, 9.8425049 ], [ 3.3546786, 9.8420326 ], [ 3.3546047, 9.8419069 ], [ 3.3542389, 9.8416139 ], [ 3.3542149, 9.8415811 ], [ 3.3541244, 9.8415756 ], [ 3.354093, 9.8415866 ], [ 3.3537587, 9.8421286 ], [ 3.3543872, 9.8425049 ] ] ] } },
{ "type": "Feature", "properties": { "element": "way", "id": 787161785, "amenity": "hospital", "health_facility:type": null, "name": "Hopital de Zone de Suru Lere", "operator:type": null, "source": null, "healthcare": "hospital", "name:fr": null, "addr:street": null, "description": null, "email": null, "opening_hours": null, "operator": null, "emergency": null, "healthcare:speciality": null, "website": null, "addr:city": null, "addr:housenumber": null, "phone": null, "name:en": null, "barrier": null, "waterway": null, "contact": null, "denomination": null, "religion": null, "building": null, "postal_code": null, "contact:phone": null, "note": null, "source:name": null, "addr:country": null, "addr:province": null, "wheelchair": null, "short_name": null, "start_date": null, "wikidata": null, "type": null }, "geometry": { "type": "Polygon", "coordinates": [ [ [ 2.462366, 6.3822018 ], [ 2.4634582, 6.3821936 ], [ 2.4634543, 6.3816701 ], [ 2.462362, 6.3816784 ], [ 2.462366, 6.3822018 ] ] ] } },
{ "type": "Feature", "properties": { "element": "way", "id": 787464499, "amenity": "hospital", "health_facility:type": null, "name": "Hopital de Zone Ayélawadjè", "operator:type": null, "source": null, "healthcare": "hospital", "name:fr": null, "addr:street": null, "description": null, "email": null, "opening_hours": null, "operator": null, "emergency": null, "healthcare:speciality": null, "website": null, "addr:city": null, "addr:housenumber": null, "phone": null, "name:en": null, "barrier": null, "waterway": null, "contact": null, "denomination": null, "religion": null, "building": null, "postal_code": null, "contact:phone": null, "note": null, "source:name": null, "addr:country": null, "addr:province": null, "wheelchair": null, "short_name": null, "start_date": null, "wikidata": null, "type": null }, "geometry": { "type": "Polygon", "coordinates": [ [ [ 2.4497075, 6.378421 ], [ 2.4497072, 6.3778869 ], [ 2.450171, 6.3778866 ], [ 2.4501713, 6.3784207 ], [ 2.4497075, 6.378421 ] ] ] } },
{ "type": "Feature", "properties": { "element": "way", "id": 787464500, "amenity": "hospital", "health_facility:type": null, "name": "Mission médicale chinoise", "operator:type": null, "source": null, "healthcare": "hospital", "name:fr": null, "addr:street": null, "description": null, "email": null, "opening_hours": null, "operator": null, "emergency": null, "healthcare:speciality": null, "website": null, "addr:city": null, "addr:housenumber": null, "phone": null, "name:en": null, "barrier": null, "waterway": null, "contact": null, "denomination": null, "religion": null, "building": "yes", "postal_code": null, "contact:phone": null, "note": null, "source:name": null, "addr:country": null, "addr:province": null, "wheelchair": null, "short_name": null, "start_date": null, "wikidata": null, "type": null }, "geometry": { "type": "Polygon", "coordinates": [ [ [ 1.7148821, 6.6452182 ], [ 1.7149625, 6.6451691 ], [ 1.714889, 6.6450504 ], [ 1.7149247, 6.6450286 ], [ 1.714845, 6.6448999 ], [ 1.7146798, 6.6450009 ], [ 1.7147281, 6.645079 ], [ 1.7146805, 6.6451081 ], [ 1.7147689, 6.6452508 ], [ 1.7148657, 6.6451917 ], [ 1.7148821, 6.6452182 ] ] ] } },
{ "type": "Feature", "properties": { "element": "way", "id": 787464501, "amenity": "hospital", "health_facility:type": null, "name": "Centre de santé de Kpinnou", "operator:type": null, "source": null, "healthcare": "hospital", "name:fr": null, "addr:street": null, "description": null, "email": null, "opening_hours": null, "operator": null, "emergency": null, "healthcare:speciality": null, "website": null, "addr:city": null, "addr:housenumber": null, "phone": null, "name:en": null, "barrier": null, "waterway": null, "contact": null, "denomination": null, "religion": null, "building": "yes", "postal_code": null, "contact:phone": null, "note": null, "source:name": null, "addr:country": null, "addr:province": null, "wheelchair": null, "short_name": null, "start_date": null, "wikidata": null, "type": null }, "geometry": { "type": "Polygon", "coordinates": [ [ [ 1.7746996, 6.5818478 ], [ 1.774777, 6.5817875 ], [ 1.7746338, 6.581606 ], [ 1.7745565, 6.5816663 ], [ 1.7746996, 6.5818478 ] ] ] } },
{ "type": "Feature", "properties": { "element": "way", "id": 787464503, "amenity": "hospital", "health_facility:type": null, "name": "Centre de Santé", "operator:type": null, "source": null, "healthcare": "hospital", "name:fr": null, "addr:street": null, "description": null, "email": null, "opening_hours": null, "operator": null, "emergency": null, "healthcare:speciality": null, "website": null, "addr:city": null, "addr:housenumber": null, "phone": null, "name:en": null, "barrier": null, "waterway": null, "contact": null, "denomination": null, "religion": null, "building": null, "postal_code": null, "contact:phone": null, "note": null, "source:name": null, "addr:country": null, "addr:province": null, "wheelchair": null, "short_name": null, "start_date": null, "wikidata": null, "type": null }, "geometry": { "type": "Polygon", "coordinates": [ [ [ 2.0039128, 6.3880475 ], [ 2.0046079, 6.3880783 ], [ 2.0048526, 6.3873438 ], [ 2.0042995, 6.387493 ], [ 2.0039128, 6.3880475 ] ] ] } },
{ "type": "Feature", "properties": { "element": "way", "id": 787464504, "amenity": "hospital", "health_facility:type": null, "name": "Unité Villageoise de Santé de Dohi", "operator:type": null, "source": null, "healthcare": "hospital", "name:fr": null, "addr:street": null, "description": null, "email": null, "opening_hours": null, "operator": null, "emergency": null, "healthcare:speciality": null, "website": null, "addr:city": null, "addr:housenumber": null, "phone": null, "name:en": null, "barrier": null, "waterway": null, "contact": null, "denomination": null, "religion": null, "building": "yes", "postal_code": null, "contact:phone": null, "note": null, "source:name": null, "addr:country": null, "addr:province": null, "wheelchair": null, "short_name": null, "start_date": null, "wikidata": null, "type": null }, "geometry": { "type": "Polygon", "coordinates": [ [ [ 1.9389004, 6.3806681 ], [ 1.9388686, 6.3806289 ], [ 1.9388533, 6.3806238 ], [ 1.9388241, 6.3806238 ], [ 1.9388075, 6.3806289 ], [ 1.9388012, 6.3806365 ], [ 1.9388063, 6.3806497 ], [ 1.9387717, 6.380663 ], [ 1.9387576, 6.3806267 ], [ 1.9386789, 6.380657 ], [ 1.9387453, 6.3808271 ], [ 1.9388276, 6.3807953 ], [ 1.9388202, 6.3807763 ], [ 1.9389267, 6.3807353 ], [ 1.9389004, 6.3806681 ] ] ] } },
{ "type": "Feature", "properties": { "element": "way", "id": 787464505, "amenity": "hospital", "health_facility:type": null, "name": "Centre de Santé de KPANROUN", "operator:type": null, "source": null, "healthcare": "hospital", "name:fr": null, "addr:street": null, "description": null, "email": null, "opening_hours": null, "operator": null, "emergency": null, "healthcare:speciality": null, "website": null, "addr:city": null, "addr:housenumber": null, "phone": null, "name:en": null, "barrier": null, "waterway": null, "contact": null, "denomination": null, "religion": null, "building": null, "postal_code": null, "contact:phone": null, "note": null, "source:name": null, "addr:country": null, "addr:province": null, "wheelchair": null, "short_name": null, "start_date": null, "wikidata": null, "type": null }, "geometry": { "type": "Polygon", "coordinates": [ [ [ 2.3650033, 6.6755787 ], [ 2.3655886, 6.6753428 ], [ 2.3653088, 6.6746577 ], [ 2.3647233, 6.6748937 ], [ 2.3650033, 6.6755787 ] ] ] } },
{ "type": "Feature", "properties": { "element": "way", "id": 787464506, "amenity": "hospital", "health_facility:type": null, "name": "Hôpital de l'enfant et de la mère lagune", "operator:type": null, "source": null, "healthcare": "hospital", "name:fr": null, "addr:street": "Rue ROI DAKO DONOU R. 5.132", "description": null, "email": null, "opening_hours": null, "operator": null, "emergency": null, "healthcare:speciality": null, "website": null, "addr:city": null, "addr:housenumber": "274", "phone": "+22921317115", "name:en": null, "barrier": null, "waterway": null, "contact": null, "denomination": null, "religion": null, "building": "yes", "postal_code": null, "contact:phone": null, "note": null, "source:name": null, "addr:country": null, "addr:province": null, "wheelchair": null, "short_name": null, "start_date": null, "wikidata": null, "type": null }, "geometry": { "type": "Polygon", "coordinates": [ [ [ 2.4383792, 6.3618442 ], [ 2.4384597, 6.3617382 ], [ 2.4382831, 6.3616057 ], [ 2.4384275, 6.3614156 ], [ 2.4383168, 6.3613325 ], [ 2.4382523, 6.3614174 ], [ 2.4382892, 6.361445 ], [ 2.438326, 6.3614727 ], [ 2.4382832, 6.361529 ], [ 2.4382575, 6.3615098 ], [ 2.4382253, 6.3615522 ], [ 2.4380085, 6.3613896 ], [ 2.4379352, 6.3614861 ], [ 2.4381498, 6.361647 ], [ 2.4381139, 6.3616943 ], [ 2.4382035, 6.3617615 ], [ 2.4382273, 6.3617302 ], [ 2.4383792, 6.3618442 ] ] ] } },
{ "type": "Feature", "properties": { "element": "way", "id": 787464507, "amenity": "hospital", "health_facility:type": null, "name": "unité villageoise de santé d'Agounli Pahou", "operator:type": null, "source": "gps; survey", "healthcare": "hospital", "name:fr": null, "addr:street": null, "description": null, "email": null, "opening_hours": null, "operator": null, "emergency": null, "healthcare:speciality": null, "website": null, "addr:city": null, "addr:housenumber": null, "phone": null, "name:en": null, "barrier": null, "waterway": null, "contact": null, "denomination": null, "religion": null, "building": "yes", "postal_code": null, "contact:phone": null, "note": null, "source:name": null, "addr:country": null, "addr:province": null, "wheelchair": null, "short_name": null, "start_date": null, "wikidata": null, "type": null }, "geometry": { "type": "Polygon", "coordinates": [ [ [ 2.4824065, 7.5902604 ], [ 2.4825415, 7.5901779 ], [ 2.4824933, 7.5900997 ], [ 2.48236, 7.5901857 ], [ 2.4824065, 7.5902604 ] ] ] } },
{ "type": "Feature", "properties": { "element": "way", "id": 787464508, "amenity": "hospital", "health_facility:type": null, "name": "Centre de santé d'Effèoutè", "operator:type": null, "source": null, "healthcare": "hospital", "name:fr": null, "addr:street": null, "description": null, "email": null, "opening_hours": null, "operator": null, "emergency": null, "healthcare:speciality": null, "website": null, "addr:city": null, "addr:housenumber": null, "phone": null, "name:en": null, "barrier": null, "waterway": null, "contact": null, "denomination": null, "religion": null, "building": null, "postal_code": null, "contact:phone": null, "note": null, "source:name": null, "addr:country": null, "addr:province": null, "wheelchair": null, "short_name": null, "start_date": null, "wikidata": null, "type": null }, "geometry": { "type": "Polygon", "coordinates": [ [ [ 2.6765999, 7.6488358 ], [ 2.6769873, 7.6485291 ], [ 2.6768497, 7.6483583 ], [ 2.6769438, 7.6482839 ], [ 2.6768444, 7.6481605 ], [ 2.6767362, 7.6482461 ], [ 2.6765692, 7.6480389 ], [ 2.6761959, 7.6483345 ], [ 2.6765999, 7.6488358 ] ] ] } },
{ "type": "Feature", "properties": { "element": "way", "id": 787464509, "amenity": "hospital", "health_facility:type": null, "name": "Centre de santé d'Omou", "operator:type": null, "source": null, "healthcare": "hospital", "name:fr": null, "addr:street": null, "description": null, "email": null, "opening_hours": null, "operator": null, "emergency": null, "healthcare:speciality": null, "website": null, "addr:city": null, "addr:housenumber": null, "phone": null, "name:en": null, "barrier": null, "waterway": null, "contact": null, "denomination": null, "religion": null, "building": null, "postal_code": null, "contact:phone": null, "note": null, "source:name": null, "addr:country": null, "addr:province": null, "wheelchair": null, "short_name": null, "start_date": null, "wikidata": null, "type": null }, "geometry": { "type": "Polygon", "coordinates": [ [ [ 2.6528525, 7.4549895 ], [ 2.6528538, 7.4547302 ], [ 2.6525092, 7.4541477 ], [ 2.6523426, 7.4540125 ], [ 2.6520962, 7.454064 ], [ 2.6523295, 7.4550427 ], [ 2.6528525, 7.4549895 ] ] ] } },
{ "type": "Feature", "properties": { "element": "way", "id": 787464510, "amenity": "hospital", "health_facility:type": null, "name": "Unite villageoise de santé d'Adigoun", "operator:type": null, "source": null, "healthcare": "hospital", "name:fr": null, "addr:street": null, "description": null, "email": null, "opening_hours": null, "operator": null, "emergency": null, "healthcare:speciality": null, "website": null, "addr:city": null, "addr:housenumber": null, "phone": null, "name:en": null, "barrier": null, "waterway": null, "contact": null, "denomination": null, "religion": null, "building": null, "postal_code": null, "contact:phone": null, "note": null, "source:name": null, "addr:country": null, "addr:province": null, "wheelchair": null, "short_name": null, "start_date": null, "wikidata": null, "type": null }, "geometry": { "type": "Polygon", "coordinates": [ [ [ 2.6488925, 7.5396366 ], [ 2.6486833, 7.5392697 ], [ 2.6483025, 7.5394212 ], [ 2.6484983, 7.539868 ], [ 2.6488925, 7.5396366 ] ] ] } },
{ "type": "Feature", "properties": { "element": "way", "id": 787464511, "amenity": "hospital", "health_facility:type": null, "name": "centre de santé ayekou", "operator:type": null, "source": "GPS; survey", "healthcare": "hospital", "name:fr": null, "addr:street": null, "description": null, "email": null, "opening_hours": null, "operator": null, "emergency": null, "healthcare:speciality": null, "website": null, "addr:city": null, "addr:housenumber": null, "phone": null, "name:en": null, "barrier": null, "waterway": null, "contact": null, "denomination": null, "religion": null, "building": null, "postal_code": null, "contact:phone": null, "note": null, "source:name": null, "addr:country": null, "addr:province": null, "wheelchair": null, "short_name": null, "start_date": null, "wikidata": null, "type": null }, "geometry": { "type": "Polygon", "coordinates": [ [ [ 2.51062, 7.3043307 ], [ 2.5106239, 7.3041185 ], [ 2.510356, 7.3040269 ], [ 2.5103357, 7.3042303 ], [ 2.5103542, 7.3042394 ], [ 2.5103708, 7.3042834 ], [ 2.5103684, 7.3044124 ], [ 2.5104622, 7.3044142 ], [ 2.5104638, 7.3043278 ], [ 2.51062, 7.3043307 ] ] ] } },
{ "type": "Feature", "properties": { "element": "way", "id": 787464512, "amenity": "hospital", "health_facility:type": null, "name": "Centre de santé Odométa", "operator:type": null, "source": null, "healthcare": "hospital", "name:fr": null, "addr:street": null, "description": null, "email": null, "opening_hours": null, "operator": null, "emergency": null, "healthcare:speciality": null, "website": null, "addr:city": null, "addr:housenumber": null, "phone": null, "name:en": null, "barrier": null, "waterway": null, "contact": null, "denomination": null, "religion": null, "building": null, "postal_code": null, "contact:phone": null, "note": null, "source:name": null, "addr:country": null, "addr:province": null, "wheelchair": null, "short_name": null, "start_date": null, "wikidata": null, "type": null }, "geometry": { "type": "Polygon", "coordinates": [ [ [ 2.6404077, 7.2288486 ], [ 2.640585, 7.2280861 ], [ 2.6408806, 7.2281521 ], [ 2.6409139, 7.2283794 ], [ 2.6412039, 7.2284582 ], [ 2.6410802, 7.2290337 ], [ 2.6404077, 7.2288486 ] ] ] } },
{ "type": "Feature", "properties": { "element": "way", "id": 787464513, "amenity": "hospital", "health_facility:type": null, "name": "Centre de santé Ewe", "operator:type": null, "source": null, "healthcare": "hospital", "name:fr": null, "addr:street": null, "description": null, "email": null, "opening_hours": null, "operator": null, "emergency": null, "healthcare:speciality": null, "website": null, "addr:city": null, "addr:housenumber": null, "phone": null, "name:en": null, "barrier": null, "waterway": null, "contact": null, "denomination": null, "religion": null, "building": "yes", "postal_code": null, "contact:phone": null, "note": null, "source:name": null, "addr:country": null, "addr:province": null, "wheelchair": null, "short_name": null, "start_date": null, "wikidata": null, "type": null }, "geometry": { "type": "Polygon", "coordinates": [ [ [ 2.5852718, 7.4416502 ], [ 2.5852451, 7.4415635 ], [ 2.5853858, 7.4415208 ], [ 2.5854125, 7.4416075 ], [ 2.5852718, 7.4416502 ] ] ] } },
{ "type": "Feature", "properties": { "element": "way", "id": 787464514, "amenity": "hospital", "health_facility:type": null, "name": "Centre de santé d'Adaplamè", "operator:type": null, "source": null, "healthcare": "hospital", "name:fr": null, "addr:street": null, "description": null, "email": null, "opening_hours": null, "operator": null, "emergency": null, "healthcare:speciality": null, "website": null, "addr:city": null, "addr:housenumber": null, "phone": null, "name:en": null, "barrier": null, "waterway": null, "contact": null, "denomination": null, "religion": null, "building": null, "postal_code": null, "contact:phone": null, "note": null, "source:name": null, "addr:country": null, "addr:province": null, "wheelchair": null, "short_name": null, "start_date": null, "wikidata": null, "type": null }, "geometry": { "type": "Polygon", "coordinates": [ [ [ 2.5655145, 7.4520788 ], [ 2.5656756, 7.4521415 ], [ 2.5657365, 7.4519877 ], [ 2.5656602, 7.4519579 ], [ 2.5656683, 7.4519377 ], [ 2.5654735, 7.4518619 ], [ 2.5654176, 7.452003 ], [ 2.5655276, 7.4520458 ], [ 2.5655145, 7.4520788 ] ] ] } },
{ "type": "Feature", "properties": { "element": "way", "id": 787464515, "amenity": "hospital", "health_facility:type": null, "name": "Unité villageoise de santé d'Awaya", "operator:type": null, "source": null, "healthcare": "hospital", "name:fr": null, "addr:street": null, "description": null, "email": null, "opening_hours": null, "operator": null, "emergency": null, "healthcare:speciality": null, "website": null, "addr:city": null, "addr:housenumber": null, "phone": null, "name:en": null, "barrier": null, "waterway": null, "contact": null, "denomination": null, "religion": null, "building": "yes", "postal_code": null, "contact:phone": null, "note": null, "source:name": null, "addr:country": null, "addr:province": null, "wheelchair": null, "short_name": null, "start_date": null, "wikidata": null, "type": null }, "geometry": { "type": "Polygon", "coordinates": [ [ [ 2.6638019, 7.6060398 ], [ 2.6638603, 7.6060305 ], [ 2.6638329, 7.6058622 ], [ 2.6637746, 7.6058715 ], [ 2.6638019, 7.6060398 ] ] ] } },
{ "type": "Feature", "properties": { "element": "way", "id": 787464516, "amenity": "hospital", "health_facility:type": null, "name": "Centre de Santé d'Idigny CSA", "operator:type": null, "source": null, "healthcare": "hospital", "name:fr": null, "addr:street": null, "description": null, "email": null, "opening_hours": null, "operator": null, "emergency": null, "healthcare:speciality": null, "website": null, "addr:city": null, "addr:housenumber": null, "phone": null, "name:en": null, "barrier": null, "waterway": null, "contact": null, "denomination": null, "religion": null, "building": null, "postal_code": null, "contact:phone": null, "note": null, "source:name": null, "addr:country": null, "addr:province": null, "wheelchair": null, "short_name": null, "start_date": null, "wikidata": null, "type": null }, "geometry": { "type": "Polygon", "coordinates": [ [ [ 2.7124814, 7.4944049 ], [ 2.713723, 7.4943643 ], [ 2.7137081, 7.4939149 ], [ 2.7130654, 7.4939358 ], [ 2.7129984, 7.493723 ], [ 2.7124593, 7.4937407 ], [ 2.7124814, 7.4944049 ] ] ] } },
{ "type": "Feature", "properties": { "element": "way", "id": 787464517, "amenity": "hospital", "health_facility:type": null, "name": "Centre de Santé Communal de Kétou", "operator:type": null, "source": null, "healthcare": "hospital", "name:fr": null, "addr:street": null, "description": null, "email": null, "opening_hours": null, "operator": null, "emergency": null, "healthcare:speciality": null, "website": null, "addr:city": null, "addr:housenumber": null, "phone": null, "name:en": null, "barrier": null, "waterway": null, "contact": null, "denomination": null, "religion": null, "building": null, "postal_code": null, "contact:phone": null, "note": null, "source:name": null, "addr:country": null, "addr:province": null, "wheelchair": null, "short_name": null, "start_date": null, "wikidata": null, "type": null }, "geometry": { "type": "Polygon", "coordinates": [ [ [ 2.6134892, 7.3557909 ], [ 2.6139807, 7.3558995 ], [ 2.6142125, 7.3548368 ], [ 2.6137261, 7.3547309 ], [ 2.6134892, 7.3557909 ] ] ] } },
{ "type": "Feature", "properties": { "element": "way", "id": 787464518, "amenity": "hospital", "health_facility:type": null, "name": "Centre de santé de Dasso", "operator:type": null, "source": null, "healthcare": "hospital", "name:fr": null, "addr:street": null, "description": null, "email": null, "opening_hours": null, "operator": null, "emergency": null, "healthcare:speciality": null, "website": null, "addr:city": null, "addr:housenumber": null, "phone": null, "name:en": null, "barrier": null, "waterway": null, "contact": null, "denomination": null, "religion": null, "building": null, "postal_code": null, "contact:phone": null, "note": null, "source:name": null, "addr:country": null, "addr:province": null, "wheelchair": null, "short_name": null, "start_date": null, "wikidata": null, "type": null }, "geometry": { "type": "Polygon", "coordinates": [ [ [ 2.4722543, 7.0245155 ], [ 2.4719541, 7.0241877 ], [ 2.4717587, 7.024364 ], [ 2.4716522, 7.0242478 ], [ 2.471376, 7.0244971 ], [ 2.4712959, 7.0244097 ], [ 2.4710923, 7.0245934 ], [ 2.4712403, 7.0247549 ], [ 2.4711595, 7.0248278 ], [ 2.4714981, 7.0251976 ], [ 2.4722543, 7.0245155 ] ] ] } },
{ "type": "Feature", "properties": { "element": "way", "id": 787464519, "amenity": "hospital", "health_facility:type": null, "name": "Centre de santé de Djakotomey", "operator:type": null, "source": null, "healthcare": "hospital", "name:fr": null, "addr:street": null, "description": null, "email": null, "opening_hours": null, "operator": "public", "emergency": null, "healthcare:speciality": null, "website": null, "addr:city": null, "addr:housenumber": null, "phone": null, "name:en": null, "barrier": null, "waterway": null, "contact": null, "denomination": null, "religion": null, "building": null, "postal_code": null, "contact:phone": null, "note": null, "source:name": null, "addr:country": null, "addr:province": null, "wheelchair": null, "short_name": null, "start_date": null, "wikidata": null, "type": null }, "geometry": { "type": "Polygon", "coordinates": [ [ [ 1.7238729, 6.9030162 ], [ 1.7244781, 6.9028617 ], [ 1.7243142, 6.9022284 ], [ 1.7237088, 6.902383 ], [ 1.7238729, 6.9030162 ] ] ] } },
{ "type": "Feature", "properties": { "element": "way", "id": 787464520, "amenity": "hospital", "health_facility:type": null, "name": "Centre de santé de bohicon2", "operator:type": null, "source": null, "healthcare": "hospital", "name:fr": "Centre de santé de bohicon2", "addr:street": null, "description": null, "email": null, "opening_hours": null, "operator": null, "emergency": null, "healthcare:speciality": null, "website": null, "addr:city": null, "addr:housenumber": null, "phone": null, "name:en": null, "barrier": null, "waterway": null, "contact": null, "denomination": null, "religion": null, "building": null, "postal_code": null, "contact:phone": null, "note": null, "source:name": null, "addr:country": null, "addr:province": null, "wheelchair": null, "short_name": null, "start_date": null, "wikidata": null, "type": null }, "geometry": { "type": "Polygon", "coordinates": [ [ [ 2.0664855, 7.1797602 ], [ 2.0656787, 7.179864 ], [ 2.0655362, 7.1787734 ], [ 2.0658554, 7.1787323 ], [ 2.0658594, 7.1787631 ], [ 2.0659746, 7.1787483 ], [ 2.0659691, 7.1787063 ], [ 2.0663415, 7.1786584 ], [ 2.0664855, 7.1797602 ] ] ] } },
{ "type": "Feature", "properties": { "element": "way", "id": 787464521, "amenity": "hospital", "health_facility:type": null, "name": "Centre de Santé d'Arrondissement deTCHETTI", "operator:type": null, "source": null, "healthcare": "hospital", "name:fr": null, "addr:street": null, "description": null, "email": null, "opening_hours": null, "operator": null, "emergency": null, "healthcare:speciality": null, "website": null, "addr:city": null, "addr:housenumber": null, "phone": null, "name:en": null, "barrier": null, "waterway": null, "contact": null, "denomination": null, "religion": null, "building": null, "postal_code": null, "contact:phone": null, "note": null, "source:name": null, "addr:country": null, "addr:province": null, "wheelchair": null, "short_name": null, "start_date": null, "wikidata": null, "type": null }, "geometry": { "type": "Polygon", "coordinates": [ [ [ 1.6638153, 7.8279974 ], [ 1.6640264, 7.8279555 ], [ 1.6640136, 7.8278923 ], [ 1.6640922, 7.8278767 ], [ 1.6640278, 7.8275579 ], [ 1.6638061, 7.8276019 ], [ 1.6638516, 7.8278268 ], [ 1.6637835, 7.8278403 ], [ 1.6638153, 7.8279974 ] ] ] } },
{ "type": "Feature", "properties": { "element": "way", "id": 787464522, "amenity": "hospital", "health_facility:type": null, "name": "Centre de Santé d'Arrondissement de Doumè", "operator:type": null, "source": null, "healthcare": "hospital", "name:fr": null, "addr:street": null, "description": null, "email": null, "opening_hours": null, "operator": null, "emergency": null, "healthcare:speciality": null, "website": null, "addr:city": null, "addr:housenumber": null, "phone": null, "name:en": null, "barrier": null, "waterway": null, "contact": null, "denomination": null, "religion": null, "building": null, "postal_code": null, "contact:phone": null, "note": null, "source:name": null, "addr:country": null, "addr:province": null, "wheelchair": null, "short_name": null, "start_date": null, "wikidata": null, "type": null }, "geometry": { "type": "Polygon", "coordinates": [ [ [ 1.6455547, 8.0186469 ], [ 1.6460507, 8.0183239 ], [ 1.6460319, 8.0179388 ], [ 1.6458395, 8.0176489 ], [ 1.645178, 8.0180795 ], [ 1.6455547, 8.0186469 ] ] ] } },
{ "type": "Feature", "properties": { "element": "way", "id": 787464523, "amenity": "hospital", "health_facility:type": null, "name": "Centre de Santé d'Arrondissement de Doissa", "operator:type": null, "source": null, "healthcare": "hospital", "name:fr": null, "addr:street": null, "description": null, "email": null, "opening_hours": null, "operator": null, "emergency": null, "healthcare:speciality": null, "website": null, "addr:city": null, "addr:housenumber": null, "phone": null, "name:en": null, "barrier": null, "waterway": null, "contact": null, "denomination": null, "religion": null, "building": null, "postal_code": null, "contact:phone": null, "note": null, "source:name": null, "addr:country": null, "addr:province": null, "wheelchair": null, "short_name": null, "start_date": null, "wikidata": null, "type": null }, "geometry": { "type": "Polygon", "coordinates": [ [ [ 1.983895, 7.9947606 ], [ 1.983805, 7.9947825 ], [ 1.9837485, 7.994555 ], [ 1.9838995, 7.9945182 ], [ 1.9839301, 7.994641 ], [ 1.983869, 7.9946559 ], [ 1.983895, 7.9947606 ] ] ] } },
{ "type": "Feature", "properties": { "element": "way", "id": 787464524, "amenity": "hospital", "health_facility:type": null, "name": "Centre de Santé de Lama", "operator:type": null, "source": null, "healthcare": "hospital", "name:fr": null, "addr:street": null, "description": null, "email": null, "opening_hours": null, "operator": null, "emergency": null, "healthcare:speciality": null, "website": null, "addr:city": null, "addr:housenumber": null, "phone": null, "name:en": null, "barrier": null, "waterway": null, "contact": null, "denomination": null, "religion": null, "building": null, "postal_code": null, "contact:phone": null, "note": null, "source:name": null, "addr:country": null, "addr:province": null, "wheelchair": null, "short_name": null, "start_date": null, "wikidata": null, "type": null }, "geometry": { "type": "Polygon", "coordinates": [ [ [ 1.9990415, 7.8370616 ], [ 1.9991238, 7.8370358 ], [ 1.999115, 7.837008 ], [ 1.9991567, 7.836995 ], [ 1.9991638, 7.8370171 ], [ 1.999215, 7.837001 ], [ 1.9991776, 7.8368838 ], [ 1.9990022, 7.8369388 ], [ 1.9990415, 7.8370616 ] ] ] } },
{ "type": "Feature", "properties": { "element": "way", "id": 787464525, "amenity": "hospital", "health_facility:type": null, "name": "Centre de Santé d'Arrondissement de Gobada", "operator:type": null, "source": null, "healthcare": "hospital", "name:fr": null, "addr:street": null, "description": null, "email": null, "opening_hours": null, "operator": null, "emergency": null, "healthcare:speciality": null, "website": null, "addr:city": null, "addr:housenumber": null, "phone": null, "name:en": null, "barrier": null, "waterway": null, "contact": null, "denomination": null, "religion": null, "building": null, "postal_code": null, "contact:phone": null, "note": null, "source:name": null, "addr:country": null, "addr:province": null, "wheelchair": null, "short_name": null, "start_date": null, "wikidata": null, "type": null }, "geometry": { "type": "Polygon", "coordinates": [ [ [ 2.015488, 7.7729315 ], [ 2.0157458, 7.773355 ], [ 2.0154094, 7.7735562 ], [ 2.0151514, 7.7731327 ], [ 2.015488, 7.7729315 ] ] ] } },
{ "type": "Feature", "properties": { "element": "way", "id": 787522920, "amenity": "hospital", "health_facility:type": null, "name": "Centre de Santé d'Arrondissement de Lozohè", "operator:type": null, "source": null, "healthcare": "hospital", "name:fr": null, "addr:street": null, "description": null, "email": null, "opening_hours": null, "operator": null, "emergency": null, "healthcare:speciality": null, "website": null, "addr:city": null, "addr:housenumber": null, "phone": null, "name:en": null, "barrier": null, "waterway": null, "contact": null, "denomination": null, "religion": null, "building": null, "postal_code": null, "contact:phone": null, "note": null, "source:name": null, "addr:country": null, "addr:province": null, "wheelchair": null, "short_name": null, "start_date": null, "wikidata": null, "type": null }, "geometry": { "type": "Polygon", "coordinates": [ [ [ 2.0833949, 7.8959598 ], [ 2.0836798, 7.8958665 ], [ 2.0834856, 7.8952849 ], [ 2.0829905, 7.895447 ], [ 2.083165, 7.8959696 ], [ 2.0833752, 7.8959008 ], [ 2.0833949, 7.8959598 ] ] ] } },
{ "type": "Feature", "properties": { "element": "way", "id": 787522921, "amenity": "hospital", "health_facility:type": null, "name": "Centre de Santé d'Arrondissement de Monkpa", "operator:type": null, "source": null, "healthcare": "hospital", "name:fr": null, "addr:street": null, "description": null, "email": null, "opening_hours": null, "operator": null, "emergency": null, "healthcare:speciality": null, "website": null, "addr:city": null, "addr:housenumber": null, "phone": null, "name:en": null, "barrier": null, "waterway": null, "contact": null, "denomination": null, "religion": null, "building": null, "postal_code": null, "contact:phone": null, "note": null, "source:name": null, "addr:country": null, "addr:province": null, "wheelchair": null, "short_name": null, "start_date": null, "wikidata": null, "type": null }, "geometry": { "type": "Polygon", "coordinates": [ [ [ 2.0673526, 7.9234173 ], [ 2.0676251, 7.9233317 ], [ 2.0673413, 7.922446 ], [ 2.067069, 7.9225315 ], [ 2.0673526, 7.9234173 ] ] ] } },
{ "type": "Feature", "properties": { "element": "way", "id": 787522922, "amenity": "hospital", "health_facility:type": null, "name": "Cebtre de santé PU", "operator:type": null, "source": null, "healthcare": "hospital", "name:fr": null, "addr:street": null, "description": null, "email": null, "opening_hours": null, "operator": null, "emergency": null, "healthcare:speciality": null, "website": null, "addr:city": null, "addr:housenumber": null, "phone": null, "name:en": null, "barrier": null, "waterway": null, "contact": null, "denomination": null, "religion": null, "building": null, "postal_code": null, "contact:phone": null, "note": null, "source:name": null, "addr:country": null, "addr:province": null, "wheelchair": null, "short_name": null, "start_date": null, "wikidata": null, "type": null }, "geometry": { "type": "Polygon", "coordinates": [ [ [ 2.0250449, 7.9161518 ], [ 2.0254314, 7.9159389 ], [ 2.0251441, 7.9154272 ], [ 2.0247576, 7.9156401 ], [ 2.0250449, 7.9161518 ] ] ] } },
{ "type": "Feature", "properties": { "element": "way", "id": 787522923, "amenity": "hospital", "health_facility:type": null, "name": "Hôpital de Zone", "operator:type": null, "source": null, "healthcare": "hospital", "name:fr": null, "addr:street": null, "description": null, "email": null, "opening_hours": null, "operator": null, "emergency": null, "healthcare:speciality": null, "website": null, "addr:city": null, "addr:housenumber": null, "phone": null, "name:en": null, "barrier": null, "waterway": null, "contact": null, "denomination": null, "religion": null, "building": null, "postal_code": null, "contact:phone": null, "note": null, "source:name": null, "addr:country": null, "addr:province": null, "wheelchair": null, "short_name": null, "start_date": null, "wikidata": null, "type": null }, "geometry": { "type": "Polygon", "coordinates": [ [ [ 1.9818476, 7.9277181 ], [ 1.9820061, 7.9265827 ], [ 1.9806362, 7.9263951 ], [ 1.9804778, 7.9275307 ], [ 1.9818476, 7.9277181 ] ] ] } },
{ "type": "Feature", "properties": { "element": "way", "id": 787522924, "amenity": "hospital", "health_facility:type": null, "name": "Centre National Hospitalier et Universitaire de Pneumo-Phtisiologie de Cotonou Lazaret", "operator:type": null, "source": null, "healthcare": "hospital", "name:fr": null, "addr:street": null, "description": null, "email": null, "opening_hours": null, "operator": null, "emergency": null, "healthcare:speciality": null, "website": null, "addr:city": null, "addr:housenumber": null, "phone": null, "name:en": "National Hospital and University Center of Pneumo-Phtisiology of Cotonou Lazaret", "barrier": null, "waterway": null, "contact": null, "denomination": null, "religion": null, "building": "yes", "postal_code": null, "contact:phone": null, "note": null, "source:name": null, "addr:country": null, "addr:province": null, "wheelchair": null, "short_name": null, "start_date": null, "wikidata": null, "type": null }, "geometry": { "type": "Polygon", "coordinates": [ [ [ 2.4418494, 6.3648343 ], [ 2.4421151, 6.3648875 ], [ 2.4420723, 6.365099 ], [ 2.441992, 6.3650829 ], [ 2.4420006, 6.3650403 ], [ 2.4418152, 6.3650032 ], [ 2.4418494, 6.3648343 ] ] ] } },
{ "type": "Feature", "properties": { "element": "way", "id": 787522925, "amenity": "hospital", "health_facility:type": null, "name": "Hôpital de Zone de COVE - ZDO - OUINHI", "operator:type": null, "source": null, "healthcare": "hospital", "name:fr": null, "addr:street": null, "description": null, "email": null, "opening_hours": null, "operator": null, "emergency": null, "healthcare:speciality": null, "website": null, "addr:city": null, "addr:housenumber": null, "phone": null, "name:en": "Hospital of area COVE - ZDO - OUNHI", "barrier": null, "waterway": null, "contact": null, "denomination": null, "religion": null, "building": null, "postal_code": null, "contact:phone": null, "note": null, "source:name": null, "addr:country": null, "addr:province": null, "wheelchair": null, "short_name": null, "start_date": null, "wikidata": null, "type": null }, "geometry": { "type": "Polygon", "coordinates": [ [ [ 2.366044, 7.2197323 ], [ 2.3680327, 7.2197058 ], [ 2.3679556, 7.2191796 ], [ 2.3679625, 7.2191284 ], [ 2.3680072, 7.2191114 ], [ 2.368021, 7.2190704 ], [ 2.3680141, 7.2189169 ], [ 2.3681069, 7.2188555 ], [ 2.368038, 7.2183853 ], [ 2.3678805, 7.218408 ], [ 2.367614, 7.2177596 ], [ 2.3656124, 7.2178358 ], [ 2.366044, 7.2197323 ] ] ] } },
{ "type": "Feature", "properties": { "element": "way", "id": 787522926, "amenity": "hospital", "health_facility:type": null, "name": "Centre de traitement et de depistage", "operator:type": null, "source": null, "healthcare": "hospital", "name:fr": null, "addr:street": null, "description": null, "email": null, "opening_hours": null, "operator": null, "emergency": null, "healthcare:speciality": null, "website": null, "addr:city": null, "addr:housenumber": null, "phone": null, "name:en": null, "barrier": null, "waterway": null, "contact": null, "denomination": null, "religion": null, "building": null, "postal_code": null, "contact:phone": null, "note": null, "source:name": null, "addr:country": null, "addr:province": null, "wheelchair": null, "short_name": null, "start_date": null, "wikidata": null, "type": null }, "geometry": { "type": "Polygon", "coordinates": [ [ [ 2.6617359, 6.9818572 ], [ 2.6617736, 6.9818054 ], [ 2.6616532, 6.9817193 ], [ 2.6616156, 6.9817711 ], [ 2.6617359, 6.9818572 ] ] ] } },
{ "type": "Feature", "properties": { "element": "way", "id": 787522928, "amenity": "hospital", "health_facility:type": null, "name": "Hôpital de zone de pobè", "operator:type": null, "source": null, "healthcare": "hospital", "name:fr": null, "addr:street": null, "description": null, "email": null, "opening_hours": null, "operator": null, "emergency": null, "healthcare:speciality": null, "website": null, "addr:city": null, "addr:housenumber": null, "phone": null, "name:en": null, "barrier": null, "waterway": null, "contact": null, "denomination": null, "religion": null, "building": null, "postal_code": null, "contact:phone": null, "note": null, "source:name": null, "addr:country": null, "addr:province": null, "wheelchair": null, "short_name": null, "start_date": null, "wikidata": null, "type": null }, "geometry": { "type": "Polygon", "coordinates": [ [ [ 2.6687207, 6.9870681 ], [ 2.6693008, 6.9870471 ], [ 2.6693051, 6.987165 ], [ 2.6694338, 6.9871604 ], [ 2.6694051, 6.9863752 ], [ 2.6692916, 6.9863308 ], [ 2.6681432, 6.9864437 ], [ 2.6681645, 6.9866579 ], [ 2.6683665, 6.986638 ], [ 2.66848, 6.9868906 ], [ 2.6686313, 6.9869521 ], [ 2.6687207, 6.9870681 ] ] ] } },
{ "type": "Feature", "properties": { "element": "way", "id": 787522929, "amenity": "hospital", "health_facility:type": null, "name": "Centre de promotion sociale de pobè", "operator:type": null, "source": null, "healthcare": "hospital", "name:fr": null, "addr:street": null, "description": null, "email": null, "opening_hours": null, "operator": null, "emergency": null, "healthcare:speciality": null, "website": null, "addr:city": null, "addr:housenumber": null, "phone": null, "name:en": null, "barrier": null, "waterway": null, "contact": null, "denomination": null, "religion": null, "building": null, "postal_code": null, "contact:phone": null, "note": null, "source:name": null, "addr:country": null, "addr:province": null, "wheelchair": null, "short_name": null, "start_date": null, "wikidata": null, "type": null }, "geometry": { "type": "Polygon", "coordinates": [ [ [ 2.6621446, 6.9822688 ], [ 2.6624328, 6.9819039 ], [ 2.6622425, 6.9817462 ], [ 2.6620337, 6.9816655 ], [ 2.6619376, 6.9818159 ], [ 2.6618896, 6.981803 ], [ 2.6617917, 6.9819479 ], [ 2.6618175, 6.9819699 ], [ 2.6617972, 6.9819993 ], [ 2.6621446, 6.9822688 ] ] ] } },
{ "type": "Feature", "properties": { "element": "way", "id": 787522930, "amenity": "hospital", "health_facility:type": null, "name": "Dispensaire d'issaba", "operator:type": null, "source": null, "healthcare": "hospital", "name:fr": null, "addr:street": null, "description": null, "email": null, "opening_hours": null, "operator": null, "emergency": null, "healthcare:speciality": null, "website": null, "addr:city": null, "addr:housenumber": null, "phone": null, "name:en": null, "barrier": null, "waterway": null, "contact": null, "denomination": null, "religion": null, "building": null, "postal_code": null, "contact:phone": null, "note": null, "source:name": null, "addr:country": null, "addr:province": null, "wheelchair": null, "short_name": null, "start_date": null, "wikidata": null, "type": null }, "geometry": { "type": "Polygon", "coordinates": [ [ [ 2.6352516, 7.0898654 ], [ 2.635433, 7.0894755 ], [ 2.6357199, 7.0896015 ], [ 2.6355336, 7.0900102 ], [ 2.6352516, 7.0898654 ] ] ] } },
{ "type": "Feature", "properties": { "element": "way", "id": 787522936, "amenity": "hospital", "health_facility:type": null, "name": "Centre de santé d'onigbolo", "operator:type": null, "source": null, "healthcare": "hospital", "name:fr": null, "addr:street": null, "description": null, "email": null, "opening_hours": null, "operator": null, "emergency": null, "healthcare:speciality": null, "website": null, "addr:city": null, "addr:housenumber": null, "phone": null, "name:en": null, "barrier": null, "waterway": null, "contact": null, "denomination": null, "religion": null, "building": "yes", "postal_code": null, "contact:phone": null, "note": null, "source:name": null, "addr:country": null, "addr:province": null, "wheelchair": null, "short_name": null, "start_date": null, "wikidata": null, "type": null }, "geometry": { "type": "Polygon", "coordinates": [ [ [ 2.6505589, 7.1738159 ], [ 2.6507195, 7.1738409 ], [ 2.6507498, 7.1736494 ], [ 2.6505892, 7.1736244 ], [ 2.6505589, 7.1738159 ] ] ] } },
{ "type": "Feature", "properties": { "element": "way", "id": 787522937, "amenity": "hospital", "health_facility:type": null, "name": "Centre de Santé Communal de Ouaké", "operator:type": null, "source": null, "healthcare": "hospital", "name:fr": null, "addr:street": null, "description": null, "email": null, "opening_hours": null, "operator": null, "emergency": null, "healthcare:speciality": null, "website": null, "addr:city": null, "addr:housenumber": null, "phone": null, "name:en": null, "barrier": null, "waterway": null, "contact": null, "denomination": null, "religion": null, "building": null, "postal_code": null, "contact:phone": null, "note": null, "source:name": null, "addr:country": null, "addr:province": null, "wheelchair": null, "short_name": null, "start_date": null, "wikidata": null, "type": null }, "geometry": { "type": "Polygon", "coordinates": [ [ [ 1.3816555, 9.6793426 ], [ 1.3817819, 9.6793953 ], [ 1.3817622, 9.6794413 ], [ 1.3819338, 9.6795128 ], [ 1.3819537, 9.6794663 ], [ 1.3820996, 9.6795271 ], [ 1.3821274, 9.6795125 ], [ 1.382423, 9.6789443 ], [ 1.3824119, 9.6788988 ], [ 1.382386, 9.6788587 ], [ 1.3823805, 9.6788405 ], [ 1.3819478, 9.6786604 ], [ 1.3816555, 9.6793426 ] ] ] } },
{ "type": "Feature", "properties": { "element": "way", "id": 787522938, "amenity": "hospital", "health_facility:type": null, "name": "Centre de santé de la commune d'Aplahoué", "operator:type": null, "source": null, "healthcare": "hospital", "name:fr": null, "addr:street": null, "description": null, "email": null, "opening_hours": null, "operator": null, "emergency": null, "healthcare:speciality": null, "website": null, "addr:city": null, "addr:housenumber": null, "phone": null, "name:en": null, "barrier": null, "waterway": null, "contact": null, "denomination": null, "religion": null, "building": null, "postal_code": null, "contact:phone": null, "note": null, "source:name": null, "addr:country": null, "addr:province": null, "wheelchair": null, "short_name": null, "start_date": null, "wikidata": null, "type": null }, "geometry": { "type": "Polygon", "coordinates": [ [ [ 1.6747602, 6.9404881 ], [ 1.6753332, 6.9406198 ], [ 1.6754715, 6.9400271 ], [ 1.6750982, 6.9400604 ], [ 1.6750906, 6.9399766 ], [ 1.6747167, 6.9400101 ], [ 1.6747602, 6.9404881 ] ] ] } },
{ "type": "Feature", "properties": { "element": "way", "id": 787522942, "amenity": "hospital", "health_facility:type": null, "name": "Centre de santé de Passagon", "operator:type": null, "source": null, "healthcare": "hospital", "name:fr": null, "addr:street": null, "description": null, "email": null, "opening_hours": null, "operator": null, "emergency": null, "healthcare:speciality": null, "website": null, "addr:city": null, "addr:housenumber": null, "phone": null, "name:en": null, "barrier": null, "waterway": null, "contact": null, "denomination": null, "religion": null, "building": null, "postal_code": null, "contact:phone": null, "note": null, "source:name": null, "addr:country": null, "addr:province": null, "wheelchair": null, "short_name": null, "start_date": null, "wikidata": null, "type": null }, "geometry": { "type": "Polygon", "coordinates": [ [ [ 2.0733397, 7.2491026 ], [ 2.071981, 7.2494961 ], [ 2.0717319, 7.2486496 ], [ 2.0721859, 7.2485181 ], [ 2.0721933, 7.2485429 ], [ 2.0722296, 7.2485324 ], [ 2.0722196, 7.2484985 ], [ 2.0731139, 7.2482374 ], [ 2.0731272, 7.2482823 ], [ 2.0733664, 7.2482124 ], [ 2.0734935, 7.2484009 ], [ 2.0731921, 7.2486009 ], [ 2.0733397, 7.2491026 ] ] ] } },
{ "type": "Feature", "properties": { "element": "way", "id": 787522943, "amenity": "hospital", "health_facility:type": null, "name": "Hôpital de Zone de Ouidah", "operator:type": null, "source": null, "healthcare": "hospital", "name:fr": null, "addr:street": null, "description": null, "email": null, "opening_hours": null, "operator": null, "emergency": null, "healthcare:speciality": null, "website": null, "addr:city": null, "addr:housenumber": null, "phone": null, "name:en": null, "barrier": null, "waterway": null, "contact": null, "denomination": null, "religion": null, "building": "yes", "postal_code": null, "contact:phone": null, "note": null, "source:name": null, "addr:country": null, "addr:province": null, "wheelchair": null, "short_name": null, "start_date": null, "wikidata": null, "type": null }, "geometry": { "type": "Polygon", "coordinates": [ [ [ 2.0666416, 6.3835495 ], [ 2.0665939, 6.3834901 ], [ 2.0661537, 6.3838392 ], [ 2.0661884, 6.3838823 ], [ 2.0662411, 6.3838406 ], [ 2.0663034, 6.3839182 ], [ 2.0662784, 6.383938 ], [ 2.0663173, 6.3839864 ], [ 2.0663981, 6.3839224 ], [ 2.0663545, 6.3838682 ], [ 2.0663403, 6.3838795 ], [ 2.0662956, 6.3838238 ], [ 2.0666416, 6.3835495 ] ] ] } },
{ "type": "Feature", "properties": { "element": "way", "id": 787522944, "amenity": "hospital", "health_facility:type": null, "name": "Centre de Santé de Tika", "operator:type": null, "source": null, "healthcare": "hospital", "name:fr": null, "addr:street": null, "description": null, "email": null, "opening_hours": null, "operator": null, "emergency": null, "healthcare:speciality": null, "website": null, "addr:city": null, "addr:housenumber": null, "phone": null, "name:en": null, "barrier": null, "waterway": null, "contact": null, "denomination": null, "religion": null, "building": null, "postal_code": null, "contact:phone": null, "note": null, "source:name": null, "addr:country": null, "addr:province": null, "wheelchair": null, "short_name": null, "start_date": null, "wikidata": null, "type": null }, "geometry": { "type": "Polygon", "coordinates": [ [ [ 2.4877849, 6.7087381 ], [ 2.4876139, 6.7080167 ], [ 2.486344, 6.7083133 ], [ 2.486515, 6.709035 ], [ 2.4877849, 6.7087381 ] ] ] } },
{ "type": "Feature", "properties": { "element": "way", "id": 787522954, "amenity": "hospital", "health_facility:type": null, "name": "Centre de santé de Zongo", "operator:type": null, "source": null, "healthcare": "hospital", "name:fr": null, "addr:street": null, "description": null, "email": null, "opening_hours": null, "operator": null, "emergency": null, "healthcare:speciality": null, "website": null, "addr:city": null, "addr:housenumber": null, "phone": null, "name:en": null, "barrier": null, "waterway": null, "contact": null, "denomination": null, "religion": null, "building": null, "postal_code": null, "contact:phone": null, "note": null, "source:name": null, "addr:country": null, "addr:province": null, "wheelchair": null, "short_name": null, "start_date": null, "wikidata": null, "type": null }, "geometry": { "type": "Polygon", "coordinates": [ [ [ 2.6274817, 9.3647547 ], [ 2.6275193, 9.3639993 ], [ 2.6278129, 9.3639432 ], [ 2.6278043, 9.3643727 ], [ 2.6284308, 9.3643785 ], [ 2.6284205, 9.36476 ], [ 2.6274817, 9.3647547 ] ] ] } },
{ "type": "Feature", "properties": { "element": "way", "id": 787522955, "amenity": "hospital", "health_facility:type": null, "name": "Hôpital BETHESDA", "operator:type": null, "source": null, "healthcare": "hospital", "name:fr": null, "addr:street": null, "description": null, "email": null, "opening_hours": null, "operator": null, "emergency": null, "healthcare:speciality": null, "website": null, "addr:city": null, "addr:housenumber": null, "phone": null, "name:en": null, "barrier": null, "waterway": null, "contact": null, "denomination": null, "religion": null, "building": null, "postal_code": null, "contact:phone": null, "note": null, "source:name": null, "addr:country": null, "addr:province": null, "wheelchair": null, "short_name": null, "start_date": null, "wikidata": null, "type": null }, "geometry": { "type": "Polygon", "coordinates": [ [ [ 2.4148554, 6.3794814 ], [ 2.4146744, 6.3793499 ], [ 2.4144972, 6.3795906 ], [ 2.4146782, 6.3797222 ], [ 2.4148554, 6.3794814 ] ] ] } },
{ "type": "Feature", "properties": { "element": "way", "id": 787522956, "amenity": "hospital", "health_facility:type": null, "name": "Hôpital BETHESDA, Service d'Ophtalmologie", "operator:type": null, "source": null, "healthcare": "hospital", "name:fr": null, "addr:street": null, "description": null, "email": null, "opening_hours": null, "operator": null, "emergency": null, "healthcare:speciality": null, "website": null, "addr:city": null, "addr:housenumber": null, "phone": null, "name:en": null, "barrier": null, "waterway": null, "contact": null, "denomination": null, "religion": null, "building": "yes", "postal_code": null, "contact:phone": null, "note": null, "source:name": null, "addr:country": null, "addr:province": null, "wheelchair": null, "short_name": null, "start_date": null, "wikidata": null, "type": null }, "geometry": { "type": "Polygon", "coordinates": [ [ [ 2.4150631, 6.3799303 ], [ 2.4152789, 6.3800941 ], [ 2.4154257, 6.3799031 ], [ 2.4152099, 6.3797393 ], [ 2.4150631, 6.3799303 ] ] ] } },
{ "type": "Feature", "properties": { "element": "way", "id": 787522957, "amenity": "hospital", "health_facility:type": null, "name": "Enfant du Bénin", "operator:type": null, "source": null, "healthcare": "hospital", "name:fr": null, "addr:street": null, "description": null, "email": null, "opening_hours": null, "operator": null, "emergency": null, "healthcare:speciality": null, "website": null, "addr:city": null, "addr:housenumber": "117", "phone": null, "name:en": null, "barrier": null, "waterway": null, "contact": null, "denomination": null, "religion": null, "building": "yes", "postal_code": null, "contact:phone": null, "note": null, "source:name": null, "addr:country": null, "addr:province": null, "wheelchair": null, "short_name": null, "start_date": null, "wikidata": null, "type": null }, "geometry": { "type": "Polygon", "coordinates": [ [ [ 2.3555937, 6.382606 ], [ 2.3556718, 6.3826165 ], [ 2.3557095, 6.3823379 ], [ 2.3556624, 6.3823607 ], [ 2.3556446, 6.382348 ], [ 2.3555924, 6.3823544 ], [ 2.355581, 6.382386 ], [ 2.3555377, 6.382391 ], [ 2.355497, 6.3824265 ], [ 2.3555937, 6.382606 ] ] ] } },
{ "type": "Feature", "properties": { "element": "way", "id": 794429094, "amenity": "hospital", "health_facility:type": null, "name": null, "operator:type": null, "source": null, "healthcare": null, "name:fr": null, "addr:street": null, "description": null, "email": null, "opening_hours": null, "operator": null, "emergency": null, "healthcare:speciality": null, "website": null, "addr:city": null, "addr:housenumber": null, "phone": null, "name:en": null, "barrier": "wall", "waterway": null, "contact": null, "denomination": null, "religion": null, "building": null, "postal_code": null, "contact:phone": null, "note": null, "source:name": null, "addr:country": null, "addr:province": null, "wheelchair": null, "short_name": null, "start_date": null, "wikidata": null, "type": null }, "geometry": { "type": "Polygon", "coordinates": [ [ [ 2.8977755, 9.2851676 ], [ 2.8987464, 9.2852073 ], [ 2.8987584, 9.2848871 ], [ 2.8987598, 9.28485 ], [ 2.8995484, 9.2848659 ], [ 2.8993848, 9.2842835 ], [ 2.8987893, 9.2842623 ], [ 2.8980195, 9.2842279 ], [ 2.8977755, 9.2851676 ] ] ] } },
{ "type": "Feature", "properties": { "element": "way", "id": 797095937, "amenity": "hospital", "health_facility:type": null, "name": null, "operator:type": null, "source": null, "healthcare": null, "name:fr": null, "addr:street": null, "description": null, "email": null, "opening_hours": null, "operator": null, "emergency": null, "healthcare:speciality": null, "website": null, "addr:city": null, "addr:housenumber": null, "phone": null, "name:en": null, "barrier": null, "waterway": null, "contact": null, "denomination": null, "religion": null, "building": null, "postal_code": null, "contact:phone": null, "note": null, "source:name": null, "addr:country": null, "addr:province": null, "wheelchair": null, "short_name": null, "start_date": null, "wikidata": null, "type": null }, "geometry": { "type": "Polygon", "coordinates": [ [ [ 2.8897986, 9.092994 ], [ 2.8901553, 9.092888 ], [ 2.8901258, 9.0926602 ], [ 2.8897235, 9.0926338 ], [ 2.8896886, 9.0928509 ], [ 2.8897986, 9.092994 ] ] ] } },
{ "type": "Feature", "properties": { "element": "way", "id": 803409868, "amenity": "hospital", "health_facility:type": null, "name": "Hôpital St. Martin", "operator:type": null, "source": null, "healthcare": "hospital", "name:fr": null, "addr:street": null, "description": null, "email": null, "opening_hours": null, "operator": null, "emergency": null, "healthcare:speciality": null, "website": null, "addr:city": null, "addr:housenumber": null, "phone": null, "name:en": null, "barrier": null, "waterway": null, "contact": null, "denomination": null, "religion": null, "building": null, "postal_code": null, "contact:phone": null, "note": null, "source:name": null, "addr:country": null, "addr:province": null, "wheelchair": null, "short_name": null, "start_date": null, "wikidata": null, "type": null }, "geometry": { "type": "Polygon", "coordinates": [ [ [ 2.608754, 8.7982997 ], [ 2.6061362, 8.798798 ], [ 2.6068765, 8.8012366 ], [ 2.6084697, 8.8012154 ], [ 2.6091617, 8.80112 ], [ 2.608754, 8.7982997 ] ] ] } },
{ "type": "Feature", "properties": { "element": "way", "id": 803812700, "amenity": "hospital", "health_facility:type": null, "name": null, "operator:type": null, "source": null, "healthcare": "hospital", "name:fr": null, "addr:street": null, "description": null, "email": null, "opening_hours": null, "operator": null, "emergency": null, "healthcare:speciality": null, "website": null, "addr:city": null, "addr:housenumber": null, "phone": null, "name:en": null, "barrier": "wall", "waterway": null, "contact": null, "denomination": null, "religion": null, "building": null, "postal_code": null, "contact:phone": null, "note": null, "source:name": null, "addr:country": null, "addr:province": null, "wheelchair": null, "short_name": null, "start_date": null, "wikidata": null, "type": null }, "geometry": { "type": "Polygon", "coordinates": [ [ [ 2.555649, 8.5888133 ], [ 2.5563408, 8.588523 ], [ 2.5571537, 8.588182 ], [ 2.5570437, 8.5876278 ], [ 2.5557107, 8.5877312 ], [ 2.555649, 8.5888133 ] ] ] } },
{ "type": "Feature", "properties": { "element": "way", "id": 805287487, "amenity": "hospital", "health_facility:type": null, "name": null, "operator:type": null, "source": null, "healthcare": "hospital", "name:fr": null, "addr:street": null, "description": null, "email": null, "opening_hours": null, "operator": null, "emergency": null, "healthcare:speciality": null, "website": null, "addr:city": null, "addr:housenumber": null, "phone": null, "name:en": null, "barrier": null, "waterway": null, "contact": null, "denomination": null, "religion": null, "building": null, "postal_code": null, "contact:phone": null, "note": null, "source:name": null, "addr:country": null, "addr:province": null, "wheelchair": null, "short_name": null, "start_date": null, "wikidata": null, "type": null }, "geometry": { "type": "Polygon", "coordinates": [ [ [ 2.3750076, 8.4975797 ], [ 2.3756862, 8.4975293 ], [ 2.3756835, 8.4967547 ], [ 2.3750102, 8.4967494 ], [ 2.3749217, 8.4970916 ], [ 2.3750076, 8.4975797 ] ] ] } },
{ "type": "Feature", "properties": { "element": "way", "id": 805925012, "amenity": "hospital", "health_facility:type": null, "name": "Hopital Misséssin", "operator:type": null, "source": null, "healthcare": "hospital", "name:fr": null, "addr:street": null, "description": null, "email": null, "opening_hours": null, "operator": null, "emergency": null, "healthcare:speciality": null, "website": null, "addr:city": null, "addr:housenumber": null, "phone": null, "name:en": null, "barrier": null, "waterway": null, "contact": null, "denomination": null, "religion": null, "building": null, "postal_code": null, "contact:phone": null, "note": null, "source:name": null, "addr:country": null, "addr:province": null, "wheelchair": null, "short_name": null, "start_date": null, "wikidata": null, "type": null }, "geometry": { "type": "Polygon", "coordinates": [ [ [ 2.4477744, 6.3706407 ], [ 2.4474837, 6.3704124 ], [ 2.4473843, 6.3705044 ], [ 2.4472276, 6.3705962 ], [ 2.4470409, 6.3706678 ], [ 2.4470101, 6.3714568 ], [ 2.4470914, 6.3714649 ], [ 2.4472865, 6.3712185 ], [ 2.4477744, 6.3706407 ] ] ] } },
{ "type": "Feature", "properties": { "element": "way", "id": 806135275, "amenity": "hospital", "health_facility:type": null, "name": null, "operator:type": null, "source": null, "healthcare": null, "name:fr": null, "addr:street": null, "description": null, "email": null, "opening_hours": null, "operator": null, "emergency": null, "healthcare:speciality": null, "website": null, "addr:city": null, "addr:housenumber": null, "phone": null, "name:en": null, "barrier": null, "waterway": null, "contact": null, "denomination": null, "religion": null, "building": null, "postal_code": null, "contact:phone": null, "note": null, "source:name": null, "addr:country": null, "addr:province": null, "wheelchair": null, "short_name": null, "start_date": null, "wikidata": null, "type": null }, "geometry": { "type": "Polygon", "coordinates": [ [ [ 2.1542779, 9.161663 ], [ 2.1548304, 9.162002 ], [ 2.1551254, 9.1616127 ], [ 2.1545327, 9.1612367 ], [ 2.1542779, 9.161663 ] ] ] } },
{ "type": "Feature", "properties": { "element": "way", "id": 807770492, "amenity": "hospital", "health_facility:type": null, "name": null, "operator:type": null, "source": null, "healthcare": null, "name:fr": null, "addr:street": null, "description": null, "email": null, "opening_hours": null, "operator": null, "emergency": null, "healthcare:speciality": null, "website": null, "addr:city": null, "addr:housenumber": null, "phone": null, "name:en": null, "barrier": null, "waterway": null, "contact": null, "denomination": null, "religion": null, "building": null, "postal_code": null, "contact:phone": null, "note": null, "source:name": null, "addr:country": null, "addr:province": null, "wheelchair": null, "short_name": null, "start_date": null, "wikidata": null, "type": null }, "geometry": { "type": "Polygon", "coordinates": [ [ [ 2.4028516, 9.0292547 ], [ 2.401835, 9.0297501 ], [ 2.4023768, 9.0307779 ], [ 2.4034792, 9.030264 ], [ 2.4028516, 9.0292547 ] ] ] } },
{ "type": "Feature", "properties": { "element": "way", "id": 808107472, "amenity": "hospital", "health_facility:type": null, "name": null, "operator:type": null, "source": null, "healthcare": null, "name:fr": null, "addr:street": null, "description": null, "email": null, "opening_hours": null, "operator": null, "emergency": null, "healthcare:speciality": null, "website": null, "addr:city": null, "addr:housenumber": null, "phone": null, "name:en": null, "barrier": null, "waterway": null, "contact": null, "denomination": null, "religion": null, "building": null, "postal_code": null, "contact:phone": null, "note": null, "source:name": null, "addr:country": null, "addr:province": null, "wheelchair": null, "short_name": null, "start_date": null, "wikidata": null, "type": null }, "geometry": { "type": "Polygon", "coordinates": [ [ [ 2.5597689, 8.3844545 ], [ 2.5596321, 8.385025 ], [ 2.5607693, 8.3852187 ], [ 2.5607854, 8.3851285 ], [ 2.5607827, 8.3850648 ], [ 2.5607613, 8.3849879 ], [ 2.5605762, 8.3845262 ], [ 2.5597689, 8.3844545 ] ] ] } },
{ "type": "Feature", "properties": { "element": "way", "id": 808272697, "amenity": "hospital", "health_facility:type": null, "name": null, "operator:type": null, "source": null, "healthcare": null, "name:fr": null, "addr:street": null, "description": null, "email": null, "opening_hours": null, "operator": null, "emergency": null, "healthcare:speciality": null, "website": null, "addr:city": null, "addr:housenumber": null, "phone": null, "name:en": null, "barrier": "wall", "waterway": null, "contact": null, "denomination": null, "religion": null, "building": null, "postal_code": null, "contact:phone": null, "note": null, "source:name": null, "addr:country": null, "addr:province": null, "wheelchair": null, "short_name": null, "start_date": null, "wikidata": null, "type": null }, "geometry": { "type": "Polygon", "coordinates": [ [ [ 2.5903434, 8.4054461 ], [ 2.5908986, 8.4059821 ], [ 2.5909785, 8.4059437 ], [ 2.5912634, 8.405807 ], [ 2.5912499, 8.4057725 ], [ 2.5914954, 8.4056584 ], [ 2.591364, 8.405405 ], [ 2.5911748, 8.4050587 ], [ 2.5903434, 8.4054461 ] ] ] } },
{ "type": "Feature", "properties": { "element": "way", "id": 808323677, "amenity": "hospital", "health_facility:type": null, "name": null, "operator:type": null, "source": null, "healthcare": null, "name:fr": null, "addr:street": null, "description": null, "email": null, "opening_hours": null, "operator": null, "emergency": null, "healthcare:speciality": null, "website": null, "addr:city": null, "addr:housenumber": null, "phone": null, "name:en": null, "barrier": null, "waterway": null, "contact": null, "denomination": null, "religion": null, "building": null, "postal_code": null, "contact:phone": null, "note": null, "source:name": null, "addr:country": null, "addr:province": null, "wheelchair": null, "short_name": null, "start_date": null, "wikidata": null, "type": null }, "geometry": { "type": "Polygon", "coordinates": [ [ [ 2.5856119, 8.3418947 ], [ 2.5859097, 8.3416903 ], [ 2.5857246, 8.341409 ], [ 2.5853705, 8.3416267 ], [ 2.5856119, 8.3418947 ] ] ] } },
{ "type": "Feature", "properties": { "element": "way", "id": 808798367, "amenity": "hospital", "health_facility:type": null, "name": null, "operator:type": null, "source": null, "healthcare": null, "name:fr": null, "addr:street": null, "description": null, "email": null, "opening_hours": null, "operator": null, "emergency": null, "healthcare:speciality": null, "website": null, "addr:city": null, "addr:housenumber": null, "phone": null, "name:en": null, "barrier": null, "waterway": null, "contact": null, "denomination": null, "religion": null, "building": null, "postal_code": null, "contact:phone": null, "note": null, "source:name": null, "addr:country": null, "addr:province": null, "wheelchair": null, "short_name": null, "start_date": null, "wikidata": null, "type": null }, "geometry": { "type": "Polygon", "coordinates": [ [ [ 2.7036077, 8.0476001 ], [ 2.7033555, 8.0484313 ], [ 2.703723, 8.0485721 ], [ 2.7048415, 8.0484632 ], [ 2.7050266, 8.0480728 ], [ 2.7036077, 8.0476001 ] ] ] } },
{ "type": "Feature", "properties": { "element": "way", "id": 808876512, "amenity": "hospital", "health_facility:type": null, "name": null, "operator:type": null, "source": null, "healthcare": null, "name:fr": null, "addr:street": null, "description": null, "email": null, "opening_hours": null, "operator": null, "emergency": null, "healthcare:speciality": null, "website": null, "addr:city": null, "addr:housenumber": null, "phone": null, "name:en": null, "barrier": null, "waterway": null, "contact": null, "denomination": null, "religion": null, "building": null, "postal_code": null, "contact:phone": null, "note": null, "source:name": null, "addr:country": null, "addr:province": null, "wheelchair": null, "short_name": null, "start_date": null, "wikidata": null, "type": null }, "geometry": { "type": "Polygon", "coordinates": [ [ [ 2.4003088, 8.0103827 ], [ 2.400915, 8.0110998 ], [ 2.4018055, 8.0102712 ], [ 2.4011886, 8.0095912 ], [ 2.4003088, 8.0103827 ] ] ] } },
{ "type": "Feature", "properties": { "element": "way", "id": 808886274, "amenity": "hospital", "health_facility:type": null, "name": "Unité Villageoise de Santé USV de Erokoya (Zankoumandon), LEMA, Dassa Zoume", "operator:type": null, "source": null, "healthcare": null, "name:fr": null, "addr:street": null, "description": null, "email": null, "opening_hours": null, "operator": null, "emergency": null, "healthcare:speciality": null, "website": null, "addr:city": null, "addr:housenumber": null, "phone": null, "name:en": null, "barrier": null, "waterway": null, "contact": null, "denomination": null, "religion": null, "building": null, "postal_code": null, "contact:phone": null, "note": null, "source:name": null, "addr:country": null, "addr:province": null, "wheelchair": null, "short_name": null, "start_date": null, "wikidata": null, "type": null }, "geometry": { "type": "Polygon", "coordinates": [ [ [ 2.2922346, 7.8787708 ], [ 2.2924975, 7.8787841 ], [ 2.2926235, 7.8781092 ], [ 2.2922507, 7.8779764 ], [ 2.2922346, 7.8787708 ] ] ] } },
{ "type": "Feature", "properties": { "element": "way", "id": 809164004, "amenity": "hospital", "health_facility:type": null, "name": null, "operator:type": null, "source": null, "healthcare": null, "name:fr": null, "addr:street": null, "description": null, "email": null, "opening_hours": null, "operator": null, "emergency": null, "healthcare:speciality": null, "website": null, "addr:city": null, "addr:housenumber": null, "phone": null, "name:en": null, "barrier": "wall", "waterway": null, "contact": null, "denomination": null, "religion": null, "building": null, "postal_code": null, "contact:phone": null, "note": null, "source:name": null, "addr:country": null, "addr:province": null, "wheelchair": null, "short_name": null, "start_date": null, "wikidata": null, "type": null }, "geometry": { "type": "Polygon", "coordinates": [ [ [ 2.2937152, 7.9874286 ], [ 2.2945788, 7.9871417 ], [ 2.2941658, 7.9858588 ], [ 2.293345, 7.9861191 ], [ 2.2936428, 7.9871337 ], [ 2.2937152, 7.9874286 ] ] ] } },
{ "type": "Feature", "properties": { "element": "way", "id": 809191824, "amenity": "hospital", "health_facility:type": null, "name": null, "operator:type": null, "source": null, "healthcare": null, "name:fr": null, "addr:street": null, "description": null, "email": null, "opening_hours": null, "operator": null, "emergency": null, "healthcare:speciality": null, "website": null, "addr:city": null, "addr:housenumber": null, "phone": null, "name:en": null, "barrier": null, "waterway": null, "contact": null, "denomination": null, "religion": null, "building": null, "postal_code": null, "contact:phone": null, "note": null, "source:name": null, "addr:country": null, "addr:province": null, "wheelchair": null, "short_name": null, "start_date": null, "wikidata": null, "type": null }, "geometry": { "type": "Polygon", "coordinates": [ [ [ 2.1795845, 7.6058619 ], [ 2.1791124, 7.6065212 ], [ 2.1798205, 7.607122 ], [ 2.1803087, 7.6065425 ], [ 2.1795845, 7.6058619 ] ] ] } },
{ "type": "Feature", "properties": { "element": "way", "id": 809202787, "amenity": "hospital", "health_facility:type": null, "name": null, "operator:type": null, "source": null, "healthcare": null, "name:fr": null, "addr:street": null, "description": null, "email": null, "opening_hours": null, "operator": null, "emergency": null, "healthcare:speciality": null, "website": null, "addr:city": null, "addr:housenumber": null, "phone": null, "name:en": null, "barrier": null, "waterway": null, "contact": null, "denomination": null, "religion": null, "building": null, "postal_code": null, "contact:phone": null, "note": null, "source:name": null, "addr:country": null, "addr:province": null, "wheelchair": null, "short_name": null, "start_date": null, "wikidata": null, "type": null }, "geometry": { "type": "Polygon", "coordinates": [ [ [ 2.0775238, 7.4991001 ], [ 2.0771027, 7.4992065 ], [ 2.0774567, 7.4998686 ], [ 2.0772582, 7.5000016 ], [ 2.0774004, 7.5002063 ], [ 2.077918, 7.4998925 ], [ 2.0775238, 7.4991001 ] ] ] } },
{ "type": "Feature", "properties": { "element": "way", "id": 809558101, "amenity": "hospital", "health_facility:type": null, "name": null, "operator:type": null, "source": null, "healthcare": null, "name:fr": null, "addr:street": null, "description": null, "email": null, "opening_hours": null, "operator": null, "emergency": null, "healthcare:speciality": null, "website": null, "addr:city": null, "addr:housenumber": null, "phone": null, "name:en": null, "barrier": null, "waterway": null, "contact": null, "denomination": null, "religion": null, "building": null, "postal_code": null, "contact:phone": null, "note": null, "source:name": null, "addr:country": null, "addr:province": null, "wheelchair": null, "short_name": null, "start_date": null, "wikidata": null, "type": null }, "geometry": { "type": "Polygon", "coordinates": [ [ [ 2.1151927, 7.0177064 ], [ 2.1156406, 7.0180525 ], [ 2.1159303, 7.0176904 ], [ 2.1154878, 7.0173337 ], [ 2.1151927, 7.0177064 ] ] ] } },
{ "type": "Feature", "properties": { "element": "way", "id": 809591360, "amenity": "hospital", "health_facility:type": null, "name": null, "operator:type": null, "source": null, "healthcare": "hospital", "name:fr": null, "addr:street": null, "description": null, "email": null, "opening_hours": null, "operator": null, "emergency": null, "healthcare:speciality": null, "website": null, "addr:city": null, "addr:housenumber": null, "phone": null, "name:en": null, "barrier": "wall", "waterway": null, "contact": null, "denomination": null, "religion": null, "building": null, "postal_code": null, "contact:phone": null, "note": null, "source:name": null, "addr:country": null, "addr:province": null, "wheelchair": null, "short_name": null, "start_date": null, "wikidata": null, "type": null }, "geometry": { "type": "Polygon", "coordinates": [ [ [ 2.2391564, 6.9712555 ], [ 2.2398886, 6.9708348 ], [ 2.2395989, 6.9704461 ], [ 2.2393844, 6.9702518 ], [ 2.2390866, 6.9704195 ], [ 2.2388506, 6.9706857 ], [ 2.2391564, 6.9712555 ] ] ] } },
{ "type": "Feature", "properties": { "element": "way", "id": 809610074, "amenity": "hospital", "health_facility:type": null, "name": null, "operator:type": null, "source": null, "healthcare": null, "name:fr": null, "addr:street": null, "description": null, "email": null, "opening_hours": null, "operator": null, "emergency": null, "healthcare:speciality": null, "website": null, "addr:city": null, "addr:housenumber": null, "phone": null, "name:en": null, "barrier": null, "waterway": null, "contact": null, "denomination": null, "religion": null, "building": null, "postal_code": null, "contact:phone": null, "note": null, "source:name": null, "addr:country": null, "addr:province": null, "wheelchair": null, "short_name": null, "start_date": null, "wikidata": null, "type": null }, "geometry": { "type": "Polygon", "coordinates": [ [ [ 2.1375704, 7.104076 ], [ 2.1366048, 7.1044805 ], [ 2.1369052, 7.1052258 ], [ 2.137844, 7.1048266 ], [ 2.1375704, 7.104076 ] ] ] } },
{ "type": "Feature", "properties": { "element": "way", "id": 809926794, "amenity": "hospital", "health_facility:type": null, "name": null, "operator:type": null, "source": null, "healthcare": null, "name:fr": null, "addr:street": null, "description": null, "email": null, "opening_hours": null, "operator": null, "emergency": null, "healthcare:speciality": null, "website": null, "addr:city": null, "addr:housenumber": null, "phone": null, "name:en": null, "barrier": null, "waterway": null, "contact": null, "denomination": null, "religion": null, "building": null, "postal_code": null, "contact:phone": null, "note": null, "source:name": null, "addr:country": null, "addr:province": null, "wheelchair": null, "short_name": null, "start_date": null, "wikidata": null, "type": null }, "geometry": { "type": "Polygon", "coordinates": [ [ [ 2.2347844, 6.9941887 ], [ 2.2341272, 6.9938159 ], [ 2.2336927, 6.994612 ], [ 2.2343606, 6.994998 ], [ 2.2347844, 6.9941887 ] ] ] } },
{ "type": "Feature", "properties": { "element": "way", "id": 812587285, "amenity": "hospital", "health_facility:type": null, "name": null, "operator:type": null, "source": null, "healthcare": null, "name:fr": null, "addr:street": null, "description": null, "email": null, "opening_hours": null, "operator": null, "emergency": null, "healthcare:speciality": null, "website": null, "addr:city": null, "addr:housenumber": null, "phone": null, "name:en": null, "barrier": "wall", "waterway": null, "contact": null, "denomination": null, "religion": null, "building": null, "postal_code": null, "contact:phone": null, "note": null, "source:name": null, "addr:country": null, "addr:province": null, "wheelchair": null, "short_name": null, "start_date": null, "wikidata": null, "type": null }, "geometry": { "type": "Polygon", "coordinates": [ [ [ 1.9679609, 6.5221944 ], [ 1.9680374, 6.5224039 ], [ 1.9681621, 6.5227554 ], [ 1.9689091, 6.5230365 ], [ 1.9685322, 6.5219732 ], [ 1.968445, 6.5219546 ], [ 1.9682316, 6.5220614 ], [ 1.9681973, 6.5220763 ], [ 1.9679609, 6.5221944 ] ] ] } },
{ "type": "Feature", "properties": { "element": "way", "id": 814638822, "amenity": "hospital", "health_facility:type": null, "name": "Centre de santé de Golo-Djigbé", "operator:type": null, "source": null, "healthcare": null, "name:fr": null, "addr:street": null, "description": null, "email": null, "opening_hours": null, "operator": null, "emergency": null, "healthcare:speciality": null, "website": null, "addr:city": null, "addr:housenumber": null, "phone": null, "name:en": null, "barrier": null, "waterway": null, "contact": null, "denomination": null, "religion": null, "building": null, "postal_code": null, "contact:phone": null, "note": null, "source:name": null, "addr:country": null, "addr:province": null, "wheelchair": null, "short_name": null, "start_date": null, "wikidata": null, "type": null }, "geometry": { "type": "Polygon", "coordinates": [ [ [ 2.3027462, 6.5584191 ], [ 2.3036447, 6.5581846 ], [ 2.3035508, 6.5578728 ], [ 2.3037627, 6.5577742 ], [ 2.3035884, 6.5574092 ], [ 2.302781, 6.5575824 ], [ 2.3027462, 6.5584191 ] ] ] } },
{ "type": "Feature", "properties": { "element": "way", "id": 815171204, "amenity": "hospital", "health_facility:type": null, "name": "Centre Hospitalier International de Calavi", "operator:type": null, "source": "Maxar, local knowledge;https://lanouvelletribune.info/2023/09/sante-au-benin-le-chic-fonctionnel-a-partir-du-premier-semestre-2024/", "healthcare": "hospital", "name:fr": null, "addr:street": null, "description": null, "email": null, "opening_hours": null, "operator": null, "emergency": null, "healthcare:speciality": null, "website": "https://www.chichopital.bj/", "addr:city": null, "addr:housenumber": null, "phone": null, "name:en": null, "barrier": "wall", "waterway": null, "contact": null, "denomination": null, "religion": null, "building": null, "postal_code": null, "contact:phone": null, "note": null, "source:name": null, "addr:country": null, "addr:province": null, "wheelchair": null, "short_name": "CHIC", "start_date": "2025", "wikidata": "Q127117484", "type": null }, "geometry": { "type": "Polygon", "coordinates": [ [ [ 2.3432459, 6.4685991 ], [ 2.34245, 6.4685637 ], [ 2.3396053, 6.4684094 ], [ 2.3393941, 6.4720381 ], [ 2.3394174, 6.472039 ], [ 2.3397009, 6.472049 ], [ 2.3399974, 6.4720595 ], [ 2.3401818, 6.4720661 ], [ 2.3401858, 6.4719901 ], [ 2.3409127, 6.4720154 ], [ 2.3416369, 6.4720354 ], [ 2.3416342, 6.4721127 ], [ 2.3423235, 6.47213 ], [ 2.3425044, 6.4719562 ], [ 2.3425806, 6.4718818 ], [ 2.3426682, 6.4719701 ], [ 2.3430662, 6.4719915 ], [ 2.3432459, 6.4685991 ] ] ] } },
{ "type": "Feature", "properties": { "element": "way", "id": 815231837, "amenity": "hospital", "health_facility:type": null, "name": "Centre Médical Mère Clelia Merloni", "operator:type": null, "source": null, "healthcare": null, "name:fr": null, "addr:street": null, "description": null, "email": null, "opening_hours": null, "operator": "Soeurs réligieuses", "emergency": null, "healthcare:speciality": null, "website": null, "addr:city": null, "addr:housenumber": null, "phone": null, "name:en": null, "barrier": "wall", "waterway": null, "contact": null, "denomination": null, "religion": null, "building": null, "postal_code": null, "contact:phone": null, "note": null, "source:name": null, "addr:country": null, "addr:province": null, "wheelchair": null, "short_name": null, "start_date": null, "wikidata": null, "type": null }, "geometry": { "type": "Polygon", "coordinates": [ [ [ 2.3336063, 6.458743 ], [ 2.3335859, 6.458722 ], [ 2.3335674, 6.458703 ], [ 2.3331101, 6.458691 ], [ 2.3330821, 6.4592849 ], [ 2.3336345, 6.4593613 ], [ 2.3336063, 6.458743 ] ] ] } },
{ "type": "Feature", "properties": { "element": "way", "id": 816455457, "amenity": "hospital", "health_facility:type": null, "name": "Anastasia", "operator:type": null, "source": null, "healthcare": "hospital", "name:fr": null, "addr:street": null, "description": null, "email": null, "opening_hours": null, "operator": null, "emergency": null, "healthcare:speciality": null, "website": null, "addr:city": null, "addr:housenumber": null, "phone": null, "name:en": null, "barrier": "wall", "waterway": null, "contact": null, "denomination": null, "religion": null, "building": null, "postal_code": null, "contact:phone": null, "note": null, "source:name": null, "addr:country": null, "addr:province": null, "wheelchair": null, "short_name": null, "start_date": null, "wikidata": null, "type": null }, "geometry": { "type": "Polygon", "coordinates": [ [ [ 2.3573372, 6.3749853 ], [ 2.3574927, 6.3754331 ], [ 2.3579004, 6.3753425 ], [ 2.3577636, 6.3748947 ], [ 2.3573372, 6.3749853 ] ] ] } },
{ "type": "Feature", "properties": { "element": "way", "id": 816542940, "amenity": "hospital", "health_facility:type": null, "name": null, "operator:type": null, "source": null, "healthcare": null, "name:fr": null, "addr:street": null, "description": null, "email": null, "opening_hours": null, "operator": null, "emergency": null, "healthcare:speciality": null, "website": null, "addr:city": null, "addr:housenumber": null, "phone": null, "name:en": null, "barrier": null, "waterway": null, "contact": null, "denomination": null, "religion": null, "building": null, "postal_code": null, "contact:phone": null, "note": null, "source:name": null, "addr:country": null, "addr:province": null, "wheelchair": null, "short_name": null, "start_date": null, "wikidata": null, "type": null }, "geometry": { "type": "Polygon", "coordinates": [ [ [ 2.2060686, 6.3462331 ], [ 2.2064012, 6.3462224 ], [ 2.2063912, 6.3457744 ], [ 2.2063878, 6.34562 ], [ 2.2060713, 6.34562 ], [ 2.2060686, 6.3462331 ] ] ] } },
{ "type": "Feature", "properties": { "element": "way", "id": 818701733, "amenity": "hospital", "health_facility:type": null, "name": null, "operator:type": null, "source": null, "healthcare": null, "name:fr": null, "addr:street": null, "description": null, "email": null, "opening_hours": null, "operator": null, "emergency": null, "healthcare:speciality": null, "website": null, "addr:city": null, "addr:housenumber": null, "phone": null, "name:en": null, "barrier": null, "waterway": null, "contact": null, "denomination": null, "religion": null, "building": null, "postal_code": null, "contact:phone": null, "note": null, "source:name": null, "addr:country": null, "addr:province": null, "wheelchair": null, "short_name": null, "start_date": null, "wikidata": null, "type": null }, "geometry": { "type": "Polygon", "coordinates": [ [ [ 2.5517946, 6.75863 ], [ 2.5518706, 6.758929 ], [ 2.5520226, 6.7595276 ], [ 2.5528327, 6.7593465 ], [ 2.5526074, 6.7583717 ], [ 2.5517946, 6.75863 ] ] ] } },
{ "type": "Feature", "properties": { "element": "way", "id": 819760894, "amenity": "hospital", "health_facility:type": null, "name": "Hôpital Musulman", "operator:type": null, "source": null, "healthcare": "hospital", "name:fr": null, "addr:street": null, "description": null, "email": null, "opening_hours": null, "operator": null, "emergency": null, "healthcare:speciality": null, "website": null, "addr:city": null, "addr:housenumber": null, "phone": null, "name:en": null, "barrier": "wall", "waterway": null, "contact": null, "denomination": null, "religion": null, "building": null, "postal_code": null, "contact:phone": null, "note": null, "source:name": null, "addr:country": null, "addr:province": null, "wheelchair": null, "short_name": null, "start_date": null, "wikidata": null, "type": null }, "geometry": { "type": "Polygon", "coordinates": [ [ [ 2.6017712, 6.5187153 ], [ 2.6029095, 6.5190792 ], [ 2.6031641, 6.5183502 ], [ 2.6034996, 6.5174643 ], [ 2.6021638, 6.5174803 ], [ 2.6022121, 6.5172644 ], [ 2.6020941, 6.5172644 ], [ 2.6020619, 6.5166275 ], [ 2.6016274, 6.5166382 ], [ 2.6016515, 6.5172671 ], [ 2.6018205, 6.5172751 ], [ 2.6018339, 6.5174323 ], [ 2.6021263, 6.5175469 ], [ 2.6017712, 6.5187153 ] ] ] } },
{ "type": "Feature", "properties": { "element": "way", "id": 821435342, "amenity": "hospital", "health_facility:type": null, "name": "Clinique Louis Pasteur de Djassin", "operator:type": null, "source": null, "healthcare": null, "name:fr": null, "addr:street": null, "description": null, "email": null, "opening_hours": null, "operator": null, "emergency": null, "healthcare:speciality": null, "website": null, "addr:city": null, "addr:housenumber": null, "phone": null, "name:en": null, "barrier": null, "waterway": null, "contact": null, "denomination": null, "religion": null, "building": null, "postal_code": null, "contact:phone": null, "note": null, "source:name": null, "addr:country": null, "addr:province": null, "wheelchair": null, "short_name": null, "start_date": null, "wikidata": null, "type": null }, "geometry": { "type": "Polygon", "coordinates": [ [ [ 2.5997502, 6.4736514 ], [ 2.5993648, 6.473916 ], [ 2.5997971, 6.4745377 ], [ 2.6001826, 6.4742731 ], [ 2.5997502, 6.4736514 ] ] ] } },
{ "type": "Feature", "properties": { "element": "way", "id": 823501444, "amenity": "hospital", "health_facility:type": null, "name": "Hôpital Humanity Frist", "operator:type": null, "source": null, "healthcare": "hospital", "name:fr": null, "addr:street": null, "description": null, "email": null, "opening_hours": null, "operator": "Humanity First", "emergency": null, "healthcare:speciality": null, "website": null, "addr:city": null, "addr:housenumber": null, "phone": null, "name:en": null, "barrier": null, "waterway": null, "contact": null, "denomination": null, "religion": null, "building": null, "postal_code": null, "contact:phone": "0022997216262", "note": null, "source:name": null, "addr:country": null, "addr:province": null, "wheelchair": null, "short_name": null, "start_date": null, "wikidata": null, "type": null }, "geometry": { "type": "Polygon", "coordinates": [ [ [ 2.310766, 6.3893062 ], [ 2.3107727, 6.3895887 ], [ 2.3109913, 6.3895874 ], [ 2.310973, 6.3893008 ], [ 2.310766, 6.3893062 ] ] ] } },
{ "type": "Feature", "properties": { "element": "way", "id": 836143291, "amenity": "hospital", "health_facility:type": null, "name": "Centre de Santé de la Police Nationale", "operator:type": null, "source": null, "healthcare": "hospital", "name:fr": null, "addr:street": null, "description": null, "email": null, "opening_hours": null, "operator": null, "emergency": null, "healthcare:speciality": null, "website": null, "addr:city": null, "addr:housenumber": null, "phone": null, "name:en": null, "barrier": "wall", "waterway": null, "contact": null, "denomination": null, "religion": null, "building": null, "postal_code": null, "contact:phone": null, "note": null, "source:name": null, "addr:country": null, "addr:province": null, "wheelchair": null, "short_name": null, "start_date": null, "wikidata": null, "type": null }, "geometry": { "type": "Polygon", "coordinates": [ [ [ 2.3844396, 6.378212 ], [ 2.3849599, 6.3780588 ], [ 2.3849586, 6.3780374 ], [ 2.3844329, 6.3777202 ], [ 2.3843953, 6.3777522 ], [ 2.3844396, 6.378212 ] ] ] } },
{ "type": "Feature", "properties": { "element": "way", "id": 836153244, "amenity": "hospital", "health_facility:type": null, "name": null, "operator:type": null, "source": null, "healthcare": "hospital", "name:fr": null, "addr:street": null, "description": null, "email": null, "opening_hours": null, "operator": null, "emergency": null, "healthcare:speciality": null, "website": null, "addr:city": null, "addr:housenumber": null, "phone": null, "name:en": null, "barrier": "wall", "waterway": null, "contact": null, "denomination": null, "religion": null, "building": null, "postal_code": null, "contact:phone": null, "note": null, "source:name": null, "addr:country": null, "addr:province": null, "wheelchair": null, "short_name": null, "start_date": null, "wikidata": null, "type": null }, "geometry": { "type": "Polygon", "coordinates": [ [ [ 2.364893, 6.3898246 ], [ 2.3648903, 6.3903471 ], [ 2.3664808, 6.3902218 ], [ 2.3651719, 6.3898593 ], [ 2.3650673, 6.3898646 ], [ 2.364893, 6.3898246 ] ] ] } },
{ "type": "Feature", "properties": { "element": "way", "id": 849430586, "amenity": "hospital", "health_facility:type": null, "name": null, "operator:type": null, "source": null, "healthcare": null, "name:fr": null, "addr:street": null, "description": null, "email": null, "opening_hours": null, "operator": null, "emergency": null, "healthcare:speciality": null, "website": null, "addr:city": null, "addr:housenumber": null, "phone": null, "name:en": null, "barrier": null, "waterway": null, "contact": null, "denomination": null, "religion": null, "building": null, "postal_code": null, "contact:phone": null, "note": null, "source:name": null, "addr:country": null, "addr:province": null, "wheelchair": null, "short_name": null, "start_date": null, "wikidata": null, "type": null }, "geometry": { "type": "Polygon", "coordinates": [ [ [ 1.9664723, 6.3042721 ], [ 1.966766, 6.3042815 ], [ 1.9668759, 6.3042161 ], [ 1.9668867, 6.3040162 ], [ 1.9663998, 6.3039895 ], [ 1.9663931, 6.3040975 ], [ 1.9664589, 6.3041722 ], [ 1.9664723, 6.3042721 ] ] ] } },
{ "type": "Feature", "properties": { "element": "way", "id": 850744761, "amenity": "hospital", "health_facility:type": null, "name": null, "operator:type": null, "source": null, "healthcare": null, "name:fr": null, "addr:street": null, "description": null, "email": null, "opening_hours": null, "operator": null, "emergency": null, "healthcare:speciality": null, "website": null, "addr:city": null, "addr:housenumber": null, "phone": null, "name:en": null, "barrier": null, "waterway": null, "contact": null, "denomination": null, "religion": null, "building": null, "postal_code": null, "contact:phone": null, "note": null, "source:name": null, "addr:country": null, "addr:province": null, "wheelchair": null, "short_name": null, "start_date": null, "wikidata": null, "type": null }, "geometry": { "type": "Polygon", "coordinates": [ [ [ 1.964533, 6.3420185 ], [ 1.9651177, 6.3417439 ], [ 1.9650158, 6.3413974 ], [ 1.9643506, 6.3416293 ], [ 1.964533, 6.3420185 ] ] ] } },
{ "type": "Feature", "properties": { "element": "way", "id": 884059226, "amenity": "hospital", "health_facility:type": null, "name": "CMC Sonon", "operator:type": null, "source": null, "healthcare": "hospital", "name:fr": null, "addr:street": null, "description": null, "email": null, "opening_hours": null, "operator": null, "emergency": "no", "healthcare:speciality": null, "website": null, "addr:city": null, "addr:housenumber": null, "phone": null, "name:en": null, "barrier": null, "waterway": null, "contact": null, "denomination": null, "religion": null, "building": null, "postal_code": null, "contact:phone": null, "note": null, "source:name": null, "addr:country": null, "addr:province": null, "wheelchair": null, "short_name": null, "start_date": null, "wikidata": null, "type": null }, "geometry": { "type": "Polygon", "coordinates": [ [ [ 2.8880929, 9.5416533 ], [ 2.8880644, 9.5417451 ], [ 2.8881029, 9.5417567 ], [ 2.8881088, 9.5417376 ], [ 2.888274, 9.5417874 ], [ 2.8883032, 9.5416931 ], [ 2.8882203, 9.5416681 ], [ 2.8882136, 9.5416898 ], [ 2.8880929, 9.5416533 ] ] ] } },
{ "type": "Feature", "properties": { "element": "way", "id": 884063681, "amenity": "hospital", "health_facility:type": null, "name": "CMC Ouèssènè", "operator:type": null, "source": null, "healthcare": "hospital", "name:fr": null, "addr:street": null, "description": null, "email": null, "opening_hours": null, "operator": null, "emergency": null, "healthcare:speciality": null, "website": null, "addr:city": null, "addr:housenumber": null, "phone": null, "name:en": null, "barrier": null, "waterway": null, "contact": null, "denomination": null, "religion": null, "building": null, "postal_code": null, "contact:phone": null, "note": null, "source:name": null, "addr:country": null, "addr:province": null, "wheelchair": null, "short_name": null, "start_date": null, "wikidata": null, "type": null }, "geometry": { "type": "Polygon", "coordinates": [ [ [ 2.8329321, 10.6905962 ], [ 2.8329167, 10.6907095 ], [ 2.8329926, 10.6907195 ], [ 2.833008, 10.6906061 ], [ 2.8329321, 10.6905962 ] ] ] } },
{ "type": "Feature", "properties": { "element": "way", "id": 884064424, "amenity": "hospital", "health_facility:type": null, "name": "CMC Boro", "operator:type": null, "source": null, "healthcare": "hospital", "name:fr": null, "addr:street": null, "description": null, "email": null, "opening_hours": null, "operator": null, "emergency": null, "healthcare:speciality": null, "website": null, "addr:city": null, "addr:housenumber": null, "phone": null, "name:en": null, "barrier": null, "waterway": null, "contact": null, "denomination": null, "religion": null, "building": null, "postal_code": null, "contact:phone": null, "note": null, "source:name": null, "addr:country": null, "addr:province": null, "wheelchair": null, "short_name": null, "start_date": null, "wikidata": null, "type": null }, "geometry": { "type": "Polygon", "coordinates": [ [ [ 2.8264009, 10.9328999 ], [ 2.8264014, 10.9327695 ], [ 2.8261788, 10.9327687 ], [ 2.8261783, 10.9328991 ], [ 2.8264009, 10.9328999 ] ] ] } },
{ "type": "Feature", "properties": { "element": "way", "id": 928207395, "amenity": "hospital", "health_facility:type": null, "name": "Centre de Santé d'Arrondissement de Azohouè Aliho", "operator:type": null, "source": null, "healthcare": null, "name:fr": null, "addr:street": null, "description": null, "email": null, "opening_hours": null, "operator": "Public", "emergency": null, "healthcare:speciality": null, "website": null, "addr:city": null, "addr:housenumber": null, "phone": null, "name:en": null, "barrier": null, "waterway": null, "contact": null, "denomination": null, "religion": null, "building": null, "postal_code": null, "contact:phone": null, "note": null, "source:name": null, "addr:country": null, "addr:province": null, "wheelchair": null, "short_name": null, "start_date": null, "wikidata": null, "type": null }, "geometry": { "type": "Polygon", "coordinates": [ [ [ 2.1254979, 6.5909132 ], [ 2.1253459, 6.5900447 ], [ 2.1264457, 6.5898547 ], [ 2.1265978, 6.5907231 ], [ 2.1254979, 6.5909132 ] ] ] } },
{ "type": "Feature", "properties": { "element": "way", "id": 1070318793, "amenity": "hospital", "health_facility:type": null, "name": null, "operator:type": null, "source": null, "healthcare": "hospital", "name:fr": null, "addr:street": null, "description": null, "email": null, "opening_hours": null, "operator": null, "emergency": null, "healthcare:speciality": null, "website": null, "addr:city": null, "addr:housenumber": null, "phone": null, "name:en": null, "barrier": null, "waterway": null, "contact": null, "denomination": null, "religion": null, "building": null, "postal_code": null, "contact:phone": null, "note": null, "source:name": null, "addr:country": null, "addr:province": null, "wheelchair": null, "short_name": null, "start_date": null, "wikidata": null, "type": null }, "geometry": { "type": "Polygon", "coordinates": [ [ [ 2.552537, 6.4349982 ], [ 2.5527006, 6.4350089 ], [ 2.5527073, 6.4348783 ], [ 2.5525517, 6.4348703 ], [ 2.552537, 6.4349982 ] ] ] } },
{ "type": "Feature", "properties": { "element": "way", "id": 1092684073, "amenity": "hospital", "health_facility:type": null, "name": "Centro de salud Martin de Porres", "operator:type": null, "source": null, "healthcare": "hospital", "name:fr": null, "addr:street": null, "description": null, "email": null, "opening_hours": null, "operator": null, "emergency": null, "healthcare:speciality": "general;maternity", "website": null, "addr:city": null, "addr:housenumber": null, "phone": null, "name:en": null, "barrier": null, "waterway": null, "contact": null, "denomination": null, "religion": null, "building": null, "postal_code": null, "contact:phone": null, "note": null, "source:name": null, "addr:country": null, "addr:province": null, "wheelchair": null, "short_name": null, "start_date": null, "wikidata": null, "type": null }, "geometry": { "type": "Polygon", "coordinates": [ [ [ 2.123193, 7.2944544 ], [ 2.122914, 7.293486 ], [ 2.1227745, 7.2929787 ], [ 2.1258179, 7.2925566 ], [ 2.1264259, 7.2941245 ], [ 2.123193, 7.2944544 ] ] ] } },
{ "type": "Feature", "properties": { "element": "way", "id": 1092684074, "amenity": "hospital", "health_facility:type": null, "name": "Centro de salud público de Kpampame", "operator:type": null, "source": null, "healthcare": "hospital", "name:fr": null, "addr:street": null, "description": null, "email": null, "opening_hours": null, "operator": null, "emergency": null, "healthcare:speciality": "general;vaccination", "website": null, "addr:city": null, "addr:housenumber": null, "phone": null, "name:en": null, "barrier": null, "waterway": null, "contact": null, "denomination": null, "religion": null, "building": null, "postal_code": null, "contact:phone": null, "note": null, "source:name": null, "addr:country": null, "addr:province": null, "wheelchair": null, "short_name": null, "start_date": null, "wikidata": null, "type": null }, "geometry": { "type": "Polygon", "coordinates": [ [ [ 2.1349893, 7.2850556 ], [ 2.1356831, 7.2848392 ], [ 2.1354292, 7.284002 ], [ 2.134528, 7.2843284 ], [ 2.1349893, 7.2850556 ] ] ] } },
{ "type": "Feature", "properties": { "element": "way", "id": 1147003850, "amenity": "hospital", "health_facility:type": null, "name": "Centre de Santé d'Arrondissement", "operator:type": null, "source": null, "healthcare": "hospital", "name:fr": null, "addr:street": null, "description": null, "email": null, "opening_hours": null, "operator": null, "emergency": null, "healthcare:speciality": null, "website": null, "addr:city": null, "addr:housenumber": null, "phone": null, "name:en": null, "barrier": null, "waterway": null, "contact": null, "denomination": null, "religion": null, "building": null, "postal_code": null, "contact:phone": null, "note": null, "source:name": null, "addr:country": null, "addr:province": null, "wheelchair": null, "short_name": null, "start_date": null, "wikidata": null, "type": null }, "geometry": { "type": "Polygon", "coordinates": [ [ [ 2.6229687, 6.8983608 ], [ 2.6229996, 6.8986973 ], [ 2.6230492, 6.8992382 ], [ 2.6243501, 6.8991515 ], [ 2.6243476, 6.8991034 ], [ 2.6243421, 6.8990005 ], [ 2.6243312, 6.8987932 ], [ 2.6243204, 6.8985903 ], [ 2.6243103, 6.8983983 ], [ 2.6243051, 6.8983 ], [ 2.6243034, 6.8982678 ], [ 2.6241896, 6.8982757 ], [ 2.6240228, 6.8982874 ], [ 2.6238568, 6.8982989 ], [ 2.623811, 6.8983021 ], [ 2.6229687, 6.8983608 ] ] ] } },
{ "type": "Feature", "properties": { "element": "way", "id": 1356191482, "amenity": "hospital", "health_facility:type": null, "name": null, "operator:type": null, "source": null, "healthcare": "hospital", "name:fr": null, "addr:street": null, "description": null, "email": null, "opening_hours": null, "operator": null, "emergency": null, "healthcare:speciality": null, "website": null, "addr:city": null, "addr:housenumber": null, "phone": null, "name:en": null, "barrier": null, "waterway": null, "contact": null, "denomination": null, "religion": null, "building": null, "postal_code": null, "contact:phone": null, "note": null, "source:name": null, "addr:country": null, "addr:province": null, "wheelchair": null, "short_name": null, "start_date": null, "wikidata": null, "type": null }, "geometry": { "type": "Polygon", "coordinates": [ [ [ 2.0766417, 7.1247283 ], [ 2.0769686, 7.1240895 ], [ 2.0776363, 7.1244512 ], [ 2.0773638, 7.1250122 ], [ 2.0766417, 7.1247283 ] ] ] } },
{ "type": "Feature", "properties": { "element": "way", "id": 1365547059, "amenity": "hospital", "health_facility:type": null, "name": "l’Hôpital de zone de Savè-Ouèssè", "operator:type": null, "source": null, "healthcare": "hospital", "name:fr": null, "addr:street": null, "description": null, "email": null, "opening_hours": null, "operator": null, "emergency": null, "healthcare:speciality": null, "website": null, "addr:city": null, "addr:housenumber": null, "phone": null, "name:en": null, "barrier": null, "waterway": null, "contact": null, "denomination": null, "religion": null, "building": null, "postal_code": null, "contact:phone": null, "note": null, "source:name": null, "addr:country": null, "addr:province": null, "wheelchair": null, "short_name": null, "start_date": null, "wikidata": null, "type": null }, "geometry": { "type": "Polygon", "coordinates": [ [ [ 2.5129821, 8.0606947 ], [ 2.5119779, 8.0591208 ], [ 2.5154539, 8.0565446 ], [ 2.5165678, 8.0581628 ], [ 2.5129821, 8.0606947 ] ] ] } },
{ "type": "Feature", "properties": { "element": "way", "id": 1426207266, "amenity": "hospital", "health_facility:type": null, "name": "Hospital Saint Jean De Dieu De Porga", "operator:type": null, "source": null, "healthcare": "hospital", "name:fr": null, "addr:street": null, "description": null, "email": null, "opening_hours": null, "operator": null, "emergency": null, "healthcare:speciality": null, "website": null, "addr:city": "Tamaga", "addr:housenumber": null, "phone": null, "name:en": null, "barrier": null, "waterway": null, "contact": null, "denomination": null, "religion": null, "building": null, "postal_code": null, "contact:phone": null, "note": null, "source:name": null, "addr:country": null, "addr:province": null, "wheelchair": null, "short_name": null, "start_date": null, "wikidata": null, "type": null }, "geometry": { "type": "Polygon", "coordinates": [ [ [ 0.9922134, 10.9987149 ], [ 0.9931099, 10.9970716 ], [ 0.9936219, 10.9962572 ], [ 0.9960964, 10.9969465 ], [ 0.9959124, 10.9975906 ], [ 0.9958313, 10.9979469 ], [ 0.9955822, 10.9989918 ], [ 0.9942552, 10.9988872 ], [ 0.9941739, 10.9988795 ], [ 0.9941026, 10.9988728 ], [ 0.9922134, 10.9987149 ] ] ] } }
]
}
