{
"type": "FeatureCollection",
"name": "ivory_coast_hospitals",
"crs": { "type": "name", "properties": { "name": "urn:ogc:def:crs:OGC:1.3:CRS84" } },
"features": [
{ "type": "Feature", "properties": { "element": "node", "id": "3282137848", "amenity": "hospital", "healthcare": "hospital", "name": "Formation Sanitaire Urbaine à Base Communautaire Abobo Sagbe", "source": null, "operational_status": null, "operator": null, "addr:suburb": null, "contact:email": null, "contact:mobile": null, "contact:phone": null, "opening_hours": "24/7", "operator:type": null, "project:geoloc_unicef": null, "project:geoloc_unicef:id": null, "source:date": null, "short_name": null, "addr:street": null, "name:en": null, "website": null, "healthcare:speciality": "general;dentist;gynaecology;ophthalmology;oreille;nez_&_gorge;vaccination", "fixme": null, "phone": null, "office": null, "addr:city": "Abobo", "addr:postcode": "13 BP 173 Abidjan 13", "name:fr": null, "email": null, "emergency": null, "alt_name": null, "fax": null, "fid": null, "project:opencities_abidjan": null, "addr:housenumber": null, "barrier": null, "building": null, "layer": null, "description": null, "start_date": null, "addr:country": null, "projet:ogpci": null, "health_facility:type": null, "wheelchair": null, "full_name": null, "health_facility:CI": null, "project:anr_cohesion_bouake": null, "wikidata": null, "wikipedia": null, "wikimedia_commons": null, "note": null, "source:imagery": null, "designation": null, "addr:housename": null, "addr:state": null, "internet_access": null, "is_in": null, "check_date": null, "elevator": null, "building:levels": null, "old_name": null, "official_name": null, "operator:wikidata": null, "operator:wikipedia": null, "projet:eboci": null, "contact:website": null, "name:ur": null, "nat_name": null, "type": null }, "geometry": { "type": "Point", "coordinates": [ -4.0318186, 5.4162938 ] } },
{ "type": "Feature", "properties": { "element": "node", "id": "4068614774", "amenity": "hospital", "healthcare": "hospital", "name": "Dispensaire de Gnintitoigui 1", "source": null, "operational_status": null, "operator": null, "addr:suburb": null, "contact:email": null, "contact:mobile": null, "contact:phone": null, "opening_hours": null, "operator:type": null, "project:geoloc_unicef": null, "project:geoloc_unicef:id": null, "source:date": null, "short_name": null, "addr:street": null, "name:en": null, "website": null, "healthcare:speciality": null, "fixme": null, "phone": null, "office": null, "addr:city": null, "addr:postcode": null, "name:fr": null, "email": null, "emergency": null, "alt_name": null, "fax": null, "fid": null, "project:opencities_abidjan": null, "addr:housenumber": null, "barrier": null, "building": null, "layer": null, "description": null, "start_date": null, "addr:country": null, "projet:ogpci": null, "health_facility:type": null, "wheelchair": null, "full_name": null, "health_facility:CI": null, "project:anr_cohesion_bouake": null, "wikidata": null, "wikipedia": null, "wikimedia_commons": null, "note": null, "source:imagery": null, "designation": null, "addr:housename": null, "addr:state": null, "internet_access": null, "is_in": null, "check_date": null, "elevator": null, "building:levels": null, "old_name": null, "official_name": null, "operator:wikidata": null, "operator:wikipedia": null, "projet:eboci": null, "contact:website": null, "name:ur": null, "nat_name": null, "type": null }, "geometry": { "type": "Point", "coordinates": [ -6.5311018, 5.3194706 ] } },
{ "type": "Feature", "properties": { "element": "node", "id": "4262572490", "amenity": "hospital", "healthcare": "hospital", "name": null, "source": null, "operational_status": null, "operator": null, "addr:suburb": null, "contact:email": null, "contact:mobile": null, "contact:phone": null, "opening_hours": null, "operator:type": null, "project:geoloc_unicef": null, "project:geoloc_unicef:id": null, "source:date": null, "short_name": null, "addr:street": null, "name:en": null, "website": null, "healthcare:speciality": null, "fixme": null, "phone": null, "office": null, "addr:city": null, "addr:postcode": null, "name:fr": null, "email": null, "emergency": null, "alt_name": null, "fax": null, "fid": null, "project:opencities_abidjan": null, "addr:housenumber": null, "barrier": null, "building": null, "layer": null, "description": null, "start_date": null, "addr:country": null, "projet:ogpci": null, "health_facility:type": null, "wheelchair": null, "full_name": null, "health_facility:CI": null, "project:anr_cohesion_bouake": null, "wikidata": null, "wikipedia": null, "wikimedia_commons": null, "note": null, "source:imagery": null, "designation": null, "addr:housename": null, "addr:state": null, "internet_access": null, "is_in": null, "check_date": null, "elevator": null, "building:levels": null, "old_name": null, "official_name": null, "operator:wikidata": null, "operator:wikipedia": null, "projet:eboci": null, "contact:website": null, "name:ur": null, "nat_name": null, "type": null }, "geometry": { "type": "Point", "coordinates": [ -7.39837, 7.4482881 ] } },
{ "type": "Feature", "properties": { "element": "node", "id": "4940322222", "amenity": "hospital", "healthcare": "hospital", "name": "District sanitaire Aboisso", "source": null, "operational_status": null, "operator": null, "addr:suburb": null, "contact:email": null, "contact:mobile": null, "contact:phone": null, "opening_hours": null, "operator:type": null, "project:geoloc_unicef": null, "project:geoloc_unicef:id": null, "source:date": null, "short_name": null, "addr:street": null, "name:en": null, "website": null, "healthcare:speciality": null, "fixme": "confirm location", "phone": null, "office": null, "addr:city": null, "addr:postcode": null, "name:fr": "District sanitaire Aboisso", "email": null, "emergency": null, "alt_name": null, "fax": null, "fid": null, "project:opencities_abidjan": null, "addr:housenumber": null, "barrier": null, "building": null, "layer": null, "description": null, "start_date": null, "addr:country": null, "projet:ogpci": null, "health_facility:type": null, "wheelchair": null, "full_name": null, "health_facility:CI": null, "project:anr_cohesion_bouake": null, "wikidata": null, "wikipedia": null, "wikimedia_commons": null, "note": null, "source:imagery": null, "designation": null, "addr:housename": null, "addr:state": null, "internet_access": null, "is_in": null, "check_date": null, "elevator": null, "building:levels": null, "old_name": null, "official_name": null, "operator:wikidata": null, "operator:wikipedia": null, "projet:eboci": null, "contact:website": null, "name:ur": null, "nat_name": null, "type": null }, "geometry": { "type": "Point", "coordinates": [ -3.3901957, 5.3830334 ] } },
{ "type": "Feature", "properties": { "element": "node", "id": "5286053221", "amenity": "hospital", "healthcare": "hospital", "name": "CSU de Gabiadji", "source": null, "operational_status": null, "operator": null, "addr:suburb": null, "contact:email": null, "contact:mobile": null, "contact:phone": null, "opening_hours": null, "operator:type": null, "project:geoloc_unicef": null, "project:geoloc_unicef:id": null, "source:date": null, "short_name": null, "addr:street": null, "name:en": null, "website": null, "healthcare:speciality": null, "fixme": null, "phone": null, "office": null, "addr:city": null, "addr:postcode": null, "name:fr": null, "email": null, "emergency": null, "alt_name": null, "fax": null, "fid": null, "project:opencities_abidjan": null, "addr:housenumber": null, "barrier": null, "building": null, "layer": null, "description": null, "start_date": null, "addr:country": null, "projet:ogpci": null, "health_facility:type": null, "wheelchair": null, "full_name": null, "health_facility:CI": null, "project:anr_cohesion_bouake": null, "wikidata": null, "wikipedia": null, "wikimedia_commons": null, "note": null, "source:imagery": null, "designation": null, "addr:housename": null, "addr:state": null, "internet_access": null, "is_in": null, "check_date": null, "elevator": null, "building:levels": null, "old_name": null, "official_name": null, "operator:wikidata": null, "operator:wikipedia": null, "projet:eboci": null, "contact:website": null, "name:ur": null, "nat_name": null, "type": null }, "geometry": { "type": "Point", "coordinates": [ -6.5542266, 5.0156713 ] } },
{ "type": "Feature", "properties": { "element": "node", "id": "5931188262", "amenity": "hospital", "healthcare": "hospital", "name": "Hôpital Fermé", "source": null, "operational_status": "closed", "operator": null, "addr:suburb": null, "contact:email": null, "contact:mobile": null, "contact:phone": null, "opening_hours": null, "operator:type": null, "project:geoloc_unicef": null, "project:geoloc_unicef:id": null, "source:date": null, "short_name": null, "addr:street": null, "name:en": null, "website": null, "healthcare:speciality": null, "fixme": null, "phone": null, "office": null, "addr:city": null, "addr:postcode": null, "name:fr": null, "email": null, "emergency": null, "alt_name": null, "fax": null, "fid": null, "project:opencities_abidjan": null, "addr:housenumber": null, "barrier": null, "building": null, "layer": null, "description": null, "start_date": null, "addr:country": null, "projet:ogpci": null, "health_facility:type": null, "wheelchair": null, "full_name": null, "health_facility:CI": null, "project:anr_cohesion_bouake": null, "wikidata": null, "wikipedia": null, "wikimedia_commons": null, "note": null, "source:imagery": null, "designation": null, "addr:housename": null, "addr:state": null, "internet_access": null, "is_in": null, "check_date": null, "elevator": null, "building:levels": null, "old_name": null, "official_name": null, "operator:wikidata": null, "operator:wikipedia": null, "projet:eboci": null, "contact:website": null, "name:ur": null, "nat_name": null, "type": null }, "geometry": { "type": "Point", "coordinates": [ -4.0932575, 5.3845465 ] } },
{ "type": "Feature", "properties": { "element": "node", "id": "6383526828", "amenity": "hospital", "healthcare": "hospital", "name": "Dispensaire de Gnippi 2", "source": null, "operational_status": null, "operator": null, "addr:suburb": null, "contact:email": null, "contact:mobile": null, "contact:phone": null, "opening_hours": null, "operator:type": null, "project:geoloc_unicef": null, "project:geoloc_unicef:id": null, "source:date": null, "short_name": null, "addr:street": null, "name:en": null, "website": null, "healthcare:speciality": null, "fixme": null, "phone": null, "office": null, "addr:city": null, "addr:postcode": null, "name:fr": null, "email": null, "emergency": null, "alt_name": null, "fax": null, "fid": null, "project:opencities_abidjan": null, "addr:housenumber": null, "barrier": null, "building": null, "layer": null, "description": null, "start_date": null, "addr:country": null, "projet:ogpci": null, "health_facility:type": null, "wheelchair": null, "full_name": null, "health_facility:CI": null, "project:anr_cohesion_bouake": null, "wikidata": null, "wikipedia": null, "wikimedia_commons": null, "note": null, "source:imagery": null, "designation": null, "addr:housename": null, "addr:state": null, "internet_access": null, "is_in": null, "check_date": null, "elevator": null, "building:levels": null, "old_name": null, "official_name": null, "operator:wikidata": null, "operator:wikipedia": null, "projet:eboci": null, "contact:website": null, "name:ur": null, "nat_name": null, "type": null }, "geometry": { "type": "Point", "coordinates": [ -6.6441967, 5.6714576 ] } },
{ "type": "Feature", "properties": { "element": "node", "id": "6444787519", "amenity": "hospital", "healthcare": "hospital", "name": "Centre Medico-social Focolari", "source": "DigitalGlobe Standard;survey", "operational_status": null, "operator": null, "addr:suburb": "Doyagouiné 2", "contact:email": "cms.focolari@gmail.com", "contact:mobile": "+22545968838", "contact:phone": "+22533790522", "opening_hours": "Mo-Fr 07:30-18:00", "operator:type": "private", "project:geoloc_unicef": "yes", "project:geoloc_unicef:id": "MN_003", "source:date": "2019-04-15", "short_name": null, "addr:street": null, "name:en": null, "website": null, "healthcare:speciality": null, "fixme": null, "phone": null, "office": null, "addr:city": null, "addr:postcode": null, "name:fr": null, "email": null, "emergency": null, "alt_name": null, "fax": null, "fid": null, "project:opencities_abidjan": null, "addr:housenumber": null, "barrier": null, "building": null, "layer": null, "description": null, "start_date": null, "addr:country": null, "projet:ogpci": null, "health_facility:type": null, "wheelchair": null, "full_name": null, "health_facility:CI": null, "project:anr_cohesion_bouake": null, "wikidata": null, "wikipedia": null, "wikimedia_commons": null, "note": null, "source:imagery": null, "designation": null, "addr:housename": null, "addr:state": null, "internet_access": null, "is_in": null, "check_date": null, "elevator": null, "building:levels": null, "old_name": null, "official_name": null, "operator:wikidata": null, "operator:wikipedia": null, "projet:eboci": null, "contact:website": null, "name:ur": null, "nat_name": null, "type": null }, "geometry": { "type": "Point", "coordinates": [ -7.567445, 7.3966956 ] } },
{ "type": "Feature", "properties": { "element": "node", "id": "6466425838", "amenity": "hospital", "healthcare": "hospital", "name": "Centre de santé communautaire de Tankesse", "source": null, "operational_status": null, "operator": null, "addr:suburb": null, "contact:email": null, "contact:mobile": null, "contact:phone": null, "opening_hours": null, "operator:type": null, "project:geoloc_unicef": null, "project:geoloc_unicef:id": null, "source:date": null, "short_name": null, "addr:street": null, "name:en": null, "website": null, "healthcare:speciality": null, "fixme": null, "phone": null, "office": null, "addr:city": null, "addr:postcode": null, "name:fr": null, "email": null, "emergency": null, "alt_name": null, "fax": null, "fid": null, "project:opencities_abidjan": null, "addr:housenumber": null, "barrier": null, "building": null, "layer": null, "description": null, "start_date": null, "addr:country": null, "projet:ogpci": null, "health_facility:type": null, "wheelchair": null, "full_name": null, "health_facility:CI": null, "project:anr_cohesion_bouake": null, "wikidata": null, "wikipedia": null, "wikimedia_commons": null, "note": null, "source:imagery": null, "designation": null, "addr:housename": null, "addr:state": null, "internet_access": null, "is_in": null, "check_date": null, "elevator": null, "building:levels": null, "old_name": null, "official_name": null, "operator:wikidata": null, "operator:wikipedia": null, "projet:eboci": null, "contact:website": null, "name:ur": null, "nat_name": null, "type": null }, "geometry": { "type": "Point", "coordinates": [ -3.2052187, 7.3654422 ] } },
{ "type": "Feature", "properties": { "element": "node", "id": "7101369263", "amenity": "hospital", "healthcare": "hospital", "name": "Centre de santé de kouetinfla", "source": null, "operational_status": null, "operator": null, "addr:suburb": null, "contact:email": null, "contact:mobile": null, "contact:phone": null, "opening_hours": null, "operator:type": null, "project:geoloc_unicef": null, "project:geoloc_unicef:id": null, "source:date": null, "short_name": null, "addr:street": null, "name:en": null, "website": null, "healthcare:speciality": null, "fixme": "confirm location, this is squarely on the road", "phone": null, "office": null, "addr:city": null, "addr:postcode": null, "name:fr": null, "email": null, "emergency": null, "alt_name": null, "fax": null, "fid": null, "project:opencities_abidjan": null, "addr:housenumber": null, "barrier": null, "building": null, "layer": null, "description": null, "start_date": null, "addr:country": null, "projet:ogpci": null, "health_facility:type": null, "wheelchair": null, "full_name": null, "health_facility:CI": null, "project:anr_cohesion_bouake": null, "wikidata": null, "wikipedia": null, "wikimedia_commons": null, "note": null, "source:imagery": null, "designation": null, "addr:housename": null, "addr:state": null, "internet_access": null, "is_in": null, "check_date": null, "elevator": null, "building:levels": null, "old_name": null, "official_name": null, "operator:wikidata": null, "operator:wikipedia": null, "projet:eboci": null, "contact:website": null, "name:ur": null, "nat_name": null, "type": null }, "geometry": { "type": "Point", "coordinates": [ -6.0462339, 6.6181552 ] } },
{ "type": "Feature", "properties": { "element": "node", "id": "7101369292", "amenity": "hospital", "healthcare": "hospital", "name": "Centre de santé", "source": null, "operational_status": null, "operator": null, "addr:suburb": null, "contact:email": null, "contact:mobile": null, "contact:phone": null, "opening_hours": null, "operator:type": null, "project:geoloc_unicef": null, "project:geoloc_unicef:id": null, "source:date": null, "short_name": null, "addr:street": null, "name:en": null, "website": null, "healthcare:speciality": null, "fixme": null, "phone": null, "office": null, "addr:city": null, "addr:postcode": null, "name:fr": null, "email": null, "emergency": null, "alt_name": null, "fax": null, "fid": null, "project:opencities_abidjan": null, "addr:housenumber": null, "barrier": null, "building": null, "layer": null, "description": null, "start_date": null, "addr:country": null, "projet:ogpci": null, "health_facility:type": null, "wheelchair": null, "full_name": null, "health_facility:CI": null, "project:anr_cohesion_bouake": null, "wikidata": null, "wikipedia": null, "wikimedia_commons": null, "note": null, "source:imagery": null, "designation": null, "addr:housename": null, "addr:state": null, "internet_access": null, "is_in": null, "check_date": null, "elevator": null, "building:levels": null, "old_name": null, "official_name": null, "operator:wikidata": null, "operator:wikipedia": null, "projet:eboci": null, "contact:website": null, "name:ur": null, "nat_name": null, "type": null }, "geometry": { "type": "Point", "coordinates": [ -5.809276, 6.652155 ] } },
{ "type": "Feature", "properties": { "element": "node", "id": "7101381137", "amenity": "hospital", "healthcare": "hospital", "name": "Centre de santé rural", "source": null, "operational_status": null, "operator": null, "addr:suburb": null, "contact:email": null, "contact:mobile": null, "contact:phone": null, "opening_hours": null, "operator:type": null, "project:geoloc_unicef": null, "project:geoloc_unicef:id": null, "source:date": null, "short_name": null, "addr:street": null, "name:en": null, "website": null, "healthcare:speciality": null, "fixme": null, "phone": null, "office": null, "addr:city": null, "addr:postcode": null, "name:fr": null, "email": null, "emergency": null, "alt_name": null, "fax": null, "fid": null, "project:opencities_abidjan": null, "addr:housenumber": null, "barrier": null, "building": null, "layer": null, "description": null, "start_date": null, "addr:country": null, "projet:ogpci": null, "health_facility:type": null, "wheelchair": null, "full_name": null, "health_facility:CI": null, "project:anr_cohesion_bouake": null, "wikidata": null, "wikipedia": null, "wikimedia_commons": null, "note": null, "source:imagery": null, "designation": null, "addr:housename": null, "addr:state": null, "internet_access": null, "is_in": null, "check_date": null, "elevator": null, "building:levels": null, "old_name": null, "official_name": null, "operator:wikidata": null, "operator:wikipedia": null, "projet:eboci": null, "contact:website": null, "name:ur": null, "nat_name": null, "type": null }, "geometry": { "type": "Point", "coordinates": [ -6.3907123, 6.4888273 ] } },
{ "type": "Feature", "properties": { "element": "node", "id": "7342538887", "amenity": "hospital", "healthcare": "hospital", "name": null, "source": null, "operational_status": null, "operator": null, "addr:suburb": null, "contact:email": null, "contact:mobile": null, "contact:phone": null, "opening_hours": null, "operator:type": null, "project:geoloc_unicef": null, "project:geoloc_unicef:id": null, "source:date": null, "short_name": null, "addr:street": null, "name:en": null, "website": null, "healthcare:speciality": null, "fixme": "No building near this point.  Please verify location", "phone": null, "office": null, "addr:city": null, "addr:postcode": null, "name:fr": null, "email": null, "emergency": null, "alt_name": null, "fax": null, "fid": null, "project:opencities_abidjan": null, "addr:housenumber": null, "barrier": null, "building": null, "layer": null, "description": null, "start_date": null, "addr:country": null, "projet:ogpci": null, "health_facility:type": null, "wheelchair": null, "full_name": null, "health_facility:CI": null, "project:anr_cohesion_bouake": null, "wikidata": null, "wikipedia": null, "wikimedia_commons": null, "note": null, "source:imagery": null, "designation": null, "addr:housename": null, "addr:state": null, "internet_access": null, "is_in": null, "check_date": null, "elevator": null, "building:levels": null, "old_name": null, "official_name": null, "operator:wikidata": null, "operator:wikipedia": null, "projet:eboci": null, "contact:website": null, "name:ur": null, "nat_name": null, "type": null }, "geometry": { "type": "Point", "coordinates": [ -6.1788861, 8.0229602 ] } },
{ "type": "Feature", "properties": { "element": "node", "id": "7526020496", "amenity": "hospital", "healthcare": "hospital", "name": "Centre Médical Sainte Famille de Grand-Bassam", "source": null, "operational_status": null, "operator": null, "addr:suburb": null, "contact:email": null, "contact:mobile": null, "contact:phone": null, "opening_hours": null, "operator:type": null, "project:geoloc_unicef": null, "project:geoloc_unicef:id": null, "source:date": null, "short_name": "CMSF de Grand-Bassam", "addr:street": null, "name:en": null, "website": null, "healthcare:speciality": null, "fixme": null, "phone": "+22588895460", "office": null, "addr:city": null, "addr:postcode": null, "name:fr": null, "email": "cmsaintefamille@outlook.fr", "emergency": null, "alt_name": null, "fax": null, "fid": null, "project:opencities_abidjan": null, "addr:housenumber": null, "barrier": null, "building": null, "layer": null, "description": null, "start_date": null, "addr:country": null, "projet:ogpci": null, "health_facility:type": null, "wheelchair": null, "full_name": null, "health_facility:CI": null, "project:anr_cohesion_bouake": null, "wikidata": null, "wikipedia": null, "wikimedia_commons": null, "note": null, "source:imagery": null, "designation": null, "addr:housename": null, "addr:state": null, "internet_access": null, "is_in": null, "check_date": null, "elevator": null, "building:levels": null, "old_name": null, "official_name": null, "operator:wikidata": null, "operator:wikipedia": null, "projet:eboci": null, "contact:website": null, "name:ur": null, "nat_name": null, "type": null }, "geometry": { "type": "Point", "coordinates": [ -3.7645044, 5.2150963 ] } },
{ "type": "Feature", "properties": { "element": "node", "id": "7541758378", "amenity": "hospital", "healthcare": "hospital", "name": "Centre de Traitement des Maladies Infectieuses", "source": null, "operational_status": null, "operator": null, "addr:suburb": null, "contact:email": null, "contact:mobile": null, "contact:phone": null, "opening_hours": null, "operator:type": null, "project:geoloc_unicef": null, "project:geoloc_unicef:id": null, "source:date": null, "short_name": null, "addr:street": null, "name:en": null, "website": null, "healthcare:speciality": null, "fixme": null, "phone": null, "office": null, "addr:city": null, "addr:postcode": null, "name:fr": null, "email": null, "emergency": null, "alt_name": null, "fax": null, "fid": null, "project:opencities_abidjan": null, "addr:housenumber": null, "barrier": null, "building": null, "layer": null, "description": null, "start_date": null, "addr:country": null, "projet:ogpci": null, "health_facility:type": null, "wheelchair": null, "full_name": null, "health_facility:CI": null, "project:anr_cohesion_bouake": null, "wikidata": null, "wikipedia": null, "wikimedia_commons": null, "note": null, "source:imagery": null, "designation": null, "addr:housename": null, "addr:state": null, "internet_access": null, "is_in": null, "check_date": null, "elevator": null, "building:levels": null, "old_name": null, "official_name": null, "operator:wikidata": null, "operator:wikipedia": null, "projet:eboci": null, "contact:website": null, "name:ur": null, "nat_name": null, "type": null }, "geometry": { "type": "Point", "coordinates": [ -4.0462943, 5.5016584 ] } },
{ "type": "Feature", "properties": { "element": "node", "id": "7603124714", "amenity": "hospital", "healthcare": "hospital", "name": "Clinique Saint-Jean de Dieu", "source": null, "operational_status": null, "operator": null, "addr:suburb": null, "contact:email": null, "contact:mobile": null, "contact:phone": null, "opening_hours": null, "operator:type": null, "project:geoloc_unicef": null, "project:geoloc_unicef:id": null, "source:date": null, "short_name": null, "addr:street": null, "name:en": null, "website": null, "healthcare:speciality": null, "fixme": null, "phone": "+22502581301", "office": null, "addr:city": null, "addr:postcode": null, "name:fr": null, "email": null, "emergency": null, "alt_name": null, "fax": null, "fid": null, "project:opencities_abidjan": null, "addr:housenumber": null, "barrier": null, "building": null, "layer": null, "description": null, "start_date": null, "addr:country": null, "projet:ogpci": null, "health_facility:type": null, "wheelchair": null, "full_name": null, "health_facility:CI": null, "project:anr_cohesion_bouake": null, "wikidata": null, "wikipedia": null, "wikimedia_commons": null, "note": null, "source:imagery": null, "designation": null, "addr:housename": null, "addr:state": null, "internet_access": null, "is_in": null, "check_date": null, "elevator": null, "building:levels": null, "old_name": null, "official_name": null, "operator:wikidata": null, "operator:wikipedia": null, "projet:eboci": null, "contact:website": null, "name:ur": null, "nat_name": null, "type": null }, "geometry": { "type": "Point", "coordinates": [ -4.9976732, 5.2626973 ] } },
{ "type": "Feature", "properties": { "element": "node", "id": "7604620838", "amenity": "hospital", "healthcare": "hospital", "name": "Centre Médical Kine Fatima", "source": null, "operational_status": null, "operator": null, "addr:suburb": null, "contact:email": null, "contact:mobile": null, "contact:phone": null, "opening_hours": null, "operator:type": null, "project:geoloc_unicef": null, "project:geoloc_unicef:id": null, "source:date": null, "short_name": null, "addr:street": null, "name:en": null, "website": null, "healthcare:speciality": null, "fixme": null, "phone": "+22521312255", "office": null, "addr:city": null, "addr:postcode": null, "name:fr": null, "email": null, "emergency": null, "alt_name": null, "fax": null, "fid": null, "project:opencities_abidjan": null, "addr:housenumber": null, "barrier": null, "building": null, "layer": null, "description": null, "start_date": null, "addr:country": null, "projet:ogpci": null, "health_facility:type": null, "wheelchair": null, "full_name": null, "health_facility:CI": null, "project:anr_cohesion_bouake": null, "wikidata": null, "wikipedia": null, "wikimedia_commons": null, "note": null, "source:imagery": null, "designation": null, "addr:housename": null, "addr:state": null, "internet_access": null, "is_in": null, "check_date": null, "elevator": null, "building:levels": null, "old_name": null, "official_name": null, "operator:wikidata": null, "operator:wikipedia": null, "projet:eboci": null, "contact:website": null, "name:ur": null, "nat_name": null, "type": null }, "geometry": { "type": "Point", "coordinates": [ -3.7284063, 5.2196333 ] } },
{ "type": "Feature", "properties": { "element": "node", "id": "7606552721", "amenity": "hospital", "healthcare": "hospital", "name": null, "source": null, "operational_status": null, "operator": null, "addr:suburb": null, "contact:email": null, "contact:mobile": null, "contact:phone": null, "opening_hours": null, "operator:type": null, "project:geoloc_unicef": null, "project:geoloc_unicef:id": null, "source:date": null, "short_name": null, "addr:street": null, "name:en": null, "website": null, "healthcare:speciality": null, "fixme": null, "phone": null, "office": null, "addr:city": null, "addr:postcode": null, "name:fr": null, "email": null, "emergency": null, "alt_name": null, "fax": null, "fid": null, "project:opencities_abidjan": null, "addr:housenumber": null, "barrier": null, "building": null, "layer": null, "description": null, "start_date": null, "addr:country": null, "projet:ogpci": null, "health_facility:type": null, "wheelchair": null, "full_name": null, "health_facility:CI": null, "project:anr_cohesion_bouake": null, "wikidata": null, "wikipedia": null, "wikimedia_commons": null, "note": null, "source:imagery": null, "designation": null, "addr:housename": null, "addr:state": null, "internet_access": null, "is_in": null, "check_date": null, "elevator": null, "building:levels": null, "old_name": null, "official_name": null, "operator:wikidata": null, "operator:wikipedia": null, "projet:eboci": null, "contact:website": null, "name:ur": null, "nat_name": null, "type": null }, "geometry": { "type": "Point", "coordinates": [ -4.5150463, 5.6862687 ] } },
{ "type": "Feature", "properties": { "element": "node", "id": "7612892914", "amenity": "hospital", "healthcare": "hospital", "name": "Centre de Santé Rural d'Eticoon", "source": null, "operational_status": null, "operator": null, "addr:suburb": null, "contact:email": null, "contact:mobile": null, "contact:phone": null, "opening_hours": null, "operator:type": null, "project:geoloc_unicef": null, "project:geoloc_unicef:id": null, "source:date": null, "short_name": null, "addr:street": null, "name:en": null, "website": null, "healthcare:speciality": null, "fixme": null, "phone": null, "office": null, "addr:city": null, "addr:postcode": null, "name:fr": null, "email": null, "emergency": null, "alt_name": null, "fax": null, "fid": null, "project:opencities_abidjan": null, "addr:housenumber": null, "barrier": null, "building": null, "layer": null, "description": null, "start_date": null, "addr:country": null, "projet:ogpci": null, "health_facility:type": null, "wheelchair": null, "full_name": null, "health_facility:CI": null, "project:anr_cohesion_bouake": null, "wikidata": null, "wikipedia": null, "wikimedia_commons": null, "note": null, "source:imagery": null, "designation": null, "addr:housename": null, "addr:state": null, "internet_access": null, "is_in": null, "check_date": null, "elevator": null, "building:levels": null, "old_name": null, "official_name": null, "operator:wikidata": null, "operator:wikipedia": null, "projet:eboci": null, "contact:website": null, "name:ur": null, "nat_name": null, "type": null }, "geometry": { "type": "Point", "coordinates": [ -4.9640962, 5.927219 ] } },
{ "type": "Feature", "properties": { "element": "node", "id": "7615944030", "amenity": "hospital", "healthcare": "hospital", "name": null, "source": null, "operational_status": null, "operator": null, "addr:suburb": null, "contact:email": null, "contact:mobile": null, "contact:phone": null, "opening_hours": null, "operator:type": null, "project:geoloc_unicef": null, "project:geoloc_unicef:id": null, "source:date": null, "short_name": null, "addr:street": null, "name:en": null, "website": null, "healthcare:speciality": null, "fixme": null, "phone": null, "office": null, "addr:city": null, "addr:postcode": null, "name:fr": null, "email": null, "emergency": null, "alt_name": null, "fax": null, "fid": null, "project:opencities_abidjan": null, "addr:housenumber": null, "barrier": null, "building": null, "layer": null, "description": null, "start_date": null, "addr:country": null, "projet:ogpci": null, "health_facility:type": null, "wheelchair": null, "full_name": null, "health_facility:CI": null, "project:anr_cohesion_bouake": null, "wikidata": null, "wikipedia": null, "wikimedia_commons": null, "note": null, "source:imagery": null, "designation": null, "addr:housename": null, "addr:state": null, "internet_access": null, "is_in": null, "check_date": null, "elevator": null, "building:levels": null, "old_name": null, "official_name": null, "operator:wikidata": null, "operator:wikipedia": null, "projet:eboci": null, "contact:website": null, "name:ur": null, "nat_name": null, "type": null }, "geometry": { "type": "Point", "coordinates": [ -5.2531416, 5.5752852 ] } },
{ "type": "Feature", "properties": { "element": "node", "id": "7621924484", "amenity": "hospital", "healthcare": "hospital", "name": "Centre de Santé NDA", "source": null, "operational_status": null, "operator": null, "addr:suburb": null, "contact:email": null, "contact:mobile": null, "contact:phone": null, "opening_hours": null, "operator:type": null, "project:geoloc_unicef": null, "project:geoloc_unicef:id": null, "source:date": null, "short_name": null, "addr:street": null, "name:en": null, "website": null, "healthcare:speciality": null, "fixme": null, "phone": null, "office": null, "addr:city": null, "addr:postcode": null, "name:fr": null, "email": null, "emergency": null, "alt_name": null, "fax": null, "fid": null, "project:opencities_abidjan": null, "addr:housenumber": null, "barrier": null, "building": null, "layer": null, "description": null, "start_date": null, "addr:country": null, "projet:ogpci": null, "health_facility:type": null, "wheelchair": null, "full_name": null, "health_facility:CI": null, "project:anr_cohesion_bouake": null, "wikidata": null, "wikipedia": null, "wikimedia_commons": null, "note": null, "source:imagery": null, "designation": null, "addr:housename": null, "addr:state": null, "internet_access": null, "is_in": null, "check_date": null, "elevator": null, "building:levels": null, "old_name": null, "official_name": null, "operator:wikidata": null, "operator:wikipedia": null, "projet:eboci": null, "contact:website": null, "name:ur": null, "nat_name": null, "type": null }, "geometry": { "type": "Point", "coordinates": [ -5.3498667, 5.837214 ] } },
{ "type": "Feature", "properties": { "element": "node", "id": "7621929041", "amenity": "hospital", "healthcare": "hospital", "name": "Centre de Santé Rural de Gnippi 2", "source": null, "operational_status": null, "operator": null, "addr:suburb": null, "contact:email": null, "contact:mobile": null, "contact:phone": null, "opening_hours": null, "operator:type": null, "project:geoloc_unicef": null, "project:geoloc_unicef:id": null, "source:date": null, "short_name": null, "addr:street": null, "name:en": null, "website": null, "healthcare:speciality": null, "fixme": null, "phone": null, "office": null, "addr:city": null, "addr:postcode": null, "name:fr": null, "email": null, "emergency": null, "alt_name": null, "fax": null, "fid": null, "project:opencities_abidjan": null, "addr:housenumber": null, "barrier": null, "building": null, "layer": null, "description": null, "start_date": null, "addr:country": null, "projet:ogpci": null, "health_facility:type": null, "wheelchair": null, "full_name": null, "health_facility:CI": null, "project:anr_cohesion_bouake": null, "wikidata": null, "wikipedia": null, "wikimedia_commons": null, "note": null, "source:imagery": null, "designation": null, "addr:housename": null, "addr:state": null, "internet_access": null, "is_in": null, "check_date": null, "elevator": null, "building:levels": null, "old_name": null, "official_name": null, "operator:wikidata": null, "operator:wikipedia": null, "projet:eboci": null, "contact:website": null, "name:ur": null, "nat_name": null, "type": null }, "geometry": { "type": "Point", "coordinates": [ -6.6446512, 5.673494 ] } },
{ "type": "Feature", "properties": { "element": "node", "id": "7621948315", "amenity": "hospital", "healthcare": "hospital", "name": "Dispensaire Rural de Gnakaradigui", "source": null, "operational_status": null, "operator": null, "addr:suburb": null, "contact:email": null, "contact:mobile": null, "contact:phone": null, "opening_hours": null, "operator:type": null, "project:geoloc_unicef": null, "project:geoloc_unicef:id": null, "source:date": null, "short_name": null, "addr:street": null, "name:en": null, "website": null, "healthcare:speciality": null, "fixme": null, "phone": null, "office": null, "addr:city": null, "addr:postcode": null, "name:fr": null, "email": null, "emergency": null, "alt_name": null, "fax": null, "fid": null, "project:opencities_abidjan": null, "addr:housenumber": null, "barrier": null, "building": null, "layer": null, "description": null, "start_date": null, "addr:country": null, "projet:ogpci": null, "health_facility:type": null, "wheelchair": null, "full_name": null, "health_facility:CI": null, "project:anr_cohesion_bouake": null, "wikidata": null, "wikipedia": null, "wikimedia_commons": null, "note": null, "source:imagery": null, "designation": null, "addr:housename": null, "addr:state": null, "internet_access": null, "is_in": null, "check_date": null, "elevator": null, "building:levels": null, "old_name": null, "official_name": null, "operator:wikidata": null, "operator:wikipedia": null, "projet:eboci": null, "contact:website": null, "name:ur": null, "nat_name": null, "type": null }, "geometry": { "type": "Point", "coordinates": [ -6.6307048, 5.7206156 ] } },
{ "type": "Feature", "properties": { "element": "node", "id": "7621949894", "amenity": "hospital", "healthcare": "hospital", "name": null, "source": null, "operational_status": null, "operator": null, "addr:suburb": null, "contact:email": null, "contact:mobile": null, "contact:phone": null, "opening_hours": null, "operator:type": null, "project:geoloc_unicef": null, "project:geoloc_unicef:id": null, "source:date": null, "short_name": null, "addr:street": null, "name:en": null, "website": null, "healthcare:speciality": null, "fixme": null, "phone": null, "office": null, "addr:city": null, "addr:postcode": null, "name:fr": null, "email": null, "emergency": null, "alt_name": null, "fax": null, "fid": null, "project:opencities_abidjan": null, "addr:housenumber": null, "barrier": null, "building": null, "layer": null, "description": null, "start_date": null, "addr:country": null, "projet:ogpci": null, "health_facility:type": null, "wheelchair": null, "full_name": null, "health_facility:CI": null, "project:anr_cohesion_bouake": null, "wikidata": null, "wikipedia": null, "wikimedia_commons": null, "note": null, "source:imagery": null, "designation": null, "addr:housename": null, "addr:state": null, "internet_access": null, "is_in": null, "check_date": null, "elevator": null, "building:levels": null, "old_name": null, "official_name": null, "operator:wikidata": null, "operator:wikipedia": null, "projet:eboci": null, "contact:website": null, "name:ur": null, "nat_name": null, "type": null }, "geometry": { "type": "Point", "coordinates": [ -5.1607245, 5.9000612 ] } },
{ "type": "Feature", "properties": { "element": "node", "id": "7635564647", "amenity": "hospital", "healthcare": "hospital", "name": "Centre de Santé Urbain d'Iboguhé", "source": null, "operational_status": null, "operator": null, "addr:suburb": null, "contact:email": null, "contact:mobile": null, "contact:phone": null, "opening_hours": null, "operator:type": null, "project:geoloc_unicef": null, "project:geoloc_unicef:id": null, "source:date": null, "short_name": "CSU d'Iboguhé", "addr:street": null, "name:en": null, "website": null, "healthcare:speciality": null, "fixme": null, "phone": null, "office": null, "addr:city": null, "addr:postcode": null, "name:fr": null, "email": null, "emergency": null, "alt_name": null, "fax": null, "fid": null, "project:opencities_abidjan": null, "addr:housenumber": null, "barrier": null, "building": null, "layer": null, "description": null, "start_date": null, "addr:country": null, "projet:ogpci": null, "health_facility:type": null, "wheelchair": null, "full_name": null, "health_facility:CI": null, "project:anr_cohesion_bouake": null, "wikidata": null, "wikipedia": null, "wikimedia_commons": null, "note": null, "source:imagery": null, "designation": null, "addr:housename": null, "addr:state": null, "internet_access": null, "is_in": null, "check_date": null, "elevator": null, "building:levels": null, "old_name": null, "official_name": null, "operator:wikidata": null, "operator:wikipedia": null, "projet:eboci": null, "contact:website": null, "name:ur": null, "nat_name": null, "type": null }, "geometry": { "type": "Point", "coordinates": [ -6.8481316, 6.5512687 ] } },
{ "type": "Feature", "properties": { "element": "node", "id": "7644565387", "amenity": "hospital", "healthcare": "hospital", "name": "Centre de sante", "source": null, "operational_status": null, "operator": null, "addr:suburb": null, "contact:email": null, "contact:mobile": null, "contact:phone": null, "opening_hours": null, "operator:type": null, "project:geoloc_unicef": null, "project:geoloc_unicef:id": null, "source:date": null, "short_name": null, "addr:street": null, "name:en": null, "website": null, "healthcare:speciality": null, "fixme": null, "phone": null, "office": null, "addr:city": null, "addr:postcode": null, "name:fr": null, "email": null, "emergency": null, "alt_name": null, "fax": null, "fid": null, "project:opencities_abidjan": null, "addr:housenumber": null, "barrier": null, "building": null, "layer": null, "description": null, "start_date": null, "addr:country": null, "projet:ogpci": null, "health_facility:type": null, "wheelchair": null, "full_name": null, "health_facility:CI": null, "project:anr_cohesion_bouake": null, "wikidata": null, "wikipedia": null, "wikimedia_commons": null, "note": null, "source:imagery": null, "designation": null, "addr:housename": null, "addr:state": null, "internet_access": null, "is_in": null, "check_date": null, "elevator": null, "building:levels": null, "old_name": null, "official_name": null, "operator:wikidata": null, "operator:wikipedia": null, "projet:eboci": null, "contact:website": null, "name:ur": null, "nat_name": null, "type": null }, "geometry": { "type": "Point", "coordinates": [ -6.6333707, 6.4946708 ] } },
{ "type": "Feature", "properties": { "element": "node", "id": "7662448789", "amenity": "hospital", "healthcare": "hospital", "name": null, "source": null, "operational_status": null, "operator": null, "addr:suburb": null, "contact:email": null, "contact:mobile": null, "contact:phone": null, "opening_hours": null, "operator:type": null, "project:geoloc_unicef": null, "project:geoloc_unicef:id": null, "source:date": null, "short_name": null, "addr:street": null, "name:en": null, "website": null, "healthcare:speciality": null, "fixme": null, "phone": null, "office": null, "addr:city": null, "addr:postcode": null, "name:fr": null, "email": null, "emergency": null, "alt_name": null, "fax": null, "fid": null, "project:opencities_abidjan": null, "addr:housenumber": null, "barrier": null, "building": null, "layer": null, "description": null, "start_date": null, "addr:country": null, "projet:ogpci": null, "health_facility:type": null, "wheelchair": null, "full_name": null, "health_facility:CI": null, "project:anr_cohesion_bouake": null, "wikidata": null, "wikipedia": null, "wikimedia_commons": null, "note": null, "source:imagery": null, "designation": null, "addr:housename": null, "addr:state": null, "internet_access": null, "is_in": null, "check_date": null, "elevator": null, "building:levels": null, "old_name": null, "official_name": null, "operator:wikidata": null, "operator:wikipedia": null, "projet:eboci": null, "contact:website": null, "name:ur": null, "nat_name": null, "type": null }, "geometry": { "type": "Point", "coordinates": [ -7.5537529, 7.1156175 ] } },
{ "type": "Feature", "properties": { "element": "node", "id": "7662458972", "amenity": "hospital", "healthcare": "hospital", "name": null, "source": null, "operational_status": null, "operator": null, "addr:suburb": null, "contact:email": null, "contact:mobile": null, "contact:phone": null, "opening_hours": null, "operator:type": null, "project:geoloc_unicef": null, "project:geoloc_unicef:id": null, "source:date": null, "short_name": null, "addr:street": null, "name:en": null, "website": null, "healthcare:speciality": null, "fixme": null, "phone": null, "office": null, "addr:city": null, "addr:postcode": null, "name:fr": null, "email": null, "emergency": null, "alt_name": null, "fax": null, "fid": null, "project:opencities_abidjan": null, "addr:housenumber": null, "barrier": null, "building": null, "layer": null, "description": null, "start_date": null, "addr:country": null, "projet:ogpci": null, "health_facility:type": null, "wheelchair": null, "full_name": null, "health_facility:CI": null, "project:anr_cohesion_bouake": null, "wikidata": null, "wikipedia": null, "wikimedia_commons": null, "note": null, "source:imagery": null, "designation": null, "addr:housename": null, "addr:state": null, "internet_access": null, "is_in": null, "check_date": null, "elevator": null, "building:levels": null, "old_name": null, "official_name": null, "operator:wikidata": null, "operator:wikipedia": null, "projet:eboci": null, "contact:website": null, "name:ur": null, "nat_name": null, "type": null }, "geometry": { "type": "Point", "coordinates": [ -7.6293833, 7.5292497 ] } },
{ "type": "Feature", "properties": { "element": "node", "id": "7662469590", "amenity": "hospital", "healthcare": "hospital", "name": null, "source": null, "operational_status": null, "operator": null, "addr:suburb": null, "contact:email": null, "contact:mobile": null, "contact:phone": null, "opening_hours": null, "operator:type": null, "project:geoloc_unicef": null, "project:geoloc_unicef:id": null, "source:date": null, "short_name": null, "addr:street": null, "name:en": null, "website": null, "healthcare:speciality": null, "fixme": null, "phone": null, "office": null, "addr:city": null, "addr:postcode": null, "name:fr": null, "email": null, "emergency": null, "alt_name": null, "fax": null, "fid": null, "project:opencities_abidjan": null, "addr:housenumber": null, "barrier": null, "building": null, "layer": null, "description": null, "start_date": null, "addr:country": null, "projet:ogpci": null, "health_facility:type": null, "wheelchair": null, "full_name": null, "health_facility:CI": null, "project:anr_cohesion_bouake": null, "wikidata": null, "wikipedia": null, "wikimedia_commons": null, "note": null, "source:imagery": null, "designation": null, "addr:housename": null, "addr:state": null, "internet_access": null, "is_in": null, "check_date": null, "elevator": null, "building:levels": null, "old_name": null, "official_name": null, "operator:wikidata": null, "operator:wikipedia": null, "projet:eboci": null, "contact:website": null, "name:ur": null, "nat_name": null, "type": null }, "geometry": { "type": "Point", "coordinates": [ -7.5743707, 7.1835115 ] } },
{ "type": "Feature", "properties": { "element": "node", "id": "7662469607", "amenity": "hospital", "healthcare": "hospital", "name": null, "source": null, "operational_status": null, "operator": null, "addr:suburb": null, "contact:email": null, "contact:mobile": null, "contact:phone": null, "opening_hours": null, "operator:type": null, "project:geoloc_unicef": null, "project:geoloc_unicef:id": null, "source:date": null, "short_name": null, "addr:street": null, "name:en": null, "website": null, "healthcare:speciality": null, "fixme": null, "phone": null, "office": null, "addr:city": null, "addr:postcode": null, "name:fr": null, "email": null, "emergency": null, "alt_name": null, "fax": null, "fid": null, "project:opencities_abidjan": null, "addr:housenumber": null, "barrier": null, "building": null, "layer": null, "description": null, "start_date": null, "addr:country": null, "projet:ogpci": null, "health_facility:type": null, "wheelchair": null, "full_name": null, "health_facility:CI": null, "project:anr_cohesion_bouake": null, "wikidata": null, "wikipedia": null, "wikimedia_commons": null, "note": null, "source:imagery": null, "designation": null, "addr:housename": null, "addr:state": null, "internet_access": null, "is_in": null, "check_date": null, "elevator": null, "building:levels": null, "old_name": null, "official_name": null, "operator:wikidata": null, "operator:wikipedia": null, "projet:eboci": null, "contact:website": null, "name:ur": null, "nat_name": null, "type": null }, "geometry": { "type": "Point", "coordinates": [ -7.6763465, 7.9520347 ] } },
{ "type": "Feature", "properties": { "element": "node", "id": "7669542177", "amenity": "hospital", "healthcare": "hospital", "name": "Centre de Santé Régional de Banankoro", "source": null, "operational_status": null, "operator": null, "addr:suburb": null, "contact:email": null, "contact:mobile": null, "contact:phone": null, "opening_hours": null, "operator:type": null, "project:geoloc_unicef": null, "project:geoloc_unicef:id": null, "source:date": null, "short_name": null, "addr:street": null, "name:en": null, "website": null, "healthcare:speciality": null, "fixme": null, "phone": null, "office": null, "addr:city": null, "addr:postcode": null, "name:fr": null, "email": null, "emergency": null, "alt_name": null, "fax": null, "fid": null, "project:opencities_abidjan": null, "addr:housenumber": null, "barrier": null, "building": null, "layer": null, "description": null, "start_date": null, "addr:country": null, "projet:ogpci": null, "health_facility:type": null, "wheelchair": null, "full_name": null, "health_facility:CI": null, "project:anr_cohesion_bouake": null, "wikidata": null, "wikipedia": null, "wikimedia_commons": null, "note": null, "source:imagery": null, "designation": null, "addr:housename": null, "addr:state": null, "internet_access": null, "is_in": null, "check_date": null, "elevator": null, "building:levels": null, "old_name": null, "official_name": null, "operator:wikidata": null, "operator:wikipedia": null, "projet:eboci": null, "contact:website": null, "name:ur": null, "nat_name": null, "type": null }, "geometry": { "type": "Point", "coordinates": [ -7.3866812, 9.8152551 ] } },
{ "type": "Feature", "properties": { "element": "node", "id": "7669580430", "amenity": "hospital", "healthcare": "hospital", "name": "Centre de Santé Urbain de Kaniasso", "source": null, "operational_status": null, "operator": null, "addr:suburb": null, "contact:email": null, "contact:mobile": null, "contact:phone": null, "opening_hours": null, "operator:type": null, "project:geoloc_unicef": null, "project:geoloc_unicef:id": null, "source:date": null, "short_name": null, "addr:street": null, "name:en": null, "website": null, "healthcare:speciality": null, "fixme": null, "phone": null, "office": null, "addr:city": null, "addr:postcode": null, "name:fr": null, "email": null, "emergency": null, "alt_name": null, "fax": null, "fid": null, "project:opencities_abidjan": null, "addr:housenumber": null, "barrier": null, "building": null, "layer": null, "description": null, "start_date": null, "addr:country": null, "projet:ogpci": null, "health_facility:type": null, "wheelchair": null, "full_name": null, "health_facility:CI": null, "project:anr_cohesion_bouake": null, "wikidata": null, "wikipedia": null, "wikimedia_commons": null, "note": null, "source:imagery": null, "designation": null, "addr:housename": null, "addr:state": null, "internet_access": null, "is_in": null, "check_date": null, "elevator": null, "building:levels": null, "old_name": null, "official_name": null, "operator:wikidata": null, "operator:wikipedia": null, "projet:eboci": null, "contact:website": null, "name:ur": null, "nat_name": null, "type": null }, "geometry": { "type": "Point", "coordinates": [ -7.5117928, 9.8157817 ] } },
{ "type": "Feature", "properties": { "element": "node", "id": "7673088805", "amenity": "hospital", "healthcare": "hospital", "name": null, "source": null, "operational_status": null, "operator": null, "addr:suburb": null, "contact:email": null, "contact:mobile": null, "contact:phone": null, "opening_hours": null, "operator:type": null, "project:geoloc_unicef": null, "project:geoloc_unicef:id": null, "source:date": null, "short_name": null, "addr:street": null, "name:en": null, "website": null, "healthcare:speciality": null, "fixme": null, "phone": null, "office": null, "addr:city": null, "addr:postcode": null, "name:fr": null, "email": null, "emergency": null, "alt_name": null, "fax": null, "fid": null, "project:opencities_abidjan": null, "addr:housenumber": null, "barrier": null, "building": null, "layer": null, "description": null, "start_date": null, "addr:country": null, "projet:ogpci": null, "health_facility:type": null, "wheelchair": null, "full_name": null, "health_facility:CI": null, "project:anr_cohesion_bouake": null, "wikidata": null, "wikipedia": null, "wikimedia_commons": null, "note": null, "source:imagery": null, "designation": null, "addr:housename": null, "addr:state": null, "internet_access": null, "is_in": null, "check_date": null, "elevator": null, "building:levels": null, "old_name": null, "official_name": null, "operator:wikidata": null, "operator:wikipedia": null, "projet:eboci": null, "contact:website": null, "name:ur": null, "nat_name": null, "type": null }, "geometry": { "type": "Point", "coordinates": [ -6.4894327, 9.534971 ] } },
{ "type": "Feature", "properties": { "element": "node", "id": "7682343938", "amenity": "hospital", "healthcare": "hospital", "name": "Centre de Santé Rural", "source": null, "operational_status": null, "operator": null, "addr:suburb": null, "contact:email": null, "contact:mobile": null, "contact:phone": null, "opening_hours": null, "operator:type": null, "project:geoloc_unicef": null, "project:geoloc_unicef:id": null, "source:date": null, "short_name": null, "addr:street": null, "name:en": null, "website": null, "healthcare:speciality": null, "fixme": null, "phone": null, "office": null, "addr:city": null, "addr:postcode": null, "name:fr": null, "email": null, "emergency": null, "alt_name": null, "fax": null, "fid": null, "project:opencities_abidjan": null, "addr:housenumber": null, "barrier": null, "building": null, "layer": null, "description": null, "start_date": null, "addr:country": null, "projet:ogpci": null, "health_facility:type": null, "wheelchair": null, "full_name": null, "health_facility:CI": null, "project:anr_cohesion_bouake": null, "wikidata": null, "wikipedia": null, "wikimedia_commons": null, "note": null, "source:imagery": null, "designation": null, "addr:housename": null, "addr:state": null, "internet_access": null, "is_in": null, "check_date": null, "elevator": null, "building:levels": null, "old_name": null, "official_name": null, "operator:wikidata": null, "operator:wikipedia": null, "projet:eboci": null, "contact:website": null, "name:ur": null, "nat_name": null, "type": null }, "geometry": { "type": "Point", "coordinates": [ -5.4921434, 9.5481849 ] } },
{ "type": "Feature", "properties": { "element": "node", "id": "7682360450", "amenity": "hospital", "healthcare": "hospital", "name": null, "source": null, "operational_status": null, "operator": null, "addr:suburb": null, "contact:email": null, "contact:mobile": null, "contact:phone": null, "opening_hours": null, "operator:type": null, "project:geoloc_unicef": null, "project:geoloc_unicef:id": null, "source:date": null, "short_name": null, "addr:street": null, "name:en": null, "website": null, "healthcare:speciality": null, "fixme": null, "phone": null, "office": null, "addr:city": null, "addr:postcode": null, "name:fr": null, "email": null, "emergency": null, "alt_name": null, "fax": null, "fid": null, "project:opencities_abidjan": null, "addr:housenumber": null, "barrier": null, "building": null, "layer": null, "description": null, "start_date": null, "addr:country": null, "projet:ogpci": null, "health_facility:type": null, "wheelchair": null, "full_name": null, "health_facility:CI": null, "project:anr_cohesion_bouake": null, "wikidata": null, "wikipedia": null, "wikimedia_commons": null, "note": null, "source:imagery": null, "designation": null, "addr:housename": null, "addr:state": null, "internet_access": null, "is_in": null, "check_date": null, "elevator": null, "building:levels": null, "old_name": null, "official_name": null, "operator:wikidata": null, "operator:wikipedia": null, "projet:eboci": null, "contact:website": null, "name:ur": null, "nat_name": null, "type": null }, "geometry": { "type": "Point", "coordinates": [ -5.5249729, 9.5642252 ] } },
{ "type": "Feature", "properties": { "element": "node", "id": "7683142211", "amenity": "hospital", "healthcare": "hospital", "name": null, "source": null, "operational_status": null, "operator": null, "addr:suburb": null, "contact:email": null, "contact:mobile": null, "contact:phone": null, "opening_hours": null, "operator:type": null, "project:geoloc_unicef": null, "project:geoloc_unicef:id": null, "source:date": null, "short_name": null, "addr:street": null, "name:en": null, "website": null, "healthcare:speciality": null, "fixme": null, "phone": null, "office": null, "addr:city": null, "addr:postcode": null, "name:fr": null, "email": null, "emergency": null, "alt_name": null, "fax": null, "fid": null, "project:opencities_abidjan": null, "addr:housenumber": null, "barrier": null, "building": null, "layer": null, "description": null, "start_date": null, "addr:country": null, "projet:ogpci": null, "health_facility:type": null, "wheelchair": null, "full_name": null, "health_facility:CI": null, "project:anr_cohesion_bouake": null, "wikidata": null, "wikipedia": null, "wikimedia_commons": null, "note": null, "source:imagery": null, "designation": null, "addr:housename": null, "addr:state": null, "internet_access": null, "is_in": null, "check_date": null, "elevator": null, "building:levels": null, "old_name": null, "official_name": null, "operator:wikidata": null, "operator:wikipedia": null, "projet:eboci": null, "contact:website": null, "name:ur": null, "nat_name": null, "type": null }, "geometry": { "type": "Point", "coordinates": [ -5.2523304, 8.0639354 ] } },
{ "type": "Feature", "properties": { "element": "node", "id": "7688748858", "amenity": "hospital", "healthcare": "hospital", "name": "Hôpital de Gbon", "source": null, "operational_status": null, "operator": null, "addr:suburb": null, "contact:email": null, "contact:mobile": null, "contact:phone": null, "opening_hours": null, "operator:type": null, "project:geoloc_unicef": null, "project:geoloc_unicef:id": null, "source:date": null, "short_name": null, "addr:street": null, "name:en": null, "website": null, "healthcare:speciality": null, "fixme": null, "phone": null, "office": null, "addr:city": null, "addr:postcode": null, "name:fr": null, "email": null, "emergency": null, "alt_name": null, "fax": null, "fid": null, "project:opencities_abidjan": null, "addr:housenumber": null, "barrier": null, "building": null, "layer": null, "description": null, "start_date": null, "addr:country": null, "projet:ogpci": null, "health_facility:type": null, "wheelchair": null, "full_name": null, "health_facility:CI": null, "project:anr_cohesion_bouake": null, "wikidata": null, "wikipedia": null, "wikimedia_commons": null, "note": null, "source:imagery": null, "designation": null, "addr:housename": null, "addr:state": null, "internet_access": null, "is_in": null, "check_date": null, "elevator": null, "building:levels": null, "old_name": null, "official_name": null, "operator:wikidata": null, "operator:wikipedia": null, "projet:eboci": null, "contact:website": null, "name:ur": null, "nat_name": null, "type": null }, "geometry": { "type": "Point", "coordinates": [ -6.4504284, 9.8317669 ] } },
{ "type": "Feature", "properties": { "element": "node", "id": "7688748859", "amenity": "hospital", "healthcare": "hospital", "name": "Centre de Santé Yadibikro", "source": null, "operational_status": null, "operator": null, "addr:suburb": null, "contact:email": null, "contact:mobile": null, "contact:phone": null, "opening_hours": null, "operator:type": null, "project:geoloc_unicef": null, "project:geoloc_unicef:id": null, "source:date": null, "short_name": null, "addr:street": null, "name:en": null, "website": null, "healthcare:speciality": null, "fixme": null, "phone": null, "office": null, "addr:city": null, "addr:postcode": null, "name:fr": null, "email": null, "emergency": null, "alt_name": null, "fax": null, "fid": null, "project:opencities_abidjan": null, "addr:housenumber": null, "barrier": null, "building": null, "layer": null, "description": null, "start_date": null, "addr:country": null, "projet:ogpci": null, "health_facility:type": null, "wheelchair": null, "full_name": null, "health_facility:CI": null, "project:anr_cohesion_bouake": null, "wikidata": null, "wikipedia": null, "wikimedia_commons": null, "note": null, "source:imagery": null, "designation": null, "addr:housename": null, "addr:state": null, "internet_access": null, "is_in": null, "check_date": null, "elevator": null, "building:levels": null, "old_name": null, "official_name": null, "operator:wikidata": null, "operator:wikipedia": null, "projet:eboci": null, "contact:website": null, "name:ur": null, "nat_name": null, "type": null }, "geometry": { "type": "Point", "coordinates": [ -5.3487513, 7.1090173 ] } },
{ "type": "Feature", "properties": { "element": "node", "id": "7689124999", "amenity": "hospital", "healthcare": "hospital", "name": "Centre de Santé Urbain de Molonou", "source": null, "operational_status": null, "operator": null, "addr:suburb": null, "contact:email": null, "contact:mobile": null, "contact:phone": null, "opening_hours": null, "operator:type": null, "project:geoloc_unicef": null, "project:geoloc_unicef:id": null, "source:date": null, "short_name": null, "addr:street": null, "name:en": null, "website": null, "healthcare:speciality": null, "fixme": null, "phone": null, "office": null, "addr:city": null, "addr:postcode": null, "name:fr": null, "email": null, "emergency": null, "alt_name": null, "fax": null, "fid": null, "project:opencities_abidjan": null, "addr:housenumber": null, "barrier": null, "building": null, "layer": null, "description": null, "start_date": null, "addr:country": null, "projet:ogpci": null, "health_facility:type": null, "wheelchair": null, "full_name": null, "health_facility:CI": null, "project:anr_cohesion_bouake": null, "wikidata": null, "wikipedia": null, "wikimedia_commons": null, "note": null, "source:imagery": null, "designation": null, "addr:housename": null, "addr:state": null, "internet_access": null, "is_in": null, "check_date": null, "elevator": null, "building:levels": null, "old_name": null, "official_name": null, "operator:wikidata": null, "operator:wikipedia": null, "projet:eboci": null, "contact:website": null, "name:ur": null, "nat_name": null, "type": null }, "geometry": { "type": "Point", "coordinates": [ -5.3661549, 7.1578609 ] } },
{ "type": "Feature", "properties": { "element": "node", "id": "7705302585", "amenity": "hospital", "healthcare": "hospital", "name": "MÉDICO-SCOLAIRE", "source": null, "operational_status": null, "operator": null, "addr:suburb": null, "contact:email": null, "contact:mobile": null, "contact:phone": null, "opening_hours": "Mo-Su 08:00-19:00", "operator:type": null, "project:geoloc_unicef": null, "project:geoloc_unicef:id": null, "source:date": null, "short_name": null, "addr:street": "Rue de la mairie", "name:en": null, "website": null, "healthcare:speciality": null, "fixme": null, "phone": null, "office": null, "addr:city": null, "addr:postcode": null, "name:fr": null, "email": null, "emergency": null, "alt_name": null, "fax": null, "fid": null, "project:opencities_abidjan": null, "addr:housenumber": null, "barrier": null, "building": null, "layer": null, "description": null, "start_date": null, "addr:country": null, "projet:ogpci": null, "health_facility:type": null, "wheelchair": null, "full_name": null, "health_facility:CI": null, "project:anr_cohesion_bouake": null, "wikidata": null, "wikipedia": null, "wikimedia_commons": null, "note": null, "source:imagery": null, "designation": null, "addr:housename": null, "addr:state": null, "internet_access": null, "is_in": null, "check_date": null, "elevator": null, "building:levels": null, "old_name": null, "official_name": null, "operator:wikidata": null, "operator:wikipedia": null, "projet:eboci": null, "contact:website": null, "name:ur": null, "nat_name": null, "type": null }, "geometry": { "type": "Point", "coordinates": [ -8.1483119, 7.268793 ] } },
{ "type": "Feature", "properties": { "element": "node", "id": "7709996118", "amenity": "hospital", "healthcare": "hospital", "name": "Dispensaire Rural de Zangue", "source": null, "operational_status": null, "operator": null, "addr:suburb": null, "contact:email": null, "contact:mobile": null, "contact:phone": null, "opening_hours": null, "operator:type": null, "project:geoloc_unicef": null, "project:geoloc_unicef:id": null, "source:date": null, "short_name": null, "addr:street": null, "name:en": null, "website": null, "healthcare:speciality": null, "fixme": null, "phone": null, "office": null, "addr:city": null, "addr:postcode": null, "name:fr": null, "email": null, "emergency": null, "alt_name": null, "fax": null, "fid": null, "project:opencities_abidjan": null, "addr:housenumber": null, "barrier": null, "building": null, "layer": null, "description": null, "start_date": null, "addr:country": null, "projet:ogpci": null, "health_facility:type": null, "wheelchair": null, "full_name": null, "health_facility:CI": null, "project:anr_cohesion_bouake": null, "wikidata": null, "wikipedia": null, "wikimedia_commons": null, "note": null, "source:imagery": null, "designation": null, "addr:housename": null, "addr:state": null, "internet_access": null, "is_in": null, "check_date": null, "elevator": null, "building:levels": null, "old_name": null, "official_name": null, "operator:wikidata": null, "operator:wikipedia": null, "projet:eboci": null, "contact:website": null, "name:ur": null, "nat_name": null, "type": null }, "geometry": { "type": "Point", "coordinates": [ -5.3581155, 6.4302656 ] } },
{ "type": "Feature", "properties": { "element": "node", "id": "7716901653", "amenity": "hospital", "healthcare": "hospital", "name": "Centre de Santé Rural de Kayeta", "source": null, "operational_status": null, "operator": null, "addr:suburb": null, "contact:email": null, "contact:mobile": null, "contact:phone": null, "opening_hours": null, "operator:type": null, "project:geoloc_unicef": null, "project:geoloc_unicef:id": null, "source:date": null, "short_name": null, "addr:street": null, "name:en": null, "website": null, "healthcare:speciality": null, "fixme": null, "phone": null, "office": null, "addr:city": null, "addr:postcode": null, "name:fr": null, "email": null, "emergency": null, "alt_name": null, "fax": null, "fid": null, "project:opencities_abidjan": null, "addr:housenumber": null, "barrier": null, "building": null, "layer": null, "description": null, "start_date": null, "addr:country": null, "projet:ogpci": null, "health_facility:type": null, "wheelchair": null, "full_name": null, "health_facility:CI": null, "project:anr_cohesion_bouake": null, "wikidata": null, "wikipedia": null, "wikimedia_commons": null, "note": null, "source:imagery": null, "designation": null, "addr:housename": null, "addr:state": null, "internet_access": null, "is_in": null, "check_date": null, "elevator": null, "building:levels": null, "old_name": null, "official_name": null, "operator:wikidata": null, "operator:wikipedia": null, "projet:eboci": null, "contact:website": null, "name:ur": null, "nat_name": null, "type": null }, "geometry": { "type": "Point", "coordinates": [ -5.6557391, 6.6398966 ] } },
{ "type": "Feature", "properties": { "element": "node", "id": "7716903225", "amenity": "hospital", "healthcare": "hospital", "name": "Centre de Santé Urbain de Kononfla", "source": null, "operational_status": null, "operator": null, "addr:suburb": null, "contact:email": null, "contact:mobile": null, "contact:phone": null, "opening_hours": null, "operator:type": null, "project:geoloc_unicef": null, "project:geoloc_unicef:id": null, "source:date": null, "short_name": null, "addr:street": null, "name:en": null, "website": null, "healthcare:speciality": null, "fixme": null, "phone": null, "office": null, "addr:city": null, "addr:postcode": null, "name:fr": null, "email": null, "emergency": null, "alt_name": null, "fax": null, "fid": null, "project:opencities_abidjan": null, "addr:housenumber": null, "barrier": null, "building": null, "layer": null, "description": null, "start_date": null, "addr:country": null, "projet:ogpci": null, "health_facility:type": null, "wheelchair": null, "full_name": null, "health_facility:CI": null, "project:anr_cohesion_bouake": null, "wikidata": null, "wikipedia": null, "wikimedia_commons": null, "note": null, "source:imagery": null, "designation": null, "addr:housename": null, "addr:state": null, "internet_access": null, "is_in": null, "check_date": null, "elevator": null, "building:levels": null, "old_name": null, "official_name": null, "operator:wikidata": null, "operator:wikipedia": null, "projet:eboci": null, "contact:website": null, "name:ur": null, "nat_name": null, "type": null }, "geometry": { "type": "Point", "coordinates": [ -5.6095916, 6.6502078 ] } },
{ "type": "Feature", "properties": { "element": "node", "id": "7720448542", "amenity": "hospital", "healthcare": "hospital", "name": "Centre de Santé Urbain de Assié-Koumassi", "source": null, "operational_status": null, "operator": null, "addr:suburb": null, "contact:email": null, "contact:mobile": null, "contact:phone": null, "opening_hours": null, "operator:type": null, "project:geoloc_unicef": null, "project:geoloc_unicef:id": null, "source:date": null, "short_name": null, "addr:street": null, "name:en": null, "website": null, "healthcare:speciality": null, "fixme": null, "phone": null, "office": null, "addr:city": null, "addr:postcode": null, "name:fr": null, "email": null, "emergency": null, "alt_name": null, "fax": null, "fid": null, "project:opencities_abidjan": null, "addr:housenumber": null, "barrier": null, "building": null, "layer": null, "description": null, "start_date": null, "addr:country": null, "projet:ogpci": null, "health_facility:type": null, "wheelchair": null, "full_name": null, "health_facility:CI": null, "project:anr_cohesion_bouake": null, "wikidata": null, "wikipedia": null, "wikimedia_commons": null, "note": null, "source:imagery": null, "designation": null, "addr:housename": null, "addr:state": null, "internet_access": null, "is_in": null, "check_date": null, "elevator": null, "building:levels": null, "old_name": null, "official_name": null, "operator:wikidata": null, "operator:wikipedia": null, "projet:eboci": null, "contact:website": null, "name:ur": null, "nat_name": null, "type": null }, "geometry": { "type": "Point", "coordinates": [ -4.2922321, 6.7700097 ] } },
{ "type": "Feature", "properties": { "element": "node", "id": "7724786745", "amenity": "hospital", "healthcare": "hospital", "name": "Centre de Santé Rural Assoum I", "source": null, "operational_status": null, "operator": null, "addr:suburb": null, "contact:email": null, "contact:mobile": null, "contact:phone": null, "opening_hours": null, "operator:type": null, "project:geoloc_unicef": null, "project:geoloc_unicef:id": null, "source:date": null, "short_name": null, "addr:street": null, "name:en": null, "website": null, "healthcare:speciality": null, "fixme": null, "phone": null, "office": null, "addr:city": null, "addr:postcode": null, "name:fr": null, "email": null, "emergency": null, "alt_name": null, "fax": null, "fid": null, "project:opencities_abidjan": null, "addr:housenumber": null, "barrier": null, "building": null, "layer": null, "description": null, "start_date": null, "addr:country": null, "projet:ogpci": null, "health_facility:type": null, "wheelchair": null, "full_name": null, "health_facility:CI": null, "project:anr_cohesion_bouake": null, "wikidata": null, "wikipedia": null, "wikimedia_commons": null, "note": null, "source:imagery": null, "designation": null, "addr:housename": null, "addr:state": null, "internet_access": null, "is_in": null, "check_date": null, "elevator": null, "building:levels": null, "old_name": null, "official_name": null, "operator:wikidata": null, "operator:wikipedia": null, "projet:eboci": null, "contact:website": null, "name:ur": null, "nat_name": null, "type": null }, "geometry": { "type": "Point", "coordinates": [ -3.0639, 9.2304887 ] } },
{ "type": "Feature", "properties": { "element": "node", "id": "7731727469", "amenity": "hospital", "healthcare": "hospital", "name": "Hôpital Général d'Agnibilekro", "source": null, "operational_status": null, "operator": null, "addr:suburb": null, "contact:email": null, "contact:mobile": null, "contact:phone": null, "opening_hours": null, "operator:type": null, "project:geoloc_unicef": null, "project:geoloc_unicef:id": null, "source:date": null, "short_name": null, "addr:street": null, "name:en": null, "website": null, "healthcare:speciality": null, "fixme": null, "phone": null, "office": null, "addr:city": null, "addr:postcode": null, "name:fr": null, "email": null, "emergency": null, "alt_name": null, "fax": null, "fid": null, "project:opencities_abidjan": null, "addr:housenumber": null, "barrier": null, "building": null, "layer": null, "description": null, "start_date": null, "addr:country": null, "projet:ogpci": null, "health_facility:type": null, "wheelchair": null, "full_name": null, "health_facility:CI": null, "project:anr_cohesion_bouake": null, "wikidata": null, "wikipedia": null, "wikimedia_commons": null, "note": null, "source:imagery": null, "designation": null, "addr:housename": null, "addr:state": null, "internet_access": null, "is_in": null, "check_date": null, "elevator": null, "building:levels": null, "old_name": null, "official_name": null, "operator:wikidata": null, "operator:wikipedia": null, "projet:eboci": null, "contact:website": null, "name:ur": null, "nat_name": null, "type": null }, "geometry": { "type": "Point", "coordinates": [ -3.199305, 7.1274396 ] } },
{ "type": "Feature", "properties": { "element": "node", "id": "7741436327", "amenity": "hospital", "healthcare": "hospital", "name": "Centre de Santé Urbain d'Amelekia", "source": null, "operational_status": null, "operator": null, "addr:suburb": null, "contact:email": null, "contact:mobile": null, "contact:phone": null, "opening_hours": null, "operator:type": null, "project:geoloc_unicef": null, "project:geoloc_unicef:id": null, "source:date": null, "short_name": null, "addr:street": null, "name:en": null, "website": null, "healthcare:speciality": null, "fixme": null, "phone": null, "office": null, "addr:city": null, "addr:postcode": null, "name:fr": null, "email": null, "emergency": null, "alt_name": null, "fax": null, "fid": null, "project:opencities_abidjan": null, "addr:housenumber": null, "barrier": null, "building": null, "layer": null, "description": null, "start_date": null, "addr:country": null, "projet:ogpci": null, "health_facility:type": null, "wheelchair": null, "full_name": null, "health_facility:CI": null, "project:anr_cohesion_bouake": null, "wikidata": null, "wikipedia": null, "wikimedia_commons": null, "note": null, "source:imagery": null, "designation": null, "addr:housename": null, "addr:state": null, "internet_access": null, "is_in": null, "check_date": null, "elevator": null, "building:levels": null, "old_name": null, "official_name": null, "operator:wikidata": null, "operator:wikipedia": null, "projet:eboci": null, "contact:website": null, "name:ur": null, "nat_name": null, "type": null }, "geometry": { "type": "Point", "coordinates": [ -3.5696308, 6.8251613 ] } },
{ "type": "Feature", "properties": { "element": "node", "id": "7741543244", "amenity": "hospital", "healthcare": "hospital", "name": "Centre de Santé Rural Boukro", "source": null, "operational_status": null, "operator": null, "addr:suburb": null, "contact:email": null, "contact:mobile": null, "contact:phone": null, "opening_hours": null, "operator:type": null, "project:geoloc_unicef": null, "project:geoloc_unicef:id": null, "source:date": null, "short_name": null, "addr:street": null, "name:en": null, "website": null, "healthcare:speciality": null, "fixme": null, "phone": null, "office": null, "addr:city": null, "addr:postcode": null, "name:fr": null, "email": null, "emergency": null, "alt_name": null, "fax": null, "fid": null, "project:opencities_abidjan": null, "addr:housenumber": null, "barrier": null, "building": null, "layer": null, "description": null, "start_date": null, "addr:country": null, "projet:ogpci": null, "health_facility:type": null, "wheelchair": null, "full_name": null, "health_facility:CI": null, "project:anr_cohesion_bouake": null, "wikidata": null, "wikipedia": null, "wikimedia_commons": null, "note": null, "source:imagery": null, "designation": null, "addr:housename": null, "addr:state": null, "internet_access": null, "is_in": null, "check_date": null, "elevator": null, "building:levels": null, "old_name": null, "official_name": null, "operator:wikidata": null, "operator:wikipedia": null, "projet:eboci": null, "contact:website": null, "name:ur": null, "nat_name": null, "type": null }, "geometry": { "type": "Point", "coordinates": [ -3.2161721, 7.6663171 ] } },
{ "type": "Feature", "properties": { "element": "node", "id": "7741551049", "amenity": "hospital", "healthcare": "hospital", "name": "Centre de Santé de Diemba", "source": null, "operational_status": null, "operator": null, "addr:suburb": null, "contact:email": null, "contact:mobile": null, "contact:phone": null, "opening_hours": null, "operator:type": null, "project:geoloc_unicef": null, "project:geoloc_unicef:id": null, "source:date": null, "short_name": null, "addr:street": null, "name:en": null, "website": null, "healthcare:speciality": null, "fixme": null, "phone": null, "office": null, "addr:city": null, "addr:postcode": null, "name:fr": null, "email": null, "emergency": null, "alt_name": null, "fax": null, "fid": null, "project:opencities_abidjan": null, "addr:housenumber": null, "barrier": null, "building": null, "layer": null, "description": null, "start_date": null, "addr:country": null, "projet:ogpci": null, "health_facility:type": null, "wheelchair": null, "full_name": null, "health_facility:CI": null, "project:anr_cohesion_bouake": null, "wikidata": null, "wikipedia": null, "wikimedia_commons": null, "note": null, "source:imagery": null, "designation": null, "addr:housename": null, "addr:state": null, "internet_access": null, "is_in": null, "check_date": null, "elevator": null, "building:levels": null, "old_name": null, "official_name": null, "operator:wikidata": null, "operator:wikipedia": null, "projet:eboci": null, "contact:website": null, "name:ur": null, "nat_name": null, "type": null }, "geometry": { "type": "Point", "coordinates": [ -3.1053911, 7.2008129 ] } },
{ "type": "Feature", "properties": { "element": "node", "id": "7747603027", "amenity": "hospital", "healthcare": "hospital", "name": "Hôpital général de Doropo", "source": null, "operational_status": null, "operator": null, "addr:suburb": null, "contact:email": null, "contact:mobile": null, "contact:phone": null, "opening_hours": null, "operator:type": null, "project:geoloc_unicef": null, "project:geoloc_unicef:id": null, "source:date": null, "short_name": null, "addr:street": null, "name:en": null, "website": null, "healthcare:speciality": null, "fixme": null, "phone": null, "office": null, "addr:city": null, "addr:postcode": null, "name:fr": null, "email": null, "emergency": null, "alt_name": null, "fax": null, "fid": null, "project:opencities_abidjan": null, "addr:housenumber": null, "barrier": null, "building": null, "layer": null, "description": null, "start_date": null, "addr:country": null, "projet:ogpci": null, "health_facility:type": null, "wheelchair": null, "full_name": null, "health_facility:CI": null, "project:anr_cohesion_bouake": null, "wikidata": null, "wikipedia": null, "wikimedia_commons": null, "note": null, "source:imagery": null, "designation": null, "addr:housename": null, "addr:state": null, "internet_access": null, "is_in": null, "check_date": null, "elevator": null, "building:levels": null, "old_name": null, "official_name": null, "operator:wikidata": null, "operator:wikipedia": null, "projet:eboci": null, "contact:website": null, "name:ur": null, "nat_name": null, "type": null }, "geometry": { "type": "Point", "coordinates": [ -3.3373953, 9.8092513 ] } },
{ "type": "Feature", "properties": { "element": "node", "id": "7747607203", "amenity": "hospital", "healthcare": "hospital", "name": "Centre de Santé Urbain de Lolobo", "source": null, "operational_status": null, "operator": null, "addr:suburb": null, "contact:email": null, "contact:mobile": null, "contact:phone": null, "opening_hours": null, "operator:type": null, "project:geoloc_unicef": null, "project:geoloc_unicef:id": null, "source:date": null, "short_name": null, "addr:street": null, "name:en": null, "website": null, "healthcare:speciality": null, "fixme": null, "phone": null, "office": null, "addr:city": null, "addr:postcode": null, "name:fr": null, "email": null, "emergency": null, "alt_name": null, "fax": null, "fid": null, "project:opencities_abidjan": null, "addr:housenumber": null, "barrier": null, "building": null, "layer": null, "description": null, "start_date": null, "addr:country": null, "projet:ogpci": null, "health_facility:type": null, "wheelchair": null, "full_name": null, "health_facility:CI": null, "project:anr_cohesion_bouake": null, "wikidata": null, "wikipedia": null, "wikimedia_commons": null, "note": null, "source:imagery": null, "designation": null, "addr:housename": null, "addr:state": null, "internet_access": null, "is_in": null, "check_date": null, "elevator": null, "building:levels": null, "old_name": null, "official_name": null, "operator:wikidata": null, "operator:wikipedia": null, "projet:eboci": null, "contact:website": null, "name:ur": null, "nat_name": null, "type": null }, "geometry": { "type": "Point", "coordinates": [ -5.2674315, 6.9542883 ] } },
{ "type": "Feature", "properties": { "element": "node", "id": "7747615885", "amenity": "hospital", "healthcare": "hospital", "name": "Ong Eveil", "source": null, "operational_status": null, "operator": null, "addr:suburb": null, "contact:email": null, "contact:mobile": null, "contact:phone": null, "opening_hours": null, "operator:type": null, "project:geoloc_unicef": null, "project:geoloc_unicef:id": null, "source:date": null, "short_name": null, "addr:street": null, "name:en": null, "website": null, "healthcare:speciality": null, "fixme": null, "phone": null, "office": "ngo", "addr:city": null, "addr:postcode": null, "name:fr": null, "email": null, "emergency": null, "alt_name": null, "fax": null, "fid": null, "project:opencities_abidjan": null, "addr:housenumber": null, "barrier": null, "building": null, "layer": null, "description": null, "start_date": null, "addr:country": null, "projet:ogpci": null, "health_facility:type": null, "wheelchair": null, "full_name": null, "health_facility:CI": null, "project:anr_cohesion_bouake": null, "wikidata": null, "wikipedia": null, "wikimedia_commons": null, "note": null, "source:imagery": null, "designation": null, "addr:housename": null, "addr:state": null, "internet_access": null, "is_in": null, "check_date": null, "elevator": null, "building:levels": null, "old_name": null, "official_name": null, "operator:wikidata": null, "operator:wikipedia": null, "projet:eboci": null, "contact:website": null, "name:ur": null, "nat_name": null, "type": null }, "geometry": { "type": "Point", "coordinates": [ -2.8000498, 8.0439455 ] } },
{ "type": "Feature", "properties": { "element": "node", "id": "7758964761", "amenity": "hospital", "healthcare": "hospital", "name": "Centre de santé rural de Kouta", "source": null, "operational_status": null, "operator": null, "addr:suburb": null, "contact:email": null, "contact:mobile": null, "contact:phone": null, "opening_hours": null, "operator:type": null, "project:geoloc_unicef": null, "project:geoloc_unicef:id": null, "source:date": null, "short_name": null, "addr:street": null, "name:en": null, "website": null, "healthcare:speciality": null, "fixme": null, "phone": null, "office": null, "addr:city": null, "addr:postcode": null, "name:fr": null, "email": null, "emergency": null, "alt_name": null, "fax": null, "fid": null, "project:opencities_abidjan": null, "addr:housenumber": null, "barrier": null, "building": null, "layer": null, "description": null, "start_date": null, "addr:country": null, "projet:ogpci": null, "health_facility:type": null, "wheelchair": null, "full_name": null, "health_facility:CI": null, "project:anr_cohesion_bouake": null, "wikidata": null, "wikipedia": null, "wikimedia_commons": null, "note": null, "source:imagery": null, "designation": null, "addr:housename": null, "addr:state": null, "internet_access": null, "is_in": null, "check_date": null, "elevator": null, "building:levels": null, "old_name": null, "official_name": null, "operator:wikidata": null, "operator:wikipedia": null, "projet:eboci": null, "contact:website": null, "name:ur": null, "nat_name": null, "type": null }, "geometry": { "type": "Point", "coordinates": [ -5.2305892, 5.4862944 ] } },
{ "type": "Feature", "properties": { "element": "node", "id": "7761717785", "amenity": "hospital", "healthcare": "hospital", "name": "INHP TREICHVILLE", "source": null, "operational_status": null, "operator": null, "addr:suburb": null, "contact:email": null, "contact:mobile": null, "contact:phone": null, "opening_hours": null, "operator:type": null, "project:geoloc_unicef": null, "project:geoloc_unicef:id": null, "source:date": null, "short_name": null, "addr:street": "Avenue de la Reine Pokou", "name:en": "International travel hospital", "website": null, "healthcare:speciality": null, "fixme": null, "phone": "+225 21 25 92 54", "office": null, "addr:city": null, "addr:postcode": null, "name:fr": null, "email": null, "emergency": null, "alt_name": null, "fax": null, "fid": null, "project:opencities_abidjan": null, "addr:housenumber": null, "barrier": null, "building": null, "layer": null, "description": null, "start_date": null, "addr:country": null, "projet:ogpci": null, "health_facility:type": null, "wheelchair": null, "full_name": null, "health_facility:CI": null, "project:anr_cohesion_bouake": null, "wikidata": null, "wikipedia": null, "wikimedia_commons": null, "note": null, "source:imagery": null, "designation": null, "addr:housename": null, "addr:state": null, "internet_access": null, "is_in": null, "check_date": null, "elevator": null, "building:levels": null, "old_name": null, "official_name": null, "operator:wikidata": null, "operator:wikipedia": null, "projet:eboci": null, "contact:website": null, "name:ur": null, "nat_name": null, "type": null }, "geometry": { "type": "Point", "coordinates": [ -4.0025948, 5.3064062 ] } },
{ "type": "Feature", "properties": { "element": "node", "id": "7775296053", "amenity": "hospital", "healthcare": "hospital", "name": null, "source": null, "operational_status": null, "operator": null, "addr:suburb": null, "contact:email": null, "contact:mobile": null, "contact:phone": null, "opening_hours": null, "operator:type": null, "project:geoloc_unicef": null, "project:geoloc_unicef:id": null, "source:date": null, "short_name": null, "addr:street": null, "name:en": null, "website": null, "healthcare:speciality": null, "fixme": null, "phone": null, "office": null, "addr:city": null, "addr:postcode": null, "name:fr": null, "email": null, "emergency": null, "alt_name": null, "fax": null, "fid": null, "project:opencities_abidjan": null, "addr:housenumber": null, "barrier": null, "building": null, "layer": null, "description": null, "start_date": null, "addr:country": null, "projet:ogpci": null, "health_facility:type": null, "wheelchair": null, "full_name": null, "health_facility:CI": null, "project:anr_cohesion_bouake": null, "wikidata": null, "wikipedia": null, "wikimedia_commons": null, "note": null, "source:imagery": null, "designation": null, "addr:housename": null, "addr:state": null, "internet_access": null, "is_in": null, "check_date": null, "elevator": null, "building:levels": null, "old_name": null, "official_name": null, "operator:wikidata": null, "operator:wikipedia": null, "projet:eboci": null, "contact:website": null, "name:ur": null, "nat_name": null, "type": null }, "geometry": { "type": "Point", "coordinates": [ -5.2865498, 7.1865787 ] } },
{ "type": "Feature", "properties": { "element": "node", "id": "7775297702", "amenity": "hospital", "healthcare": "hospital", "name": null, "source": null, "operational_status": null, "operator": null, "addr:suburb": null, "contact:email": null, "contact:mobile": null, "contact:phone": null, "opening_hours": null, "operator:type": null, "project:geoloc_unicef": null, "project:geoloc_unicef:id": null, "source:date": null, "short_name": null, "addr:street": null, "name:en": null, "website": null, "healthcare:speciality": null, "fixme": null, "phone": null, "office": null, "addr:city": null, "addr:postcode": null, "name:fr": null, "email": null, "emergency": null, "alt_name": null, "fax": null, "fid": null, "project:opencities_abidjan": null, "addr:housenumber": null, "barrier": null, "building": null, "layer": null, "description": null, "start_date": null, "addr:country": null, "projet:ogpci": null, "health_facility:type": null, "wheelchair": null, "full_name": null, "health_facility:CI": null, "project:anr_cohesion_bouake": null, "wikidata": null, "wikipedia": null, "wikimedia_commons": null, "note": null, "source:imagery": null, "designation": null, "addr:housename": null, "addr:state": null, "internet_access": null, "is_in": null, "check_date": null, "elevator": null, "building:levels": null, "old_name": null, "official_name": null, "operator:wikidata": null, "operator:wikipedia": null, "projet:eboci": null, "contact:website": null, "name:ur": null, "nat_name": null, "type": null }, "geometry": { "type": "Point", "coordinates": [ -6.5016827, 9.8972449 ] } },
{ "type": "Feature", "properties": { "element": "node", "id": "7790543554", "amenity": "hospital", "healthcare": "hospital", "name": "Centre de Santé Rural", "source": null, "operational_status": null, "operator": null, "addr:suburb": null, "contact:email": null, "contact:mobile": null, "contact:phone": null, "opening_hours": null, "operator:type": null, "project:geoloc_unicef": null, "project:geoloc_unicef:id": null, "source:date": null, "short_name": null, "addr:street": null, "name:en": null, "website": null, "healthcare:speciality": null, "fixme": null, "phone": null, "office": null, "addr:city": null, "addr:postcode": null, "name:fr": null, "email": null, "emergency": null, "alt_name": null, "fax": null, "fid": null, "project:opencities_abidjan": null, "addr:housenumber": null, "barrier": null, "building": null, "layer": null, "description": null, "start_date": null, "addr:country": null, "projet:ogpci": null, "health_facility:type": null, "wheelchair": null, "full_name": null, "health_facility:CI": null, "project:anr_cohesion_bouake": null, "wikidata": null, "wikipedia": null, "wikimedia_commons": null, "note": null, "source:imagery": null, "designation": null, "addr:housename": null, "addr:state": null, "internet_access": null, "is_in": null, "check_date": null, "elevator": null, "building:levels": null, "old_name": null, "official_name": null, "operator:wikidata": null, "operator:wikipedia": null, "projet:eboci": null, "contact:website": null, "name:ur": null, "nat_name": null, "type": null }, "geometry": { "type": "Point", "coordinates": [ -3.066766, 8.331472 ] } },
{ "type": "Feature", "properties": { "element": "node", "id": "7869376758", "amenity": "hospital", "healthcare": "hospital", "name": "Centre de Santé de Guepahouo", "source": null, "operational_status": null, "operator": null, "addr:suburb": null, "contact:email": null, "contact:mobile": null, "contact:phone": null, "opening_hours": null, "operator:type": null, "project:geoloc_unicef": null, "project:geoloc_unicef:id": null, "source:date": null, "short_name": null, "addr:street": null, "name:en": null, "website": null, "healthcare:speciality": null, "fixme": null, "phone": null, "office": null, "addr:city": null, "addr:postcode": null, "name:fr": null, "email": null, "emergency": null, "alt_name": null, "fax": null, "fid": null, "project:opencities_abidjan": null, "addr:housenumber": null, "barrier": null, "building": null, "layer": null, "description": null, "start_date": null, "addr:country": null, "projet:ogpci": null, "health_facility:type": null, "wheelchair": null, "full_name": null, "health_facility:CI": null, "project:anr_cohesion_bouake": null, "wikidata": null, "wikipedia": null, "wikimedia_commons": null, "note": null, "source:imagery": null, "designation": null, "addr:housename": null, "addr:state": null, "internet_access": null, "is_in": null, "check_date": null, "elevator": null, "building:levels": null, "old_name": null, "official_name": null, "operator:wikidata": null, "operator:wikipedia": null, "projet:eboci": null, "contact:website": null, "name:ur": null, "nat_name": null, "type": null }, "geometry": { "type": "Point", "coordinates": [ -5.7062843, 6.4787581 ] } },
{ "type": "Feature", "properties": { "element": "node", "id": "7986953886", "amenity": "hospital", "healthcare": "hospital", "name": "Dispensaire", "source": null, "operational_status": null, "operator": null, "addr:suburb": null, "contact:email": null, "contact:mobile": null, "contact:phone": null, "opening_hours": null, "operator:type": null, "project:geoloc_unicef": null, "project:geoloc_unicef:id": null, "source:date": null, "short_name": null, "addr:street": null, "name:en": null, "website": null, "healthcare:speciality": null, "fixme": null, "phone": null, "office": null, "addr:city": null, "addr:postcode": null, "name:fr": null, "email": null, "emergency": null, "alt_name": null, "fax": null, "fid": null, "project:opencities_abidjan": null, "addr:housenumber": null, "barrier": null, "building": null, "layer": null, "description": null, "start_date": null, "addr:country": null, "projet:ogpci": null, "health_facility:type": null, "wheelchair": null, "full_name": null, "health_facility:CI": null, "project:anr_cohesion_bouake": null, "wikidata": null, "wikipedia": null, "wikimedia_commons": null, "note": null, "source:imagery": null, "designation": null, "addr:housename": null, "addr:state": null, "internet_access": null, "is_in": null, "check_date": null, "elevator": null, "building:levels": null, "old_name": null, "official_name": null, "operator:wikidata": null, "operator:wikipedia": null, "projet:eboci": null, "contact:website": null, "name:ur": null, "nat_name": null, "type": null }, "geometry": { "type": "Point", "coordinates": [ -3.3820968, 5.2953928 ] } },
{ "type": "Feature", "properties": { "element": "node", "id": "8103782620", "amenity": "hospital", "healthcare": "hospital", "name": "PMI MAN", "source": null, "operational_status": null, "operator": null, "addr:suburb": null, "contact:email": null, "contact:mobile": null, "contact:phone": null, "opening_hours": null, "operator:type": null, "project:geoloc_unicef": null, "project:geoloc_unicef:id": null, "source:date": null, "short_name": null, "addr:street": null, "name:en": null, "website": null, "healthcare:speciality": null, "fixme": null, "phone": null, "office": null, "addr:city": null, "addr:postcode": null, "name:fr": null, "email": null, "emergency": null, "alt_name": null, "fax": null, "fid": null, "project:opencities_abidjan": null, "addr:housenumber": null, "barrier": null, "building": null, "layer": null, "description": null, "start_date": null, "addr:country": null, "projet:ogpci": null, "health_facility:type": null, "wheelchair": null, "full_name": null, "health_facility:CI": null, "project:anr_cohesion_bouake": null, "wikidata": null, "wikipedia": null, "wikimedia_commons": null, "note": null, "source:imagery": null, "designation": null, "addr:housename": null, "addr:state": null, "internet_access": null, "is_in": null, "check_date": null, "elevator": null, "building:levels": null, "old_name": null, "official_name": null, "operator:wikidata": null, "operator:wikipedia": null, "projet:eboci": null, "contact:website": null, "name:ur": null, "nat_name": null, "type": null }, "geometry": { "type": "Point", "coordinates": [ -7.5524891, 7.4105868 ] } },
{ "type": "Feature", "properties": { "element": "node", "id": "8165631145", "amenity": "hospital", "healthcare": "hospital", "name": "Clinique Sainte Justine", "source": null, "operational_status": null, "operator": null, "addr:suburb": null, "contact:email": null, "contact:mobile": null, "contact:phone": null, "opening_hours": null, "operator:type": null, "project:geoloc_unicef": null, "project:geoloc_unicef:id": null, "source:date": null, "short_name": null, "addr:street": null, "name:en": null, "website": null, "healthcare:speciality": "general;gynaecology;paediatrics", "fixme": null, "phone": null, "office": null, "addr:city": null, "addr:postcode": null, "name:fr": null, "email": null, "emergency": "yes", "alt_name": null, "fax": null, "fid": null, "project:opencities_abidjan": null, "addr:housenumber": null, "barrier": null, "building": null, "layer": null, "description": null, "start_date": null, "addr:country": null, "projet:ogpci": null, "health_facility:type": null, "wheelchair": null, "full_name": null, "health_facility:CI": null, "project:anr_cohesion_bouake": null, "wikidata": null, "wikipedia": null, "wikimedia_commons": null, "note": null, "source:imagery": null, "designation": null, "addr:housename": null, "addr:state": null, "internet_access": null, "is_in": null, "check_date": null, "elevator": null, "building:levels": null, "old_name": null, "official_name": null, "operator:wikidata": null, "operator:wikipedia": null, "projet:eboci": null, "contact:website": null, "name:ur": null, "nat_name": null, "type": null }, "geometry": { "type": "Point", "coordinates": [ -3.9690667, 5.3977765 ] } },
{ "type": "Feature", "properties": { "element": "node", "id": "8186941407", "amenity": "hospital", "healthcare": "hospital", "name": "Centre de Santé Palazzolo", "source": null, "operational_status": null, "operator": null, "addr:suburb": null, "contact:email": null, "contact:mobile": null, "contact:phone": null, "opening_hours": null, "operator:type": null, "project:geoloc_unicef": null, "project:geoloc_unicef:id": null, "source:date": null, "short_name": null, "addr:street": null, "name:en": null, "website": null, "healthcare:speciality": null, "fixme": null, "phone": null, "office": null, "addr:city": null, "addr:postcode": null, "name:fr": null, "email": null, "emergency": null, "alt_name": null, "fax": null, "fid": null, "project:opencities_abidjan": null, "addr:housenumber": null, "barrier": null, "building": null, "layer": null, "description": null, "start_date": null, "addr:country": null, "projet:ogpci": null, "health_facility:type": null, "wheelchair": null, "full_name": null, "health_facility:CI": null, "project:anr_cohesion_bouake": null, "wikidata": null, "wikipedia": null, "wikimedia_commons": null, "note": null, "source:imagery": null, "designation": null, "addr:housename": null, "addr:state": null, "internet_access": null, "is_in": null, "check_date": null, "elevator": null, "building:levels": null, "old_name": null, "official_name": null, "operator:wikidata": null, "operator:wikipedia": null, "projet:eboci": null, "contact:website": null, "name:ur": null, "nat_name": null, "type": null }, "geometry": { "type": "Point", "coordinates": [ -3.1981587, 7.1379412 ] } },
{ "type": "Feature", "properties": { "element": "node", "id": "8234555076", "amenity": "hospital", "healthcare": "hospital", "name": "Centre Médical Riviera AmbassadeCMRA", "source": null, "operational_status": null, "operator": null, "addr:suburb": null, "contact:email": null, "contact:mobile": null, "contact:phone": null, "opening_hours": null, "operator:type": null, "project:geoloc_unicef": null, "project:geoloc_unicef:id": null, "source:date": null, "short_name": null, "addr:street": null, "name:en": null, "website": null, "healthcare:speciality": null, "fixme": null, "phone": "+22522435454", "office": null, "addr:city": null, "addr:postcode": null, "name:fr": null, "email": null, "emergency": null, "alt_name": null, "fax": null, "fid": null, "project:opencities_abidjan": null, "addr:housenumber": null, "barrier": null, "building": null, "layer": null, "description": null, "start_date": null, "addr:country": null, "projet:ogpci": null, "health_facility:type": null, "wheelchair": null, "full_name": null, "health_facility:CI": null, "project:anr_cohesion_bouake": null, "wikidata": null, "wikipedia": null, "wikimedia_commons": null, "note": null, "source:imagery": null, "designation": null, "addr:housename": null, "addr:state": null, "internet_access": null, "is_in": null, "check_date": null, "elevator": null, "building:levels": null, "old_name": null, "official_name": null, "operator:wikidata": null, "operator:wikipedia": null, "projet:eboci": null, "contact:website": null, "name:ur": null, "nat_name": null, "type": null }, "geometry": { "type": "Point", "coordinates": [ -3.9814267, 5.3379462 ] } },
{ "type": "Feature", "properties": { "element": "node", "id": "8301965820", "amenity": "hospital", "healthcare": "hospital", "name": "Centre de Santé Rural de Moutcho", "source": null, "operational_status": null, "operator": null, "addr:suburb": null, "contact:email": null, "contact:mobile": null, "contact:phone": null, "opening_hours": null, "operator:type": null, "project:geoloc_unicef": null, "project:geoloc_unicef:id": null, "source:date": null, "short_name": null, "addr:street": null, "name:en": null, "website": null, "healthcare:speciality": null, "fixme": null, "phone": null, "office": null, "addr:city": null, "addr:postcode": null, "name:fr": null, "email": null, "emergency": null, "alt_name": null, "fax": null, "fid": null, "project:opencities_abidjan": null, "addr:housenumber": null, "barrier": null, "building": null, "layer": null, "description": null, "start_date": null, "addr:country": null, "projet:ogpci": null, "health_facility:type": null, "wheelchair": null, "full_name": null, "health_facility:CI": null, "project:anr_cohesion_bouake": null, "wikidata": null, "wikipedia": null, "wikimedia_commons": null, "note": null, "source:imagery": null, "designation": null, "addr:housename": null, "addr:state": null, "internet_access": null, "is_in": null, "check_date": null, "elevator": null, "building:levels": null, "old_name": null, "official_name": null, "operator:wikidata": null, "operator:wikipedia": null, "projet:eboci": null, "contact:website": null, "name:ur": null, "nat_name": null, "type": null }, "geometry": { "type": "Point", "coordinates": [ -4.1880192, 5.9545229 ] } },
{ "type": "Feature", "properties": { "element": "node", "id": "8554764935", "amenity": "hospital", "healthcare": "hospital", "name": "EMY polyclinique", "source": null, "operational_status": null, "operator": null, "addr:suburb": null, "contact:email": null, "contact:mobile": null, "contact:phone": null, "opening_hours": null, "operator:type": null, "project:geoloc_unicef": null, "project:geoloc_unicef:id": null, "source:date": null, "short_name": null, "addr:street": null, "name:en": null, "website": null, "healthcare:speciality": null, "fixme": null, "phone": "+225 27 23 4 08140;+225 07 49 99 4999", "office": null, "addr:city": null, "addr:postcode": null, "name:fr": null, "email": null, "emergency": null, "alt_name": "Emy espace médical Yopougon", "fax": "+225 27 23 4 08144", "fid": null, "project:opencities_abidjan": null, "addr:housenumber": null, "barrier": null, "building": null, "layer": null, "description": null, "start_date": null, "addr:country": null, "projet:ogpci": null, "health_facility:type": null, "wheelchair": null, "full_name": null, "health_facility:CI": null, "project:anr_cohesion_bouake": null, "wikidata": null, "wikipedia": null, "wikimedia_commons": null, "note": null, "source:imagery": null, "designation": null, "addr:housename": null, "addr:state": null, "internet_access": null, "is_in": null, "check_date": null, "elevator": null, "building:levels": null, "old_name": null, "official_name": null, "operator:wikidata": null, "operator:wikipedia": null, "projet:eboci": null, "contact:website": null, "name:ur": null, "nat_name": null, "type": null }, "geometry": { "type": "Point", "coordinates": [ -4.0783305, 5.3722306 ] } },
{ "type": "Feature", "properties": { "element": "node", "id": "8584560434", "amenity": "hospital", "healthcare": "hospital", "name": "Petit Hôpital", "source": "survey", "operational_status": null, "operator": null, "addr:suburb": null, "contact:email": null, "contact:mobile": null, "contact:phone": null, "opening_hours": null, "operator:type": null, "project:geoloc_unicef": null, "project:geoloc_unicef:id": null, "source:date": "07/03/2021", "short_name": null, "addr:street": null, "name:en": null, "website": null, "healthcare:speciality": null, "fixme": null, "phone": null, "office": null, "addr:city": null, "addr:postcode": null, "name:fr": null, "email": null, "emergency": null, "alt_name": null, "fax": null, "fid": "560", "project:opencities_abidjan": "yes", "addr:housenumber": null, "barrier": null, "building": null, "layer": null, "description": null, "start_date": null, "addr:country": null, "projet:ogpci": null, "health_facility:type": null, "wheelchair": null, "full_name": null, "health_facility:CI": null, "project:anr_cohesion_bouake": null, "wikidata": null, "wikipedia": null, "wikimedia_commons": null, "note": null, "source:imagery": null, "designation": null, "addr:housename": null, "addr:state": null, "internet_access": null, "is_in": null, "check_date": null, "elevator": null, "building:levels": null, "old_name": null, "official_name": null, "operator:wikidata": null, "operator:wikipedia": null, "projet:eboci": null, "contact:website": null, "name:ur": null, "nat_name": null, "type": null }, "geometry": { "type": "Point", "coordinates": [ -4.0252962, 5.4322945 ] } },
{ "type": "Feature", "properties": { "element": "node", "id": "8586466381", "amenity": "hospital", "healthcare": "hospital", "name": "Centre Communautaire De Kennedy-Clouetcha", "source": "survey", "operational_status": null, "operator": null, "addr:suburb": null, "contact:email": null, "contact:mobile": null, "contact:phone": null, "opening_hours": null, "operator:type": null, "project:geoloc_unicef": null, "project:geoloc_unicef:id": null, "source:date": "03/03/2021", "short_name": null, "addr:street": null, "name:en": null, "website": null, "healthcare:speciality": null, "fixme": null, "phone": null, "office": null, "addr:city": null, "addr:postcode": null, "name:fr": null, "email": null, "emergency": null, "alt_name": null, "fax": null, "fid": "939", "project:opencities_abidjan": "yes", "addr:housenumber": null, "barrier": null, "building": null, "layer": null, "description": null, "start_date": null, "addr:country": null, "projet:ogpci": null, "health_facility:type": null, "wheelchair": null, "full_name": null, "health_facility:CI": null, "project:anr_cohesion_bouake": null, "wikidata": null, "wikipedia": null, "wikimedia_commons": null, "note": null, "source:imagery": null, "designation": null, "addr:housename": null, "addr:state": null, "internet_access": null, "is_in": null, "check_date": null, "elevator": null, "building:levels": null, "old_name": null, "official_name": null, "operator:wikidata": null, "operator:wikipedia": null, "projet:eboci": null, "contact:website": null, "name:ur": null, "nat_name": null, "type": null }, "geometry": { "type": "Point", "coordinates": [ -4.0004676, 5.4235268 ] } },
{ "type": "Feature", "properties": { "element": "node", "id": "8592127780", "amenity": "hospital", "healthcare": "hospital", "name": "Antenne d'Hygiène Publique d'Abobo", "source": "survey", "operational_status": null, "operator": null, "addr:suburb": null, "contact:email": null, "contact:mobile": null, "contact:phone": null, "opening_hours": null, "operator:type": null, "project:geoloc_unicef": null, "project:geoloc_unicef:id": null, "source:date": "06/03/2021", "short_name": null, "addr:street": null, "name:en": null, "website": null, "healthcare:speciality": null, "fixme": null, "phone": null, "office": null, "addr:city": null, "addr:postcode": null, "name:fr": null, "email": null, "emergency": null, "alt_name": null, "fax": null, "fid": "633", "project:opencities_abidjan": "yes", "addr:housenumber": null, "barrier": null, "building": null, "layer": null, "description": null, "start_date": null, "addr:country": null, "projet:ogpci": null, "health_facility:type": null, "wheelchair": null, "full_name": null, "health_facility:CI": null, "project:anr_cohesion_bouake": null, "wikidata": null, "wikipedia": null, "wikimedia_commons": null, "note": null, "source:imagery": null, "designation": null, "addr:housename": null, "addr:state": null, "internet_access": null, "is_in": null, "check_date": null, "elevator": null, "building:levels": null, "old_name": null, "official_name": null, "operator:wikidata": null, "operator:wikipedia": null, "projet:eboci": null, "contact:website": null, "name:ur": null, "nat_name": null, "type": null }, "geometry": { "type": "Point", "coordinates": [ -3.98987, 5.4223372 ] } },
{ "type": "Feature", "properties": { "element": "node", "id": "8596308588", "amenity": "hospital", "healthcare": "hospital", "name": "Centre de Santé", "source": "survey", "operational_status": null, "operator": null, "addr:suburb": null, "contact:email": null, "contact:mobile": null, "contact:phone": null, "opening_hours": null, "operator:type": null, "project:geoloc_unicef": null, "project:geoloc_unicef:id": null, "source:date": "03/03/2021", "short_name": null, "addr:street": null, "name:en": null, "website": null, "healthcare:speciality": null, "fixme": null, "phone": null, "office": null, "addr:city": null, "addr:postcode": null, "name:fr": null, "email": null, "emergency": null, "alt_name": null, "fax": null, "fid": "464", "project:opencities_abidjan": "yes", "addr:housenumber": null, "barrier": null, "building": null, "layer": null, "description": null, "start_date": null, "addr:country": null, "projet:ogpci": null, "health_facility:type": null, "wheelchair": null, "full_name": null, "health_facility:CI": null, "project:anr_cohesion_bouake": null, "wikidata": null, "wikipedia": null, "wikimedia_commons": null, "note": null, "source:imagery": null, "designation": null, "addr:housename": null, "addr:state": null, "internet_access": null, "is_in": null, "check_date": null, "elevator": null, "building:levels": null, "old_name": null, "official_name": null, "operator:wikidata": null, "operator:wikipedia": null, "projet:eboci": null, "contact:website": null, "name:ur": null, "nat_name": null, "type": null }, "geometry": { "type": "Point", "coordinates": [ -4.0010689, 5.4057672 ] } },
{ "type": "Feature", "properties": { "element": "node", "id": "8842436412", "amenity": "hospital", "healthcare": "hospital", "name": "Centre de santé urbain à base communautaire abobo BC", "source": "survey", "operational_status": null, "operator": null, "addr:suburb": null, "contact:email": null, "contact:mobile": null, "contact:phone": null, "opening_hours": null, "operator:type": null, "project:geoloc_unicef": null, "project:geoloc_unicef:id": null, "source:date": "2021/03/09", "short_name": null, "addr:street": null, "name:en": null, "website": null, "healthcare:speciality": null, "fixme": null, "phone": null, "office": null, "addr:city": null, "addr:postcode": null, "name:fr": null, "email": null, "emergency": null, "alt_name": null, "fax": null, "fid": "880", "project:opencities_abidjan": "yes", "addr:housenumber": null, "barrier": null, "building": null, "layer": null, "description": null, "start_date": null, "addr:country": null, "projet:ogpci": null, "health_facility:type": null, "wheelchair": null, "full_name": null, "health_facility:CI": null, "project:anr_cohesion_bouake": null, "wikidata": null, "wikipedia": null, "wikimedia_commons": null, "note": null, "source:imagery": null, "designation": null, "addr:housename": null, "addr:state": null, "internet_access": null, "is_in": null, "check_date": null, "elevator": null, "building:levels": null, "old_name": null, "official_name": null, "operator:wikidata": null, "operator:wikipedia": null, "projet:eboci": null, "contact:website": null, "name:ur": null, "nat_name": null, "type": null }, "geometry": { "type": "Point", "coordinates": [ -4.0173103, 5.4448012 ] } },
{ "type": "Feature", "properties": { "element": "node", "id": "8872464572", "amenity": "hospital", "healthcare": "hospital", "name": "Hôpital général de Tiapoum", "source": null, "operational_status": null, "operator": null, "addr:suburb": null, "contact:email": null, "contact:mobile": null, "contact:phone": null, "opening_hours": null, "operator:type": null, "project:geoloc_unicef": null, "project:geoloc_unicef:id": null, "source:date": null, "short_name": null, "addr:street": null, "name:en": null, "website": null, "healthcare:speciality": null, "fixme": null, "phone": null, "office": null, "addr:city": null, "addr:postcode": null, "name:fr": null, "email": null, "emergency": null, "alt_name": null, "fax": null, "fid": null, "project:opencities_abidjan": null, "addr:housenumber": null, "barrier": null, "building": null, "layer": null, "description": null, "start_date": null, "addr:country": null, "projet:ogpci": null, "health_facility:type": null, "wheelchair": null, "full_name": null, "health_facility:CI": null, "project:anr_cohesion_bouake": null, "wikidata": null, "wikipedia": null, "wikimedia_commons": null, "note": null, "source:imagery": null, "designation": null, "addr:housename": null, "addr:state": null, "internet_access": null, "is_in": null, "check_date": null, "elevator": null, "building:levels": null, "old_name": null, "official_name": null, "operator:wikidata": null, "operator:wikipedia": null, "projet:eboci": null, "contact:website": null, "name:ur": null, "nat_name": null, "type": null }, "geometry": { "type": "Point", "coordinates": [ -3.0242051, 5.1351585 ] } },
{ "type": "Feature", "properties": { "element": "node", "id": "8879397818", "amenity": "hospital", "healthcare": "hospital", "name": "Clinique Médicale Source de Vie", "source": null, "operational_status": null, "operator": null, "addr:suburb": null, "contact:email": null, "contact:mobile": null, "contact:phone": null, "opening_hours": null, "operator:type": null, "project:geoloc_unicef": null, "project:geoloc_unicef:id": null, "source:date": null, "short_name": null, "addr:street": null, "name:en": null, "website": null, "healthcare:speciality": null, "fixme": null, "phone": null, "office": null, "addr:city": null, "addr:postcode": null, "name:fr": null, "email": null, "emergency": null, "alt_name": null, "fax": null, "fid": null, "project:opencities_abidjan": null, "addr:housenumber": null, "barrier": null, "building": null, "layer": null, "description": null, "start_date": null, "addr:country": null, "projet:ogpci": null, "health_facility:type": null, "wheelchair": null, "full_name": null, "health_facility:CI": null, "project:anr_cohesion_bouake": null, "wikidata": null, "wikipedia": null, "wikimedia_commons": null, "note": null, "source:imagery": null, "designation": null, "addr:housename": null, "addr:state": null, "internet_access": null, "is_in": null, "check_date": null, "elevator": null, "building:levels": null, "old_name": null, "official_name": null, "operator:wikidata": null, "operator:wikipedia": null, "projet:eboci": null, "contact:website": null, "name:ur": null, "nat_name": null, "type": null }, "geometry": { "type": "Point", "coordinates": [ -3.2047871, 5.4716067 ] } },
{ "type": "Feature", "properties": { "element": "node", "id": "8901553065", "amenity": "hospital", "healthcare": "hospital", "name": "District Sanitaire de Tiapoum", "source": null, "operational_status": null, "operator": null, "addr:suburb": null, "contact:email": null, "contact:mobile": null, "contact:phone": null, "opening_hours": null, "operator:type": null, "project:geoloc_unicef": null, "project:geoloc_unicef:id": null, "source:date": null, "short_name": null, "addr:street": null, "name:en": null, "website": null, "healthcare:speciality": null, "fixme": null, "phone": null, "office": null, "addr:city": null, "addr:postcode": null, "name:fr": null, "email": null, "emergency": null, "alt_name": null, "fax": null, "fid": null, "project:opencities_abidjan": null, "addr:housenumber": null, "barrier": null, "building": null, "layer": null, "description": null, "start_date": null, "addr:country": null, "projet:ogpci": null, "health_facility:type": null, "wheelchair": null, "full_name": null, "health_facility:CI": null, "project:anr_cohesion_bouake": null, "wikidata": null, "wikipedia": null, "wikimedia_commons": null, "note": null, "source:imagery": null, "designation": null, "addr:housename": null, "addr:state": null, "internet_access": null, "is_in": null, "check_date": null, "elevator": null, "building:levels": null, "old_name": null, "official_name": null, "operator:wikidata": null, "operator:wikipedia": null, "projet:eboci": null, "contact:website": null, "name:ur": null, "nat_name": null, "type": null }, "geometry": { "type": "Point", "coordinates": [ -3.0243824, 5.1353244 ] } },
{ "type": "Feature", "properties": { "element": "node", "id": "8993668707", "amenity": "hospital", "healthcare": "hospital", "name": "Hôpital Général de Bouna", "source": null, "operational_status": null, "operator": null, "addr:suburb": null, "contact:email": null, "contact:mobile": null, "contact:phone": null, "opening_hours": null, "operator:type": null, "project:geoloc_unicef": null, "project:geoloc_unicef:id": null, "source:date": null, "short_name": null, "addr:street": null, "name:en": null, "website": null, "healthcare:speciality": null, "fixme": null, "phone": null, "office": null, "addr:city": null, "addr:postcode": null, "name:fr": null, "email": null, "emergency": null, "alt_name": null, "fax": null, "fid": null, "project:opencities_abidjan": null, "addr:housenumber": null, "barrier": null, "building": null, "layer": null, "description": null, "start_date": null, "addr:country": null, "projet:ogpci": null, "health_facility:type": null, "wheelchair": null, "full_name": null, "health_facility:CI": null, "project:anr_cohesion_bouake": null, "wikidata": null, "wikipedia": null, "wikimedia_commons": null, "note": null, "source:imagery": null, "designation": null, "addr:housename": null, "addr:state": null, "internet_access": null, "is_in": null, "check_date": null, "elevator": null, "building:levels": null, "old_name": null, "official_name": null, "operator:wikidata": null, "operator:wikipedia": null, "projet:eboci": null, "contact:website": null, "name:ur": null, "nat_name": null, "type": null }, "geometry": { "type": "Point", "coordinates": [ -2.998262, 9.2664824 ] } },
{ "type": "Feature", "properties": { "element": "node", "id": "9007786413", "amenity": "hospital", "healthcare": "hospital", "name": "Centre de Santé", "source": null, "operational_status": null, "operator": null, "addr:suburb": null, "contact:email": null, "contact:mobile": null, "contact:phone": null, "opening_hours": null, "operator:type": null, "project:geoloc_unicef": null, "project:geoloc_unicef:id": null, "source:date": null, "short_name": null, "addr:street": null, "name:en": null, "website": null, "healthcare:speciality": null, "fixme": null, "phone": null, "office": null, "addr:city": null, "addr:postcode": null, "name:fr": null, "email": null, "emergency": null, "alt_name": null, "fax": null, "fid": null, "project:opencities_abidjan": null, "addr:housenumber": null, "barrier": null, "building": null, "layer": null, "description": null, "start_date": null, "addr:country": null, "projet:ogpci": null, "health_facility:type": null, "wheelchair": null, "full_name": null, "health_facility:CI": null, "project:anr_cohesion_bouake": null, "wikidata": null, "wikipedia": null, "wikimedia_commons": null, "note": null, "source:imagery": null, "designation": null, "addr:housename": null, "addr:state": null, "internet_access": null, "is_in": null, "check_date": null, "elevator": null, "building:levels": null, "old_name": null, "official_name": null, "operator:wikidata": null, "operator:wikipedia": null, "projet:eboci": null, "contact:website": null, "name:ur": null, "nat_name": null, "type": null }, "geometry": { "type": "Point", "coordinates": [ -4.5178056, 6.9090219 ] } },
{ "type": "Feature", "properties": { "element": "node", "id": "9007796207", "amenity": "hospital", "healthcare": "hospital", "name": "District Sanitaire de Bocanda", "source": null, "operational_status": null, "operator": null, "addr:suburb": null, "contact:email": null, "contact:mobile": null, "contact:phone": null, "opening_hours": null, "operator:type": null, "project:geoloc_unicef": null, "project:geoloc_unicef:id": null, "source:date": null, "short_name": null, "addr:street": null, "name:en": null, "website": null, "healthcare:speciality": null, "fixme": null, "phone": null, "office": null, "addr:city": null, "addr:postcode": null, "name:fr": null, "email": null, "emergency": null, "alt_name": null, "fax": null, "fid": null, "project:opencities_abidjan": null, "addr:housenumber": null, "barrier": null, "building": null, "layer": null, "description": null, "start_date": null, "addr:country": null, "projet:ogpci": null, "health_facility:type": null, "wheelchair": null, "full_name": null, "health_facility:CI": null, "project:anr_cohesion_bouake": null, "wikidata": null, "wikipedia": null, "wikimedia_commons": null, "note": null, "source:imagery": null, "designation": null, "addr:housename": null, "addr:state": null, "internet_access": null, "is_in": null, "check_date": null, "elevator": null, "building:levels": null, "old_name": null, "official_name": null, "operator:wikidata": null, "operator:wikipedia": null, "projet:eboci": null, "contact:website": null, "name:ur": null, "nat_name": null, "type": null }, "geometry": { "type": "Point", "coordinates": [ -4.5023081, 7.0633518 ] } },
{ "type": "Feature", "properties": { "element": "node", "id": "9007796652", "amenity": "hospital", "healthcare": "hospital", "name": "District Sanitaire de Dimbokro", "source": null, "operational_status": null, "operator": null, "addr:suburb": null, "contact:email": null, "contact:mobile": null, "contact:phone": null, "opening_hours": null, "operator:type": null, "project:geoloc_unicef": null, "project:geoloc_unicef:id": null, "source:date": null, "short_name": null, "addr:street": null, "name:en": null, "website": null, "healthcare:speciality": null, "fixme": null, "phone": null, "office": null, "addr:city": null, "addr:postcode": null, "name:fr": null, "email": null, "emergency": null, "alt_name": null, "fax": null, "fid": null, "project:opencities_abidjan": null, "addr:housenumber": null, "barrier": null, "building": null, "layer": null, "description": null, "start_date": null, "addr:country": null, "projet:ogpci": null, "health_facility:type": null, "wheelchair": null, "full_name": null, "health_facility:CI": null, "project:anr_cohesion_bouake": null, "wikidata": null, "wikipedia": null, "wikimedia_commons": null, "note": null, "source:imagery": null, "designation": null, "addr:housename": null, "addr:state": null, "internet_access": null, "is_in": null, "check_date": null, "elevator": null, "building:levels": null, "old_name": null, "official_name": null, "operator:wikidata": null, "operator:wikipedia": null, "projet:eboci": null, "contact:website": null, "name:ur": null, "nat_name": null, "type": null }, "geometry": { "type": "Point", "coordinates": [ -4.7049939, 6.6594531 ] } },
{ "type": "Feature", "properties": { "element": "node", "id": "9127764899", "amenity": "hospital", "healthcare": "hospital", "name": "Hôpital Général", "source": null, "operational_status": null, "operator": null, "addr:suburb": null, "contact:email": null, "contact:mobile": null, "contact:phone": null, "opening_hours": null, "operator:type": null, "project:geoloc_unicef": null, "project:geoloc_unicef:id": null, "source:date": null, "short_name": null, "addr:street": null, "name:en": null, "website": null, "healthcare:speciality": null, "fixme": "Verify location", "phone": null, "office": null, "addr:city": null, "addr:postcode": null, "name:fr": null, "email": null, "emergency": null, "alt_name": null, "fax": null, "fid": null, "project:opencities_abidjan": null, "addr:housenumber": null, "barrier": null, "building": null, "layer": null, "description": null, "start_date": null, "addr:country": null, "projet:ogpci": null, "health_facility:type": null, "wheelchair": null, "full_name": null, "health_facility:CI": null, "project:anr_cohesion_bouake": null, "wikidata": null, "wikipedia": null, "wikimedia_commons": null, "note": null, "source:imagery": null, "designation": null, "addr:housename": null, "addr:state": null, "internet_access": null, "is_in": null, "check_date": null, "elevator": null, "building:levels": null, "old_name": null, "official_name": null, "operator:wikidata": null, "operator:wikipedia": null, "projet:eboci": null, "contact:website": null, "name:ur": null, "nat_name": null, "type": null }, "geometry": { "type": "Point", "coordinates": [ -4.6759324, 7.3428823 ] } },
{ "type": "Feature", "properties": { "element": "node", "id": "9134748259", "amenity": "hospital", "healthcare": "hospital", "name": "Centre Antituberculeux d'Abengourou", "source": null, "operational_status": null, "operator": null, "addr:suburb": null, "contact:email": null, "contact:mobile": null, "contact:phone": null, "opening_hours": null, "operator:type": null, "project:geoloc_unicef": null, "project:geoloc_unicef:id": null, "source:date": null, "short_name": null, "addr:street": null, "name:en": null, "website": null, "healthcare:speciality": null, "fixme": null, "phone": null, "office": null, "addr:city": null, "addr:postcode": null, "name:fr": null, "email": null, "emergency": null, "alt_name": null, "fax": null, "fid": null, "project:opencities_abidjan": null, "addr:housenumber": null, "barrier": null, "building": null, "layer": null, "description": null, "start_date": null, "addr:country": null, "projet:ogpci": null, "health_facility:type": null, "wheelchair": null, "full_name": null, "health_facility:CI": null, "project:anr_cohesion_bouake": null, "wikidata": null, "wikipedia": null, "wikimedia_commons": null, "note": null, "source:imagery": null, "designation": null, "addr:housename": null, "addr:state": null, "internet_access": null, "is_in": null, "check_date": null, "elevator": null, "building:levels": null, "old_name": null, "official_name": null, "operator:wikidata": null, "operator:wikipedia": null, "projet:eboci": null, "contact:website": null, "name:ur": null, "nat_name": null, "type": null }, "geometry": { "type": "Point", "coordinates": [ -3.5061576, 6.7403369 ] } },
{ "type": "Feature", "properties": { "element": "node", "id": "9134748260", "amenity": "hospital", "healthcare": "hospital", "name": "District sanitaire d'Abengourou", "source": null, "operational_status": null, "operator": null, "addr:suburb": null, "contact:email": null, "contact:mobile": null, "contact:phone": null, "opening_hours": null, "operator:type": null, "project:geoloc_unicef": null, "project:geoloc_unicef:id": null, "source:date": null, "short_name": null, "addr:street": null, "name:en": null, "website": null, "healthcare:speciality": null, "fixme": null, "phone": null, "office": null, "addr:city": null, "addr:postcode": null, "name:fr": null, "email": null, "emergency": null, "alt_name": null, "fax": null, "fid": null, "project:opencities_abidjan": null, "addr:housenumber": null, "barrier": null, "building": null, "layer": null, "description": null, "start_date": null, "addr:country": null, "projet:ogpci": null, "health_facility:type": null, "wheelchair": null, "full_name": null, "health_facility:CI": null, "project:anr_cohesion_bouake": null, "wikidata": null, "wikipedia": null, "wikimedia_commons": null, "note": null, "source:imagery": null, "designation": null, "addr:housename": null, "addr:state": null, "internet_access": null, "is_in": null, "check_date": null, "elevator": null, "building:levels": null, "old_name": null, "official_name": null, "operator:wikidata": null, "operator:wikipedia": null, "projet:eboci": null, "contact:website": null, "name:ur": null, "nat_name": null, "type": null }, "geometry": { "type": "Point", "coordinates": [ -3.5063221, 6.7397636 ] } },
{ "type": "Feature", "properties": { "element": "node", "id": "9228809141", "amenity": "hospital", "healthcare": "hospital", "name": "Institu nationnal d'hygiène publique", "source": null, "operational_status": null, "operator": null, "addr:suburb": null, "contact:email": null, "contact:mobile": null, "contact:phone": null, "opening_hours": null, "operator:type": null, "project:geoloc_unicef": null, "project:geoloc_unicef:id": null, "source:date": null, "short_name": null, "addr:street": null, "name:en": null, "website": null, "healthcare:speciality": null, "fixme": null, "phone": null, "office": null, "addr:city": null, "addr:postcode": null, "name:fr": null, "email": null, "emergency": null, "alt_name": null, "fax": null, "fid": null, "project:opencities_abidjan": null, "addr:housenumber": null, "barrier": null, "building": null, "layer": null, "description": null, "start_date": null, "addr:country": null, "projet:ogpci": null, "health_facility:type": null, "wheelchair": null, "full_name": null, "health_facility:CI": null, "project:anr_cohesion_bouake": null, "wikidata": null, "wikipedia": null, "wikimedia_commons": null, "note": null, "source:imagery": null, "designation": null, "addr:housename": null, "addr:state": null, "internet_access": null, "is_in": null, "check_date": null, "elevator": null, "building:levels": null, "old_name": null, "official_name": null, "operator:wikidata": null, "operator:wikipedia": null, "projet:eboci": null, "contact:website": null, "name:ur": null, "nat_name": null, "type": null }, "geometry": { "type": "Point", "coordinates": [ -5.7525726, 6.9824095 ] } },
{ "type": "Feature", "properties": { "element": "node", "id": "9280294979", "amenity": "hospital", "healthcare": "hospital", "name": "Clinique Polymed", "source": null, "operational_status": null, "operator": null, "addr:suburb": null, "contact:email": null, "contact:mobile": null, "contact:phone": null, "opening_hours": null, "operator:type": null, "project:geoloc_unicef": null, "project:geoloc_unicef:id": null, "source:date": null, "short_name": null, "addr:street": null, "name:en": null, "website": null, "healthcare:speciality": null, "fixme": null, "phone": null, "office": null, "addr:city": null, "addr:postcode": null, "name:fr": null, "email": null, "emergency": null, "alt_name": null, "fax": null, "fid": null, "project:opencities_abidjan": null, "addr:housenumber": null, "barrier": null, "building": null, "layer": null, "description": null, "start_date": null, "addr:country": null, "projet:ogpci": null, "health_facility:type": null, "wheelchair": null, "full_name": null, "health_facility:CI": null, "project:anr_cohesion_bouake": null, "wikidata": null, "wikipedia": null, "wikimedia_commons": null, "note": null, "source:imagery": null, "designation": null, "addr:housename": null, "addr:state": null, "internet_access": null, "is_in": null, "check_date": null, "elevator": null, "building:levels": null, "old_name": null, "official_name": null, "operator:wikidata": null, "operator:wikipedia": null, "projet:eboci": null, "contact:website": null, "name:ur": null, "nat_name": null, "type": null }, "geometry": { "type": "Point", "coordinates": [ -3.9940901, 5.3075339 ] } },
{ "type": "Feature", "properties": { "element": "node", "id": "9280306368", "amenity": "hospital", "healthcare": "hospital", "name": "Polyclinique Avicenne", "source": null, "operational_status": null, "operator": null, "addr:suburb": null, "contact:email": null, "contact:mobile": null, "contact:phone": null, "opening_hours": null, "operator:type": null, "project:geoloc_unicef": null, "project:geoloc_unicef:id": null, "source:date": null, "short_name": null, "addr:street": null, "name:en": null, "website": null, "healthcare:speciality": null, "fixme": null, "phone": null, "office": null, "addr:city": null, "addr:postcode": null, "name:fr": null, "email": null, "emergency": null, "alt_name": null, "fax": null, "fid": null, "project:opencities_abidjan": null, "addr:housenumber": null, "barrier": null, "building": null, "layer": null, "description": null, "start_date": null, "addr:country": null, "projet:ogpci": null, "health_facility:type": null, "wheelchair": null, "full_name": null, "health_facility:CI": null, "project:anr_cohesion_bouake": null, "wikidata": null, "wikipedia": null, "wikimedia_commons": null, "note": null, "source:imagery": null, "designation": null, "addr:housename": null, "addr:state": null, "internet_access": null, "is_in": null, "check_date": null, "elevator": null, "building:levels": null, "old_name": null, "official_name": null, "operator:wikidata": null, "operator:wikipedia": null, "projet:eboci": null, "contact:website": null, "name:ur": null, "nat_name": null, "type": null }, "geometry": { "type": "Point", "coordinates": [ -3.9966557, 5.3162153 ] } },
{ "type": "Feature", "properties": { "element": "node", "id": "9407863783", "amenity": "hospital", "healthcare": "hospital", "name": "PMI Garahio", "source": null, "operational_status": null, "operator": null, "addr:suburb": null, "contact:email": null, "contact:mobile": null, "contact:phone": null, "opening_hours": null, "operator:type": null, "project:geoloc_unicef": null, "project:geoloc_unicef:id": null, "source:date": null, "short_name": null, "addr:street": null, "name:en": null, "website": null, "healthcare:speciality": null, "fixme": null, "phone": null, "office": null, "addr:city": null, "addr:postcode": null, "name:fr": null, "email": null, "emergency": null, "alt_name": null, "fax": null, "fid": null, "project:opencities_abidjan": null, "addr:housenumber": null, "barrier": null, "building": null, "layer": null, "description": null, "start_date": null, "addr:country": null, "projet:ogpci": null, "health_facility:type": null, "wheelchair": null, "full_name": null, "health_facility:CI": null, "project:anr_cohesion_bouake": null, "wikidata": null, "wikipedia": null, "wikimedia_commons": null, "note": null, "source:imagery": null, "designation": null, "addr:housename": null, "addr:state": null, "internet_access": null, "is_in": null, "check_date": null, "elevator": null, "building:levels": null, "old_name": null, "official_name": null, "operator:wikidata": null, "operator:wikipedia": null, "projet:eboci": null, "contact:website": null, "name:ur": null, "nat_name": null, "type": null }, "geometry": { "type": "Point", "coordinates": [ -5.933423, 6.1170399 ] } },
{ "type": "Feature", "properties": { "element": "node", "id": "9599260860", "amenity": "hospital", "healthcare": "hospital", "name": "Dispensaire Rural d'Avagou", "source": null, "operational_status": null, "operator": null, "addr:suburb": null, "contact:email": null, "contact:mobile": null, "contact:phone": null, "opening_hours": null, "operator:type": null, "project:geoloc_unicef": null, "project:geoloc_unicef:id": null, "source:date": null, "short_name": null, "addr:street": null, "name:en": null, "website": null, "healthcare:speciality": null, "fixme": null, "phone": null, "office": null, "addr:city": null, "addr:postcode": null, "name:fr": null, "email": null, "emergency": null, "alt_name": null, "fax": null, "fid": null, "project:opencities_abidjan": null, "addr:housenumber": null, "barrier": null, "building": null, "layer": null, "description": null, "start_date": null, "addr:country": null, "projet:ogpci": null, "health_facility:type": null, "wheelchair": null, "full_name": null, "health_facility:CI": null, "project:anr_cohesion_bouake": null, "wikidata": null, "wikipedia": null, "wikimedia_commons": null, "note": null, "source:imagery": null, "designation": null, "addr:housename": null, "addr:state": null, "internet_access": null, "is_in": null, "check_date": null, "elevator": null, "building:levels": null, "old_name": null, "official_name": null, "operator:wikidata": null, "operator:wikipedia": null, "projet:eboci": null, "contact:website": null, "name:ur": null, "nat_name": null, "type": null }, "geometry": { "type": "Point", "coordinates": [ -4.3291396, 5.213694 ] } },
{ "type": "Feature", "properties": { "element": "node", "id": "9599291872", "amenity": "hospital", "healthcare": "hospital", "name": "Hôpital Général de Jacqueville", "source": null, "operational_status": null, "operator": null, "addr:suburb": null, "contact:email": null, "contact:mobile": null, "contact:phone": null, "opening_hours": null, "operator:type": null, "project:geoloc_unicef": null, "project:geoloc_unicef:id": null, "source:date": null, "short_name": null, "addr:street": null, "name:en": null, "website": null, "healthcare:speciality": null, "fixme": null, "phone": null, "office": null, "addr:city": null, "addr:postcode": null, "name:fr": null, "email": null, "emergency": null, "alt_name": null, "fax": null, "fid": null, "project:opencities_abidjan": null, "addr:housenumber": null, "barrier": null, "building": null, "layer": null, "description": null, "start_date": null, "addr:country": null, "projet:ogpci": null, "health_facility:type": null, "wheelchair": null, "full_name": null, "health_facility:CI": null, "project:anr_cohesion_bouake": null, "wikidata": null, "wikipedia": null, "wikimedia_commons": null, "note": null, "source:imagery": null, "designation": null, "addr:housename": null, "addr:state": null, "internet_access": null, "is_in": null, "check_date": null, "elevator": null, "building:levels": null, "old_name": null, "official_name": null, "operator:wikidata": null, "operator:wikipedia": null, "projet:eboci": null, "contact:website": null, "name:ur": null, "nat_name": null, "type": null }, "geometry": { "type": "Point", "coordinates": [ -4.4068745, 5.2069285 ] } },
{ "type": "Feature", "properties": { "element": "node", "id": "9599305482", "amenity": "hospital", "healthcare": "hospital", "name": null, "source": null, "operational_status": null, "operator": null, "addr:suburb": null, "contact:email": null, "contact:mobile": null, "contact:phone": null, "opening_hours": null, "operator:type": null, "project:geoloc_unicef": null, "project:geoloc_unicef:id": null, "source:date": null, "short_name": null, "addr:street": null, "name:en": null, "website": null, "healthcare:speciality": null, "fixme": null, "phone": null, "office": null, "addr:city": null, "addr:postcode": null, "name:fr": null, "email": null, "emergency": null, "alt_name": null, "fax": null, "fid": null, "project:opencities_abidjan": null, "addr:housenumber": null, "barrier": null, "building": null, "layer": null, "description": null, "start_date": null, "addr:country": null, "projet:ogpci": null, "health_facility:type": null, "wheelchair": null, "full_name": null, "health_facility:CI": null, "project:anr_cohesion_bouake": null, "wikidata": null, "wikipedia": null, "wikimedia_commons": null, "note": null, "source:imagery": null, "designation": null, "addr:housename": null, "addr:state": null, "internet_access": null, "is_in": null, "check_date": null, "elevator": null, "building:levels": null, "old_name": null, "official_name": null, "operator:wikidata": null, "operator:wikipedia": null, "projet:eboci": null, "contact:website": null, "name:ur": null, "nat_name": null, "type": null }, "geometry": { "type": "Point", "coordinates": [ -4.2726477, 5.2194854 ] } },
{ "type": "Feature", "properties": { "element": "node", "id": "9956254912", "amenity": "hospital", "healthcare": "hospital", "name": "Maternité Bethesda", "source": null, "operational_status": null, "operator": null, "addr:suburb": null, "contact:email": null, "contact:mobile": null, "contact:phone": null, "opening_hours": null, "operator:type": null, "project:geoloc_unicef": null, "project:geoloc_unicef:id": null, "source:date": null, "short_name": null, "addr:street": null, "name:en": null, "website": null, "healthcare:speciality": null, "fixme": null, "phone": null, "office": null, "addr:city": null, "addr:postcode": null, "name:fr": null, "email": null, "emergency": null, "alt_name": null, "fax": null, "fid": null, "project:opencities_abidjan": null, "addr:housenumber": null, "barrier": null, "building": null, "layer": null, "description": null, "start_date": null, "addr:country": null, "projet:ogpci": null, "health_facility:type": null, "wheelchair": null, "full_name": null, "health_facility:CI": null, "project:anr_cohesion_bouake": null, "wikidata": null, "wikipedia": null, "wikimedia_commons": null, "note": null, "source:imagery": null, "designation": null, "addr:housename": null, "addr:state": null, "internet_access": null, "is_in": null, "check_date": null, "elevator": null, "building:levels": null, "old_name": null, "official_name": null, "operator:wikidata": null, "operator:wikipedia": null, "projet:eboci": null, "contact:website": null, "name:ur": null, "nat_name": null, "type": null }, "geometry": { "type": "Point", "coordinates": [ -5.0638287, 7.7029968 ] } },
{ "type": "Feature", "properties": { "element": "node", "id": "10109216863", "amenity": "hospital", "healthcare": "hospital", "name": null, "source": null, "operational_status": null, "operator": null, "addr:suburb": null, "contact:email": null, "contact:mobile": null, "contact:phone": null, "opening_hours": null, "operator:type": null, "project:geoloc_unicef": null, "project:geoloc_unicef:id": null, "source:date": null, "short_name": null, "addr:street": null, "name:en": null, "website": null, "healthcare:speciality": null, "fixme": null, "phone": null, "office": null, "addr:city": null, "addr:postcode": null, "name:fr": null, "email": null, "emergency": null, "alt_name": null, "fax": null, "fid": null, "project:opencities_abidjan": null, "addr:housenumber": null, "barrier": null, "building": null, "layer": null, "description": null, "start_date": null, "addr:country": null, "projet:ogpci": null, "health_facility:type": null, "wheelchair": null, "full_name": null, "health_facility:CI": null, "project:anr_cohesion_bouake": null, "wikidata": null, "wikipedia": null, "wikimedia_commons": null, "note": null, "source:imagery": null, "designation": null, "addr:housename": null, "addr:state": null, "internet_access": null, "is_in": null, "check_date": null, "elevator": null, "building:levels": null, "old_name": null, "official_name": null, "operator:wikidata": null, "operator:wikipedia": null, "projet:eboci": null, "contact:website": null, "name:ur": null, "nat_name": null, "type": null }, "geometry": { "type": "Point", "coordinates": [ -6.7589732, 6.5208532 ] } },
{ "type": "Feature", "properties": { "element": "node", "id": "10128937417", "amenity": "hospital", "healthcare": "hospital", "name": "Hôpital des armées d'odienné", "source": null, "operational_status": null, "operator": null, "addr:suburb": null, "contact:email": null, "contact:mobile": null, "contact:phone": null, "opening_hours": null, "operator:type": null, "project:geoloc_unicef": null, "project:geoloc_unicef:id": null, "source:date": null, "short_name": null, "addr:street": null, "name:en": null, "website": null, "healthcare:speciality": null, "fixme": null, "phone": null, "office": null, "addr:city": null, "addr:postcode": null, "name:fr": null, "email": null, "emergency": null, "alt_name": null, "fax": null, "fid": null, "project:opencities_abidjan": null, "addr:housenumber": null, "barrier": null, "building": null, "layer": null, "description": null, "start_date": null, "addr:country": null, "projet:ogpci": null, "health_facility:type": null, "wheelchair": null, "full_name": null, "health_facility:CI": null, "project:anr_cohesion_bouake": null, "wikidata": null, "wikipedia": null, "wikimedia_commons": null, "note": null, "source:imagery": null, "designation": null, "addr:housename": null, "addr:state": null, "internet_access": null, "is_in": null, "check_date": null, "elevator": null, "building:levels": null, "old_name": null, "official_name": null, "operator:wikidata": null, "operator:wikipedia": null, "projet:eboci": null, "contact:website": null, "name:ur": null, "nat_name": null, "type": null }, "geometry": { "type": "Point", "coordinates": [ -7.564415, 9.4912483 ] } },
{ "type": "Feature", "properties": { "element": "node", "id": "10151641617", "amenity": "hospital", "healthcare": "hospital", "name": "INHP antenne régionale d'Agboville", "source": null, "operational_status": null, "operator": null, "addr:suburb": null, "contact:email": null, "contact:mobile": null, "contact:phone": null, "opening_hours": null, "operator:type": null, "project:geoloc_unicef": null, "project:geoloc_unicef:id": null, "source:date": null, "short_name": null, "addr:street": null, "name:en": null, "website": null, "healthcare:speciality": null, "fixme": null, "phone": null, "office": null, "addr:city": null, "addr:postcode": null, "name:fr": null, "email": null, "emergency": null, "alt_name": null, "fax": null, "fid": null, "project:opencities_abidjan": null, "addr:housenumber": null, "barrier": null, "building": null, "layer": null, "description": null, "start_date": null, "addr:country": null, "projet:ogpci": null, "health_facility:type": null, "wheelchair": null, "full_name": null, "health_facility:CI": null, "project:anr_cohesion_bouake": null, "wikidata": null, "wikipedia": null, "wikimedia_commons": null, "note": null, "source:imagery": null, "designation": null, "addr:housename": null, "addr:state": null, "internet_access": null, "is_in": null, "check_date": null, "elevator": null, "building:levels": null, "old_name": null, "official_name": null, "operator:wikidata": null, "operator:wikipedia": null, "projet:eboci": null, "contact:website": null, "name:ur": null, "nat_name": null, "type": null }, "geometry": { "type": "Point", "coordinates": [ -4.2163019, 5.923424 ] } },
{ "type": "Feature", "properties": { "element": "node", "id": "10735971305", "amenity": "hospital", "healthcare": "hospital", "name": "Formation sanitaire urbaine Edmond Basque du plateau", "source": null, "operational_status": null, "operator": null, "addr:suburb": null, "contact:email": null, "contact:mobile": null, "contact:phone": null, "opening_hours": null, "operator:type": null, "project:geoloc_unicef": null, "project:geoloc_unicef:id": null, "source:date": null, "short_name": null, "addr:street": null, "name:en": null, "website": null, "healthcare:speciality": null, "fixme": null, "phone": null, "office": null, "addr:city": null, "addr:postcode": null, "name:fr": null, "email": null, "emergency": null, "alt_name": null, "fax": null, "fid": null, "project:opencities_abidjan": null, "addr:housenumber": null, "barrier": null, "building": null, "layer": null, "description": null, "start_date": null, "addr:country": null, "projet:ogpci": null, "health_facility:type": null, "wheelchair": null, "full_name": null, "health_facility:CI": null, "project:anr_cohesion_bouake": null, "wikidata": null, "wikipedia": null, "wikimedia_commons": null, "note": null, "source:imagery": null, "designation": null, "addr:housename": null, "addr:state": null, "internet_access": null, "is_in": null, "check_date": null, "elevator": null, "building:levels": null, "old_name": null, "official_name": null, "operator:wikidata": null, "operator:wikipedia": null, "projet:eboci": null, "contact:website": null, "name:ur": null, "nat_name": null, "type": null }, "geometry": { "type": "Point", "coordinates": [ -4.0266821, 5.3280423 ] } },
{ "type": "Feature", "properties": { "element": "node", "id": "10738250905", "amenity": "hospital", "healthcare": "hospital", "name": "Centre de santé d'akoupe ZEUDJI", "source": null, "operational_status": null, "operator": null, "addr:suburb": null, "contact:email": null, "contact:mobile": null, "contact:phone": null, "opening_hours": null, "operator:type": null, "project:geoloc_unicef": null, "project:geoloc_unicef:id": null, "source:date": null, "short_name": null, "addr:street": null, "name:en": null, "website": null, "healthcare:speciality": null, "fixme": null, "phone": null, "office": null, "addr:city": null, "addr:postcode": null, "name:fr": null, "email": null, "emergency": null, "alt_name": null, "fax": null, "fid": null, "project:opencities_abidjan": null, "addr:housenumber": null, "barrier": null, "building": null, "layer": null, "description": null, "start_date": null, "addr:country": null, "projet:ogpci": null, "health_facility:type": null, "wheelchair": null, "full_name": null, "health_facility:CI": null, "project:anr_cohesion_bouake": null, "wikidata": null, "wikipedia": null, "wikimedia_commons": null, "note": null, "source:imagery": null, "designation": null, "addr:housename": null, "addr:state": null, "internet_access": null, "is_in": null, "check_date": null, "elevator": null, "building:levels": null, "old_name": null, "official_name": null, "operator:wikidata": null, "operator:wikipedia": null, "projet:eboci": null, "contact:website": null, "name:ur": null, "nat_name": null, "type": null }, "geometry": { "type": "Point", "coordinates": [ -4.1554018, 5.4791169 ] } },
{ "type": "Feature", "properties": { "element": "node", "id": "10991105268", "amenity": "hospital", "healthcare": "hospital", "name": "District Sanitaire de Sinématiali", "source": null, "operational_status": null, "operator": null, "addr:suburb": null, "contact:email": null, "contact:mobile": null, "contact:phone": null, "opening_hours": null, "operator:type": null, "project:geoloc_unicef": null, "project:geoloc_unicef:id": null, "source:date": null, "short_name": null, "addr:street": null, "name:en": null, "website": null, "healthcare:speciality": null, "fixme": null, "phone": null, "office": null, "addr:city": null, "addr:postcode": null, "name:fr": null, "email": null, "emergency": null, "alt_name": null, "fax": null, "fid": null, "project:opencities_abidjan": null, "addr:housenumber": null, "barrier": null, "building": null, "layer": null, "description": null, "start_date": null, "addr:country": null, "projet:ogpci": null, "health_facility:type": null, "wheelchair": null, "full_name": null, "health_facility:CI": null, "project:anr_cohesion_bouake": null, "wikidata": null, "wikipedia": null, "wikimedia_commons": null, "note": null, "source:imagery": null, "designation": null, "addr:housename": null, "addr:state": null, "internet_access": null, "is_in": null, "check_date": null, "elevator": null, "building:levels": null, "old_name": null, "official_name": null, "operator:wikidata": null, "operator:wikipedia": null, "projet:eboci": null, "contact:website": null, "name:ur": null, "nat_name": null, "type": null }, "geometry": { "type": "Point", "coordinates": [ -5.3924019, 9.5815354 ] } },
{ "type": "Feature", "properties": { "element": "node", "id": "11009260588", "amenity": "hospital", "healthcare": "hospital", "name": "Hôpital Général de Sinematiali", "source": null, "operational_status": null, "operator": null, "addr:suburb": null, "contact:email": null, "contact:mobile": null, "contact:phone": null, "opening_hours": null, "operator:type": null, "project:geoloc_unicef": null, "project:geoloc_unicef:id": null, "source:date": null, "short_name": null, "addr:street": null, "name:en": null, "website": null, "healthcare:speciality": null, "fixme": null, "phone": null, "office": null, "addr:city": null, "addr:postcode": null, "name:fr": null, "email": null, "emergency": null, "alt_name": null, "fax": null, "fid": null, "project:opencities_abidjan": null, "addr:housenumber": null, "barrier": null, "building": null, "layer": null, "description": null, "start_date": null, "addr:country": null, "projet:ogpci": null, "health_facility:type": null, "wheelchair": null, "full_name": null, "health_facility:CI": null, "project:anr_cohesion_bouake": null, "wikidata": null, "wikipedia": null, "wikimedia_commons": null, "note": null, "source:imagery": null, "designation": null, "addr:housename": null, "addr:state": null, "internet_access": null, "is_in": null, "check_date": null, "elevator": null, "building:levels": null, "old_name": null, "official_name": null, "operator:wikidata": null, "operator:wikipedia": null, "projet:eboci": null, "contact:website": null, "name:ur": null, "nat_name": null, "type": null }, "geometry": { "type": "Point", "coordinates": [ -5.3842841, 9.5868299 ] } },
{ "type": "Feature", "properties": { "element": "node", "id": "11050945908", "amenity": "hospital", "healthcare": "hospital", "name": "Centre Médical Tassala", "source": null, "operational_status": null, "operator": "Centre Médiocal Tassala", "addr:suburb": null, "contact:email": null, "contact:mobile": null, "contact:phone": null, "opening_hours": null, "operator:type": "private", "project:geoloc_unicef": null, "project:geoloc_unicef:id": null, "source:date": null, "short_name": null, "addr:street": "Rue I37", "name:en": null, "website": null, "healthcare:speciality": "gynaecology;general;paediatrics;cardiology", "fixme": null, "phone": "+225 27 21 53 77 54", "office": null, "addr:city": "Abidjan", "addr:postcode": "225", "name:fr": null, "email": null, "emergency": "yes", "alt_name": null, "fax": null, "fid": null, "project:opencities_abidjan": null, "addr:housenumber": "10 Bp 203 Abj 10", "barrier": null, "building": null, "layer": null, "description": null, "start_date": null, "addr:country": null, "projet:ogpci": null, "health_facility:type": null, "wheelchair": null, "full_name": null, "health_facility:CI": null, "project:anr_cohesion_bouake": null, "wikidata": null, "wikipedia": null, "wikimedia_commons": null, "note": null, "source:imagery": null, "designation": null, "addr:housename": null, "addr:state": null, "internet_access": null, "is_in": null, "check_date": null, "elevator": null, "building:levels": null, "old_name": null, "official_name": null, "operator:wikidata": null, "operator:wikipedia": null, "projet:eboci": null, "contact:website": null, "name:ur": null, "nat_name": null, "type": null }, "geometry": { "type": "Point", "coordinates": [ -3.9485427, 5.3020081 ] } },
{ "type": "Feature", "properties": { "element": "node", "id": "11073198965", "amenity": "hospital", "healthcare": "hospital", "name": null, "source": null, "operational_status": null, "operator": null, "addr:suburb": null, "contact:email": null, "contact:mobile": null, "contact:phone": null, "opening_hours": null, "operator:type": null, "project:geoloc_unicef": null, "project:geoloc_unicef:id": null, "source:date": null, "short_name": null, "addr:street": null, "name:en": null, "website": null, "healthcare:speciality": null, "fixme": null, "phone": null, "office": null, "addr:city": null, "addr:postcode": null, "name:fr": null, "email": null, "emergency": null, "alt_name": null, "fax": null, "fid": null, "project:opencities_abidjan": null, "addr:housenumber": null, "barrier": null, "building": null, "layer": null, "description": null, "start_date": null, "addr:country": null, "projet:ogpci": null, "health_facility:type": null, "wheelchair": null, "full_name": null, "health_facility:CI": null, "project:anr_cohesion_bouake": null, "wikidata": null, "wikipedia": null, "wikimedia_commons": null, "note": null, "source:imagery": null, "designation": null, "addr:housename": null, "addr:state": null, "internet_access": null, "is_in": null, "check_date": null, "elevator": null, "building:levels": null, "old_name": null, "official_name": null, "operator:wikidata": null, "operator:wikipedia": null, "projet:eboci": null, "contact:website": null, "name:ur": null, "nat_name": null, "type": null }, "geometry": { "type": "Point", "coordinates": [ -6.0535108, 6.9258693 ] } },
{ "type": "Feature", "properties": { "element": "node", "id": "11133555936", "amenity": "hospital", "healthcare": "hospital", "name": "Centre de Santé Urbain de ZAGNE", "source": null, "operational_status": null, "operator": null, "addr:suburb": null, "contact:email": null, "contact:mobile": null, "contact:phone": null, "opening_hours": null, "operator:type": null, "project:geoloc_unicef": null, "project:geoloc_unicef:id": null, "source:date": null, "short_name": null, "addr:street": null, "name:en": null, "website": null, "healthcare:speciality": null, "fixme": null, "phone": null, "office": null, "addr:city": null, "addr:postcode": null, "name:fr": null, "email": null, "emergency": null, "alt_name": null, "fax": null, "fid": null, "project:opencities_abidjan": null, "addr:housenumber": null, "barrier": null, "building": null, "layer": null, "description": null, "start_date": null, "addr:country": null, "projet:ogpci": null, "health_facility:type": null, "wheelchair": null, "full_name": null, "health_facility:CI": null, "project:anr_cohesion_bouake": null, "wikidata": null, "wikipedia": null, "wikimedia_commons": null, "note": null, "source:imagery": null, "designation": null, "addr:housename": null, "addr:state": null, "internet_access": null, "is_in": null, "check_date": null, "elevator": null, "building:levels": null, "old_name": null, "official_name": null, "operator:wikidata": null, "operator:wikipedia": null, "projet:eboci": null, "contact:website": null, "name:ur": null, "nat_name": null, "type": null }, "geometry": { "type": "Point", "coordinates": [ -7.4867333, 6.213479 ] } },
{ "type": "Feature", "properties": { "element": "node", "id": "11134817497", "amenity": "hospital", "healthcare": "hospital", "name": "Hôpital Général de Touleupleu", "source": null, "operational_status": null, "operator": null, "addr:suburb": null, "contact:email": null, "contact:mobile": null, "contact:phone": null, "opening_hours": null, "operator:type": null, "project:geoloc_unicef": null, "project:geoloc_unicef:id": null, "source:date": null, "short_name": null, "addr:street": null, "name:en": null, "website": null, "healthcare:speciality": null, "fixme": null, "phone": null, "office": null, "addr:city": null, "addr:postcode": null, "name:fr": null, "email": null, "emergency": null, "alt_name": null, "fax": null, "fid": null, "project:opencities_abidjan": null, "addr:housenumber": null, "barrier": null, "building": null, "layer": null, "description": null, "start_date": null, "addr:country": null, "projet:ogpci": null, "health_facility:type": null, "wheelchair": null, "full_name": null, "health_facility:CI": null, "project:anr_cohesion_bouake": null, "wikidata": null, "wikipedia": null, "wikimedia_commons": null, "note": null, "source:imagery": null, "designation": null, "addr:housename": null, "addr:state": null, "internet_access": null, "is_in": null, "check_date": null, "elevator": null, "building:levels": null, "old_name": null, "official_name": null, "operator:wikidata": null, "operator:wikipedia": null, "projet:eboci": null, "contact:website": null, "name:ur": null, "nat_name": null, "type": null }, "geometry": { "type": "Point", "coordinates": [ -8.4173601, 6.5770523 ] } },
{ "type": "Feature", "properties": { "element": "node", "id": "11135793127", "amenity": "hospital", "healthcare": "hospital", "name": "Centre de santé urbain de PEHE", "source": null, "operational_status": null, "operator": null, "addr:suburb": null, "contact:email": null, "contact:mobile": null, "contact:phone": null, "opening_hours": null, "operator:type": null, "project:geoloc_unicef": null, "project:geoloc_unicef:id": null, "source:date": null, "short_name": null, "addr:street": null, "name:en": null, "website": null, "healthcare:speciality": null, "fixme": null, "phone": null, "office": null, "addr:city": null, "addr:postcode": null, "name:fr": null, "email": null, "emergency": null, "alt_name": null, "fax": null, "fid": null, "project:opencities_abidjan": null, "addr:housenumber": null, "barrier": null, "building": null, "layer": null, "description": null, "start_date": null, "addr:country": null, "projet:ogpci": null, "health_facility:type": null, "wheelchair": null, "full_name": null, "health_facility:CI": null, "project:anr_cohesion_bouake": null, "wikidata": null, "wikipedia": null, "wikimedia_commons": null, "note": null, "source:imagery": null, "designation": null, "addr:housename": null, "addr:state": null, "internet_access": null, "is_in": null, "check_date": null, "elevator": null, "building:levels": null, "old_name": null, "official_name": null, "operator:wikidata": null, "operator:wikipedia": null, "projet:eboci": null, "contact:website": null, "name:ur": null, "nat_name": null, "type": null }, "geometry": { "type": "Point", "coordinates": [ -8.3058431, 6.5649101 ] } },
{ "type": "Feature", "properties": { "element": "node", "id": "11140045832", "amenity": "hospital", "healthcare": "hospital", "name": "Centre Jubile Korhogo", "source": "survey", "operational_status": null, "operator": null, "addr:suburb": null, "contact:email": null, "contact:mobile": null, "contact:phone": null, "opening_hours": null, "operator:type": "private", "project:geoloc_unicef": null, "project:geoloc_unicef:id": null, "source:date": "2023-08-04", "short_name": "CJK", "addr:street": null, "name:en": null, "website": null, "healthcare:speciality": "psychiatry", "fixme": null, "phone": null, "office": null, "addr:city": null, "addr:postcode": null, "name:fr": null, "email": null, "emergency": null, "alt_name": null, "fax": null, "fid": null, "project:opencities_abidjan": null, "addr:housenumber": null, "barrier": null, "building": null, "layer": null, "description": null, "start_date": null, "addr:country": null, "projet:ogpci": null, "health_facility:type": null, "wheelchair": null, "full_name": null, "health_facility:CI": null, "project:anr_cohesion_bouake": null, "wikidata": null, "wikipedia": null, "wikimedia_commons": null, "note": null, "source:imagery": null, "designation": null, "addr:housename": null, "addr:state": null, "internet_access": null, "is_in": null, "check_date": null, "elevator": null, "building:levels": null, "old_name": null, "official_name": null, "operator:wikidata": null, "operator:wikipedia": null, "projet:eboci": null, "contact:website": null, "name:ur": null, "nat_name": null, "type": null }, "geometry": { "type": "Point", "coordinates": [ -5.6321669, 9.4375259 ] } },
{ "type": "Feature", "properties": { "element": "node", "id": "11140045835", "amenity": "hospital", "healthcare": "hospital", "name": "Centre Anti-Tuberculeux de Korhogo", "source": "survey", "operational_status": null, "operator": null, "addr:suburb": null, "contact:email": null, "contact:mobile": null, "contact:phone": null, "opening_hours": "24/7", "operator:type": "private", "project:geoloc_unicef": null, "project:geoloc_unicef:id": null, "source:date": "2023-08-04", "short_name": null, "addr:street": null, "name:en": null, "website": null, "healthcare:speciality": "pulmonology", "fixme": null, "phone": null, "office": null, "addr:city": null, "addr:postcode": null, "name:fr": null, "email": null, "emergency": null, "alt_name": null, "fax": null, "fid": null, "project:opencities_abidjan": null, "addr:housenumber": null, "barrier": null, "building": null, "layer": null, "description": null, "start_date": null, "addr:country": null, "projet:ogpci": null, "health_facility:type": null, "wheelchair": null, "full_name": null, "health_facility:CI": null, "project:anr_cohesion_bouake": null, "wikidata": null, "wikipedia": null, "wikimedia_commons": null, "note": null, "source:imagery": null, "designation": null, "addr:housename": null, "addr:state": null, "internet_access": null, "is_in": null, "check_date": null, "elevator": null, "building:levels": null, "old_name": null, "official_name": null, "operator:wikidata": null, "operator:wikipedia": null, "projet:eboci": null, "contact:website": null, "name:ur": null, "nat_name": null, "type": null }, "geometry": { "type": "Point", "coordinates": [ -5.6314534, 9.4526178 ] } },
{ "type": "Feature", "properties": { "element": "node", "id": "11148959069", "amenity": "hospital", "healthcare": "hospital", "name": "Centre de santé urbain de kouan houle", "source": null, "operational_status": null, "operator": null, "addr:suburb": null, "contact:email": null, "contact:mobile": null, "contact:phone": null, "opening_hours": null, "operator:type": null, "project:geoloc_unicef": null, "project:geoloc_unicef:id": null, "source:date": null, "short_name": null, "addr:street": null, "name:en": null, "website": null, "healthcare:speciality": null, "fixme": null, "phone": null, "office": null, "addr:city": null, "addr:postcode": null, "name:fr": null, "email": null, "emergency": null, "alt_name": null, "fax": null, "fid": null, "project:opencities_abidjan": null, "addr:housenumber": null, "barrier": null, "building": null, "layer": null, "description": null, "start_date": null, "addr:country": null, "projet:ogpci": null, "health_facility:type": null, "wheelchair": null, "full_name": null, "health_facility:CI": null, "project:anr_cohesion_bouake": null, "wikidata": null, "wikipedia": null, "wikimedia_commons": null, "note": null, "source:imagery": null, "designation": null, "addr:housename": null, "addr:state": null, "internet_access": null, "is_in": null, "check_date": null, "elevator": null, "building:levels": null, "old_name": null, "official_name": null, "operator:wikidata": null, "operator:wikipedia": null, "projet:eboci": null, "contact:website": null, "name:ur": null, "nat_name": null, "type": null }, "geometry": { "type": "Point", "coordinates": [ -8.2624081, 7.3890559 ] } },
{ "type": "Feature", "properties": { "element": "node", "id": "11152421317", "amenity": "hospital", "healthcare": "hospital", "name": "Centre de santé urbain de sangouiné", "source": null, "operational_status": null, "operator": null, "addr:suburb": null, "contact:email": null, "contact:mobile": null, "contact:phone": null, "opening_hours": null, "operator:type": null, "project:geoloc_unicef": null, "project:geoloc_unicef:id": null, "source:date": null, "short_name": null, "addr:street": null, "name:en": null, "website": null, "healthcare:speciality": null, "fixme": null, "phone": null, "office": null, "addr:city": null, "addr:postcode": null, "name:fr": null, "email": null, "emergency": null, "alt_name": null, "fax": null, "fid": null, "project:opencities_abidjan": null, "addr:housenumber": null, "barrier": null, "building": null, "layer": null, "description": null, "start_date": null, "addr:country": null, "projet:ogpci": null, "health_facility:type": null, "wheelchair": null, "full_name": null, "health_facility:CI": null, "project:anr_cohesion_bouake": null, "wikidata": null, "wikipedia": null, "wikimedia_commons": null, "note": null, "source:imagery": null, "designation": null, "addr:housename": null, "addr:state": null, "internet_access": null, "is_in": null, "check_date": null, "elevator": null, "building:levels": null, "old_name": null, "official_name": null, "operator:wikidata": null, "operator:wikipedia": null, "projet:eboci": null, "contact:website": null, "name:ur": null, "nat_name": null, "type": null }, "geometry": { "type": "Point", "coordinates": [ -7.7794207, 7.2702637 ] } },
{ "type": "Feature", "properties": { "element": "node", "id": "11155792331", "amenity": "hospital", "healthcare": "hospital", "name": "Clinique medicale", "source": null, "operational_status": null, "operator": null, "addr:suburb": null, "contact:email": null, "contact:mobile": null, "contact:phone": null, "opening_hours": null, "operator:type": null, "project:geoloc_unicef": null, "project:geoloc_unicef:id": null, "source:date": null, "short_name": null, "addr:street": null, "name:en": null, "website": null, "healthcare:speciality": null, "fixme": null, "phone": null, "office": null, "addr:city": null, "addr:postcode": null, "name:fr": null, "email": null, "emergency": null, "alt_name": null, "fax": null, "fid": null, "project:opencities_abidjan": null, "addr:housenumber": null, "barrier": null, "building": null, "layer": null, "description": null, "start_date": null, "addr:country": null, "projet:ogpci": null, "health_facility:type": null, "wheelchair": null, "full_name": null, "health_facility:CI": null, "project:anr_cohesion_bouake": null, "wikidata": null, "wikipedia": null, "wikimedia_commons": null, "note": null, "source:imagery": null, "designation": null, "addr:housename": null, "addr:state": null, "internet_access": null, "is_in": null, "check_date": null, "elevator": null, "building:levels": null, "old_name": null, "official_name": null, "operator:wikidata": null, "operator:wikipedia": null, "projet:eboci": null, "contact:website": null, "name:ur": null, "nat_name": null, "type": null }, "geometry": { "type": "Point", "coordinates": [ -4.0057913, 5.3892526 ] } },
{ "type": "Feature", "properties": { "element": "node", "id": "11155843832", "amenity": "hospital", "healthcare": "hospital", "name": "Centre anti tuberculeux HMA", "source": null, "operational_status": null, "operator": null, "addr:suburb": null, "contact:email": null, "contact:mobile": null, "contact:phone": null, "opening_hours": null, "operator:type": null, "project:geoloc_unicef": null, "project:geoloc_unicef:id": null, "source:date": null, "short_name": null, "addr:street": null, "name:en": null, "website": null, "healthcare:speciality": null, "fixme": null, "phone": null, "office": null, "addr:city": null, "addr:postcode": null, "name:fr": null, "email": null, "emergency": null, "alt_name": null, "fax": null, "fid": null, "project:opencities_abidjan": null, "addr:housenumber": null, "barrier": null, "building": null, "layer": null, "description": null, "start_date": null, "addr:country": null, "projet:ogpci": null, "health_facility:type": null, "wheelchair": null, "full_name": null, "health_facility:CI": null, "project:anr_cohesion_bouake": null, "wikidata": null, "wikipedia": null, "wikimedia_commons": null, "note": null, "source:imagery": null, "designation": null, "addr:housename": null, "addr:state": null, "internet_access": null, "is_in": null, "check_date": null, "elevator": null, "building:levels": null, "old_name": null, "official_name": null, "operator:wikidata": null, "operator:wikipedia": null, "projet:eboci": null, "contact:website": null, "name:ur": null, "nat_name": null, "type": null }, "geometry": { "type": "Point", "coordinates": [ -4.0077429, 5.3799473 ] } },
{ "type": "Feature", "properties": { "element": "node", "id": "11169706947", "amenity": "hospital", "healthcare": "hospital", "name": "Centre de santé rural", "source": null, "operational_status": null, "operator": null, "addr:suburb": null, "contact:email": null, "contact:mobile": null, "contact:phone": null, "opening_hours": null, "operator:type": null, "project:geoloc_unicef": null, "project:geoloc_unicef:id": null, "source:date": null, "short_name": null, "addr:street": null, "name:en": null, "website": null, "healthcare:speciality": null, "fixme": null, "phone": null, "office": null, "addr:city": null, "addr:postcode": null, "name:fr": null, "email": null, "emergency": null, "alt_name": null, "fax": null, "fid": null, "project:opencities_abidjan": null, "addr:housenumber": null, "barrier": null, "building": null, "layer": null, "description": null, "start_date": null, "addr:country": null, "projet:ogpci": null, "health_facility:type": null, "wheelchair": null, "full_name": null, "health_facility:CI": null, "project:anr_cohesion_bouake": null, "wikidata": null, "wikipedia": null, "wikimedia_commons": null, "note": null, "source:imagery": null, "designation": null, "addr:housename": null, "addr:state": null, "internet_access": null, "is_in": null, "check_date": null, "elevator": null, "building:levels": null, "old_name": null, "official_name": null, "operator:wikidata": null, "operator:wikipedia": null, "projet:eboci": null, "contact:website": null, "name:ur": null, "nat_name": null, "type": null }, "geometry": { "type": "Point", "coordinates": [ -7.6017686, 7.664297 ] } },
{ "type": "Feature", "properties": { "element": "node", "id": "11169808757", "amenity": "hospital", "healthcare": "hospital", "name": "Centre de santé rurale de Sran Bondossou", "source": null, "operational_status": null, "operator": null, "addr:suburb": null, "contact:email": null, "contact:mobile": null, "contact:phone": null, "opening_hours": "Mo-Su 08:00-18:00", "operator:type": null, "project:geoloc_unicef": null, "project:geoloc_unicef:id": null, "source:date": null, "short_name": null, "addr:street": null, "name:en": null, "website": null, "healthcare:speciality": null, "fixme": null, "phone": null, "office": null, "addr:city": null, "addr:postcode": null, "name:fr": null, "email": null, "emergency": null, "alt_name": null, "fax": null, "fid": null, "project:opencities_abidjan": null, "addr:housenumber": null, "barrier": null, "building": null, "layer": null, "description": null, "start_date": null, "addr:country": null, "projet:ogpci": null, "health_facility:type": null, "wheelchair": null, "full_name": null, "health_facility:CI": null, "project:anr_cohesion_bouake": null, "wikidata": null, "wikipedia": null, "wikimedia_commons": null, "note": null, "source:imagery": null, "designation": null, "addr:housename": null, "addr:state": null, "internet_access": null, "is_in": null, "check_date": null, "elevator": null, "building:levels": null, "old_name": null, "official_name": null, "operator:wikidata": null, "operator:wikipedia": null, "projet:eboci": null, "contact:website": null, "name:ur": null, "nat_name": null, "type": null }, "geometry": { "type": "Point", "coordinates": [ -5.5917772, 7.3788619 ] } },
{ "type": "Feature", "properties": { "element": "node", "id": "11169830120", "amenity": "hospital", "healthcare": "hospital", "name": "Centre de santé rurale de Sran Belakro", "source": null, "operational_status": null, "operator": null, "addr:suburb": null, "contact:email": null, "contact:mobile": null, "contact:phone": null, "opening_hours": "Mo-Su 08:00-16:00", "operator:type": null, "project:geoloc_unicef": null, "project:geoloc_unicef:id": null, "source:date": null, "short_name": null, "addr:street": null, "name:en": null, "website": null, "healthcare:speciality": null, "fixme": null, "phone": null, "office": null, "addr:city": null, "addr:postcode": null, "name:fr": null, "email": null, "emergency": null, "alt_name": null, "fax": null, "fid": null, "project:opencities_abidjan": null, "addr:housenumber": null, "barrier": null, "building": null, "layer": null, "description": null, "start_date": null, "addr:country": null, "projet:ogpci": null, "health_facility:type": null, "wheelchair": null, "full_name": null, "health_facility:CI": null, "project:anr_cohesion_bouake": null, "wikidata": null, "wikipedia": null, "wikimedia_commons": null, "note": null, "source:imagery": null, "designation": null, "addr:housename": null, "addr:state": null, "internet_access": null, "is_in": null, "check_date": null, "elevator": null, "building:levels": null, "old_name": null, "official_name": null, "operator:wikidata": null, "operator:wikipedia": null, "projet:eboci": null, "contact:website": null, "name:ur": null, "nat_name": null, "type": null }, "geometry": { "type": "Point", "coordinates": [ -5.5898407, 7.3537635 ] } },
{ "type": "Feature", "properties": { "element": "node", "id": "11170277197", "amenity": "hospital", "healthcare": "hospital", "name": "Dispensaire sokourala", "source": null, "operational_status": null, "operator": null, "addr:suburb": null, "contact:email": null, "contact:mobile": null, "contact:phone": null, "opening_hours": null, "operator:type": null, "project:geoloc_unicef": null, "project:geoloc_unicef:id": null, "source:date": null, "short_name": null, "addr:street": null, "name:en": null, "website": null, "healthcare:speciality": null, "fixme": null, "phone": null, "office": null, "addr:city": null, "addr:postcode": null, "name:fr": null, "email": null, "emergency": null, "alt_name": null, "fax": null, "fid": null, "project:opencities_abidjan": null, "addr:housenumber": null, "barrier": null, "building": null, "layer": null, "description": null, "start_date": null, "addr:country": null, "projet:ogpci": null, "health_facility:type": null, "wheelchair": null, "full_name": null, "health_facility:CI": null, "project:anr_cohesion_bouake": null, "wikidata": null, "wikipedia": null, "wikimedia_commons": null, "note": null, "source:imagery": null, "designation": null, "addr:housename": null, "addr:state": null, "internet_access": null, "is_in": null, "check_date": null, "elevator": null, "building:levels": null, "old_name": null, "official_name": null, "operator:wikidata": null, "operator:wikipedia": null, "projet:eboci": null, "contact:website": null, "name:ur": null, "nat_name": null, "type": null }, "geometry": { "type": "Point", "coordinates": [ -7.7595485, 7.8440674 ] } },
{ "type": "Feature", "properties": { "element": "node", "id": "11193175154", "amenity": "hospital", "healthcare": "hospital", "name": "Centre de santé urbain de nidrou", "source": null, "operational_status": null, "operator": null, "addr:suburb": null, "contact:email": null, "contact:mobile": null, "contact:phone": null, "opening_hours": null, "operator:type": null, "project:geoloc_unicef": null, "project:geoloc_unicef:id": null, "source:date": null, "short_name": null, "addr:street": null, "name:en": null, "website": null, "healthcare:speciality": null, "fixme": null, "phone": null, "office": null, "addr:city": null, "addr:postcode": null, "name:fr": null, "email": null, "emergency": null, "alt_name": null, "fax": null, "fid": null, "project:opencities_abidjan": null, "addr:housenumber": null, "barrier": null, "building": null, "layer": null, "description": null, "start_date": null, "addr:country": null, "projet:ogpci": null, "health_facility:type": null, "wheelchair": null, "full_name": null, "health_facility:CI": null, "project:anr_cohesion_bouake": null, "wikidata": null, "wikipedia": null, "wikimedia_commons": null, "note": null, "source:imagery": null, "designation": null, "addr:housename": null, "addr:state": null, "internet_access": null, "is_in": null, "check_date": null, "elevator": null, "building:levels": null, "old_name": null, "official_name": null, "operator:wikidata": null, "operator:wikipedia": null, "projet:eboci": null, "contact:website": null, "name:ur": null, "nat_name": null, "type": null }, "geometry": { "type": "Point", "coordinates": [ -7.4515357, 7.2940874 ] } },
{ "type": "Feature", "properties": { "element": "node", "id": "11193827457", "amenity": "hospital", "healthcare": "hospital", "name": "Centre Médical Elohim", "source": null, "operational_status": null, "operator": null, "addr:suburb": null, "contact:email": null, "contact:mobile": null, "contact:phone": null, "opening_hours": null, "operator:type": null, "project:geoloc_unicef": null, "project:geoloc_unicef:id": null, "source:date": null, "short_name": null, "addr:street": null, "name:en": null, "website": null, "healthcare:speciality": null, "fixme": null, "phone": null, "office": null, "addr:city": null, "addr:postcode": null, "name:fr": null, "email": null, "emergency": null, "alt_name": null, "fax": null, "fid": null, "project:opencities_abidjan": null, "addr:housenumber": null, "barrier": null, "building": null, "layer": null, "description": null, "start_date": null, "addr:country": null, "projet:ogpci": null, "health_facility:type": null, "wheelchair": null, "full_name": null, "health_facility:CI": null, "project:anr_cohesion_bouake": null, "wikidata": null, "wikipedia": null, "wikimedia_commons": null, "note": null, "source:imagery": null, "designation": null, "addr:housename": null, "addr:state": null, "internet_access": null, "is_in": null, "check_date": null, "elevator": null, "building:levels": null, "old_name": null, "official_name": null, "operator:wikidata": null, "operator:wikipedia": null, "projet:eboci": null, "contact:website": null, "name:ur": null, "nat_name": null, "type": null }, "geometry": { "type": "Point", "coordinates": [ -3.5081807, 6.7300868 ] } },
{ "type": "Feature", "properties": { "element": "node", "id": "11194602608", "amenity": "hospital", "healthcare": "hospital", "name": "Centre de santé urbain de Totrodrou", "source": null, "operational_status": null, "operator": null, "addr:suburb": null, "contact:email": null, "contact:mobile": null, "contact:phone": null, "opening_hours": null, "operator:type": null, "project:geoloc_unicef": null, "project:geoloc_unicef:id": null, "source:date": null, "short_name": null, "addr:street": null, "name:en": null, "website": null, "healthcare:speciality": null, "fixme": null, "phone": null, "office": null, "addr:city": null, "addr:postcode": null, "name:fr": null, "email": null, "emergency": null, "alt_name": null, "fax": null, "fid": null, "project:opencities_abidjan": null, "addr:housenumber": null, "barrier": null, "building": null, "layer": null, "description": null, "start_date": null, "addr:country": null, "projet:ogpci": null, "health_facility:type": null, "wheelchair": null, "full_name": null, "health_facility:CI": null, "project:anr_cohesion_bouake": null, "wikidata": null, "wikipedia": null, "wikimedia_commons": null, "note": null, "source:imagery": null, "designation": null, "addr:housename": null, "addr:state": null, "internet_access": null, "is_in": null, "check_date": null, "elevator": null, "building:levels": null, "old_name": null, "official_name": null, "operator:wikidata": null, "operator:wikipedia": null, "projet:eboci": null, "contact:website": null, "name:ur": null, "nat_name": null, "type": null }, "geometry": { "type": "Point", "coordinates": [ -7.3846324, 7.2902755 ] } },
{ "type": "Feature", "properties": { "element": "node", "id": "11195703749", "amenity": "hospital", "healthcare": "hospital", "name": "Cité Medical La Roseraie", "source": null, "operational_status": null, "operator": null, "addr:suburb": null, "contact:email": null, "contact:mobile": null, "contact:phone": null, "opening_hours": null, "operator:type": null, "project:geoloc_unicef": null, "project:geoloc_unicef:id": null, "source:date": null, "short_name": null, "addr:street": null, "name:en": null, "website": null, "healthcare:speciality": null, "fixme": null, "phone": null, "office": null, "addr:city": null, "addr:postcode": null, "name:fr": null, "email": null, "emergency": null, "alt_name": null, "fax": null, "fid": null, "project:opencities_abidjan": null, "addr:housenumber": null, "barrier": null, "building": null, "layer": null, "description": null, "start_date": null, "addr:country": null, "projet:ogpci": null, "health_facility:type": null, "wheelchair": null, "full_name": null, "health_facility:CI": null, "project:anr_cohesion_bouake": null, "wikidata": null, "wikipedia": null, "wikimedia_commons": null, "note": null, "source:imagery": null, "designation": null, "addr:housename": null, "addr:state": null, "internet_access": null, "is_in": null, "check_date": null, "elevator": null, "building:levels": null, "old_name": null, "official_name": null, "operator:wikidata": null, "operator:wikipedia": null, "projet:eboci": null, "contact:website": null, "name:ur": null, "nat_name": null, "type": null }, "geometry": { "type": "Point", "coordinates": [ -4.0261893, 5.4326052 ] } },
{ "type": "Feature", "properties": { "element": "node", "id": "11195880524", "amenity": "hospital", "healthcare": "hospital", "name": "Clinique Médicale de la Colombe", "source": null, "operational_status": null, "operator": null, "addr:suburb": null, "contact:email": null, "contact:mobile": null, "contact:phone": null, "opening_hours": null, "operator:type": null, "project:geoloc_unicef": null, "project:geoloc_unicef:id": null, "source:date": null, "short_name": null, "addr:street": null, "name:en": null, "website": null, "healthcare:speciality": null, "fixme": null, "phone": null, "office": null, "addr:city": null, "addr:postcode": null, "name:fr": null, "email": null, "emergency": null, "alt_name": null, "fax": null, "fid": null, "project:opencities_abidjan": null, "addr:housenumber": null, "barrier": null, "building": null, "layer": null, "description": null, "start_date": null, "addr:country": null, "projet:ogpci": null, "health_facility:type": null, "wheelchair": null, "full_name": null, "health_facility:CI": null, "project:anr_cohesion_bouake": null, "wikidata": null, "wikipedia": null, "wikimedia_commons": null, "note": null, "source:imagery": null, "designation": null, "addr:housename": null, "addr:state": null, "internet_access": null, "is_in": null, "check_date": null, "elevator": null, "building:levels": null, "old_name": null, "official_name": null, "operator:wikidata": null, "operator:wikipedia": null, "projet:eboci": null, "contact:website": null, "name:ur": null, "nat_name": null, "type": null }, "geometry": { "type": "Point", "coordinates": [ -3.9870121, 5.3829786 ] } },
{ "type": "Feature", "properties": { "element": "node", "id": "11381899400", "amenity": "hospital", "healthcare": "hospital", "name": "Dispensaire", "source": null, "operational_status": null, "operator": null, "addr:suburb": null, "contact:email": null, "contact:mobile": null, "contact:phone": null, "opening_hours": null, "operator:type": null, "project:geoloc_unicef": null, "project:geoloc_unicef:id": null, "source:date": null, "short_name": null, "addr:street": null, "name:en": null, "website": null, "healthcare:speciality": null, "fixme": null, "phone": null, "office": null, "addr:city": null, "addr:postcode": null, "name:fr": null, "email": null, "emergency": null, "alt_name": null, "fax": null, "fid": null, "project:opencities_abidjan": null, "addr:housenumber": null, "barrier": null, "building": null, "layer": null, "description": null, "start_date": null, "addr:country": null, "projet:ogpci": null, "health_facility:type": null, "wheelchair": null, "full_name": null, "health_facility:CI": null, "project:anr_cohesion_bouake": null, "wikidata": null, "wikipedia": null, "wikimedia_commons": null, "note": null, "source:imagery": null, "designation": null, "addr:housename": null, "addr:state": null, "internet_access": null, "is_in": null, "check_date": null, "elevator": null, "building:levels": null, "old_name": null, "official_name": null, "operator:wikidata": null, "operator:wikipedia": null, "projet:eboci": null, "contact:website": null, "name:ur": null, "nat_name": null, "type": null }, "geometry": { "type": "Point", "coordinates": [ -3.5138884, 5.281502 ] } },
{ "type": "Feature", "properties": { "element": "node", "id": "11507018469", "amenity": "hospital", "healthcare": "hospital", "name": "Hôpital Général De Biankouma", "source": null, "operational_status": null, "operator": null, "addr:suburb": null, "contact:email": null, "contact:mobile": null, "contact:phone": null, "opening_hours": null, "operator:type": null, "project:geoloc_unicef": null, "project:geoloc_unicef:id": null, "source:date": null, "short_name": null, "addr:street": null, "name:en": null, "website": null, "healthcare:speciality": null, "fixme": null, "phone": null, "office": null, "addr:city": null, "addr:postcode": null, "name:fr": null, "email": null, "emergency": null, "alt_name": null, "fax": null, "fid": null, "project:opencities_abidjan": null, "addr:housenumber": null, "barrier": null, "building": null, "layer": null, "description": null, "start_date": null, "addr:country": null, "projet:ogpci": null, "health_facility:type": null, "wheelchair": null, "full_name": null, "health_facility:CI": null, "project:anr_cohesion_bouake": null, "wikidata": null, "wikipedia": null, "wikimedia_commons": null, "note": null, "source:imagery": null, "designation": null, "addr:housename": null, "addr:state": null, "internet_access": null, "is_in": null, "check_date": null, "elevator": null, "building:levels": null, "old_name": null, "official_name": null, "operator:wikidata": null, "operator:wikipedia": null, "projet:eboci": null, "contact:website": null, "name:ur": null, "nat_name": null, "type": null }, "geometry": { "type": "Point", "coordinates": [ -7.6209868, 7.7492266 ] } },
{ "type": "Feature", "properties": { "element": "node", "id": "11594216070", "amenity": "hospital", "healthcare": "hospital", "name": "CSU COM NIANGON LOKOA", "source": null, "operational_status": null, "operator": null, "addr:suburb": null, "contact:email": null, "contact:mobile": null, "contact:phone": null, "opening_hours": null, "operator:type": null, "project:geoloc_unicef": null, "project:geoloc_unicef:id": null, "source:date": null, "short_name": null, "addr:street": null, "name:en": null, "website": null, "healthcare:speciality": null, "fixme": null, "phone": null, "office": null, "addr:city": null, "addr:postcode": null, "name:fr": null, "email": null, "emergency": null, "alt_name": null, "fax": null, "fid": null, "project:opencities_abidjan": null, "addr:housenumber": null, "barrier": null, "building": null, "layer": null, "description": null, "start_date": null, "addr:country": null, "projet:ogpci": null, "health_facility:type": null, "wheelchair": null, "full_name": null, "health_facility:CI": null, "project:anr_cohesion_bouake": null, "wikidata": null, "wikipedia": null, "wikimedia_commons": null, "note": null, "source:imagery": null, "designation": null, "addr:housename": null, "addr:state": null, "internet_access": null, "is_in": null, "check_date": null, "elevator": null, "building:levels": null, "old_name": null, "official_name": null, "operator:wikidata": null, "operator:wikipedia": null, "projet:eboci": null, "contact:website": null, "name:ur": null, "nat_name": null, "type": null }, "geometry": { "type": "Point", "coordinates": [ -4.1004492, 5.3154171 ] } },
{ "type": "Feature", "properties": { "element": "node", "id": "11594216169", "amenity": "hospital", "healthcare": "hospital", "name": "CSU COM NIANGON LOKOA - DISPENSAIRE", "source": null, "operational_status": null, "operator": null, "addr:suburb": null, "contact:email": null, "contact:mobile": null, "contact:phone": null, "opening_hours": null, "operator:type": null, "project:geoloc_unicef": null, "project:geoloc_unicef:id": null, "source:date": null, "short_name": null, "addr:street": null, "name:en": null, "website": null, "healthcare:speciality": null, "fixme": null, "phone": null, "office": null, "addr:city": null, "addr:postcode": null, "name:fr": null, "email": null, "emergency": null, "alt_name": null, "fax": null, "fid": null, "project:opencities_abidjan": null, "addr:housenumber": null, "barrier": null, "building": null, "layer": null, "description": null, "start_date": null, "addr:country": null, "projet:ogpci": null, "health_facility:type": null, "wheelchair": null, "full_name": null, "health_facility:CI": null, "project:anr_cohesion_bouake": null, "wikidata": null, "wikipedia": null, "wikimedia_commons": null, "note": null, "source:imagery": null, "designation": null, "addr:housename": null, "addr:state": null, "internet_access": null, "is_in": null, "check_date": null, "elevator": null, "building:levels": null, "old_name": null, "official_name": null, "operator:wikidata": null, "operator:wikipedia": null, "projet:eboci": null, "contact:website": null, "name:ur": null, "nat_name": null, "type": null }, "geometry": { "type": "Point", "coordinates": [ -4.1000519, 5.3153317 ] } },
{ "type": "Feature", "properties": { "element": "node", "id": "11668592020", "amenity": "hospital", "healthcare": "hospital", "name": "Centre de Santé de Mahio", "source": null, "operational_status": null, "operator": null, "addr:suburb": null, "contact:email": null, "contact:mobile": null, "contact:phone": null, "opening_hours": null, "operator:type": null, "project:geoloc_unicef": null, "project:geoloc_unicef:id": null, "source:date": null, "short_name": null, "addr:street": null, "name:en": null, "website": null, "healthcare:speciality": null, "fixme": null, "phone": null, "office": null, "addr:city": null, "addr:postcode": null, "name:fr": null, "email": null, "emergency": null, "alt_name": null, "fax": null, "fid": null, "project:opencities_abidjan": null, "addr:housenumber": null, "barrier": null, "building": null, "layer": null, "description": null, "start_date": null, "addr:country": null, "projet:ogpci": null, "health_facility:type": null, "wheelchair": null, "full_name": null, "health_facility:CI": null, "project:anr_cohesion_bouake": null, "wikidata": null, "wikipedia": null, "wikimedia_commons": null, "note": null, "source:imagery": null, "designation": null, "addr:housename": null, "addr:state": null, "internet_access": null, "is_in": null, "check_date": null, "elevator": null, "building:levels": null, "old_name": null, "official_name": null, "operator:wikidata": null, "operator:wikipedia": null, "projet:eboci": null, "contact:website": null, "name:ur": null, "nat_name": null, "type": null }, "geometry": { "type": "Point", "coordinates": [ -7.4165621, 5.1108124 ] } },
{ "type": "Feature", "properties": { "element": "node", "id": "11668592023", "amenity": "hospital", "healthcare": "hospital", "name": "Centre de Santé de Youkou", "source": null, "operational_status": null, "operator": null, "addr:suburb": null, "contact:email": null, "contact:mobile": null, "contact:phone": null, "opening_hours": null, "operator:type": null, "project:geoloc_unicef": null, "project:geoloc_unicef:id": null, "source:date": null, "short_name": null, "addr:street": null, "name:en": null, "website": null, "healthcare:speciality": null, "fixme": null, "phone": null, "office": null, "addr:city": null, "addr:postcode": null, "name:fr": null, "email": null, "emergency": null, "alt_name": null, "fax": null, "fid": null, "project:opencities_abidjan": null, "addr:housenumber": null, "barrier": null, "building": null, "layer": null, "description": null, "start_date": null, "addr:country": null, "projet:ogpci": null, "health_facility:type": null, "wheelchair": null, "full_name": null, "health_facility:CI": null, "project:anr_cohesion_bouake": null, "wikidata": null, "wikipedia": null, "wikimedia_commons": null, "note": null, "source:imagery": null, "designation": null, "addr:housename": null, "addr:state": null, "internet_access": null, "is_in": null, "check_date": null, "elevator": null, "building:levels": null, "old_name": null, "official_name": null, "operator:wikidata": null, "operator:wikipedia": null, "projet:eboci": null, "contact:website": null, "name:ur": null, "nat_name": null, "type": null }, "geometry": { "type": "Point", "coordinates": [ -7.313572, 5.2762479 ] } },
{ "type": "Feature", "properties": { "element": "node", "id": "11669067503", "amenity": "hospital", "healthcare": "hospital", "name": "Centre de Santé Rural d'Olodio", "source": null, "operational_status": null, "operator": null, "addr:suburb": null, "contact:email": null, "contact:mobile": null, "contact:phone": null, "opening_hours": null, "operator:type": null, "project:geoloc_unicef": null, "project:geoloc_unicef:id": null, "source:date": null, "short_name": null, "addr:street": null, "name:en": null, "website": null, "healthcare:speciality": null, "fixme": null, "phone": null, "office": null, "addr:city": null, "addr:postcode": null, "name:fr": null, "email": null, "emergency": null, "alt_name": null, "fax": null, "fid": null, "project:opencities_abidjan": null, "addr:housenumber": null, "barrier": null, "building": null, "layer": null, "description": null, "start_date": null, "addr:country": null, "projet:ogpci": null, "health_facility:type": null, "wheelchair": null, "full_name": null, "health_facility:CI": null, "project:anr_cohesion_bouake": null, "wikidata": null, "wikipedia": null, "wikimedia_commons": null, "note": null, "source:imagery": null, "designation": null, "addr:housename": null, "addr:state": null, "internet_access": null, "is_in": null, "check_date": null, "elevator": null, "building:levels": null, "old_name": null, "official_name": null, "operator:wikidata": null, "operator:wikipedia": null, "projet:eboci": null, "contact:website": null, "name:ur": null, "nat_name": null, "type": null }, "geometry": { "type": "Point", "coordinates": [ -7.4693255, 4.7145744 ] } },
{ "type": "Feature", "properties": { "element": "node", "id": "11766219680", "amenity": "hospital", "healthcare": "hospital", "name": "Hôpital de tanda", "source": null, "operational_status": null, "operator": null, "addr:suburb": null, "contact:email": null, "contact:mobile": null, "contact:phone": null, "opening_hours": null, "operator:type": null, "project:geoloc_unicef": null, "project:geoloc_unicef:id": null, "source:date": null, "short_name": null, "addr:street": null, "name:en": null, "website": null, "healthcare:speciality": null, "fixme": null, "phone": null, "office": null, "addr:city": null, "addr:postcode": null, "name:fr": null, "email": null, "emergency": null, "alt_name": null, "fax": null, "fid": null, "project:opencities_abidjan": null, "addr:housenumber": null, "barrier": null, "building": null, "layer": null, "description": null, "start_date": null, "addr:country": null, "projet:ogpci": null, "health_facility:type": null, "wheelchair": null, "full_name": null, "health_facility:CI": null, "project:anr_cohesion_bouake": null, "wikidata": null, "wikipedia": null, "wikimedia_commons": null, "note": null, "source:imagery": null, "designation": null, "addr:housename": null, "addr:state": null, "internet_access": null, "is_in": null, "check_date": null, "elevator": null, "building:levels": null, "old_name": null, "official_name": null, "operator:wikidata": null, "operator:wikipedia": null, "projet:eboci": null, "contact:website": null, "name:ur": null, "nat_name": null, "type": null }, "geometry": { "type": "Point", "coordinates": [ -3.1718171, 7.7991764 ] } },
{ "type": "Feature", "properties": { "element": "node", "id": "11768630764", "amenity": "hospital", "healthcare": "hospital", "name": "Centre de Santé Bonzi", "source": null, "operational_status": null, "operator": null, "addr:suburb": null, "contact:email": null, "contact:mobile": null, "contact:phone": null, "opening_hours": null, "operator:type": null, "project:geoloc_unicef": null, "project:geoloc_unicef:id": null, "source:date": null, "short_name": null, "addr:street": null, "name:en": null, "website": null, "healthcare:speciality": null, "fixme": null, "phone": null, "office": null, "addr:city": null, "addr:postcode": null, "name:fr": null, "email": null, "emergency": null, "alt_name": null, "fax": null, "fid": null, "project:opencities_abidjan": null, "addr:housenumber": null, "barrier": null, "building": null, "layer": null, "description": null, "start_date": null, "addr:country": null, "projet:ogpci": null, "health_facility:type": null, "wheelchair": null, "full_name": null, "health_facility:CI": null, "project:anr_cohesion_bouake": null, "wikidata": null, "wikipedia": null, "wikimedia_commons": null, "note": null, "source:imagery": null, "designation": null, "addr:housename": null, "addr:state": null, "internet_access": null, "is_in": null, "check_date": null, "elevator": null, "building:levels": null, "old_name": null, "official_name": null, "operator:wikidata": null, "operator:wikipedia": null, "projet:eboci": null, "contact:website": null, "name:ur": null, "nat_name": null, "type": null }, "geometry": { "type": "Point", "coordinates": [ -5.3372803, 6.8360827 ] } },
{ "type": "Feature", "properties": { "element": "node", "id": "11804257747", "amenity": "hospital", "healthcare": "hospital", "name": "Centre de santé des armées", "source": null, "operational_status": null, "operator": null, "addr:suburb": null, "contact:email": null, "contact:mobile": null, "contact:phone": null, "opening_hours": null, "operator:type": null, "project:geoloc_unicef": null, "project:geoloc_unicef:id": null, "source:date": null, "short_name": null, "addr:street": null, "name:en": null, "website": null, "healthcare:speciality": null, "fixme": null, "phone": null, "office": null, "addr:city": null, "addr:postcode": null, "name:fr": null, "email": null, "emergency": null, "alt_name": null, "fax": null, "fid": null, "project:opencities_abidjan": null, "addr:housenumber": null, "barrier": null, "building": null, "layer": null, "description": null, "start_date": null, "addr:country": null, "projet:ogpci": null, "health_facility:type": null, "wheelchair": null, "full_name": null, "health_facility:CI": null, "project:anr_cohesion_bouake": null, "wikidata": null, "wikipedia": null, "wikimedia_commons": null, "note": null, "source:imagery": null, "designation": null, "addr:housename": null, "addr:state": null, "internet_access": null, "is_in": null, "check_date": null, "elevator": null, "building:levels": null, "old_name": null, "official_name": null, "operator:wikidata": null, "operator:wikipedia": null, "projet:eboci": null, "contact:website": null, "name:ur": null, "nat_name": null, "type": null }, "geometry": { "type": "Point", "coordinates": [ -3.9639277, 7.0557647 ] } },
{ "type": "Feature", "properties": { "element": "node", "id": "11853406570", "amenity": "hospital", "healthcare": "hospital", "name": "CHU de Séguéla", "source": null, "operational_status": null, "operator": null, "addr:suburb": null, "contact:email": null, "contact:mobile": null, "contact:phone": null, "opening_hours": null, "operator:type": null, "project:geoloc_unicef": null, "project:geoloc_unicef:id": null, "source:date": null, "short_name": null, "addr:street": null, "name:en": "Côte d'Ivoire", "website": null, "healthcare:speciality": null, "fixme": null, "phone": null, "office": null, "addr:city": null, "addr:postcode": null, "name:fr": null, "email": null, "emergency": null, "alt_name": null, "fax": null, "fid": null, "project:opencities_abidjan": null, "addr:housenumber": null, "barrier": null, "building": null, "layer": null, "description": null, "start_date": null, "addr:country": null, "projet:ogpci": null, "health_facility:type": null, "wheelchair": null, "full_name": null, "health_facility:CI": null, "project:anr_cohesion_bouake": null, "wikidata": null, "wikipedia": null, "wikimedia_commons": null, "note": null, "source:imagery": null, "designation": null, "addr:housename": null, "addr:state": null, "internet_access": null, "is_in": null, "check_date": null, "elevator": null, "building:levels": null, "old_name": null, "official_name": null, "operator:wikidata": null, "operator:wikipedia": null, "projet:eboci": null, "contact:website": null, "name:ur": null, "nat_name": null, "type": null }, "geometry": { "type": "Point", "coordinates": [ -6.6808984, 7.9578045 ] } },
{ "type": "Feature", "properties": { "element": "node", "id": "11938949694", "amenity": "hospital", "healthcare": "hospital", "name": "Centre de santé d'Adaou", "source": null, "operational_status": null, "operator": null, "addr:suburb": null, "contact:email": null, "contact:mobile": null, "contact:phone": null, "opening_hours": null, "operator:type": null, "project:geoloc_unicef": null, "project:geoloc_unicef:id": null, "source:date": null, "short_name": null, "addr:street": null, "name:en": null, "website": null, "healthcare:speciality": null, "fixme": null, "phone": null, "office": null, "addr:city": null, "addr:postcode": null, "name:fr": null, "email": null, "emergency": null, "alt_name": null, "fax": null, "fid": null, "project:opencities_abidjan": null, "addr:housenumber": null, "barrier": null, "building": null, "layer": null, "description": null, "start_date": null, "addr:country": null, "projet:ogpci": null, "health_facility:type": null, "wheelchair": null, "full_name": null, "health_facility:CI": null, "project:anr_cohesion_bouake": null, "wikidata": null, "wikipedia": null, "wikimedia_commons": null, "note": null, "source:imagery": null, "designation": null, "addr:housename": null, "addr:state": null, "internet_access": null, "is_in": null, "check_date": null, "elevator": null, "building:levels": null, "old_name": null, "official_name": null, "operator:wikidata": null, "operator:wikipedia": null, "projet:eboci": null, "contact:website": null, "name:ur": null, "nat_name": null, "type": null }, "geometry": { "type": "Point", "coordinates": [ -3.2666728, 5.4248962 ] } },
{ "type": "Feature", "properties": { "element": "node", "id": "11938950938", "amenity": "hospital", "healthcare": "hospital", "name": "Centre de santé de Babadougou", "source": null, "operational_status": null, "operator": null, "addr:suburb": null, "contact:email": null, "contact:mobile": null, "contact:phone": null, "opening_hours": null, "operator:type": null, "project:geoloc_unicef": null, "project:geoloc_unicef:id": null, "source:date": null, "short_name": null, "addr:street": null, "name:en": null, "website": null, "healthcare:speciality": null, "fixme": null, "phone": null, "office": null, "addr:city": null, "addr:postcode": null, "name:fr": null, "email": null, "emergency": null, "alt_name": null, "fax": null, "fid": null, "project:opencities_abidjan": null, "addr:housenumber": null, "barrier": null, "building": null, "layer": null, "description": null, "start_date": null, "addr:country": null, "projet:ogpci": null, "health_facility:type": null, "wheelchair": null, "full_name": null, "health_facility:CI": null, "project:anr_cohesion_bouake": null, "wikidata": null, "wikipedia": null, "wikimedia_commons": null, "note": null, "source:imagery": null, "designation": null, "addr:housename": null, "addr:state": null, "internet_access": null, "is_in": null, "check_date": null, "elevator": null, "building:levels": null, "old_name": null, "official_name": null, "operator:wikidata": null, "operator:wikipedia": null, "projet:eboci": null, "contact:website": null, "name:ur": null, "nat_name": null, "type": null }, "geometry": { "type": "Point", "coordinates": [ -3.3508021, 5.4102859 ] } },
{ "type": "Feature", "properties": { "element": "node", "id": "11938960181", "amenity": "hospital", "healthcare": "hospital", "name": "Centre de santé rural de N'Zikro", "source": null, "operational_status": null, "operator": null, "addr:suburb": null, "contact:email": null, "contact:mobile": null, "contact:phone": null, "opening_hours": null, "operator:type": null, "project:geoloc_unicef": null, "project:geoloc_unicef:id": null, "source:date": null, "short_name": null, "addr:street": null, "name:en": null, "website": null, "healthcare:speciality": null, "fixme": null, "phone": null, "office": null, "addr:city": null, "addr:postcode": null, "name:fr": null, "email": null, "emergency": null, "alt_name": null, "fax": null, "fid": null, "project:opencities_abidjan": null, "addr:housenumber": null, "barrier": null, "building": null, "layer": null, "description": null, "start_date": null, "addr:country": null, "projet:ogpci": null, "health_facility:type": null, "wheelchair": null, "full_name": null, "health_facility:CI": null, "project:anr_cohesion_bouake": null, "wikidata": null, "wikipedia": null, "wikimedia_commons": null, "note": null, "source:imagery": null, "designation": null, "addr:housename": null, "addr:state": null, "internet_access": null, "is_in": null, "check_date": null, "elevator": null, "building:levels": null, "old_name": null, "official_name": null, "operator:wikidata": null, "operator:wikipedia": null, "projet:eboci": null, "contact:website": null, "name:ur": null, "nat_name": null, "type": null }, "geometry": { "type": "Point", "coordinates": [ -3.3971386, 5.3938776 ] } },
{ "type": "Feature", "properties": { "element": "node", "id": "12006442873", "amenity": "hospital", "healthcare": "hospital", "name": null, "source": null, "operational_status": null, "operator": null, "addr:suburb": null, "contact:email": null, "contact:mobile": null, "contact:phone": null, "opening_hours": null, "operator:type": null, "project:geoloc_unicef": null, "project:geoloc_unicef:id": null, "source:date": null, "short_name": null, "addr:street": null, "name:en": null, "website": null, "healthcare:speciality": null, "fixme": null, "phone": null, "office": null, "addr:city": null, "addr:postcode": null, "name:fr": null, "email": null, "emergency": null, "alt_name": null, "fax": null, "fid": null, "project:opencities_abidjan": null, "addr:housenumber": null, "barrier": null, "building": null, "layer": null, "description": null, "start_date": null, "addr:country": null, "projet:ogpci": null, "health_facility:type": null, "wheelchair": null, "full_name": null, "health_facility:CI": null, "project:anr_cohesion_bouake": null, "wikidata": null, "wikipedia": null, "wikimedia_commons": null, "note": null, "source:imagery": null, "designation": null, "addr:housename": null, "addr:state": null, "internet_access": null, "is_in": null, "check_date": null, "elevator": null, "building:levels": null, "old_name": null, "official_name": null, "operator:wikidata": null, "operator:wikipedia": null, "projet:eboci": null, "contact:website": null, "name:ur": null, "nat_name": null, "type": null }, "geometry": { "type": "Point", "coordinates": [ -4.2157437, 5.9302395 ] } },
{ "type": "Feature", "properties": { "element": "node", "id": "12304459966", "amenity": "hospital", "healthcare": "hospital", "name": "Centre de santé urbain (CSI-U) de Lolobo", "source": null, "operational_status": null, "operator": null, "addr:suburb": null, "contact:email": null, "contact:mobile": null, "contact:phone": null, "opening_hours": null, "operator:type": null, "project:geoloc_unicef": null, "project:geoloc_unicef:id": null, "source:date": null, "short_name": null, "addr:street": null, "name:en": null, "website": null, "healthcare:speciality": null, "fixme": null, "phone": null, "office": null, "addr:city": null, "addr:postcode": null, "name:fr": null, "email": null, "emergency": null, "alt_name": null, "fax": null, "fid": null, "project:opencities_abidjan": null, "addr:housenumber": null, "barrier": null, "building": null, "layer": null, "description": null, "start_date": null, "addr:country": null, "projet:ogpci": null, "health_facility:type": null, "wheelchair": null, "full_name": null, "health_facility:CI": null, "project:anr_cohesion_bouake": null, "wikidata": null, "wikipedia": null, "wikimedia_commons": null, "note": null, "source:imagery": null, "designation": null, "addr:housename": null, "addr:state": null, "internet_access": null, "is_in": null, "check_date": null, "elevator": null, "building:levels": null, "old_name": null, "official_name": null, "operator:wikidata": null, "operator:wikipedia": null, "projet:eboci": null, "contact:website": null, "name:ur": null, "nat_name": null, "type": null }, "geometry": { "type": "Point", "coordinates": [ -5.3927745, 7.7732204 ] } },
{ "type": "Feature", "properties": { "element": "node", "id": "12472749301", "amenity": "hospital", "healthcare": null, "name": "Hôpital", "source": null, "operational_status": null, "operator": null, "addr:suburb": null, "contact:email": null, "contact:mobile": null, "contact:phone": null, "opening_hours": null, "operator:type": null, "project:geoloc_unicef": null, "project:geoloc_unicef:id": null, "source:date": null, "short_name": null, "addr:street": null, "name:en": null, "website": null, "healthcare:speciality": null, "fixme": null, "phone": null, "office": null, "addr:city": null, "addr:postcode": null, "name:fr": null, "email": null, "emergency": null, "alt_name": null, "fax": null, "fid": null, "project:opencities_abidjan": null, "addr:housenumber": null, "barrier": null, "building": null, "layer": null, "description": null, "start_date": null, "addr:country": null, "projet:ogpci": null, "health_facility:type": null, "wheelchair": null, "full_name": null, "health_facility:CI": null, "project:anr_cohesion_bouake": null, "wikidata": null, "wikipedia": null, "wikimedia_commons": null, "note": null, "source:imagery": null, "designation": null, "addr:housename": null, "addr:state": null, "internet_access": null, "is_in": null, "check_date": null, "elevator": null, "building:levels": null, "old_name": null, "official_name": null, "operator:wikidata": null, "operator:wikipedia": null, "projet:eboci": null, "contact:website": null, "name:ur": null, "nat_name": null, "type": null }, "geometry": { "type": "Point", "coordinates": [ -3.4467669, 6.3272377 ] } },
{ "type": "Feature", "properties": { "element": "node", "id": "12473998903", "amenity": "hospital", "healthcare": null, "name": "Centre de santé de Bokakokoré", "source": null, "operational_status": null, "operator": null, "addr:suburb": null, "contact:email": null, "contact:mobile": null, "contact:phone": null, "opening_hours": null, "operator:type": null, "project:geoloc_unicef": null, "project:geoloc_unicef:id": null, "source:date": null, "short_name": null, "addr:street": null, "name:en": null, "website": null, "healthcare:speciality": null, "fixme": null, "phone": null, "office": null, "addr:city": null, "addr:postcode": null, "name:fr": null, "email": null, "emergency": null, "alt_name": null, "fax": null, "fid": null, "project:opencities_abidjan": null, "addr:housenumber": null, "barrier": null, "building": null, "layer": null, "description": null, "start_date": null, "addr:country": null, "projet:ogpci": null, "health_facility:type": null, "wheelchair": null, "full_name": null, "health_facility:CI": null, "project:anr_cohesion_bouake": null, "wikidata": null, "wikipedia": null, "wikimedia_commons": null, "note": null, "source:imagery": null, "designation": null, "addr:housename": null, "addr:state": null, "internet_access": null, "is_in": null, "check_date": null, "elevator": null, "building:levels": null, "old_name": null, "official_name": null, "operator:wikidata": null, "operator:wikipedia": null, "projet:eboci": null, "contact:website": null, "name:ur": null, "nat_name": null, "type": null }, "geometry": { "type": "Point", "coordinates": [ -3.3895982, 6.4534713 ] } },
{ "type": "Feature", "properties": { "element": "node", "id": "12474416102", "amenity": "hospital", "healthcare": null, "name": "Dispensaire de KOSSIHOUEN", "source": null, "operational_status": null, "operator": null, "addr:suburb": null, "contact:email": null, "contact:mobile": null, "contact:phone": null, "opening_hours": null, "operator:type": null, "project:geoloc_unicef": null, "project:geoloc_unicef:id": null, "source:date": null, "short_name": null, "addr:street": null, "name:en": null, "website": null, "healthcare:speciality": null, "fixme": null, "phone": null, "office": null, "addr:city": null, "addr:postcode": null, "name:fr": null, "email": null, "emergency": null, "alt_name": null, "fax": null, "fid": null, "project:opencities_abidjan": null, "addr:housenumber": null, "barrier": null, "building": null, "layer": null, "description": null, "start_date": null, "addr:country": null, "projet:ogpci": null, "health_facility:type": null, "wheelchair": null, "full_name": null, "health_facility:CI": null, "project:anr_cohesion_bouake": null, "wikidata": null, "wikipedia": null, "wikimedia_commons": null, "note": null, "source:imagery": null, "designation": null, "addr:housename": null, "addr:state": null, "internet_access": null, "is_in": null, "check_date": null, "elevator": null, "building:levels": null, "old_name": null, "official_name": null, "operator:wikidata": null, "operator:wikipedia": null, "projet:eboci": null, "contact:website": null, "name:ur": null, "nat_name": null, "type": null }, "geometry": { "type": "Point", "coordinates": [ -4.2884739, 5.5243309 ] } },
{ "type": "Feature", "properties": { "element": "node", "id": "12552437485", "amenity": "hospital", "healthcare": "hospital", "name": "Dépôt pharmaceutique de Brema", "source": null, "operational_status": null, "operator": null, "addr:suburb": null, "contact:email": null, "contact:mobile": null, "contact:phone": null, "opening_hours": null, "operator:type": null, "project:geoloc_unicef": null, "project:geoloc_unicef:id": null, "source:date": null, "short_name": null, "addr:street": null, "name:en": null, "website": null, "healthcare:speciality": null, "fixme": null, "phone": null, "office": null, "addr:city": null, "addr:postcode": null, "name:fr": null, "email": null, "emergency": null, "alt_name": null, "fax": null, "fid": null, "project:opencities_abidjan": null, "addr:housenumber": null, "barrier": null, "building": null, "layer": null, "description": null, "start_date": null, "addr:country": null, "projet:ogpci": null, "health_facility:type": null, "wheelchair": null, "full_name": null, "health_facility:CI": null, "project:anr_cohesion_bouake": null, "wikidata": null, "wikipedia": null, "wikimedia_commons": null, "note": null, "source:imagery": null, "designation": null, "addr:housename": null, "addr:state": null, "internet_access": null, "is_in": null, "check_date": null, "elevator": null, "building:levels": null, "old_name": null, "official_name": null, "operator:wikidata": null, "operator:wikipedia": null, "projet:eboci": null, "contact:website": null, "name:ur": null, "nat_name": null, "type": null }, "geometry": { "type": "Point", "coordinates": [ -6.7631576, 8.3955072 ] } },
{ "type": "Feature", "properties": { "element": "node", "id": "12552437486", "amenity": "hospital", "healthcare": "hospital", "name": "Dépôt pharmaceutique de Gbogolo", "source": null, "operational_status": null, "operator": null, "addr:suburb": null, "contact:email": null, "contact:mobile": null, "contact:phone": null, "opening_hours": null, "operator:type": null, "project:geoloc_unicef": null, "project:geoloc_unicef:id": null, "source:date": null, "short_name": null, "addr:street": null, "name:en": null, "website": null, "healthcare:speciality": null, "fixme": null, "phone": null, "office": null, "addr:city": null, "addr:postcode": null, "name:fr": null, "email": null, "emergency": null, "alt_name": null, "fax": null, "fid": null, "project:opencities_abidjan": null, "addr:housenumber": null, "barrier": null, "building": null, "layer": null, "description": null, "start_date": null, "addr:country": null, "projet:ogpci": null, "health_facility:type": null, "wheelchair": null, "full_name": null, "health_facility:CI": null, "project:anr_cohesion_bouake": null, "wikidata": null, "wikipedia": null, "wikimedia_commons": null, "note": null, "source:imagery": null, "designation": null, "addr:housename": null, "addr:state": null, "internet_access": null, "is_in": null, "check_date": null, "elevator": null, "building:levels": null, "old_name": null, "official_name": null, "operator:wikidata": null, "operator:wikipedia": null, "projet:eboci": null, "contact:website": null, "name:ur": null, "nat_name": null, "type": null }, "geometry": { "type": "Point", "coordinates": [ -6.4450083, 7.7947512 ] } },
{ "type": "Feature", "properties": { "element": "node", "id": "12706541812", "amenity": "hospital", "healthcare": "hospital", "name": "District Sanitaire de Boundiali", "source": null, "operational_status": null, "operator": null, "addr:suburb": null, "contact:email": null, "contact:mobile": null, "contact:phone": null, "opening_hours": null, "operator:type": null, "project:geoloc_unicef": null, "project:geoloc_unicef:id": null, "source:date": null, "short_name": null, "addr:street": null, "name:en": null, "website": null, "healthcare:speciality": null, "fixme": null, "phone": null, "office": null, "addr:city": null, "addr:postcode": null, "name:fr": null, "email": null, "emergency": null, "alt_name": null, "fax": null, "fid": null, "project:opencities_abidjan": null, "addr:housenumber": null, "barrier": null, "building": null, "layer": null, "description": null, "start_date": null, "addr:country": null, "projet:ogpci": null, "health_facility:type": null, "wheelchair": null, "full_name": null, "health_facility:CI": null, "project:anr_cohesion_bouake": null, "wikidata": null, "wikipedia": null, "wikimedia_commons": null, "note": null, "source:imagery": null, "designation": null, "addr:housename": null, "addr:state": null, "internet_access": null, "is_in": null, "check_date": null, "elevator": null, "building:levels": null, "old_name": null, "official_name": null, "operator:wikidata": null, "operator:wikipedia": null, "projet:eboci": null, "contact:website": null, "name:ur": null, "nat_name": null, "type": null }, "geometry": { "type": "Point", "coordinates": [ -6.4949071, 9.5221823 ] } },
{ "type": "Feature", "properties": { "element": "node", "id": "12775662447", "amenity": "hospital", "healthcare": "hospital", "name": "Grandes endemies", "source": null, "operational_status": null, "operator": null, "addr:suburb": null, "contact:email": null, "contact:mobile": null, "contact:phone": null, "opening_hours": null, "operator:type": null, "project:geoloc_unicef": null, "project:geoloc_unicef:id": null, "source:date": null, "short_name": null, "addr:street": null, "name:en": null, "website": null, "healthcare:speciality": null, "fixme": null, "phone": null, "office": null, "addr:city": null, "addr:postcode": null, "name:fr": null, "email": null, "emergency": null, "alt_name": null, "fax": null, "fid": null, "project:opencities_abidjan": null, "addr:housenumber": null, "barrier": null, "building": null, "layer": null, "description": null, "start_date": null, "addr:country": null, "projet:ogpci": null, "health_facility:type": null, "wheelchair": null, "full_name": null, "health_facility:CI": null, "project:anr_cohesion_bouake": null, "wikidata": null, "wikipedia": null, "wikimedia_commons": null, "note": null, "source:imagery": null, "designation": null, "addr:housename": null, "addr:state": null, "internet_access": null, "is_in": null, "check_date": null, "elevator": null, "building:levels": null, "old_name": null, "official_name": null, "operator:wikidata": null, "operator:wikipedia": null, "projet:eboci": null, "contact:website": null, "name:ur": null, "nat_name": null, "type": null }, "geometry": { "type": "Point", "coordinates": [ -7.5589614, 9.495677 ] } },
{ "type": "Feature", "properties": { "element": "node", "id": "12795792735", "amenity": "hospital", "healthcare": "hospital", "name": "PMI odienné", "source": null, "operational_status": null, "operator": null, "addr:suburb": null, "contact:email": null, "contact:mobile": null, "contact:phone": null, "opening_hours": null, "operator:type": null, "project:geoloc_unicef": null, "project:geoloc_unicef:id": null, "source:date": null, "short_name": null, "addr:street": null, "name:en": null, "website": null, "healthcare:speciality": null, "fixme": null, "phone": null, "office": null, "addr:city": null, "addr:postcode": null, "name:fr": null, "email": null, "emergency": null, "alt_name": null, "fax": null, "fid": null, "project:opencities_abidjan": null, "addr:housenumber": null, "barrier": null, "building": null, "layer": null, "description": null, "start_date": null, "addr:country": null, "projet:ogpci": null, "health_facility:type": null, "wheelchair": null, "full_name": null, "health_facility:CI": null, "project:anr_cohesion_bouake": null, "wikidata": null, "wikipedia": null, "wikimedia_commons": null, "note": null, "source:imagery": null, "designation": null, "addr:housename": null, "addr:state": null, "internet_access": null, "is_in": null, "check_date": null, "elevator": null, "building:levels": null, "old_name": null, "official_name": null, "operator:wikidata": null, "operator:wikipedia": null, "projet:eboci": null, "contact:website": null, "name:ur": null, "nat_name": null, "type": null }, "geometry": { "type": "Point", "coordinates": [ -7.5658015, 9.5083858 ] } },
{ "type": "Feature", "properties": { "element": "node", "id": "12994321980", "amenity": "hospital", "healthcare": "hospital", "name": "Clin", "source": null, "operational_status": null, "operator": null, "addr:suburb": null, "contact:email": null, "contact:mobile": null, "contact:phone": null, "opening_hours": null, "operator:type": null, "project:geoloc_unicef": null, "project:geoloc_unicef:id": null, "source:date": null, "short_name": null, "addr:street": null, "name:en": null, "website": null, "healthcare:speciality": null, "fixme": null, "phone": null, "office": null, "addr:city": null, "addr:postcode": null, "name:fr": null, "email": null, "emergency": null, "alt_name": null, "fax": null, "fid": null, "project:opencities_abidjan": null, "addr:housenumber": null, "barrier": null, "building": null, "layer": null, "description": null, "start_date": null, "addr:country": null, "projet:ogpci": null, "health_facility:type": null, "wheelchair": null, "full_name": null, "health_facility:CI": null, "project:anr_cohesion_bouake": null, "wikidata": null, "wikipedia": null, "wikimedia_commons": null, "note": null, "source:imagery": null, "designation": null, "addr:housename": null, "addr:state": null, "internet_access": null, "is_in": null, "check_date": null, "elevator": null, "building:levels": null, "old_name": null, "official_name": null, "operator:wikidata": null, "operator:wikipedia": null, "projet:eboci": null, "contact:website": null, "name:ur": null, "nat_name": null, "type": null }, "geometry": { "type": "Point", "coordinates": [ -4.1121002, 5.3245257 ] } },
{ "type": "Feature", "properties": { "element": "node", "id": "12994742546", "amenity": "hospital", "healthcare": "hospital", "name": "PHARMACIE ST BERNARD", "source": null, "operational_status": null, "operator": null, "addr:suburb": null, "contact:email": null, "contact:mobile": null, "contact:phone": null, "opening_hours": null, "operator:type": null, "project:geoloc_unicef": null, "project:geoloc_unicef:id": null, "source:date": null, "short_name": null, "addr:street": null, "name:en": null, "website": null, "healthcare:speciality": null, "fixme": null, "phone": null, "office": null, "addr:city": null, "addr:postcode": null, "name:fr": null, "email": null, "emergency": null, "alt_name": null, "fax": null, "fid": null, "project:opencities_abidjan": null, "addr:housenumber": null, "barrier": null, "building": null, "layer": null, "description": null, "start_date": null, "addr:country": null, "projet:ogpci": null, "health_facility:type": null, "wheelchair": null, "full_name": null, "health_facility:CI": null, "project:anr_cohesion_bouake": null, "wikidata": null, "wikipedia": null, "wikimedia_commons": null, "note": null, "source:imagery": null, "designation": null, "addr:housename": null, "addr:state": null, "internet_access": null, "is_in": null, "check_date": null, "elevator": null, "building:levels": null, "old_name": null, "official_name": null, "operator:wikidata": null, "operator:wikipedia": null, "projet:eboci": null, "contact:website": null, "name:ur": null, "nat_name": null, "type": null }, "geometry": { "type": "Point", "coordinates": [ -3.9793566, 5.3672212 ] } },
{ "type": "Feature", "properties": { "element": "node", "id": "13119615710", "amenity": "hospital", "healthcare": null, "name": "Hôpital de tehini", "source": null, "operational_status": null, "operator": null, "addr:suburb": null, "contact:email": null, "contact:mobile": null, "contact:phone": null, "opening_hours": null, "operator:type": null, "project:geoloc_unicef": null, "project:geoloc_unicef:id": null, "source:date": null, "short_name": null, "addr:street": null, "name:en": null, "website": null, "healthcare:speciality": null, "fixme": null, "phone": null, "office": null, "addr:city": null, "addr:postcode": null, "name:fr": null, "email": null, "emergency": null, "alt_name": null, "fax": null, "fid": null, "project:opencities_abidjan": null, "addr:housenumber": null, "barrier": null, "building": null, "layer": null, "description": null, "start_date": null, "addr:country": null, "projet:ogpci": null, "health_facility:type": null, "wheelchair": null, "full_name": null, "health_facility:CI": null, "project:anr_cohesion_bouake": null, "wikidata": null, "wikipedia": null, "wikimedia_commons": null, "note": null, "source:imagery": null, "designation": null, "addr:housename": null, "addr:state": null, "internet_access": null, "is_in": null, "check_date": null, "elevator": null, "building:levels": null, "old_name": null, "official_name": null, "operator:wikidata": null, "operator:wikipedia": null, "projet:eboci": null, "contact:website": null, "name:ur": null, "nat_name": null, "type": null }, "geometry": { "type": "Point", "coordinates": [ -3.6708652, 9.6107421 ] } },
{ "type": "Feature", "properties": { "element": "node", "id": "13159805201", "amenity": "hospital", "healthcare": null, "name": "Dispensaire urbain", "source": null, "operational_status": null, "operator": null, "addr:suburb": null, "contact:email": null, "contact:mobile": null, "contact:phone": null, "opening_hours": null, "operator:type": null, "project:geoloc_unicef": null, "project:geoloc_unicef:id": null, "source:date": null, "short_name": null, "addr:street": null, "name:en": null, "website": null, "healthcare:speciality": null, "fixme": null, "phone": null, "office": null, "addr:city": null, "addr:postcode": null, "name:fr": null, "email": null, "emergency": null, "alt_name": null, "fax": null, "fid": null, "project:opencities_abidjan": null, "addr:housenumber": null, "barrier": null, "building": null, "layer": null, "description": null, "start_date": null, "addr:country": null, "projet:ogpci": null, "health_facility:type": null, "wheelchair": null, "full_name": null, "health_facility:CI": null, "project:anr_cohesion_bouake": null, "wikidata": null, "wikipedia": null, "wikimedia_commons": null, "note": null, "source:imagery": null, "designation": null, "addr:housename": null, "addr:state": null, "internet_access": null, "is_in": null, "check_date": null, "elevator": null, "building:levels": null, "old_name": null, "official_name": null, "operator:wikidata": null, "operator:wikipedia": null, "projet:eboci": null, "contact:website": null, "name:ur": null, "nat_name": null, "type": null }, "geometry": { "type": "Point", "coordinates": [ -3.4845702, 6.7307178 ] } },
{ "type": "Feature", "properties": { "element": "node", "id": "13208372320", "amenity": "hospital", "healthcare": "hospital", "name": "centre accueil psychiatrique", "source": null, "operational_status": null, "operator": null, "addr:suburb": null, "contact:email": null, "contact:mobile": null, "contact:phone": null, "opening_hours": null, "operator:type": null, "project:geoloc_unicef": null, "project:geoloc_unicef:id": null, "source:date": null, "short_name": null, "addr:street": null, "name:en": null, "website": "https://victorhouali.com/", "healthcare:speciality": null, "fixme": null, "phone": null, "office": null, "addr:city": null, "addr:postcode": null, "name:fr": null, "email": null, "emergency": null, "alt_name": null, "fax": null, "fid": null, "project:opencities_abidjan": null, "addr:housenumber": null, "barrier": null, "building": null, "layer": null, "description": null, "start_date": null, "addr:country": null, "projet:ogpci": null, "health_facility:type": null, "wheelchair": null, "full_name": null, "health_facility:CI": null, "project:anr_cohesion_bouake": null, "wikidata": null, "wikipedia": null, "wikimedia_commons": null, "note": null, "source:imagery": null, "designation": null, "addr:housename": null, "addr:state": null, "internet_access": null, "is_in": null, "check_date": null, "elevator": null, "building:levels": null, "old_name": null, "official_name": null, "operator:wikidata": null, "operator:wikipedia": null, "projet:eboci": null, "contact:website": null, "name:ur": null, "nat_name": null, "type": null }, "geometry": { "type": "Point", "coordinates": [ -7.61461, 7.2081 ] } },
{ "type": "Feature", "properties": { "element": "node", "id": "13456837310", "amenity": "hospital", "healthcare": null, "name": "Centre de santé urbain Kongasso", "source": null, "operational_status": null, "operator": null, "addr:suburb": null, "contact:email": null, "contact:mobile": null, "contact:phone": null, "opening_hours": null, "operator:type": null, "project:geoloc_unicef": null, "project:geoloc_unicef:id": null, "source:date": null, "short_name": null, "addr:street": null, "name:en": null, "website": null, "healthcare:speciality": null, "fixme": null, "phone": null, "office": null, "addr:city": null, "addr:postcode": null, "name:fr": null, "email": null, "emergency": null, "alt_name": null, "fax": null, "fid": null, "project:opencities_abidjan": null, "addr:housenumber": null, "barrier": null, "building": null, "layer": null, "description": null, "start_date": null, "addr:country": null, "projet:ogpci": null, "health_facility:type": null, "wheelchair": null, "full_name": null, "health_facility:CI": null, "project:anr_cohesion_bouake": null, "wikidata": null, "wikipedia": null, "wikimedia_commons": null, "note": null, "source:imagery": null, "designation": null, "addr:housename": null, "addr:state": null, "internet_access": null, "is_in": null, "check_date": null, "elevator": null, "building:levels": null, "old_name": null, "official_name": null, "operator:wikidata": null, "operator:wikipedia": null, "projet:eboci": null, "contact:website": null, "name:ur": null, "nat_name": null, "type": null }, "geometry": { "type": "Point", "coordinates": [ -6.0794836, 7.8130039 ] } },
{ "type": "Feature", "properties": { "element": "node", "id": "13475416075", "amenity": "hospital", "healthcare": null, "name": "Centre de santé urbain de Tieningboue", "source": null, "operational_status": null, "operator": null, "addr:suburb": null, "contact:email": null, "contact:mobile": null, "contact:phone": null, "opening_hours": null, "operator:type": null, "project:geoloc_unicef": null, "project:geoloc_unicef:id": null, "source:date": null, "short_name": null, "addr:street": null, "name:en": null, "website": null, "healthcare:speciality": null, "fixme": null, "phone": null, "office": null, "addr:city": null, "addr:postcode": null, "name:fr": null, "email": null, "emergency": null, "alt_name": null, "fax": null, "fid": null, "project:opencities_abidjan": null, "addr:housenumber": null, "barrier": null, "building": null, "layer": null, "description": null, "start_date": null, "addr:country": null, "projet:ogpci": null, "health_facility:type": null, "wheelchair": null, "full_name": null, "health_facility:CI": null, "project:anr_cohesion_bouake": null, "wikidata": null, "wikipedia": null, "wikimedia_commons": null, "note": null, "source:imagery": null, "designation": null, "addr:housename": null, "addr:state": null, "internet_access": null, "is_in": null, "check_date": null, "elevator": null, "building:levels": null, "old_name": null, "official_name": null, "operator:wikidata": null, "operator:wikipedia": null, "projet:eboci": null, "contact:website": null, "name:ur": null, "nat_name": null, "type": null }, "geometry": { "type": "Point", "coordinates": [ -5.7187231, 8.1806645 ] } },
{ "type": "Feature", "properties": { "element": "node", "id": "13481894557", "amenity": "hospital", "healthcare": null, "name": "Centre de santé rural de Banandjè", "source": null, "operational_status": null, "operator": null, "addr:suburb": null, "contact:email": null, "contact:mobile": null, "contact:phone": null, "opening_hours": null, "operator:type": null, "project:geoloc_unicef": null, "project:geoloc_unicef:id": null, "source:date": null, "short_name": null, "addr:street": null, "name:en": null, "website": null, "healthcare:speciality": null, "fixme": null, "phone": null, "office": null, "addr:city": null, "addr:postcode": null, "name:fr": null, "email": null, "emergency": null, "alt_name": null, "fax": null, "fid": null, "project:opencities_abidjan": null, "addr:housenumber": null, "barrier": null, "building": null, "layer": null, "description": null, "start_date": null, "addr:country": null, "projet:ogpci": null, "health_facility:type": null, "wheelchair": null, "full_name": null, "health_facility:CI": null, "project:anr_cohesion_bouake": null, "wikidata": null, "wikipedia": null, "wikimedia_commons": null, "note": null, "source:imagery": null, "designation": null, "addr:housename": null, "addr:state": null, "internet_access": null, "is_in": null, "check_date": null, "elevator": null, "building:levels": null, "old_name": null, "official_name": null, "operator:wikidata": null, "operator:wikipedia": null, "projet:eboci": null, "contact:website": null, "name:ur": null, "nat_name": null, "type": null }, "geometry": { "type": "Point", "coordinates": [ -6.7466091, 8.8177523 ] } },
{ "type": "Feature", "properties": { "element": "node", "id": "13506773739", "amenity": "hospital", "healthcare": null, "name": "Centre de santé urbain de SIFIE", "source": null, "operational_status": null, "operator": null, "addr:suburb": null, "contact:email": null, "contact:mobile": null, "contact:phone": null, "opening_hours": null, "operator:type": null, "project:geoloc_unicef": null, "project:geoloc_unicef:id": null, "source:date": null, "short_name": null, "addr:street": null, "name:en": null, "website": null, "healthcare:speciality": null, "fixme": null, "phone": null, "office": null, "addr:city": null, "addr:postcode": null, "name:fr": null, "email": null, "emergency": null, "alt_name": null, "fax": null, "fid": null, "project:opencities_abidjan": null, "addr:housenumber": null, "barrier": null, "building": null, "layer": null, "description": null, "start_date": null, "addr:country": null, "projet:ogpci": null, "health_facility:type": null, "wheelchair": null, "full_name": null, "health_facility:CI": null, "project:anr_cohesion_bouake": null, "wikidata": null, "wikipedia": null, "wikimedia_commons": null, "note": null, "source:imagery": null, "designation": null, "addr:housename": null, "addr:state": null, "internet_access": null, "is_in": null, "check_date": null, "elevator": null, "building:levels": null, "old_name": null, "official_name": null, "operator:wikidata": null, "operator:wikipedia": null, "projet:eboci": null, "contact:website": null, "name:ur": null, "nat_name": null, "type": null }, "geometry": { "type": "Point", "coordinates": [ -6.9294523, 7.9823974 ] } },
{ "type": "Feature", "properties": { "element": "node", "id": "13521129609", "amenity": "hospital", "healthcare": null, "name": "District sanitaire de vavoua", "source": null, "operational_status": null, "operator": null, "addr:suburb": null, "contact:email": null, "contact:mobile": null, "contact:phone": null, "opening_hours": null, "operator:type": null, "project:geoloc_unicef": null, "project:geoloc_unicef:id": null, "source:date": null, "short_name": null, "addr:street": null, "name:en": null, "website": null, "healthcare:speciality": null, "fixme": null, "phone": null, "office": null, "addr:city": null, "addr:postcode": null, "name:fr": null, "email": null, "emergency": null, "alt_name": null, "fax": null, "fid": null, "project:opencities_abidjan": null, "addr:housenumber": null, "barrier": null, "building": null, "layer": null, "description": null, "start_date": null, "addr:country": null, "projet:ogpci": null, "health_facility:type": null, "wheelchair": null, "full_name": null, "health_facility:CI": null, "project:anr_cohesion_bouake": null, "wikidata": null, "wikipedia": null, "wikimedia_commons": null, "note": null, "source:imagery": null, "designation": null, "addr:housename": null, "addr:state": null, "internet_access": null, "is_in": null, "check_date": null, "elevator": null, "building:levels": null, "old_name": null, "official_name": null, "operator:wikidata": null, "operator:wikipedia": null, "projet:eboci": null, "contact:website": null, "name:ur": null, "nat_name": null, "type": null }, "geometry": { "type": "Point", "coordinates": [ -6.4776144, 7.3917238 ] } },
{ "type": "Feature", "properties": { "element": "node", "id": "13720337377", "amenity": "hospital", "healthcare": "hospital", "name": "ICG Institut Cœur de Grâce", "source": null, "operational_status": null, "operator": null, "addr:suburb": null, "contact:email": null, "contact:mobile": null, "contact:phone": null, "opening_hours": null, "operator:type": null, "project:geoloc_unicef": null, "project:geoloc_unicef:id": null, "source:date": null, "short_name": null, "addr:street": null, "name:en": null, "website": null, "healthcare:speciality": null, "fixme": null, "phone": null, "office": null, "addr:city": null, "addr:postcode": null, "name:fr": null, "email": null, "emergency": null, "alt_name": null, "fax": null, "fid": null, "project:opencities_abidjan": null, "addr:housenumber": null, "barrier": null, "building": null, "layer": null, "description": null, "start_date": null, "addr:country": null, "projet:ogpci": null, "health_facility:type": null, "wheelchair": null, "full_name": null, "health_facility:CI": null, "project:anr_cohesion_bouake": null, "wikidata": null, "wikipedia": null, "wikimedia_commons": null, "note": null, "source:imagery": null, "designation": null, "addr:housename": null, "addr:state": null, "internet_access": null, "is_in": null, "check_date": null, "elevator": null, "building:levels": null, "old_name": null, "official_name": null, "operator:wikidata": null, "operator:wikipedia": null, "projet:eboci": null, "contact:website": null, "name:ur": null, "nat_name": null, "type": null }, "geometry": { "type": "Point", "coordinates": [ -4.0054022, 5.3344319 ] } },
{ "type": "Feature", "properties": { "element": "node", "id": "13745778097", "amenity": "hospital", "healthcare": null, "name": "Centre de santé rural de Zeriberi", "source": null, "operational_status": null, "operator": null, "addr:suburb": null, "contact:email": null, "contact:mobile": null, "contact:phone": null, "opening_hours": null, "operator:type": null, "project:geoloc_unicef": null, "project:geoloc_unicef:id": null, "source:date": null, "short_name": null, "addr:street": null, "name:en": null, "website": null, "healthcare:speciality": null, "fixme": null, "phone": null, "office": null, "addr:city": null, "addr:postcode": null, "name:fr": null, "email": null, "emergency": null, "alt_name": null, "fax": null, "fid": null, "project:opencities_abidjan": null, "addr:housenumber": null, "barrier": null, "building": null, "layer": null, "description": null, "start_date": null, "addr:country": null, "projet:ogpci": null, "health_facility:type": null, "wheelchair": null, "full_name": null, "health_facility:CI": null, "project:anr_cohesion_bouake": null, "wikidata": null, "wikipedia": null, "wikimedia_commons": null, "note": null, "source:imagery": null, "designation": null, "addr:housename": null, "addr:state": null, "internet_access": null, "is_in": null, "check_date": null, "elevator": null, "building:levels": null, "old_name": null, "official_name": null, "operator:wikidata": null, "operator:wikipedia": null, "projet:eboci": null, "contact:website": null, "name:ur": null, "nat_name": null, "type": null }, "geometry": { "type": "Point", "coordinates": [ -5.4435655, 5.3888697 ] } },
{ "type": "Feature", "properties": { "element": "node", "id": "13855769713", "amenity": "hospital", "healthcare": "hospital", "name": "Hôpital général de Tabou", "source": null, "operational_status": null, "operator": null, "addr:suburb": null, "contact:email": null, "contact:mobile": null, "contact:phone": null, "opening_hours": null, "operator:type": null, "project:geoloc_unicef": null, "project:geoloc_unicef:id": null, "source:date": null, "short_name": null, "addr:street": null, "name:en": null, "website": null, "healthcare:speciality": null, "fixme": null, "phone": null, "office": null, "addr:city": null, "addr:postcode": null, "name:fr": null, "email": null, "emergency": null, "alt_name": null, "fax": null, "fid": null, "project:opencities_abidjan": null, "addr:housenumber": null, "barrier": null, "building": null, "layer": null, "description": null, "start_date": null, "addr:country": null, "projet:ogpci": null, "health_facility:type": null, "wheelchair": null, "full_name": null, "health_facility:CI": null, "project:anr_cohesion_bouake": null, "wikidata": null, "wikipedia": null, "wikimedia_commons": null, "note": null, "source:imagery": null, "designation": null, "addr:housename": null, "addr:state": null, "internet_access": null, "is_in": null, "check_date": null, "elevator": null, "building:levels": null, "old_name": null, "official_name": null, "operator:wikidata": null, "operator:wikipedia": null, "projet:eboci": null, "contact:website": null, "name:ur": null, "nat_name": null, "type": null }, "geometry": { "type": "Point", "coordinates": [ -7.3566145, 4.4169864 ] } },
{ "type": "Feature", "properties": { "element": "relation", "id": "4034977", "amenity": "hospital", "healthcare": "hospital", "name": "Dispensaire diocésain Sœur Catherine", "source": null, "operational_status": null, "operator": null, "addr:suburb": "Maroc", "contact:email": null, "contact:mobile": null, "contact:phone": null, "opening_hours": "24/7", "operator:type": "public", "project:geoloc_unicef": "yes", "project:geoloc_unicef:id": "ABJ_269", "source:date": null, "short_name": null, "addr:street": null, "name:en": null, "website": null, "healthcare:speciality": null, "fixme": null, "phone": "+225 07 09 04 31 25", "office": null, "addr:city": "Yopougon", "addr:postcode": null, "name:fr": null, "email": null, "emergency": null, "alt_name": null, "fax": null, "fid": null, "project:opencities_abidjan": null, "addr:housenumber": null, "barrier": null, "building": null, "layer": null, "description": "Accouchement Assistance sociale, soutien social Conseil et dépistage volontaire (CDV) Consultation", "start_date": null, "addr:country": "CI", "projet:ogpci": null, "health_facility:type": null, "wheelchair": null, "full_name": null, "health_facility:CI": null, "project:anr_cohesion_bouake": null, "wikidata": null, "wikipedia": null, "wikimedia_commons": null, "note": null, "source:imagery": null, "designation": null, "addr:housename": null, "addr:state": "Abidjan", "internet_access": null, "is_in": null, "check_date": null, "elevator": null, "building:levels": null, "old_name": null, "official_name": null, "operator:wikidata": null, "operator:wikipedia": null, "projet:eboci": null, "contact:website": null, "name:ur": null, "nat_name": null, "type": "multipolygon" }, "geometry": { "type": "Polygon", "coordinates": [ [ [ -4.0984717, 5.3390559 ], [ -4.0984717, 5.339096 ], [ -4.098469, 5.3392656 ], [ -4.0982772, 5.3394845 ], [ -4.0979084, 5.3392268 ], [ -4.0979097, 5.3387301 ], [ -4.0984636, 5.3387248 ], [ -4.0984717, 5.3390559 ] ] ] } },
{ "type": "Feature", "properties": { "element": "relation", "id": "15482807", "amenity": "hospital", "healthcare": "hospital", "name": "Centre de Transfusion Sanguine", "source": null, "operational_status": null, "operator": null, "addr:suburb": null, "contact:email": null, "contact:mobile": null, "contact:phone": null, "opening_hours": null, "operator:type": null, "project:geoloc_unicef": null, "project:geoloc_unicef:id": null, "source:date": null, "short_name": null, "addr:street": null, "name:en": null, "website": null, "healthcare:speciality": null, "fixme": null, "phone": "+225 30 64 08 69", "office": null, "addr:city": null, "addr:postcode": null, "name:fr": null, "email": null, "emergency": null, "alt_name": null, "fax": null, "fid": null, "project:opencities_abidjan": null, "addr:housenumber": null, "barrier": null, "building": "yes", "layer": null, "description": null, "start_date": null, "addr:country": null, "projet:ogpci": null, "health_facility:type": null, "wheelchair": null, "full_name": null, "health_facility:CI": null, "project:anr_cohesion_bouake": null, "wikidata": null, "wikipedia": null, "wikimedia_commons": null, "note": null, "source:imagery": null, "designation": null, "addr:housename": null, "addr:state": null, "internet_access": null, "is_in": null, "check_date": null, "elevator": null, "building:levels": null, "old_name": null, "official_name": null, "operator:wikidata": null, "operator:wikipedia": null, "projet:eboci": null, "contact:website": null, "name:ur": null, "nat_name": null, "type": "multipolygon" }, "geometry": { "type": "Polygon", "coordinates": [ [ [ -5.2624377, 6.8279417 ], [ -5.2625912, 6.8276945 ], [ -5.2628017, 6.8278233 ], [ -5.2626482, 6.8280705 ], [ -5.2624377, 6.8279417 ] ], [ [ -5.2626399, 6.8278522 ], [ -5.2625797, 6.827812 ], [ -5.2625388, 6.8278725 ], [ -5.2625991, 6.8279126 ], [ -5.2626399, 6.8278522 ] ] ] } },
{ "type": "Feature", "properties": { "element": "way", "id": "91273250", "amenity": "hospital", "healthcare": "hospital", "name": "Centre Hospitalier Universitaire de Yopougon", "source": null, "operational_status": null, "operator": null, "addr:suburb": "Yopougon", "contact:email": null, "contact:mobile": null, "contact:phone": "+22523537575", "opening_hours": "24/7", "operator:type": "public", "project:geoloc_unicef": "yes", "project:geoloc_unicef:id": "ABJ_203", "source:date": null, "short_name": "CHU Yopougon", "addr:street": null, "name:en": null, "website": null, "healthcare:speciality": null, "fixme": null, "phone": null, "office": null, "addr:city": null, "addr:postcode": null, "name:fr": null, "email": null, "emergency": "yes", "alt_name": null, "fax": null, "fid": null, "project:opencities_abidjan": null, "addr:housenumber": null, "barrier": "wall", "building": null, "layer": null, "description": "Accouchement Assistance sociale, soutien social Conseil et dépistage volontaire (CDV) Conseil,", "start_date": null, "addr:country": null, "projet:ogpci": null, "health_facility:type": null, "wheelchair": null, "full_name": null, "health_facility:CI": null, "project:anr_cohesion_bouake": null, "wikidata": null, "wikipedia": null, "wikimedia_commons": null, "note": null, "source:imagery": null, "designation": "Centre Hospitalier Universitaire de Yopougon", "addr:housename": null, "addr:state": null, "internet_access": null, "is_in": null, "check_date": null, "elevator": null, "building:levels": null, "old_name": null, "official_name": null, "operator:wikidata": null, "operator:wikipedia": null, "projet:eboci": null, "contact:website": null, "name:ur": null, "nat_name": null, "type": null }, "geometry": { "type": "Polygon", "coordinates": [ [ [ -4.0874682, 5.3578154 ], [ -4.0876427, 5.3581522 ], [ -4.0876985, 5.3583218 ], [ -4.0877031, 5.3585953 ], [ -4.0875754, 5.3594297 ], [ -4.0876924, 5.3595234 ], [ -4.0890824, 5.3606369 ], [ -4.0894441, 5.3609601 ], [ -4.0895278, 5.3606262 ], [ -4.0897776, 5.3601696 ], [ -4.090098, 5.3597717 ], [ -4.0901977, 5.3596857 ], [ -4.0903101, 5.3595888 ], [ -4.0911906, 5.3588389 ], [ -4.0916951, 5.3584404 ], [ -4.0916803, 5.3584057 ], [ -4.0922051, 5.3579749 ], [ -4.0920131, 5.3577048 ], [ -4.0921905, 5.3575889 ], [ -4.0919875, 5.3572741 ], [ -4.091954, 5.3572928 ], [ -4.0919331, 5.3572521 ], [ -4.0919988, 5.3572113 ], [ -4.0919754, 5.3571746 ], [ -4.0919479, 5.3571279 ], [ -4.0919123, 5.3571506 ], [ -4.0917971, 5.356987 ], [ -4.0916891, 5.3567881 ], [ -4.0915148, 5.3568933 ], [ -4.0911385, 5.356292 ], [ -4.0909441, 5.356324 ], [ -4.0908225, 5.3561511 ], [ -4.0906624, 5.3558856 ], [ -4.0904349, 5.3559419 ], [ -4.0895526, 5.3564914 ], [ -4.0895674, 5.3565153 ], [ -4.0889313, 5.3569083 ], [ -4.0889226, 5.3568948 ], [ -4.0888698, 5.3569285 ], [ -4.0887383, 5.3570126 ], [ -4.0887512, 5.3570326 ], [ -4.0887235, 5.3570501 ], [ -4.0879481, 5.3575418 ], [ -4.0879286, 5.3575178 ], [ -4.0874682, 5.3578154 ] ] ] } },
{ "type": "Feature", "properties": { "element": "way", "id": "91274323", "amenity": "hospital", "healthcare": "hospital", "name": "Centre Hospitalier Universitaire de Treichville", "source": null, "operational_status": null, "operator": null, "addr:suburb": null, "contact:email": null, "contact:mobile": null, "contact:phone": null, "opening_hours": null, "operator:type": null, "project:geoloc_unicef": null, "project:geoloc_unicef:id": null, "source:date": null, "short_name": "CHU de Treichville", "addr:street": null, "name:en": null, "website": "https://www.chu-treichville.com/", "healthcare:speciality": null, "fixme": null, "phone": null, "office": null, "addr:city": null, "addr:postcode": null, "name:fr": null, "email": null, "emergency": null, "alt_name": null, "fax": null, "fid": null, "project:opencities_abidjan": null, "addr:housenumber": null, "barrier": null, "building": null, "layer": null, "description": null, "start_date": null, "addr:country": null, "projet:ogpci": null, "health_facility:type": null, "wheelchair": null, "full_name": null, "health_facility:CI": null, "project:anr_cohesion_bouake": null, "wikidata": "Q2945775", "wikipedia": "fr:Centre hospitalier universitaire de Treichville", "wikimedia_commons": null, "note": null, "source:imagery": null, "designation": null, "addr:housename": null, "addr:state": null, "internet_access": null, "is_in": null, "check_date": null, "elevator": null, "building:levels": null, "old_name": null, "official_name": null, "operator:wikidata": null, "operator:wikipedia": null, "projet:eboci": null, "contact:website": null, "name:ur": null, "nat_name": null, "type": null }, "geometry": { "type": "Polygon", "coordinates": [ [ [ -4.0029745, 5.294773 ], [ -4.0031124, 5.2948042 ], [ -4.0033068, 5.2947855 ], [ -4.0036087, 5.2947233 ], [ -4.0036391, 5.2946981 ], [ -4.003657, 5.2946712 ], [ -4.003665, 5.2946245 ], [ -4.0036644, 5.2945278 ], [ -4.0037327, 5.2945288 ], [ -4.0037844, 5.2945296 ], [ -4.003836, 5.2945302 ], [ -4.003842, 5.2946178 ], [ -4.0038648, 5.2946725 ], [ -4.003917, 5.2947297 ], [ -4.0041878, 5.294865 ], [ -4.0043449, 5.2949277 ], [ -4.004546, 5.2949505 ], [ -4.0046699, 5.2949092 ], [ -4.0054883, 5.2945904 ], [ -4.006226, 5.2943031 ], [ -4.0063746, 5.2942452 ], [ -4.0064353, 5.2941438 ], [ -4.0064408, 5.2935664 ], [ -4.0064743, 5.2900414 ], [ -4.0051372, 5.2884538 ], [ -4.0049885, 5.2882875 ], [ -4.0046088, 5.2882784 ], [ -4.0029732, 5.28822 ], [ -4.0028448, 5.2882157 ], [ -4.0025872, 5.2885153 ], [ -4.0025684, 5.2885408 ], [ -4.0023537, 5.2887903 ], [ -4.002108, 5.2890757 ], [ -4.0018975, 5.2893202 ], [ -4.0016527, 5.2896046 ], [ -4.0014184, 5.2898768 ], [ -4.0011645, 5.2901718 ], [ -4.0006674, 5.2907753 ], [ -4.000665, 5.2916041 ], [ -4.0006639, 5.2919768 ], [ -4.0011068, 5.2919806 ], [ -4.0011048, 5.2922083 ], [ -4.0011032, 5.2923871 ], [ -4.0011028, 5.2924311 ], [ -4.0011909, 5.2924319 ], [ -4.0011879, 5.2927694 ], [ -4.0010979, 5.2927686 ], [ -4.0010897, 5.2937051 ], [ -4.0010931, 5.2938155 ], [ -4.0014873, 5.2938142 ], [ -4.0021861, 5.2938119 ], [ -4.0022278, 5.2938299 ], [ -4.0027262, 5.2938245 ], [ -4.0027389, 5.2945872 ], [ -4.0029745, 5.294773 ] ] ] } },
{ "type": "Feature", "properties": { "element": "way", "id": "94224466", "amenity": "hospital", "healthcare": "hospital", "name": "Centre Hospitalier Régional de Yamoussoukro", "source": null, "operational_status": null, "operator": null, "addr:suburb": null, "contact:email": null, "contact:mobile": null, "contact:phone": null, "opening_hours": null, "operator:type": null, "project:geoloc_unicef": null, "project:geoloc_unicef:id": null, "source:date": null, "short_name": "CHR de Yamoussoukro", "addr:street": null, "name:en": null, "website": null, "healthcare:speciality": null, "fixme": null, "phone": null, "office": null, "addr:city": null, "addr:postcode": null, "name:fr": null, "email": null, "emergency": null, "alt_name": null, "fax": null, "fid": null, "project:opencities_abidjan": null, "addr:housenumber": null, "barrier": null, "building": null, "layer": null, "description": null, "start_date": null, "addr:country": null, "projet:ogpci": null, "health_facility:type": null, "wheelchair": null, "full_name": null, "health_facility:CI": null, "project:anr_cohesion_bouake": null, "wikidata": null, "wikipedia": null, "wikimedia_commons": null, "note": null, "source:imagery": null, "designation": null, "addr:housename": null, "addr:state": null, "internet_access": null, "is_in": null, "check_date": null, "elevator": null, "building:levels": null, "old_name": null, "official_name": null, "operator:wikidata": null, "operator:wikipedia": null, "projet:eboci": null, "contact:website": null, "name:ur": null, "nat_name": null, "type": null }, "geometry": { "type": "Polygon", "coordinates": [ [ [ -5.2774759, 6.8184121 ], [ -5.2774435, 6.8184111 ], [ -5.2774422, 6.818452 ], [ -5.2773875, 6.8184509 ], [ -5.2773891, 6.8184095 ], [ -5.2773664, 6.8184088 ], [ -5.2772884, 6.8184064 ], [ -5.2770194, 6.8181648 ], [ -5.2768503, 6.8180211 ], [ -5.276794, 6.8179639 ], [ -5.2763371, 6.8176485 ], [ -5.2763706, 6.817526 ], [ -5.2775528, 6.81671 ], [ -5.2776493, 6.8166328 ], [ -5.2776957, 6.816605 ], [ -5.2777399, 6.8165725 ], [ -5.2778928, 6.8165859 ], [ -5.2779759, 6.8168042 ], [ -5.2780349, 6.8170333 ], [ -5.2780644, 6.8172357 ], [ -5.2780564, 6.8174035 ], [ -5.2780349, 6.8176165 ], [ -5.2779759, 6.8178189 ], [ -5.2778499, 6.8180879 ], [ -5.2777667, 6.8182158 ], [ -5.2776138, 6.8183676 ], [ -5.2775522, 6.8184144 ], [ -5.2774759, 6.8184121 ] ] ] } },
{ "type": "Feature", "properties": { "element": "way", "id": "205660285", "amenity": "hospital", "healthcare": "hospital", "name": "Hôpital de police du Plateau", "source": null, "operational_status": null, "operator": null, "addr:suburb": null, "contact:email": null, "contact:mobile": null, "contact:phone": null, "opening_hours": null, "operator:type": null, "project:geoloc_unicef": null, "project:geoloc_unicef:id": null, "source:date": null, "short_name": null, "addr:street": null, "name:en": null, "website": null, "healthcare:speciality": null, "fixme": null, "phone": null, "office": null, "addr:city": null, "addr:postcode": null, "name:fr": null, "email": null, "emergency": null, "alt_name": null, "fax": null, "fid": null, "project:opencities_abidjan": null, "addr:housenumber": null, "barrier": null, "building": null, "layer": null, "description": null, "start_date": null, "addr:country": null, "projet:ogpci": null, "health_facility:type": null, "wheelchair": null, "full_name": null, "health_facility:CI": null, "project:anr_cohesion_bouake": null, "wikidata": null, "wikipedia": null, "wikimedia_commons": null, "note": null, "source:imagery": null, "designation": null, "addr:housename": null, "addr:state": null, "internet_access": null, "is_in": null, "check_date": null, "elevator": null, "building:levels": null, "old_name": null, "official_name": null, "operator:wikidata": null, "operator:wikipedia": null, "projet:eboci": null, "contact:website": null, "name:ur": null, "nat_name": null, "type": null }, "geometry": { "type": "Polygon", "coordinates": [ [ [ -4.0233606, 5.3360597 ], [ -4.0233604, 5.3360901 ], [ -4.0233572, 5.3364972 ], [ -4.0233553, 5.3367296 ], [ -4.0228133, 5.3367253 ], [ -4.0228187, 5.3360553 ], [ -4.0233606, 5.3360597 ] ] ] } },
{ "type": "Feature", "properties": { "element": "way", "id": "224640589", "amenity": "hospital", "healthcare": "hospital", "name": "Hôpital Baptiste", "source": null, "operational_status": null, "operator": null, "addr:suburb": null, "contact:email": null, "contact:mobile": null, "contact:phone": null, "opening_hours": null, "operator:type": null, "project:geoloc_unicef": null, "project:geoloc_unicef:id": null, "source:date": null, "short_name": null, "addr:street": null, "name:en": "Baptist Hospital", "website": null, "healthcare:speciality": null, "fixme": null, "phone": null, "office": null, "addr:city": null, "addr:postcode": null, "name:fr": "Hôpital Baptiste", "email": null, "emergency": null, "alt_name": null, "fax": null, "fid": null, "project:opencities_abidjan": null, "addr:housenumber": null, "barrier": "wall", "building": null, "layer": null, "description": null, "start_date": null, "addr:country": null, "projet:ogpci": null, "health_facility:type": null, "wheelchair": null, "full_name": null, "health_facility:CI": null, "project:anr_cohesion_bouake": null, "wikidata": null, "wikipedia": null, "wikimedia_commons": null, "note": null, "source:imagery": null, "designation": null, "addr:housename": null, "addr:state": null, "internet_access": null, "is_in": null, "check_date": null, "elevator": null, "building:levels": null, "old_name": null, "official_name": null, "operator:wikidata": null, "operator:wikipedia": null, "projet:eboci": null, "contact:website": null, "name:ur": null, "nat_name": null, "type": null }, "geometry": { "type": "Polygon", "coordinates": [ [ [ -3.3476791, 9.8173251 ], [ -3.3462278, 9.8186646 ], [ -3.344762, 9.8173366 ], [ -3.3463039, 9.8158766 ], [ -3.3476791, 9.8173251 ] ] ] } },
{ "type": "Feature", "properties": { "element": "way", "id": "293201334", "amenity": "hospital", "healthcare": "hospital", "name": "Hopital Général de Oumé", "source": null, "operational_status": null, "operator": null, "addr:suburb": null, "contact:email": null, "contact:mobile": null, "contact:phone": null, "opening_hours": null, "operator:type": null, "project:geoloc_unicef": null, "project:geoloc_unicef:id": null, "source:date": null, "short_name": null, "addr:street": "Rue Hôpital Général de Oumé", "name:en": null, "website": null, "healthcare:speciality": null, "fixme": null, "phone": null, "office": null, "addr:city": "Oumé", "addr:postcode": null, "name:fr": null, "email": null, "emergency": "yes", "alt_name": null, "fax": null, "fid": null, "project:opencities_abidjan": null, "addr:housenumber": null, "barrier": null, "building": null, "layer": null, "description": null, "start_date": null, "addr:country": null, "projet:ogpci": null, "health_facility:type": null, "wheelchair": null, "full_name": null, "health_facility:CI": null, "project:anr_cohesion_bouake": null, "wikidata": null, "wikipedia": null, "wikimedia_commons": null, "note": null, "source:imagery": null, "designation": null, "addr:housename": null, "addr:state": null, "internet_access": null, "is_in": null, "check_date": null, "elevator": null, "building:levels": null, "old_name": null, "official_name": null, "operator:wikidata": null, "operator:wikipedia": null, "projet:eboci": null, "contact:website": null, "name:ur": null, "nat_name": null, "type": null }, "geometry": { "type": "Polygon", "coordinates": [ [ [ -5.4180032, 6.3783896 ], [ -5.4178316, 6.3784642 ], [ -5.4177457, 6.3785122 ], [ -5.4176492, 6.3785548 ], [ -5.4177511, 6.3787201 ], [ -5.4183621, 6.3796647 ], [ -5.4185886, 6.3795182 ], [ -5.4196709, 6.378849 ], [ -5.4194187, 6.3784438 ], [ -5.4192095, 6.3778871 ], [ -5.4186194, 6.378127 ], [ -5.4180032, 6.3783896 ] ] ] } },
{ "type": "Feature", "properties": { "element": "way", "id": "308479022", "amenity": "hospital", "healthcare": "hospital", "name": "Grande Endemie", "source": null, "operational_status": null, "operator": null, "addr:suburb": null, "contact:email": null, "contact:mobile": null, "contact:phone": null, "opening_hours": null, "operator:type": null, "project:geoloc_unicef": null, "project:geoloc_unicef:id": null, "source:date": null, "short_name": null, "addr:street": null, "name:en": null, "website": null, "healthcare:speciality": null, "fixme": null, "phone": null, "office": null, "addr:city": null, "addr:postcode": null, "name:fr": null, "email": null, "emergency": null, "alt_name": null, "fax": null, "fid": null, "project:opencities_abidjan": null, "addr:housenumber": null, "barrier": null, "building": null, "layer": null, "description": null, "start_date": null, "addr:country": null, "projet:ogpci": null, "health_facility:type": null, "wheelchair": null, "full_name": null, "health_facility:CI": null, "project:anr_cohesion_bouake": null, "wikidata": null, "wikipedia": null, "wikimedia_commons": null, "note": null, "source:imagery": null, "designation": null, "addr:housename": null, "addr:state": null, "internet_access": null, "is_in": null, "check_date": null, "elevator": null, "building:levels": null, "old_name": null, "official_name": null, "operator:wikidata": null, "operator:wikipedia": null, "projet:eboci": null, "contact:website": null, "name:ur": null, "nat_name": null, "type": null }, "geometry": { "type": "Polygon", "coordinates": [ [ [ -3.2085504, 5.4668516 ], [ -3.2082075, 5.4665066 ], [ -3.2080966, 5.4666158 ], [ -3.2084395, 5.4669608 ], [ -3.2085504, 5.4668516 ] ] ] } },
{ "type": "Feature", "properties": { "element": "way", "id": "315450061", "amenity": "hospital", "healthcare": "hospital", "name": "Centre Hospitalier Universitaire de Bouaké", "source": "Imagerie Premium DigitalGlobe;survey;Bing", "operational_status": null, "operator": "Centre Hospitalier Universitaire de Bouaké", "addr:suburb": null, "contact:email": null, "contact:mobile": null, "contact:phone": null, "opening_hours": null, "operator:type": "public", "project:geoloc_unicef": null, "project:geoloc_unicef:id": null, "source:date": "2018-05-04", "short_name": "CHU", "addr:street": null, "name:en": null, "website": null, "healthcare:speciality": null, "fixme": null, "phone": null, "office": null, "addr:city": null, "addr:postcode": null, "name:fr": null, "email": null, "emergency": null, "alt_name": null, "fax": null, "fid": null, "project:opencities_abidjan": null, "addr:housenumber": null, "barrier": "wall", "building": null, "layer": null, "description": null, "start_date": null, "addr:country": null, "projet:ogpci": null, "health_facility:type": "hospital", "wheelchair": null, "full_name": null, "health_facility:CI": "CHU", "project:anr_cohesion_bouake": "yes", "wikidata": "Q131430528", "wikipedia": "fr:Centre hospitalier universitaire de Bouaké", "wikimedia_commons": null, "note": null, "source:imagery": null, "designation": null, "addr:housename": null, "addr:state": null, "internet_access": null, "is_in": null, "check_date": null, "elevator": null, "building:levels": null, "old_name": null, "official_name": null, "operator:wikidata": null, "operator:wikipedia": null, "projet:eboci": null, "contact:website": null, "name:ur": null, "nat_name": null, "type": null }, "geometry": { "type": "Polygon", "coordinates": [ [ [ -5.0364115, 7.7024988 ], [ -5.036404, 7.7024824 ], [ -5.0363621, 7.7023756 ], [ -5.0361053, 7.7017886 ], [ -5.0358051, 7.7011022 ], [ -5.0350774, 7.6998191 ], [ -5.0351494, 7.6997788 ], [ -5.0351761, 7.6997639 ], [ -5.0352002, 7.6997505 ], [ -5.0352327, 7.6997317 ], [ -5.0352092, 7.6996918 ], [ -5.0351723, 7.6996257 ], [ -5.0346665, 7.6987927 ], [ -5.0346513, 7.6987619 ], [ -5.0346278, 7.6987188 ], [ -5.034377, 7.6982722 ], [ -5.034246, 7.6979926 ], [ -5.0341505, 7.6976993 ], [ -5.0341224, 7.6976209 ], [ -5.0341482, 7.6975795 ], [ -5.0361975, 7.6969246 ], [ -5.0373422, 7.6967939 ], [ -5.0374218, 7.6968249 ], [ -5.0380479, 7.6986412 ], [ -5.0384885, 7.6999206 ], [ -5.0385016, 7.6999559 ], [ -5.0385966, 7.7003499 ], [ -5.0382436, 7.7004916 ], [ -5.0380405, 7.700575 ], [ -5.0381461, 7.7008324 ], [ -5.03818, 7.7008221 ], [ -5.0382092, 7.7009002 ], [ -5.0382383, 7.7009778 ], [ -5.0383678, 7.7012702 ], [ -5.0384497, 7.7013728 ], [ -5.0384707, 7.7014214 ], [ -5.0385354, 7.701572 ], [ -5.0377544, 7.7019128 ], [ -5.0374843, 7.7020327 ], [ -5.0373568, 7.7020893 ], [ -5.0372538, 7.7021346 ], [ -5.0364348, 7.7024886 ], [ -5.0364115, 7.7024988 ] ] ] } },
{ "type": "Feature", "properties": { "element": "way", "id": "326163566", "amenity": "hospital", "healthcare": "hospital", "name": "Polyclinique Internationale Sainte Anne-Marie (PISAM)", "source": null, "operational_status": null, "operator": null, "addr:suburb": "Vieux Cocody", "contact:email": null, "contact:mobile": null, "contact:phone": null, "opening_hours": null, "operator:type": null, "project:geoloc_unicef": null, "project:geoloc_unicef:id": null, "source:date": null, "short_name": "PISAM", "addr:street": "Avenue Joseph Blohorn", "name:en": null, "website": "http://www.pisam.ci/", "healthcare:speciality": null, "fixme": null, "phone": "+225-22.48.31.31", "office": null, "addr:city": "Cocody", "addr:postcode": null, "name:fr": null, "email": null, "emergency": "yes", "alt_name": null, "fax": null, "fid": null, "project:opencities_abidjan": null, "addr:housenumber": null, "barrier": "wall", "building": null, "layer": null, "description": null, "start_date": null, "addr:country": "CI", "projet:ogpci": null, "health_facility:type": null, "wheelchair": null, "full_name": null, "health_facility:CI": null, "project:anr_cohesion_bouake": null, "wikidata": null, "wikipedia": null, "wikimedia_commons": null, "note": null, "source:imagery": null, "designation": null, "addr:housename": "Polyclinique Internationale Sainte Anne-Marie (PISAM)", "addr:state": "Abidjan", "internet_access": "wlan", "is_in": "Vieux Cocody;Cocody;Abidjan;Côte d'Ivoire", "check_date": null, "elevator": null, "building:levels": null, "old_name": null, "official_name": null, "operator:wikidata": null, "operator:wikipedia": null, "projet:eboci": null, "contact:website": null, "name:ur": null, "nat_name": null, "type": null }, "geometry": { "type": "Polygon", "coordinates": [ [ [ -4.0137398, 5.3378285 ], [ -4.0133214, 5.3378601 ], [ -4.0132786, 5.3378634 ], [ -4.0132241, 5.3378696 ], [ -4.0130918, 5.3375843 ], [ -4.0129411, 5.3367983 ], [ -4.0127818, 5.3363666 ], [ -4.0128235, 5.3361871 ], [ -4.0130804, 5.3360314 ], [ -4.0135023, 5.3358631 ], [ -4.0135422, 5.3358415 ], [ -4.0135861, 5.3358121 ], [ -4.0137817, 5.336315 ], [ -4.0138886, 5.3366499 ], [ -4.0139213, 5.3370011 ], [ -4.0139074, 5.3372143 ], [ -4.013861, 5.3374622 ], [ -4.0137914, 5.3374773 ], [ -4.0137398, 5.3378285 ] ] ] } },
{ "type": "Feature", "properties": { "element": "way", "id": "327402561", "amenity": "hospital", "healthcare": "hospital", "name": "Centre hospitalier universitaire de Cocody (CHU de Cocody)", "source": "DigitalGlobe Standard; survey", "operational_status": null, "operator": null, "addr:suburb": "RTI", "contact:email": null, "contact:mobile": null, "contact:phone": "+22522445353", "opening_hours": "24/7", "operator:type": "public", "project:geoloc_unicef": "yes", "project:geoloc_unicef:id": "ABJ_002", "source:date": "2019-06-14", "short_name": null, "addr:street": "Boulevard de l'Université", "name:en": "University Hospital of Cocody (CHU de Cocody)", "website": null, "healthcare:speciality": null, "fixme": null, "phone": null, "office": null, "addr:city": "Cocody", "addr:postcode": null, "name:fr": "Centre hospitalier universitaire de Cocody (CHU de Cocody)", "email": null, "emergency": "yes", "alt_name": null, "fax": null, "fid": null, "project:opencities_abidjan": null, "addr:housenumber": null, "barrier": null, "building": null, "layer": null, "description": "Accouchement Assistance sociale, soutien social Conseil et dépistage volontaire (CDV) Conseil,", "start_date": null, "addr:country": "CI", "projet:ogpci": null, "health_facility:type": null, "wheelchair": null, "full_name": null, "health_facility:CI": null, "project:anr_cohesion_bouake": null, "wikidata": null, "wikipedia": null, "wikimedia_commons": null, "note": null, "source:imagery": null, "designation": null, "addr:housename": null, "addr:state": "Abidjan", "internet_access": null, "is_in": "RTI;Cocody;Abidjan;Côte d'Ivoire", "check_date": null, "elevator": null, "building:levels": null, "old_name": null, "official_name": null, "operator:wikidata": null, "operator:wikipedia": null, "projet:eboci": null, "contact:website": null, "name:ur": null, "nat_name": null, "type": null }, "geometry": { "type": "Polygon", "coordinates": [ [ [ -3.9932329, 5.3459204 ], [ -3.9931663, 5.345939 ], [ -3.9931443, 5.3462739 ], [ -3.9919904, 5.346143 ], [ -3.992013, 5.3460242 ], [ -3.9920406, 5.3458767 ], [ -3.9920963, 5.3455424 ], [ -3.9919589, 5.3451106 ], [ -3.9918425, 5.3447707 ], [ -3.9917155, 5.3444571 ], [ -3.9913315, 5.3433633 ], [ -3.9911337, 5.3423752 ], [ -3.9910439, 5.3417687 ], [ -3.9909627, 5.3409809 ], [ -3.9909561, 5.3409168 ], [ -3.9913466, 5.3396162 ], [ -3.9914778, 5.339179 ], [ -3.9917191, 5.3386547 ], [ -3.9916972, 5.3381693 ], [ -3.9917628, 5.3381587 ], [ -3.993387, 5.3393673 ], [ -3.9936944, 5.3395999 ], [ -3.9939182, 5.3398162 ], [ -3.9949086, 5.3403215 ], [ -3.9949949, 5.3404149 ], [ -3.9960747, 5.3415845 ], [ -3.9962621, 5.343277 ], [ -3.9964427, 5.343616 ], [ -3.9961035, 5.344254 ], [ -3.9961437, 5.3446185 ], [ -3.9961687, 5.3449081 ], [ -3.9961948, 5.3451358 ], [ -3.9967447, 5.3457377 ], [ -3.9961841, 5.3463054 ], [ -3.9960232, 5.3464341 ], [ -3.9959257, 5.3464802 ], [ -3.9958112, 5.3465239 ], [ -3.9957063, 5.3465239 ], [ -3.9955045, 5.34651 ], [ -3.9953902, 5.3465017 ], [ -3.9953935, 5.3464575 ], [ -3.9953236, 5.3464184 ], [ -3.9952286, 5.3463661 ], [ -3.9951728, 5.3463596 ], [ -3.9950011, 5.3463387 ], [ -3.9949882, 5.3464672 ], [ -3.9948354, 5.346452 ], [ -3.9947703, 5.3463564 ], [ -3.9946525, 5.3463379 ], [ -3.9943851, 5.3462957 ], [ -3.9941803, 5.3462375 ], [ -3.9941584, 5.3461865 ], [ -3.9940874, 5.3461639 ], [ -3.9940195, 5.3461598 ], [ -3.9934417, 5.346074 ], [ -3.9934437, 5.3459057 ], [ -3.9935149, 5.3457346 ], [ -3.9934147, 5.3457299 ], [ -3.993362, 5.3457401 ], [ -3.9933425, 5.3458075 ], [ -3.9932419, 5.3458596 ], [ -3.9932352, 5.345887 ], [ -3.9932329, 5.3459204 ] ] ] } },
{ "type": "Feature", "properties": { "element": "way", "id": "334188832", "amenity": "hospital", "healthcare": "hospital", "name": "Hopital General d'Alépé", "source": null, "operational_status": null, "operator": null, "addr:suburb": null, "contact:email": null, "contact:mobile": null, "contact:phone": null, "opening_hours": null, "operator:type": null, "project:geoloc_unicef": null, "project:geoloc_unicef:id": null, "source:date": null, "short_name": null, "addr:street": null, "name:en": null, "website": null, "healthcare:speciality": null, "fixme": null, "phone": null, "office": null, "addr:city": null, "addr:postcode": null, "name:fr": null, "email": null, "emergency": null, "alt_name": null, "fax": null, "fid": null, "project:opencities_abidjan": null, "addr:housenumber": null, "barrier": "wall", "building": null, "layer": null, "description": null, "start_date": null, "addr:country": null, "projet:ogpci": null, "health_facility:type": null, "wheelchair": null, "full_name": null, "health_facility:CI": null, "project:anr_cohesion_bouake": null, "wikidata": null, "wikipedia": null, "wikimedia_commons": null, "note": null, "source:imagery": null, "designation": null, "addr:housename": null, "addr:state": null, "internet_access": null, "is_in": null, "check_date": null, "elevator": null, "building:levels": null, "old_name": null, "official_name": null, "operator:wikidata": null, "operator:wikipedia": null, "projet:eboci": null, "contact:website": null, "name:ur": null, "nat_name": null, "type": null }, "geometry": { "type": "Polygon", "coordinates": [ [ [ -3.6621531, 5.5023704 ], [ -3.6618123, 5.5030571 ], [ -3.6621091, 5.5031966 ], [ -3.662898, 5.5033526 ], [ -3.6630436, 5.5025975 ], [ -3.6624309, 5.5022892 ], [ -3.6623207, 5.5022338 ], [ -3.6622218, 5.502406 ], [ -3.6621531, 5.5023704 ] ] ] } },
{ "type": "Feature", "properties": { "element": "way", "id": "339971825", "amenity": "hospital", "healthcare": "hospital", "name": "Formation sanitaire municipal de Zimbabwe", "source": null, "operational_status": null, "operator": null, "addr:suburb": null, "contact:email": null, "contact:mobile": null, "contact:phone": null, "opening_hours": null, "operator:type": null, "project:geoloc_unicef": null, "project:geoloc_unicef:id": null, "source:date": null, "short_name": null, "addr:street": null, "name:en": null, "website": null, "healthcare:speciality": null, "fixme": null, "phone": null, "office": null, "addr:city": null, "addr:postcode": null, "name:fr": null, "email": null, "emergency": null, "alt_name": null, "fax": null, "fid": null, "project:opencities_abidjan": null, "addr:housenumber": null, "barrier": null, "building": "hospital", "layer": null, "description": null, "start_date": null, "addr:country": null, "projet:ogpci": null, "health_facility:type": null, "wheelchair": null, "full_name": null, "health_facility:CI": null, "project:anr_cohesion_bouake": null, "wikidata": null, "wikipedia": null, "wikimedia_commons": null, "note": null, "source:imagery": null, "designation": null, "addr:housename": null, "addr:state": null, "internet_access": null, "is_in": null, "check_date": null, "elevator": null, "building:levels": null, "old_name": null, "official_name": null, "operator:wikidata": null, "operator:wikipedia": null, "projet:eboci": null, "contact:website": null, "name:ur": null, "nat_name": null, "type": null }, "geometry": { "type": "Polygon", "coordinates": [ [ [ -6.6655367, 4.7608677 ], [ -6.6653946, 4.7608704 ], [ -6.6653946, 4.7607447 ], [ -6.6655341, 4.7607474 ], [ -6.6655367, 4.7608677 ] ] ] } },
{ "type": "Feature", "properties": { "element": "way", "id": "340252445", "amenity": "hospital", "healthcare": "hospital", "name": "Hôpital Général de Bonoua", "source": null, "operational_status": null, "operator": null, "addr:suburb": null, "contact:email": null, "contact:mobile": null, "contact:phone": null, "opening_hours": null, "operator:type": null, "project:geoloc_unicef": null, "project:geoloc_unicef:id": null, "source:date": null, "short_name": null, "addr:street": null, "name:en": null, "website": null, "healthcare:speciality": null, "fixme": null, "phone": null, "office": null, "addr:city": null, "addr:postcode": null, "name:fr": null, "email": null, "emergency": null, "alt_name": null, "fax": null, "fid": null, "project:opencities_abidjan": null, "addr:housenumber": null, "barrier": "wall", "building": null, "layer": null, "description": null, "start_date": null, "addr:country": null, "projet:ogpci": null, "health_facility:type": null, "wheelchair": null, "full_name": null, "health_facility:CI": null, "project:anr_cohesion_bouake": null, "wikidata": null, "wikipedia": null, "wikimedia_commons": null, "note": null, "source:imagery": null, "designation": null, "addr:housename": null, "addr:state": null, "internet_access": null, "is_in": null, "check_date": null, "elevator": null, "building:levels": null, "old_name": null, "official_name": null, "operator:wikidata": null, "operator:wikipedia": null, "projet:eboci": null, "contact:website": null, "name:ur": null, "nat_name": null, "type": null }, "geometry": { "type": "Polygon", "coordinates": [ [ [ -3.5910399, 5.2734245 ], [ -3.5902747, 5.273721 ], [ -3.5896313, 5.2739704 ], [ -3.5904409, 5.2757273 ], [ -3.5928515, 5.2754634 ], [ -3.5929168, 5.2746247 ], [ -3.5923795, 5.274115 ], [ -3.5918967, 5.2744006 ], [ -3.5914828, 5.2743969 ], [ -3.5913739, 5.2743066 ], [ -3.5910399, 5.2734245 ] ] ] } },
{ "type": "Feature", "properties": { "element": "way", "id": "350708434", "amenity": "hospital", "healthcare": "hospital", "name": "Hopital HPD Dabou", "source": "Bing", "operational_status": null, "operator": null, "addr:suburb": null, "contact:email": null, "contact:mobile": null, "contact:phone": null, "opening_hours": null, "operator:type": null, "project:geoloc_unicef": null, "project:geoloc_unicef:id": null, "source:date": null, "short_name": null, "addr:street": null, "name:en": null, "website": null, "healthcare:speciality": null, "fixme": null, "phone": null, "office": null, "addr:city": null, "addr:postcode": null, "name:fr": null, "email": null, "emergency": null, "alt_name": null, "fax": null, "fid": null, "project:opencities_abidjan": null, "addr:housenumber": null, "barrier": null, "building": null, "layer": null, "description": null, "start_date": null, "addr:country": null, "projet:ogpci": null, "health_facility:type": null, "wheelchair": null, "full_name": null, "health_facility:CI": null, "project:anr_cohesion_bouake": null, "wikidata": null, "wikipedia": null, "wikimedia_commons": null, "note": null, "source:imagery": null, "designation": null, "addr:housename": null, "addr:state": null, "internet_access": null, "is_in": null, "check_date": null, "elevator": null, "building:levels": null, "old_name": null, "official_name": null, "operator:wikidata": null, "operator:wikipedia": null, "projet:eboci": null, "contact:website": null, "name:ur": null, "nat_name": null, "type": null }, "geometry": { "type": "Polygon", "coordinates": [ [ [ -4.3904063, 5.3300902 ], [ -4.3903456, 5.3301517 ], [ -4.3903863, 5.3302078 ], [ -4.3900204, 5.3307326 ], [ -4.3892549, 5.3302827 ], [ -4.3889154, 5.3300598 ], [ -4.3887071, 5.3302224 ], [ -4.3882995, 5.3298732 ], [ -4.3882019, 5.329978 ], [ -4.3872243, 5.3292067 ], [ -4.3882025, 5.3281115 ], [ -4.3904063, 5.3300902 ] ] ] } },
{ "type": "Feature", "properties": { "element": "way", "id": "368638413", "amenity": "hospital", "healthcare": "hospital", "name": "Hopital Militaire", "source": null, "operational_status": null, "operator": null, "addr:suburb": null, "contact:email": null, "contact:mobile": null, "contact:phone": null, "opening_hours": null, "operator:type": null, "project:geoloc_unicef": null, "project:geoloc_unicef:id": null, "source:date": null, "short_name": null, "addr:street": null, "name:en": null, "website": null, "healthcare:speciality": null, "fixme": null, "phone": null, "office": null, "addr:city": null, "addr:postcode": null, "name:fr": null, "email": null, "emergency": null, "alt_name": null, "fax": null, "fid": null, "project:opencities_abidjan": null, "addr:housenumber": null, "barrier": null, "building": "hospital", "layer": "1", "description": null, "start_date": null, "addr:country": null, "projet:ogpci": null, "health_facility:type": null, "wheelchair": null, "full_name": null, "health_facility:CI": null, "project:anr_cohesion_bouake": null, "wikidata": null, "wikipedia": null, "wikimedia_commons": null, "note": null, "source:imagery": null, "designation": null, "addr:housename": null, "addr:state": null, "internet_access": null, "is_in": null, "check_date": null, "elevator": null, "building:levels": null, "old_name": null, "official_name": null, "operator:wikidata": null, "operator:wikipedia": null, "projet:eboci": null, "contact:website": null, "name:ur": null, "nat_name": null, "type": null }, "geometry": { "type": "Polygon", "coordinates": [ [ [ -6.6067643, 5.7854858 ], [ -6.6064937, 5.7855081 ], [ -6.6064252, 5.7851292 ], [ -6.6066422, 5.7851109 ], [ -6.6067643, 5.7854858 ] ] ] } },
{ "type": "Feature", "properties": { "element": "way", "id": "370791203", "amenity": "hospital", "healthcare": "hospital", "name": "Hopital general", "source": null, "operational_status": null, "operator": null, "addr:suburb": null, "contact:email": null, "contact:mobile": null, "contact:phone": null, "opening_hours": null, "operator:type": null, "project:geoloc_unicef": null, "project:geoloc_unicef:id": null, "source:date": null, "short_name": null, "addr:street": null, "name:en": null, "website": null, "healthcare:speciality": null, "fixme": null, "phone": null, "office": null, "addr:city": null, "addr:postcode": null, "name:fr": null, "email": null, "emergency": null, "alt_name": null, "fax": null, "fid": null, "project:opencities_abidjan": null, "addr:housenumber": null, "barrier": "wall", "building": null, "layer": null, "description": null, "start_date": null, "addr:country": null, "projet:ogpci": null, "health_facility:type": null, "wheelchair": null, "full_name": null, "health_facility:CI": null, "project:anr_cohesion_bouake": null, "wikidata": null, "wikipedia": null, "wikimedia_commons": null, "note": null, "source:imagery": null, "designation": null, "addr:housename": null, "addr:state": null, "internet_access": null, "is_in": null, "check_date": null, "elevator": null, "building:levels": null, "old_name": null, "official_name": null, "operator:wikidata": null, "operator:wikipedia": null, "projet:eboci": null, "contact:website": null, "name:ur": null, "nat_name": null, "type": null }, "geometry": { "type": "Polygon", "coordinates": [ [ [ -4.337895, 7.4587323 ], [ -4.3363724, 7.4595843 ], [ -4.3359144, 7.4586927 ], [ -4.337551, 7.457907 ], [ -4.3379179, 7.4586374 ], [ -4.337895, 7.4587323 ] ] ] } },
{ "type": "Feature", "properties": { "element": "way", "id": "373199674", "amenity": "hospital", "healthcare": "hospital", "name": "Hôpital Général de Daoukro", "source": null, "operational_status": null, "operator": null, "addr:suburb": null, "contact:email": null, "contact:mobile": null, "contact:phone": null, "opening_hours": null, "operator:type": null, "project:geoloc_unicef": null, "project:geoloc_unicef:id": null, "source:date": null, "short_name": null, "addr:street": null, "name:en": null, "website": null, "healthcare:speciality": null, "fixme": null, "phone": null, "office": null, "addr:city": null, "addr:postcode": null, "name:fr": null, "email": null, "emergency": null, "alt_name": null, "fax": null, "fid": null, "project:opencities_abidjan": null, "addr:housenumber": null, "barrier": null, "building": null, "layer": null, "description": null, "start_date": null, "addr:country": null, "projet:ogpci": null, "health_facility:type": null, "wheelchair": null, "full_name": null, "health_facility:CI": null, "project:anr_cohesion_bouake": null, "wikidata": null, "wikipedia": null, "wikimedia_commons": null, "note": null, "source:imagery": null, "designation": null, "addr:housename": null, "addr:state": null, "internet_access": null, "is_in": null, "check_date": null, "elevator": null, "building:levels": null, "old_name": null, "official_name": null, "operator:wikidata": null, "operator:wikipedia": null, "projet:eboci": null, "contact:website": null, "name:ur": null, "nat_name": null, "type": null }, "geometry": { "type": "Polygon", "coordinates": [ [ [ -3.972051, 7.057067 ], [ -3.971516, 7.0571626 ], [ -3.9708567, 7.0572796 ], [ -3.9710973, 7.0585639 ], [ -3.9722946, 7.0583425 ], [ -3.9722714, 7.0582213 ], [ -3.9722517, 7.0581177 ], [ -3.972051, 7.057067 ] ] ] } },
{ "type": "Feature", "properties": { "element": "way", "id": "373201165", "amenity": "hospital", "healthcare": "hospital", "name": "Centre de Santé Urbain de Bonon", "source": null, "operational_status": null, "operator": null, "addr:suburb": null, "contact:email": null, "contact:mobile": null, "contact:phone": null, "opening_hours": null, "operator:type": null, "project:geoloc_unicef": null, "project:geoloc_unicef:id": null, "source:date": null, "short_name": null, "addr:street": null, "name:en": null, "website": null, "healthcare:speciality": null, "fixme": null, "phone": null, "office": null, "addr:city": null, "addr:postcode": null, "name:fr": null, "email": null, "emergency": null, "alt_name": null, "fax": null, "fid": null, "project:opencities_abidjan": null, "addr:housenumber": null, "barrier": null, "building": null, "layer": null, "description": null, "start_date": null, "addr:country": null, "projet:ogpci": null, "health_facility:type": null, "wheelchair": null, "full_name": null, "health_facility:CI": null, "project:anr_cohesion_bouake": null, "wikidata": null, "wikipedia": null, "wikimedia_commons": null, "note": null, "source:imagery": null, "designation": null, "addr:housename": null, "addr:state": null, "internet_access": null, "is_in": null, "check_date": null, "elevator": null, "building:levels": null, "old_name": null, "official_name": null, "operator:wikidata": null, "operator:wikipedia": null, "projet:eboci": null, "contact:website": null, "name:ur": null, "nat_name": null, "type": null }, "geometry": { "type": "Polygon", "coordinates": [ [ [ -6.0550753, 6.9273591 ], [ -6.0546991, 6.9274157 ], [ -6.0529088, 6.9276848 ], [ -6.0526945, 6.925863 ], [ -6.0548719, 6.9258273 ], [ -6.0550304, 6.9270208 ], [ -6.0550753, 6.9273591 ] ] ] } },
{ "type": "Feature", "properties": { "element": "way", "id": "375838033", "amenity": "hospital", "healthcare": "hospital", "name": "Hôpital Générale d'Agboville", "source": null, "operational_status": null, "operator": null, "addr:suburb": null, "contact:email": null, "contact:mobile": null, "contact:phone": null, "opening_hours": null, "operator:type": null, "project:geoloc_unicef": null, "project:geoloc_unicef:id": null, "source:date": null, "short_name": null, "addr:street": null, "name:en": null, "website": null, "healthcare:speciality": null, "fixme": null, "phone": null, "office": null, "addr:city": null, "addr:postcode": null, "name:fr": null, "email": null, "emergency": null, "alt_name": null, "fax": null, "fid": null, "project:opencities_abidjan": null, "addr:housenumber": null, "barrier": null, "building": null, "layer": null, "description": null, "start_date": null, "addr:country": null, "projet:ogpci": null, "health_facility:type": null, "wheelchair": null, "full_name": null, "health_facility:CI": null, "project:anr_cohesion_bouake": null, "wikidata": null, "wikipedia": null, "wikimedia_commons": null, "note": null, "source:imagery": null, "designation": null, "addr:housename": null, "addr:state": null, "internet_access": null, "is_in": null, "check_date": null, "elevator": null, "building:levels": null, "old_name": null, "official_name": null, "operator:wikidata": null, "operator:wikipedia": null, "projet:eboci": null, "contact:website": null, "name:ur": null, "nat_name": null, "type": null }, "geometry": { "type": "Polygon", "coordinates": [ [ [ -4.2145529, 5.9197303 ], [ -4.2166146, 5.9176561 ], [ -4.2179302, 5.9188667 ], [ -4.2177131, 5.9193848 ], [ -4.2180344, 5.9194885 ], [ -4.2172356, 5.9215783 ], [ -4.2169144, 5.9214833 ], [ -4.2162198, 5.9217683 ], [ -4.2159333, 5.9218892 ], [ -4.2155513, 5.9209911 ], [ -4.2150304, 5.9201102 ], [ -4.2145529, 5.9197303 ] ] ] } },
{ "type": "Feature", "properties": { "element": "way", "id": "392672749", "amenity": "hospital", "healthcare": "hospital", "name": "Centre Sante Urbain (CSU)  Tafiré", "source": null, "operational_status": null, "operator": null, "addr:suburb": null, "contact:email": null, "contact:mobile": null, "contact:phone": null, "opening_hours": null, "operator:type": null, "project:geoloc_unicef": null, "project:geoloc_unicef:id": null, "source:date": null, "short_name": null, "addr:street": null, "name:en": null, "website": null, "healthcare:speciality": null, "fixme": null, "phone": null, "office": null, "addr:city": "Tafiré", "addr:postcode": null, "name:fr": null, "email": null, "emergency": null, "alt_name": null, "fax": null, "fid": null, "project:opencities_abidjan": null, "addr:housenumber": null, "barrier": null, "building": null, "layer": null, "description": null, "start_date": null, "addr:country": null, "projet:ogpci": null, "health_facility:type": null, "wheelchair": null, "full_name": null, "health_facility:CI": null, "project:anr_cohesion_bouake": null, "wikidata": null, "wikipedia": null, "wikimedia_commons": null, "note": null, "source:imagery": null, "designation": null, "addr:housename": null, "addr:state": null, "internet_access": null, "is_in": null, "check_date": null, "elevator": null, "building:levels": null, "old_name": null, "official_name": null, "operator:wikidata": null, "operator:wikipedia": null, "projet:eboci": null, "contact:website": null, "name:ur": null, "nat_name": null, "type": null }, "geometry": { "type": "Polygon", "coordinates": [ [ [ -5.1555733, 9.0707623 ], [ -5.1551871, 9.0704232 ], [ -5.1560884, 9.0696166 ], [ -5.1564102, 9.0699571 ], [ -5.1555733, 9.0707623 ] ] ] } },
{ "type": "Feature", "properties": { "element": "way", "id": "399788313", "amenity": "hospital", "healthcare": "hospital", "name": "Hôpital Catholique Saint-Joseph Moscati", "source": null, "operational_status": null, "operator": null, "addr:suburb": null, "contact:email": null, "contact:mobile": null, "contact:phone": null, "opening_hours": null, "operator:type": null, "project:geoloc_unicef": null, "project:geoloc_unicef:id": null, "source:date": null, "short_name": null, "addr:street": null, "name:en": null, "website": null, "healthcare:speciality": null, "fixme": null, "phone": null, "office": null, "addr:city": null, "addr:postcode": null, "name:fr": null, "email": null, "emergency": null, "alt_name": null, "fax": null, "fid": null, "project:opencities_abidjan": null, "addr:housenumber": null, "barrier": "fence", "building": null, "layer": null, "description": null, "start_date": null, "addr:country": null, "projet:ogpci": null, "health_facility:type": null, "wheelchair": null, "full_name": null, "health_facility:CI": null, "project:anr_cohesion_bouake": null, "wikidata": null, "wikipedia": null, "wikimedia_commons": null, "note": null, "source:imagery": null, "designation": null, "addr:housename": null, "addr:state": null, "internet_access": null, "is_in": null, "check_date": null, "elevator": null, "building:levels": null, "old_name": null, "official_name": null, "operator:wikidata": null, "operator:wikipedia": null, "projet:eboci": null, "contact:website": null, "name:ur": null, "nat_name": null, "type": null }, "geometry": { "type": "Polygon", "coordinates": [ [ [ -5.289612, 6.8133124 ], [ -5.2897032, 6.8133024 ], [ -5.2897402, 6.8132362 ], [ -5.2897894, 6.8131367 ], [ -5.289867, 6.8130207 ], [ -5.2898898, 6.8129792 ], [ -5.2898637, 6.8128912 ], [ -5.2908696, 6.8112076 ], [ -5.2912354, 6.8114255 ], [ -5.292759, 6.8123333 ], [ -5.2925503, 6.812688 ], [ -5.2924674, 6.8127058 ], [ -5.292437, 6.8127528 ], [ -5.2924492, 6.8127603 ], [ -5.2924171, 6.8128124 ], [ -5.2924038, 6.8128043 ], [ -5.2923923, 6.8128221 ], [ -5.2923465, 6.812893 ], [ -5.2923769, 6.8129784 ], [ -5.2917499, 6.8140278 ], [ -5.2916732, 6.814049 ], [ -5.291644, 6.8141007 ], [ -5.2916126, 6.8141552 ], [ -5.2915905, 6.8141942 ], [ -5.2915294, 6.814302 ], [ -5.2915472, 6.8143671 ], [ -5.2910456, 6.8152067 ], [ -5.2891615, 6.8140622 ], [ -5.289612, 6.8133124 ] ] ] } },
{ "type": "Feature", "properties": { "element": "way", "id": "420369800", "amenity": "hospital", "healthcare": "hospital", "name": null, "source": null, "operational_status": null, "operator": null, "addr:suburb": null, "contact:email": null, "contact:mobile": null, "contact:phone": null, "opening_hours": null, "operator:type": null, "project:geoloc_unicef": null, "project:geoloc_unicef:id": null, "source:date": null, "short_name": null, "addr:street": null, "name:en": null, "website": null, "healthcare:speciality": null, "fixme": null, "phone": null, "office": null, "addr:city": null, "addr:postcode": null, "name:fr": null, "email": null, "emergency": null, "alt_name": null, "fax": null, "fid": null, "project:opencities_abidjan": null, "addr:housenumber": null, "barrier": null, "building": null, "layer": null, "description": null, "start_date": null, "addr:country": null, "projet:ogpci": null, "health_facility:type": null, "wheelchair": null, "full_name": null, "health_facility:CI": null, "project:anr_cohesion_bouake": null, "wikidata": null, "wikipedia": null, "wikimedia_commons": null, "note": null, "source:imagery": null, "designation": null, "addr:housename": null, "addr:state": null, "internet_access": null, "is_in": null, "check_date": null, "elevator": null, "building:levels": null, "old_name": null, "official_name": null, "operator:wikidata": null, "operator:wikipedia": null, "projet:eboci": null, "contact:website": null, "name:ur": null, "nat_name": null, "type": null }, "geometry": { "type": "Polygon", "coordinates": [ [ [ -3.9077644, 6.9686518 ], [ -3.9073281, 6.9695126 ], [ -3.9066123, 6.9691617 ], [ -3.9069518, 6.9683157 ], [ -3.9077644, 6.9686518 ] ] ] } },
{ "type": "Feature", "properties": { "element": "way", "id": "420391409", "amenity": "hospital", "healthcare": "hospital", "name": "Hôpital d'Arrah", "source": null, "operational_status": null, "operator": null, "addr:suburb": null, "contact:email": null, "contact:mobile": null, "contact:phone": null, "opening_hours": null, "operator:type": null, "project:geoloc_unicef": null, "project:geoloc_unicef:id": null, "source:date": null, "short_name": null, "addr:street": null, "name:en": null, "website": null, "healthcare:speciality": null, "fixme": null, "phone": null, "office": null, "addr:city": null, "addr:postcode": null, "name:fr": null, "email": null, "emergency": null, "alt_name": null, "fax": null, "fid": null, "project:opencities_abidjan": null, "addr:housenumber": null, "barrier": null, "building": null, "layer": null, "description": null, "start_date": null, "addr:country": null, "projet:ogpci": null, "health_facility:type": null, "wheelchair": null, "full_name": null, "health_facility:CI": null, "project:anr_cohesion_bouake": null, "wikidata": null, "wikipedia": null, "wikimedia_commons": null, "note": null, "source:imagery": null, "designation": null, "addr:housename": null, "addr:state": null, "internet_access": null, "is_in": null, "check_date": null, "elevator": null, "building:levels": null, "old_name": null, "official_name": null, "operator:wikidata": null, "operator:wikipedia": null, "projet:eboci": null, "contact:website": null, "name:ur": null, "nat_name": null, "type": null }, "geometry": { "type": "Polygon", "coordinates": [ [ [ -3.9660372, 6.6803574 ], [ -3.9677585, 6.6814527 ], [ -3.9672714, 6.6824539 ], [ -3.9668356, 6.6834845 ], [ -3.9660269, 6.682438 ], [ -3.9656782, 6.6818865 ], [ -3.9653636, 6.6814273 ], [ -3.9660372, 6.6803574 ] ] ] } },
{ "type": "Feature", "properties": { "element": "way", "id": "426314641", "amenity": "hospital", "healthcare": "hospital", "name": "Grandes Endemies", "source": null, "operational_status": null, "operator": null, "addr:suburb": null, "contact:email": null, "contact:mobile": null, "contact:phone": null, "opening_hours": null, "operator:type": null, "project:geoloc_unicef": null, "project:geoloc_unicef:id": null, "source:date": null, "short_name": null, "addr:street": null, "name:en": null, "website": null, "healthcare:speciality": null, "fixme": null, "phone": null, "office": null, "addr:city": null, "addr:postcode": null, "name:fr": null, "email": null, "emergency": null, "alt_name": null, "fax": null, "fid": null, "project:opencities_abidjan": null, "addr:housenumber": null, "barrier": "wall", "building": null, "layer": null, "description": null, "start_date": null, "addr:country": null, "projet:ogpci": null, "health_facility:type": null, "wheelchair": null, "full_name": null, "health_facility:CI": null, "project:anr_cohesion_bouake": null, "wikidata": null, "wikipedia": null, "wikimedia_commons": null, "note": null, "source:imagery": null, "designation": null, "addr:housename": null, "addr:state": null, "internet_access": null, "is_in": null, "check_date": null, "elevator": null, "building:levels": null, "old_name": null, "official_name": null, "operator:wikidata": null, "operator:wikipedia": null, "projet:eboci": null, "contact:website": null, "name:ur": null, "nat_name": null, "type": null }, "geometry": { "type": "Polygon", "coordinates": [ [ [ -7.552013, 7.3964354 ], [ -7.5506505, 7.3971476 ], [ -7.5502455, 7.3964302 ], [ -7.5500441, 7.3963085 ], [ -7.5501265, 7.3957563 ], [ -7.5502362, 7.395021 ], [ -7.5507431, 7.3949337 ], [ -7.5513124, 7.3949842 ], [ -7.5515821, 7.3955429 ], [ -7.5515912, 7.3955617 ], [ -7.552013, 7.3964354 ] ] ] } },
{ "type": "Feature", "properties": { "element": "way", "id": "426365265", "amenity": "hospital", "healthcare": "hospital", "name": "Hopital Général", "source": null, "operational_status": null, "operator": null, "addr:suburb": null, "contact:email": null, "contact:mobile": null, "contact:phone": null, "opening_hours": null, "operator:type": null, "project:geoloc_unicef": null, "project:geoloc_unicef:id": null, "source:date": null, "short_name": null, "addr:street": null, "name:en": null, "website": null, "healthcare:speciality": null, "fixme": null, "phone": null, "office": null, "addr:city": null, "addr:postcode": null, "name:fr": null, "email": null, "emergency": null, "alt_name": null, "fax": null, "fid": null, "project:opencities_abidjan": null, "addr:housenumber": null, "barrier": "wall", "building": null, "layer": null, "description": null, "start_date": null, "addr:country": null, "projet:ogpci": null, "health_facility:type": null, "wheelchair": null, "full_name": null, "health_facility:CI": null, "project:anr_cohesion_bouake": null, "wikidata": null, "wikipedia": null, "wikimedia_commons": null, "note": null, "source:imagery": null, "designation": null, "addr:housename": null, "addr:state": null, "internet_access": null, "is_in": null, "check_date": null, "elevator": null, "building:levels": null, "old_name": null, "official_name": null, "operator:wikidata": null, "operator:wikipedia": null, "projet:eboci": null, "contact:website": null, "name:ur": null, "nat_name": null, "type": null }, "geometry": { "type": "Polygon", "coordinates": [ [ [ -4.2122169, 6.6555654 ], [ -4.2112867, 6.6549965 ], [ -4.2108425, 6.6547228 ], [ -4.211617, 6.6533095 ], [ -4.212474, 6.6537951 ], [ -4.2129677, 6.6546776 ], [ -4.2129581, 6.6550852 ], [ -4.2125791, 6.6550942 ], [ -4.2122169, 6.6555654 ] ] ] } },
{ "type": "Feature", "properties": { "element": "way", "id": "426830439", "amenity": "hospital", "healthcare": "hospital", "name": "Centre Médical Chardy", "source": null, "operational_status": null, "operator": "Dr Hussein Chalhoub", "addr:suburb": null, "contact:email": null, "contact:mobile": null, "contact:phone": null, "opening_hours": null, "operator:type": null, "project:geoloc_unicef": null, "project:geoloc_unicef:id": null, "source:date": null, "short_name": null, "addr:street": "Avenue Chardy", "name:en": null, "website": null, "healthcare:speciality": null, "fixme": null, "phone": "+225 20 33 90 00", "office": null, "addr:city": "Plateau", "addr:postcode": null, "name:fr": null, "email": null, "emergency": null, "alt_name": null, "fax": null, "fid": null, "project:opencities_abidjan": null, "addr:housenumber": "26", "barrier": null, "building": "yes", "layer": null, "description": null, "start_date": null, "addr:country": null, "projet:ogpci": null, "health_facility:type": null, "wheelchair": null, "full_name": null, "health_facility:CI": null, "project:anr_cohesion_bouake": null, "wikidata": null, "wikipedia": null, "wikimedia_commons": null, "note": "centremedicalchardy@hotmail.fr", "source:imagery": null, "designation": null, "addr:housename": null, "addr:state": null, "internet_access": null, "is_in": null, "check_date": "2026-03-22", "elevator": "2ème étage", "building:levels": null, "old_name": null, "official_name": null, "operator:wikidata": null, "operator:wikipedia": null, "projet:eboci": null, "contact:website": null, "name:ur": null, "nat_name": null, "type": null }, "geometry": { "type": "Polygon", "coordinates": [ [ [ -4.0160624, 5.323868 ], [ -4.0162604, 5.32379 ], [ -4.0162245, 5.3236998 ], [ -4.0160265, 5.3237778 ], [ -4.0160624, 5.323868 ] ] ] } },
{ "type": "Feature", "properties": { "element": "way", "id": "440687877", "amenity": "hospital", "healthcare": "hospital", "name": "Hôpital Général de Grand-Bassam", "source": null, "operational_status": null, "operator": null, "addr:suburb": null, "contact:email": null, "contact:mobile": null, "contact:phone": null, "opening_hours": null, "operator:type": null, "project:geoloc_unicef": null, "project:geoloc_unicef:id": null, "source:date": null, "short_name": null, "addr:street": null, "name:en": null, "website": null, "healthcare:speciality": null, "fixme": null, "phone": null, "office": null, "addr:city": null, "addr:postcode": null, "name:fr": null, "email": null, "emergency": "yes", "alt_name": null, "fax": null, "fid": null, "project:opencities_abidjan": null, "addr:housenumber": null, "barrier": "wall", "building": null, "layer": null, "description": null, "start_date": null, "addr:country": null, "projet:ogpci": null, "health_facility:type": null, "wheelchair": null, "full_name": null, "health_facility:CI": null, "project:anr_cohesion_bouake": null, "wikidata": null, "wikipedia": null, "wikimedia_commons": null, "note": null, "source:imagery": null, "designation": null, "addr:housename": null, "addr:state": null, "internet_access": null, "is_in": null, "check_date": null, "elevator": null, "building:levels": null, "old_name": null, "official_name": null, "operator:wikidata": null, "operator:wikipedia": null, "projet:eboci": null, "contact:website": null, "name:ur": null, "nat_name": null, "type": null }, "geometry": { "type": "Polygon", "coordinates": [ [ [ -3.7348006, 5.2081059 ], [ -3.7352552, 5.2072111 ], [ -3.7355279, 5.2071174 ], [ -3.7358534, 5.2070054 ], [ -3.7367288, 5.2074812 ], [ -3.7361709, 5.2088007 ], [ -3.7348006, 5.2081059 ] ] ] } },
{ "type": "Feature", "properties": { "element": "way", "id": "447285101", "amenity": "hospital", "healthcare": "hospital", "name": "Nouvelle Clinique Farah", "source": null, "operational_status": null, "operator": null, "addr:suburb": null, "contact:email": null, "contact:mobile": null, "contact:phone": null, "opening_hours": null, "operator:type": null, "project:geoloc_unicef": null, "project:geoloc_unicef:id": null, "source:date": null, "short_name": null, "addr:street": null, "name:en": null, "website": "http://www.cliniquefarah.com/", "healthcare:speciality": null, "fixme": null, "phone": "+225 21 26 00 93", "office": null, "addr:city": "Marcory", "addr:postcode": null, "name:fr": null, "email": null, "emergency": null, "alt_name": null, "fax": null, "fid": null, "project:opencities_abidjan": null, "addr:housenumber": null, "barrier": null, "building": "yes", "layer": null, "description": null, "start_date": null, "addr:country": "CI", "projet:ogpci": null, "health_facility:type": null, "wheelchair": null, "full_name": null, "health_facility:CI": null, "project:anr_cohesion_bouake": null, "wikidata": null, "wikipedia": null, "wikimedia_commons": null, "note": null, "source:imagery": null, "designation": null, "addr:housename": null, "addr:state": "Abidjan", "internet_access": null, "is_in": null, "check_date": null, "elevator": null, "building:levels": "6", "old_name": null, "official_name": null, "operator:wikidata": null, "operator:wikipedia": null, "projet:eboci": null, "contact:website": null, "name:ur": null, "nat_name": null, "type": null }, "geometry": { "type": "Polygon", "coordinates": [ [ [ -3.9861817, 5.3107787 ], [ -3.9863026, 5.3105682 ], [ -3.9862747, 5.3105524 ], [ -3.9863788, 5.3103712 ], [ -3.9865885, 5.3104906 ], [ -3.9867186, 5.3105646 ], [ -3.9865994, 5.3107722 ], [ -3.9864937, 5.3109563 ], [ -3.9864725, 5.3109442 ], [ -3.9861817, 5.3107787 ] ] ] } },
{ "type": "Feature", "properties": { "element": "way", "id": "491696349", "amenity": "hospital", "healthcare": "hospital", "name": "Centre Hospitalier Régional de Gagnoa", "source": null, "operational_status": null, "operator": null, "addr:suburb": null, "contact:email": null, "contact:mobile": null, "contact:phone": null, "opening_hours": null, "operator:type": null, "project:geoloc_unicef": null, "project:geoloc_unicef:id": null, "source:date": null, "short_name": null, "addr:street": null, "name:en": null, "website": null, "healthcare:speciality": null, "fixme": null, "phone": null, "office": null, "addr:city": null, "addr:postcode": null, "name:fr": null, "email": null, "emergency": null, "alt_name": null, "fax": null, "fid": null, "project:opencities_abidjan": null, "addr:housenumber": null, "barrier": "wall", "building": null, "layer": null, "description": null, "start_date": null, "addr:country": null, "projet:ogpci": null, "health_facility:type": null, "wheelchair": null, "full_name": null, "health_facility:CI": null, "project:anr_cohesion_bouake": null, "wikidata": null, "wikipedia": null, "wikimedia_commons": null, "note": null, "source:imagery": null, "designation": null, "addr:housename": null, "addr:state": null, "internet_access": null, "is_in": null, "check_date": null, "elevator": null, "building:levels": null, "old_name": null, "official_name": null, "operator:wikidata": null, "operator:wikipedia": null, "projet:eboci": null, "contact:website": null, "name:ur": null, "nat_name": null, "type": null }, "geometry": { "type": "Polygon", "coordinates": [ [ [ -5.9459102, 6.1267298 ], [ -5.9440836, 6.1269432 ], [ -5.9438342, 6.1269645 ], [ -5.9436652, 6.1267218 ], [ -5.9434963, 6.1261381 ], [ -5.9432642, 6.1253337 ], [ -5.9442245, 6.125087 ], [ -5.9443626, 6.1255537 ], [ -5.9446362, 6.1254684 ], [ -5.9446093, 6.1253537 ], [ -5.9454462, 6.1251137 ], [ -5.9458727, 6.1262764 ], [ -5.9458217, 6.1262898 ], [ -5.9459102, 6.1267298 ] ] ] } },
{ "type": "Feature", "properties": { "element": "way", "id": "533143498", "amenity": "hospital", "healthcare": "hospital", "name": "Hôpital Mère-Enfant de Bingerville", "source": null, "operational_status": null, "operator": null, "addr:suburb": null, "contact:email": null, "contact:mobile": null, "contact:phone": null, "opening_hours": "24/7", "operator:type": null, "project:geoloc_unicef": null, "project:geoloc_unicef:id": null, "source:date": null, "short_name": null, "addr:street": null, "name:en": null, "website": "https://hmebingerville.ci/", "healthcare:speciality": null, "fixme": null, "phone": "+225-22 51 15 00", "office": null, "addr:city": null, "addr:postcode": null, "name:fr": null, "email": "info@hme.ci", "emergency": null, "alt_name": null, "fax": null, "fid": null, "project:opencities_abidjan": null, "addr:housenumber": null, "barrier": "wall", "building": null, "layer": null, "description": null, "start_date": "2018-03-16", "addr:country": null, "projet:ogpci": null, "health_facility:type": null, "wheelchair": null, "full_name": null, "health_facility:CI": null, "project:anr_cohesion_bouake": null, "wikidata": null, "wikipedia": null, "wikimedia_commons": null, "note": null, "source:imagery": null, "designation": null, "addr:housename": null, "addr:state": null, "internet_access": null, "is_in": null, "check_date": null, "elevator": null, "building:levels": null, "old_name": null, "official_name": null, "operator:wikidata": null, "operator:wikipedia": null, "projet:eboci": null, "contact:website": null, "name:ur": null, "nat_name": null, "type": null }, "geometry": { "type": "Polygon", "coordinates": [ [ [ -3.8841239, 5.3611369 ], [ -3.8839529, 5.3611585 ], [ -3.8839195, 5.3611626 ], [ -3.8839106, 5.3611638 ], [ -3.8838632, 5.3611674 ], [ -3.8831286, 5.3612585 ], [ -3.8831603, 5.3623192 ], [ -3.8831643, 5.3623854 ], [ -3.8831702, 5.3626264 ], [ -3.8833751, 5.3626428 ], [ -3.8834931, 5.3626487 ], [ -3.8835684, 5.3626519 ], [ -3.8836767, 5.3626659 ], [ -3.8840725, 5.3627008 ], [ -3.8841013, 5.3627004 ], [ -3.8841281, 5.3627031 ], [ -3.884587, 5.3627553 ], [ -3.8845971, 5.3626157 ], [ -3.8847245, 5.3610654 ], [ -3.8842206, 5.3611262 ], [ -3.8841756, 5.3611317 ], [ -3.8841656, 5.3611329 ], [ -3.8841239, 5.3611369 ] ] ] } },
{ "type": "Feature", "properties": { "element": "way", "id": "533386257", "amenity": "hospital", "healthcare": "hospital", "name": "PMI Bingerville", "source": null, "operational_status": null, "operator": null, "addr:suburb": null, "contact:email": null, "contact:mobile": null, "contact:phone": null, "opening_hours": null, "operator:type": null, "project:geoloc_unicef": null, "project:geoloc_unicef:id": null, "source:date": null, "short_name": null, "addr:street": null, "name:en": null, "website": null, "healthcare:speciality": null, "fixme": null, "phone": null, "office": null, "addr:city": null, "addr:postcode": null, "name:fr": null, "email": null, "emergency": null, "alt_name": null, "fax": null, "fid": null, "project:opencities_abidjan": null, "addr:housenumber": null, "barrier": null, "building": "hospital", "layer": null, "description": null, "start_date": null, "addr:country": null, "projet:ogpci": null, "health_facility:type": null, "wheelchair": null, "full_name": null, "health_facility:CI": null, "project:anr_cohesion_bouake": null, "wikidata": null, "wikipedia": null, "wikimedia_commons": null, "note": null, "source:imagery": null, "designation": null, "addr:housename": null, "addr:state": null, "internet_access": null, "is_in": null, "check_date": null, "elevator": null, "building:levels": null, "old_name": null, "official_name": null, "operator:wikidata": null, "operator:wikipedia": null, "projet:eboci": null, "contact:website": null, "name:ur": null, "nat_name": null, "type": null }, "geometry": { "type": "Polygon", "coordinates": [ [ [ -3.8909438, 5.3562533 ], [ -3.8908955, 5.3562506 ], [ -3.8908985, 5.3561972 ], [ -3.8909468, 5.3561999 ], [ -3.8909438, 5.3562533 ] ] ] } },
{ "type": "Feature", "properties": { "element": "way", "id": "567064230", "amenity": "hospital", "healthcare": "hospital", "name": "Hôpital préfectoral de Boundiali", "source": null, "operational_status": null, "operator": null, "addr:suburb": null, "contact:email": null, "contact:mobile": null, "contact:phone": null, "opening_hours": null, "operator:type": null, "project:geoloc_unicef": null, "project:geoloc_unicef:id": null, "source:date": null, "short_name": null, "addr:street": null, "name:en": null, "website": null, "healthcare:speciality": null, "fixme": null, "phone": null, "office": null, "addr:city": null, "addr:postcode": null, "name:fr": null, "email": null, "emergency": null, "alt_name": null, "fax": null, "fid": null, "project:opencities_abidjan": null, "addr:housenumber": null, "barrier": null, "building": null, "layer": null, "description": null, "start_date": null, "addr:country": null, "projet:ogpci": null, "health_facility:type": null, "wheelchair": null, "full_name": null, "health_facility:CI": null, "project:anr_cohesion_bouake": null, "wikidata": null, "wikipedia": null, "wikimedia_commons": null, "note": null, "source:imagery": null, "designation": null, "addr:housename": null, "addr:state": null, "internet_access": null, "is_in": null, "check_date": null, "elevator": null, "building:levels": null, "old_name": null, "official_name": null, "operator:wikidata": null, "operator:wikipedia": null, "projet:eboci": null, "contact:website": null, "name:ur": null, "nat_name": null, "type": null }, "geometry": { "type": "Polygon", "coordinates": [ [ [ -6.4815896, 9.5182423 ], [ -6.4817801, 9.5188613 ], [ -6.4836971, 9.5193818 ], [ -6.4841504, 9.5191688 ], [ -6.4836308, 9.517581 ], [ -6.4815896, 9.5182423 ] ] ] } },
{ "type": "Feature", "properties": { "element": "way", "id": "567087639", "amenity": "hospital", "healthcare": "hospital", "name": "Centre de Santé Urbain de Madinani", "source": null, "operational_status": null, "operator": null, "addr:suburb": null, "contact:email": null, "contact:mobile": null, "contact:phone": null, "opening_hours": null, "operator:type": null, "project:geoloc_unicef": null, "project:geoloc_unicef:id": null, "source:date": null, "short_name": null, "addr:street": null, "name:en": null, "website": null, "healthcare:speciality": null, "fixme": null, "phone": null, "office": null, "addr:city": null, "addr:postcode": null, "name:fr": null, "email": null, "emergency": null, "alt_name": null, "fax": null, "fid": null, "project:opencities_abidjan": null, "addr:housenumber": null, "barrier": null, "building": null, "layer": null, "description": null, "start_date": null, "addr:country": null, "projet:ogpci": null, "health_facility:type": null, "wheelchair": null, "full_name": null, "health_facility:CI": null, "project:anr_cohesion_bouake": null, "wikidata": null, "wikipedia": null, "wikimedia_commons": null, "note": null, "source:imagery": null, "designation": null, "addr:housename": null, "addr:state": null, "internet_access": null, "is_in": null, "check_date": null, "elevator": null, "building:levels": null, "old_name": null, "official_name": null, "operator:wikidata": null, "operator:wikipedia": null, "projet:eboci": null, "contact:website": null, "name:ur": null, "nat_name": null, "type": null }, "geometry": { "type": "Polygon", "coordinates": [ [ [ -6.9468194, 9.610051 ], [ -6.9457224, 9.6100695 ], [ -6.9458216, 9.6111353 ], [ -6.9461274, 9.611889 ], [ -6.9469348, 9.6115108 ], [ -6.9468194, 9.610051 ] ] ] } },
{ "type": "Feature", "properties": { "element": "way", "id": "578394079", "amenity": "hospital", "healthcare": "hospital", "name": "Maternité Municipale Deleguée de Zimbabwe", "source": "bing", "operational_status": null, "operator": null, "addr:suburb": null, "contact:email": null, "contact:mobile": null, "contact:phone": null, "opening_hours": null, "operator:type": null, "project:geoloc_unicef": null, "project:geoloc_unicef:id": null, "source:date": null, "short_name": null, "addr:street": null, "name:en": null, "website": null, "healthcare:speciality": null, "fixme": null, "phone": null, "office": null, "addr:city": null, "addr:postcode": null, "name:fr": null, "email": null, "emergency": null, "alt_name": null, "fax": null, "fid": null, "project:opencities_abidjan": null, "addr:housenumber": null, "barrier": null, "building": "hospital", "layer": null, "description": null, "start_date": null, "addr:country": null, "projet:ogpci": null, "health_facility:type": null, "wheelchair": null, "full_name": null, "health_facility:CI": null, "project:anr_cohesion_bouake": null, "wikidata": null, "wikipedia": null, "wikimedia_commons": null, "note": null, "source:imagery": null, "designation": null, "addr:housename": null, "addr:state": null, "internet_access": null, "is_in": null, "check_date": null, "elevator": null, "building:levels": null, "old_name": null, "official_name": null, "operator:wikidata": null, "operator:wikipedia": null, "projet:eboci": null, "contact:website": null, "name:ur": null, "nat_name": null, "type": null }, "geometry": { "type": "Polygon", "coordinates": [ [ [ -6.6656515, 4.7611405 ], [ -6.6655863, 4.7611424 ], [ -6.6655831, 4.7610309 ], [ -6.6656483, 4.761029 ], [ -6.6656515, 4.7611405 ] ] ] } },
{ "type": "Feature", "properties": { "element": "way", "id": "590880206", "amenity": "hospital", "healthcare": "hospital", "name": "Centre hospitalier", "source": null, "operational_status": null, "operator": null, "addr:suburb": null, "contact:email": null, "contact:mobile": null, "contact:phone": null, "opening_hours": null, "operator:type": null, "project:geoloc_unicef": null, "project:geoloc_unicef:id": null, "source:date": null, "short_name": null, "addr:street": null, "name:en": null, "website": null, "healthcare:speciality": null, "fixme": null, "phone": null, "office": null, "addr:city": null, "addr:postcode": null, "name:fr": null, "email": null, "emergency": null, "alt_name": null, "fax": null, "fid": null, "project:opencities_abidjan": null, "addr:housenumber": null, "barrier": null, "building": null, "layer": null, "description": null, "start_date": null, "addr:country": null, "projet:ogpci": null, "health_facility:type": null, "wheelchair": null, "full_name": null, "health_facility:CI": null, "project:anr_cohesion_bouake": null, "wikidata": null, "wikipedia": null, "wikimedia_commons": null, "note": null, "source:imagery": null, "designation": null, "addr:housename": null, "addr:state": null, "internet_access": null, "is_in": null, "check_date": null, "elevator": null, "building:levels": null, "old_name": null, "official_name": null, "operator:wikidata": null, "operator:wikipedia": null, "projet:eboci": null, "contact:website": null, "name:ur": null, "nat_name": null, "type": null }, "geometry": { "type": "Polygon", "coordinates": [ [ [ -3.9746622, 5.4573521 ], [ -3.9744888, 5.4568588 ], [ -3.9741632, 5.4569046 ], [ -3.974188, 5.4573979 ], [ -3.9746622, 5.4573521 ] ] ] } },
{ "type": "Feature", "properties": { "element": "way", "id": "618948239", "amenity": "hospital", "healthcare": "hospital", "name": "Centre Hospitalier Rural", "source": null, "operational_status": null, "operator": null, "addr:suburb": null, "contact:email": null, "contact:mobile": null, "contact:phone": null, "opening_hours": null, "operator:type": null, "project:geoloc_unicef": null, "project:geoloc_unicef:id": null, "source:date": null, "short_name": null, "addr:street": null, "name:en": null, "website": null, "healthcare:speciality": null, "fixme": null, "phone": null, "office": null, "addr:city": null, "addr:postcode": null, "name:fr": null, "email": null, "emergency": null, "alt_name": null, "fax": null, "fid": null, "project:opencities_abidjan": null, "addr:housenumber": null, "barrier": null, "building": "hospital", "layer": null, "description": null, "start_date": null, "addr:country": null, "projet:ogpci": null, "health_facility:type": null, "wheelchair": null, "full_name": null, "health_facility:CI": null, "project:anr_cohesion_bouake": null, "wikidata": null, "wikipedia": null, "wikimedia_commons": null, "note": null, "source:imagery": null, "designation": null, "addr:housename": null, "addr:state": null, "internet_access": null, "is_in": null, "check_date": null, "elevator": null, "building:levels": null, "old_name": null, "official_name": null, "operator:wikidata": null, "operator:wikipedia": null, "projet:eboci": null, "contact:website": null, "name:ur": null, "nat_name": null, "type": null }, "geometry": { "type": "Polygon", "coordinates": [ [ [ -4.8605376, 6.3339231 ], [ -4.86025, 6.3338088 ], [ -4.8602983, 6.3336888 ], [ -4.8605859, 6.3338031 ], [ -4.8605376, 6.3339231 ] ] ] } },
{ "type": "Feature", "properties": { "element": "way", "id": "637488966", "amenity": "hospital", "healthcare": "hospital", "name": null, "source": null, "operational_status": null, "operator": null, "addr:suburb": null, "contact:email": null, "contact:mobile": null, "contact:phone": null, "opening_hours": null, "operator:type": null, "project:geoloc_unicef": null, "project:geoloc_unicef:id": null, "source:date": null, "short_name": null, "addr:street": null, "name:en": null, "website": null, "healthcare:speciality": null, "fixme": null, "phone": null, "office": null, "addr:city": null, "addr:postcode": null, "name:fr": null, "email": null, "emergency": null, "alt_name": null, "fax": null, "fid": null, "project:opencities_abidjan": null, "addr:housenumber": null, "barrier": null, "building": "hospital", "layer": null, "description": null, "start_date": null, "addr:country": null, "projet:ogpci": null, "health_facility:type": null, "wheelchair": null, "full_name": null, "health_facility:CI": null, "project:anr_cohesion_bouake": null, "wikidata": null, "wikipedia": null, "wikimedia_commons": null, "note": null, "source:imagery": null, "designation": null, "addr:housename": null, "addr:state": null, "internet_access": null, "is_in": null, "check_date": null, "elevator": null, "building:levels": null, "old_name": null, "official_name": null, "operator:wikidata": null, "operator:wikipedia": null, "projet:eboci": null, "contact:website": null, "name:ur": null, "nat_name": null, "type": null }, "geometry": { "type": "Polygon", "coordinates": [ [ [ -6.4309703, 6.8615187 ], [ -6.4309148, 6.8615194 ], [ -6.4309141, 6.8614688 ], [ -6.4309696, 6.8614681 ], [ -6.4309703, 6.8615187 ] ] ] } },
{ "type": "Feature", "properties": { "element": "way", "id": "637488967", "amenity": "hospital", "healthcare": "hospital", "name": null, "source": null, "operational_status": null, "operator": null, "addr:suburb": null, "contact:email": null, "contact:mobile": null, "contact:phone": null, "opening_hours": null, "operator:type": null, "project:geoloc_unicef": null, "project:geoloc_unicef:id": null, "source:date": null, "short_name": null, "addr:street": null, "name:en": null, "website": null, "healthcare:speciality": null, "fixme": null, "phone": null, "office": null, "addr:city": null, "addr:postcode": null, "name:fr": null, "email": null, "emergency": null, "alt_name": null, "fax": null, "fid": null, "project:opencities_abidjan": null, "addr:housenumber": null, "barrier": null, "building": "yes", "layer": null, "description": null, "start_date": null, "addr:country": null, "projet:ogpci": null, "health_facility:type": null, "wheelchair": null, "full_name": null, "health_facility:CI": null, "project:anr_cohesion_bouake": null, "wikidata": null, "wikipedia": null, "wikimedia_commons": null, "note": null, "source:imagery": null, "designation": null, "addr:housename": null, "addr:state": null, "internet_access": null, "is_in": null, "check_date": null, "elevator": null, "building:levels": null, "old_name": null, "official_name": null, "operator:wikidata": null, "operator:wikipedia": null, "projet:eboci": null, "contact:website": null, "name:ur": null, "nat_name": null, "type": null }, "geometry": { "type": "Polygon", "coordinates": [ [ [ -6.4308073, 6.8614981 ], [ -6.4307575, 6.8614966 ], [ -6.4307589, 6.8614507 ], [ -6.4308087, 6.8614521 ], [ -6.4308073, 6.8614981 ] ] ] } },
{ "type": "Feature", "properties": { "element": "way", "id": "637488968", "amenity": "hospital", "healthcare": "hospital", "name": null, "source": null, "operational_status": null, "operator": null, "addr:suburb": null, "contact:email": null, "contact:mobile": null, "contact:phone": null, "opening_hours": null, "operator:type": null, "project:geoloc_unicef": null, "project:geoloc_unicef:id": null, "source:date": null, "short_name": null, "addr:street": null, "name:en": null, "website": null, "healthcare:speciality": null, "fixme": null, "phone": null, "office": null, "addr:city": null, "addr:postcode": null, "name:fr": null, "email": null, "emergency": null, "alt_name": null, "fax": null, "fid": null, "project:opencities_abidjan": null, "addr:housenumber": null, "barrier": null, "building": "hospital", "layer": null, "description": null, "start_date": null, "addr:country": null, "projet:ogpci": null, "health_facility:type": null, "wheelchair": null, "full_name": null, "health_facility:CI": null, "project:anr_cohesion_bouake": null, "wikidata": null, "wikipedia": null, "wikimedia_commons": null, "note": null, "source:imagery": null, "designation": null, "addr:housename": null, "addr:state": null, "internet_access": null, "is_in": null, "check_date": null, "elevator": null, "building:levels": null, "old_name": null, "official_name": null, "operator:wikidata": null, "operator:wikipedia": null, "projet:eboci": null, "contact:website": null, "name:ur": null, "nat_name": null, "type": null }, "geometry": { "type": "Polygon", "coordinates": [ [ [ -6.4305773, 6.8614847 ], [ -6.4305103, 6.8614847 ], [ -6.4305103, 6.8614328 ], [ -6.4305773, 6.8614328 ], [ -6.4305773, 6.8614847 ] ] ] } },
{ "type": "Feature", "properties": { "element": "way", "id": "637488969", "amenity": "hospital", "healthcare": "hospital", "name": null, "source": null, "operational_status": null, "operator": null, "addr:suburb": null, "contact:email": null, "contact:mobile": null, "contact:phone": null, "opening_hours": null, "operator:type": null, "project:geoloc_unicef": null, "project:geoloc_unicef:id": null, "source:date": null, "short_name": null, "addr:street": null, "name:en": null, "website": null, "healthcare:speciality": null, "fixme": null, "phone": null, "office": null, "addr:city": null, "addr:postcode": null, "name:fr": null, "email": null, "emergency": null, "alt_name": null, "fax": null, "fid": null, "project:opencities_abidjan": null, "addr:housenumber": null, "barrier": null, "building": "hospital", "layer": null, "description": null, "start_date": null, "addr:country": null, "projet:ogpci": null, "health_facility:type": null, "wheelchair": null, "full_name": null, "health_facility:CI": null, "project:anr_cohesion_bouake": null, "wikidata": null, "wikipedia": null, "wikimedia_commons": null, "note": null, "source:imagery": null, "designation": null, "addr:housename": null, "addr:state": null, "internet_access": null, "is_in": null, "check_date": null, "elevator": null, "building:levels": null, "old_name": null, "official_name": null, "operator:wikidata": null, "operator:wikipedia": null, "projet:eboci": null, "contact:website": null, "name:ur": null, "nat_name": null, "type": null }, "geometry": { "type": "Polygon", "coordinates": [ [ [ -6.4306565, 6.8617071 ], [ -6.430582, 6.861696 ], [ -6.4305902, 6.8616418 ], [ -6.4304234, 6.8616266 ], [ -6.4304257, 6.8615667 ], [ -6.4305993, 6.8615822 ], [ -6.4306109, 6.8615061 ], [ -6.4306853, 6.8615172 ], [ -6.4306565, 6.8617071 ] ] ] } },
{ "type": "Feature", "properties": { "element": "way", "id": "637488970", "amenity": "hospital", "healthcare": "hospital", "name": null, "source": null, "operational_status": null, "operator": null, "addr:suburb": null, "contact:email": null, "contact:mobile": null, "contact:phone": null, "opening_hours": null, "operator:type": null, "project:geoloc_unicef": null, "project:geoloc_unicef:id": null, "source:date": null, "short_name": null, "addr:street": null, "name:en": null, "website": null, "healthcare:speciality": null, "fixme": null, "phone": null, "office": null, "addr:city": null, "addr:postcode": null, "name:fr": null, "email": null, "emergency": null, "alt_name": null, "fax": null, "fid": null, "project:opencities_abidjan": null, "addr:housenumber": null, "barrier": null, "building": "hospital", "layer": null, "description": null, "start_date": null, "addr:country": null, "projet:ogpci": null, "health_facility:type": null, "wheelchair": null, "full_name": null, "health_facility:CI": null, "project:anr_cohesion_bouake": null, "wikidata": null, "wikipedia": null, "wikimedia_commons": null, "note": null, "source:imagery": null, "designation": null, "addr:housename": null, "addr:state": null, "internet_access": null, "is_in": null, "check_date": null, "elevator": null, "building:levels": null, "old_name": null, "official_name": null, "operator:wikidata": null, "operator:wikipedia": null, "projet:eboci": null, "contact:website": null, "name:ur": null, "nat_name": null, "type": null }, "geometry": { "type": "Polygon", "coordinates": [ [ [ -6.4309196, 6.8617378 ], [ -6.4306742, 6.8617011 ], [ -6.4306857, 6.8616258 ], [ -6.4309311, 6.8616625 ], [ -6.4309196, 6.8617378 ] ] ] } },
{ "type": "Feature", "properties": { "element": "way", "id": "637488971", "amenity": "hospital", "healthcare": "hospital", "name": null, "source": null, "operational_status": null, "operator": null, "addr:suburb": null, "contact:email": null, "contact:mobile": null, "contact:phone": null, "opening_hours": null, "operator:type": null, "project:geoloc_unicef": null, "project:geoloc_unicef:id": null, "source:date": null, "short_name": null, "addr:street": null, "name:en": null, "website": null, "healthcare:speciality": null, "fixme": null, "phone": null, "office": null, "addr:city": null, "addr:postcode": null, "name:fr": null, "email": null, "emergency": null, "alt_name": null, "fax": null, "fid": null, "project:opencities_abidjan": null, "addr:housenumber": null, "barrier": null, "building": "hospital", "layer": null, "description": null, "start_date": null, "addr:country": null, "projet:ogpci": null, "health_facility:type": null, "wheelchair": null, "full_name": null, "health_facility:CI": null, "project:anr_cohesion_bouake": null, "wikidata": null, "wikipedia": null, "wikimedia_commons": null, "note": null, "source:imagery": null, "designation": null, "addr:housename": null, "addr:state": null, "internet_access": null, "is_in": null, "check_date": null, "elevator": null, "building:levels": null, "old_name": null, "official_name": null, "operator:wikidata": null, "operator:wikipedia": null, "projet:eboci": null, "contact:website": null, "name:ur": null, "nat_name": null, "type": null }, "geometry": { "type": "Polygon", "coordinates": [ [ [ -6.4304164, 6.8616285 ], [ -6.4301891, 6.8616324 ], [ -6.4301871, 6.8615154 ], [ -6.4302554, 6.8615142 ], [ -6.4302538, 6.8614266 ], [ -6.4303022, 6.8614258 ], [ -6.4303038, 6.8615134 ], [ -6.4304144, 6.8615115 ], [ -6.4304164, 6.8616285 ] ] ] } },
{ "type": "Feature", "properties": { "element": "way", "id": "637488975", "amenity": "hospital", "healthcare": "hospital", "name": null, "source": null, "operational_status": null, "operator": null, "addr:suburb": null, "contact:email": null, "contact:mobile": null, "contact:phone": null, "opening_hours": null, "operator:type": null, "project:geoloc_unicef": null, "project:geoloc_unicef:id": null, "source:date": null, "short_name": null, "addr:street": null, "name:en": null, "website": null, "healthcare:speciality": null, "fixme": null, "phone": null, "office": null, "addr:city": null, "addr:postcode": null, "name:fr": null, "email": null, "emergency": null, "alt_name": null, "fax": null, "fid": null, "project:opencities_abidjan": null, "addr:housenumber": null, "barrier": null, "building": "hospital", "layer": null, "description": null, "start_date": null, "addr:country": null, "projet:ogpci": null, "health_facility:type": null, "wheelchair": null, "full_name": null, "health_facility:CI": null, "project:anr_cohesion_bouake": null, "wikidata": null, "wikipedia": null, "wikimedia_commons": null, "note": null, "source:imagery": null, "designation": null, "addr:housename": null, "addr:state": null, "internet_access": null, "is_in": null, "check_date": null, "elevator": null, "building:levels": null, "old_name": null, "official_name": null, "operator:wikidata": null, "operator:wikipedia": null, "projet:eboci": null, "contact:website": null, "name:ur": null, "nat_name": null, "type": null }, "geometry": { "type": "Polygon", "coordinates": [ [ [ -6.4295889, 6.8620027 ], [ -6.4294871, 6.8618867 ], [ -6.4294526, 6.8619166 ], [ -6.4294165, 6.8618754 ], [ -6.429451, 6.8618456 ], [ -6.4294159, 6.8618056 ], [ -6.4295177, 6.8617175 ], [ -6.4296907, 6.8619146 ], [ -6.4295889, 6.8620027 ] ] ] } },
{ "type": "Feature", "properties": { "element": "way", "id": "637488976", "amenity": "hospital", "healthcare": "hospital", "name": null, "source": null, "operational_status": null, "operator": null, "addr:suburb": null, "contact:email": null, "contact:mobile": null, "contact:phone": null, "opening_hours": null, "operator:type": null, "project:geoloc_unicef": null, "project:geoloc_unicef:id": null, "source:date": null, "short_name": null, "addr:street": null, "name:en": null, "website": null, "healthcare:speciality": null, "fixme": null, "phone": null, "office": null, "addr:city": null, "addr:postcode": null, "name:fr": null, "email": null, "emergency": null, "alt_name": null, "fax": null, "fid": null, "project:opencities_abidjan": null, "addr:housenumber": null, "barrier": null, "building": "hospital", "layer": null, "description": null, "start_date": null, "addr:country": null, "projet:ogpci": null, "health_facility:type": null, "wheelchair": null, "full_name": null, "health_facility:CI": null, "project:anr_cohesion_bouake": null, "wikidata": null, "wikipedia": null, "wikimedia_commons": null, "note": null, "source:imagery": null, "designation": null, "addr:housename": null, "addr:state": null, "internet_access": null, "is_in": null, "check_date": null, "elevator": null, "building:levels": null, "old_name": null, "official_name": null, "operator:wikidata": null, "operator:wikipedia": null, "projet:eboci": null, "contact:website": null, "name:ur": null, "nat_name": null, "type": null }, "geometry": { "type": "Polygon", "coordinates": [ [ [ -6.4294039, 6.8620633 ], [ -6.4292695, 6.8620527 ], [ -6.4292778, 6.8619494 ], [ -6.4294121, 6.86196 ], [ -6.4294039, 6.8620633 ] ] ] } },
{ "type": "Feature", "properties": { "element": "way", "id": "637488977", "amenity": "hospital", "healthcare": "hospital", "name": null, "source": null, "operational_status": null, "operator": null, "addr:suburb": null, "contact:email": null, "contact:mobile": null, "contact:phone": null, "opening_hours": null, "operator:type": null, "project:geoloc_unicef": null, "project:geoloc_unicef:id": null, "source:date": null, "short_name": null, "addr:street": null, "name:en": null, "website": null, "healthcare:speciality": null, "fixme": null, "phone": null, "office": null, "addr:city": null, "addr:postcode": null, "name:fr": null, "email": null, "emergency": null, "alt_name": null, "fax": null, "fid": null, "project:opencities_abidjan": null, "addr:housenumber": null, "barrier": null, "building": "hospital", "layer": null, "description": null, "start_date": null, "addr:country": null, "projet:ogpci": null, "health_facility:type": null, "wheelchair": null, "full_name": null, "health_facility:CI": null, "project:anr_cohesion_bouake": null, "wikidata": null, "wikipedia": null, "wikimedia_commons": null, "note": null, "source:imagery": null, "designation": null, "addr:housename": null, "addr:state": null, "internet_access": null, "is_in": null, "check_date": null, "elevator": null, "building:levels": null, "old_name": null, "official_name": null, "operator:wikidata": null, "operator:wikipedia": null, "projet:eboci": null, "contact:website": null, "name:ur": null, "nat_name": null, "type": null }, "geometry": { "type": "Polygon", "coordinates": [ [ [ -6.4292832, 6.8619418 ], [ -6.4290037, 6.8619198 ], [ -6.4290101, 6.86184 ], [ -6.4292896, 6.861862 ], [ -6.4292832, 6.8619418 ] ] ] } },
{ "type": "Feature", "properties": { "element": "way", "id": "658617687", "amenity": "hospital", "healthcare": "hospital", "name": "Centre de Santé de Niambezaria", "source": null, "operational_status": null, "operator": null, "addr:suburb": null, "contact:email": null, "contact:mobile": null, "contact:phone": null, "opening_hours": null, "operator:type": null, "project:geoloc_unicef": null, "project:geoloc_unicef:id": null, "source:date": null, "short_name": null, "addr:street": null, "name:en": null, "website": null, "healthcare:speciality": null, "fixme": null, "phone": null, "office": null, "addr:city": null, "addr:postcode": null, "name:fr": null, "email": null, "emergency": null, "alt_name": null, "fax": null, "fid": null, "project:opencities_abidjan": null, "addr:housenumber": null, "barrier": null, "building": null, "layer": null, "description": null, "start_date": null, "addr:country": null, "projet:ogpci": null, "health_facility:type": null, "wheelchair": null, "full_name": null, "health_facility:CI": null, "project:anr_cohesion_bouake": null, "wikidata": null, "wikipedia": null, "wikimedia_commons": null, "note": null, "source:imagery": null, "designation": null, "addr:housename": null, "addr:state": null, "internet_access": null, "is_in": null, "check_date": null, "elevator": null, "building:levels": null, "old_name": null, "official_name": null, "operator:wikidata": null, "operator:wikipedia": null, "projet:eboci": null, "contact:website": null, "name:ur": null, "nat_name": null, "type": null }, "geometry": { "type": "Polygon", "coordinates": [ [ [ -5.757164, 5.6606949 ], [ -5.7576251, 5.6602341 ], [ -5.7570629, 5.6598105 ], [ -5.7566664, 5.6602548 ], [ -5.757164, 5.6606949 ] ] ] } },
{ "type": "Feature", "properties": { "element": "way", "id": "683093809", "amenity": "hospital", "healthcare": "hospital", "name": "Case de Santé", "source": null, "operational_status": null, "operator": null, "addr:suburb": null, "contact:email": null, "contact:mobile": null, "contact:phone": null, "opening_hours": null, "operator:type": null, "project:geoloc_unicef": null, "project:geoloc_unicef:id": null, "source:date": null, "short_name": null, "addr:street": null, "name:en": null, "website": null, "healthcare:speciality": null, "fixme": null, "phone": null, "office": null, "addr:city": null, "addr:postcode": null, "name:fr": null, "email": null, "emergency": null, "alt_name": null, "fax": null, "fid": null, "project:opencities_abidjan": null, "addr:housenumber": null, "barrier": null, "building": "hospital", "layer": null, "description": null, "start_date": null, "addr:country": null, "projet:ogpci": null, "health_facility:type": null, "wheelchair": null, "full_name": null, "health_facility:CI": null, "project:anr_cohesion_bouake": null, "wikidata": null, "wikipedia": null, "wikimedia_commons": null, "note": null, "source:imagery": null, "designation": null, "addr:housename": null, "addr:state": null, "internet_access": null, "is_in": null, "check_date": null, "elevator": null, "building:levels": null, "old_name": null, "official_name": null, "operator:wikidata": null, "operator:wikipedia": null, "projet:eboci": null, "contact:website": null, "name:ur": null, "nat_name": null, "type": null }, "geometry": { "type": "Polygon", "coordinates": [ [ [ -6.4013885, 6.9017641 ], [ -6.4013532, 6.90166 ], [ -6.4013066, 6.9016755 ], [ -6.4013419, 6.9017797 ], [ -6.4013885, 6.9017641 ] ] ] } },
{ "type": "Feature", "properties": { "element": "way", "id": "687184785", "amenity": "hospital", "healthcare": "hospital", "name": "Centre Medico-Churigical AMSU", "source": "Bing;DigitalGlobe Standard Imagery;DigitalGlobe Standard,survey", "operational_status": null, "operator": null, "addr:suburb": "Lobia", "contact:email": null, "contact:mobile": null, "contact:phone": "+2257501318", "opening_hours": "24/7", "operator:type": "private", "project:geoloc_unicef": "yes", "project:geoloc_unicef:id": "DAL_073", "source:date": "2019-05-12", "short_name": null, "addr:street": null, "name:en": null, "website": null, "healthcare:speciality": null, "fixme": null, "phone": null, "office": null, "addr:city": null, "addr:postcode": null, "name:fr": null, "email": null, "emergency": null, "alt_name": null, "fax": null, "fid": null, "project:opencities_abidjan": null, "addr:housenumber": null, "barrier": null, "building": "hospital", "layer": null, "description": null, "start_date": null, "addr:country": null, "projet:ogpci": null, "health_facility:type": null, "wheelchair": null, "full_name": null, "health_facility:CI": null, "project:anr_cohesion_bouake": null, "wikidata": null, "wikipedia": null, "wikimedia_commons": null, "note": null, "source:imagery": null, "designation": null, "addr:housename": null, "addr:state": null, "internet_access": null, "is_in": null, "check_date": null, "elevator": null, "building:levels": null, "old_name": null, "official_name": null, "operator:wikidata": null, "operator:wikipedia": null, "projet:eboci": null, "contact:website": null, "name:ur": null, "nat_name": null, "type": null }, "geometry": { "type": "Polygon", "coordinates": [ [ [ -6.4522456, 6.902581 ], [ -6.4520754, 6.9026244 ], [ -6.4520123, 6.9023808 ], [ -6.4521825, 6.9023374 ], [ -6.4522456, 6.902581 ] ] ] } },
{ "type": "Feature", "properties": { "element": "way", "id": "713709297", "amenity": "hospital", "healthcare": "hospital", "name": "Hopital Generale", "source": null, "operational_status": null, "operator": null, "addr:suburb": null, "contact:email": null, "contact:mobile": null, "contact:phone": null, "opening_hours": null, "operator:type": null, "project:geoloc_unicef": null, "project:geoloc_unicef:id": null, "source:date": null, "short_name": null, "addr:street": null, "name:en": null, "website": null, "healthcare:speciality": null, "fixme": null, "phone": null, "office": null, "addr:city": null, "addr:postcode": null, "name:fr": null, "email": null, "emergency": null, "alt_name": null, "fax": null, "fid": null, "project:opencities_abidjan": null, "addr:housenumber": null, "barrier": null, "building": null, "layer": null, "description": null, "start_date": null, "addr:country": null, "projet:ogpci": null, "health_facility:type": null, "wheelchair": null, "full_name": null, "health_facility:CI": null, "project:anr_cohesion_bouake": null, "wikidata": null, "wikipedia": null, "wikimedia_commons": null, "note": null, "source:imagery": null, "designation": null, "addr:housename": null, "addr:state": null, "internet_access": null, "is_in": null, "check_date": null, "elevator": null, "building:levels": null, "old_name": null, "official_name": null, "operator:wikidata": null, "operator:wikipedia": null, "projet:eboci": null, "contact:website": null, "name:ur": null, "nat_name": null, "type": null }, "geometry": { "type": "Polygon", "coordinates": [ [ [ -3.9958692, 7.6534483 ], [ -3.9940238, 7.6523 ], [ -3.9952699, 7.6503331 ], [ -3.9971152, 7.6514815 ], [ -3.9958692, 7.6534483 ] ] ] } },
{ "type": "Feature", "properties": { "element": "way", "id": "771418530", "amenity": "hospital", "healthcare": "hospital", "name": null, "source": null, "operational_status": null, "operator": null, "addr:suburb": null, "contact:email": null, "contact:mobile": null, "contact:phone": null, "opening_hours": null, "operator:type": null, "project:geoloc_unicef": null, "project:geoloc_unicef:id": null, "source:date": null, "short_name": null, "addr:street": null, "name:en": null, "website": null, "healthcare:speciality": null, "fixme": null, "phone": null, "office": null, "addr:city": null, "addr:postcode": null, "name:fr": null, "email": null, "emergency": null, "alt_name": null, "fax": null, "fid": null, "project:opencities_abidjan": null, "addr:housenumber": null, "barrier": null, "building": "hospital", "layer": null, "description": null, "start_date": null, "addr:country": null, "projet:ogpci": null, "health_facility:type": null, "wheelchair": null, "full_name": null, "health_facility:CI": null, "project:anr_cohesion_bouake": null, "wikidata": null, "wikipedia": null, "wikimedia_commons": null, "note": null, "source:imagery": null, "designation": null, "addr:housename": null, "addr:state": null, "internet_access": null, "is_in": null, "check_date": null, "elevator": null, "building:levels": null, "old_name": null, "official_name": null, "operator:wikidata": null, "operator:wikipedia": null, "projet:eboci": null, "contact:website": null, "name:ur": null, "nat_name": null, "type": null }, "geometry": { "type": "Polygon", "coordinates": [ [ [ -3.2899855, 5.1359168 ], [ -3.2899517, 5.1360378 ], [ -3.2897786, 5.1359923 ], [ -3.2898072, 5.135874 ], [ -3.2899855, 5.1359168 ] ] ] } },
{ "type": "Feature", "properties": { "element": "way", "id": "785191305", "amenity": "hospital", "healthcare": "hospital", "name": "Centre Hospitalier Régional de Guiglo", "source": null, "operational_status": null, "operator": null, "addr:suburb": null, "contact:email": null, "contact:mobile": null, "contact:phone": null, "opening_hours": "24/7", "operator:type": null, "project:geoloc_unicef": null, "project:geoloc_unicef:id": null, "source:date": null, "short_name": "CHR de Guiglo", "addr:street": null, "name:en": null, "website": null, "healthcare:speciality": "general", "fixme": null, "phone": null, "office": null, "addr:city": null, "addr:postcode": null, "name:fr": null, "email": null, "emergency": "yes", "alt_name": null, "fax": null, "fid": null, "project:opencities_abidjan": null, "addr:housenumber": null, "barrier": null, "building": null, "layer": null, "description": null, "start_date": null, "addr:country": null, "projet:ogpci": null, "health_facility:type": null, "wheelchair": null, "full_name": null, "health_facility:CI": null, "project:anr_cohesion_bouake": null, "wikidata": null, "wikipedia": null, "wikimedia_commons": null, "note": null, "source:imagery": null, "designation": null, "addr:housename": null, "addr:state": null, "internet_access": null, "is_in": null, "check_date": null, "elevator": null, "building:levels": null, "old_name": null, "official_name": null, "operator:wikidata": null, "operator:wikipedia": null, "projet:eboci": null, "contact:website": null, "name:ur": null, "nat_name": null, "type": null }, "geometry": { "type": "Polygon", "coordinates": [ [ [ -7.4830768, 6.5444943 ], [ -7.4825473, 6.5444801 ], [ -7.4822576, 6.5444694 ], [ -7.4815495, 6.5446346 ], [ -7.4813981, 6.5440011 ], [ -7.4816837, 6.543943 ], [ -7.4816997, 6.5436567 ], [ -7.4818235, 6.5435875 ], [ -7.4819466, 6.5435175 ], [ -7.4830392, 6.5435132 ], [ -7.4830768, 6.5444943 ] ] ] } },
{ "type": "Feature", "properties": { "element": "way", "id": "785813537", "amenity": "hospital", "healthcare": "hospital", "name": "Hôpital Militaire d'Abidjan", "source": "DigitalGlobe Standard; survey", "operational_status": null, "operator": null, "addr:suburb": "Adjame", "contact:email": null, "contact:mobile": null, "contact:phone": "+22520213361", "opening_hours": "24/7", "operator:type": "public", "project:geoloc_unicef": "yes", "project:geoloc_unicef:id": "ABJ_314", "source:date": "2019-06-14", "short_name": "HMA", "addr:street": null, "name:en": null, "website": null, "healthcare:speciality": null, "fixme": null, "phone": null, "office": null, "addr:city": null, "addr:postcode": null, "name:fr": null, "email": null, "emergency": null, "alt_name": null, "fax": null, "fid": null, "project:opencities_abidjan": null, "addr:housenumber": null, "barrier": null, "building": null, "layer": null, "description": "Accouchement Assistance sociale, soutien social Conseil et dépistage volontaire (CDV) Conseil,", "start_date": null, "addr:country": null, "projet:ogpci": null, "health_facility:type": null, "wheelchair": null, "full_name": null, "health_facility:CI": null, "project:anr_cohesion_bouake": null, "wikidata": null, "wikipedia": null, "wikimedia_commons": null, "note": null, "source:imagery": null, "designation": null, "addr:housename": null, "addr:state": null, "internet_access": null, "is_in": null, "check_date": null, "elevator": null, "building:levels": null, "old_name": null, "official_name": null, "operator:wikidata": null, "operator:wikipedia": null, "projet:eboci": null, "contact:website": null, "name:ur": null, "nat_name": null, "type": null }, "geometry": { "type": "Polygon", "coordinates": [ [ [ -4.0075349, 5.3824231 ], [ -4.0069854, 5.3824208 ], [ -4.0065705, 5.3829763 ], [ -4.0064902, 5.3829574 ], [ -4.0064387, 5.3829452 ], [ -4.0064461, 5.3828901 ], [ -4.0068801, 5.3796677 ], [ -4.007513, 5.3797628 ], [ -4.0082302, 5.3797291 ], [ -4.0084066, 5.3808226 ], [ -4.0082492, 5.3808326 ], [ -4.0082258, 5.3809379 ], [ -4.0075349, 5.3824231 ] ] ] } },
{ "type": "Feature", "properties": { "element": "way", "id": "785830346", "amenity": "hospital", "healthcare": "hospital", "name": "Hôpital général de Port-Bouët", "source": null, "operational_status": null, "operator": null, "addr:suburb": "Port Bouet", "contact:email": null, "contact:mobile": null, "contact:phone": "+22521278500", "opening_hours": "24/7", "operator:type": "public", "project:geoloc_unicef": "yes", "project:geoloc_unicef:id": "ABJ_155", "source:date": null, "short_name": "HG Port-Bouët", "addr:street": null, "name:en": null, "website": null, "healthcare:speciality": null, "fixme": null, "phone": null, "office": null, "addr:city": null, "addr:postcode": null, "name:fr": null, "email": null, "emergency": null, "alt_name": null, "fax": null, "fid": null, "project:opencities_abidjan": null, "addr:housenumber": null, "barrier": null, "building": null, "layer": null, "description": "Accouchement Consultation prénatale Consultation Dépistage VIH, IST Pédiatrie gynéco-obstétriques", "start_date": null, "addr:country": null, "projet:ogpci": null, "health_facility:type": null, "wheelchair": null, "full_name": null, "health_facility:CI": null, "project:anr_cohesion_bouake": null, "wikidata": null, "wikipedia": null, "wikimedia_commons": null, "note": null, "source:imagery": null, "designation": null, "addr:housename": null, "addr:state": null, "internet_access": null, "is_in": null, "check_date": null, "elevator": null, "building:levels": null, "old_name": null, "official_name": null, "operator:wikidata": null, "operator:wikipedia": null, "projet:eboci": null, "contact:website": null, "name:ur": null, "nat_name": null, "type": null }, "geometry": { "type": "Polygon", "coordinates": [ [ [ -3.962758, 5.2641431 ], [ -3.9620304, 5.2639795 ], [ -3.9614563, 5.2637513 ], [ -3.961058, 5.2635491 ], [ -3.9609286, 5.2634539 ], [ -3.9608771, 5.2632822 ], [ -3.9609893, 5.2629051 ], [ -3.9612486, 5.2623078 ], [ -3.9615229, 5.2619565 ], [ -3.9618786, 5.2616203 ], [ -3.9633708, 5.2619475 ], [ -3.9630908, 5.2632017 ], [ -3.9630486, 5.2631107 ], [ -3.962758, 5.2641431 ] ] ] } },
{ "type": "Feature", "properties": { "element": "way", "id": "785843158", "amenity": "hospital", "healthcare": "hospital", "name": "Hopital Général d'Abobo", "source": "DigitalGlobe Standard; survey", "operational_status": null, "operator": "Ministère de la Santé et de L'Hygiène Publique", "addr:suburb": "Abobo", "contact:email": "hopitalabobosud@yahoo.fr", "contact:mobile": "+22509846848", "contact:phone": "+22521015738", "opening_hours": "24/7", "operator:type": "public", "project:geoloc_unicef": "yes", "project:geoloc_unicef:id": "ABJ_343", "source:date": "2019-06-14", "short_name": null, "addr:street": null, "name:en": null, "website": null, "healthcare:speciality": "maternity", "fixme": null, "phone": null, "office": null, "addr:city": null, "addr:postcode": null, "name:fr": null, "email": null, "emergency": "yes", "alt_name": null, "fax": null, "fid": null, "project:opencities_abidjan": null, "addr:housenumber": null, "barrier": null, "building": null, "layer": null, "description": "Accouchement Conseil et dépistage volontaire (CDV) Consultation Consultation prénatale Contraceptifs", "start_date": null, "addr:country": null, "projet:ogpci": null, "health_facility:type": null, "wheelchair": null, "full_name": null, "health_facility:CI": null, "project:anr_cohesion_bouake": null, "wikidata": null, "wikipedia": null, "wikimedia_commons": null, "note": null, "source:imagery": null, "designation": null, "addr:housename": null, "addr:state": null, "internet_access": null, "is_in": null, "check_date": null, "elevator": null, "building:levels": null, "old_name": null, "official_name": null, "operator:wikidata": null, "operator:wikipedia": null, "projet:eboci": null, "contact:website": null, "name:ur": null, "nat_name": null, "type": null }, "geometry": { "type": "Polygon", "coordinates": [ [ [ -4.0170957, 5.423426 ], [ -4.0165097, 5.4244977 ], [ -4.015627, 5.4240195 ], [ -4.016213, 5.4229477 ], [ -4.0170957, 5.423426 ] ] ] } },
{ "type": "Feature", "properties": { "element": "way", "id": "785849320", "amenity": "hospital", "healthcare": "hospital", "name": "Hôpital général de Yopougon-Attié", "source": "DigitalGlobe Standard;survey", "operational_status": null, "operator": "Ministère de la Santé et de la lutte contre le sida", "addr:suburb": null, "contact:email": null, "contact:mobile": null, "contact:phone": "+22523454390", "opening_hours": "24/7", "operator:type": "public", "project:geoloc_unicef": "yes", "project:geoloc_unicef:id": "ABJ_231", "source:date": "2019-06-14", "short_name": "HG Yopougon Attie", "addr:street": "Avenue Marie-Thérèse-Houphouët-Boigny", "name:en": null, "website": null, "healthcare:speciality": null, "fixme": null, "phone": "+225 23454390", "office": null, "addr:city": "Yopougon", "addr:postcode": null, "name:fr": null, "email": null, "emergency": null, "alt_name": null, "fax": null, "fid": null, "project:opencities_abidjan": null, "addr:housenumber": null, "barrier": null, "building": null, "layer": null, "description": "Accouchement Assistance sociale, soutien social Conseil et dépistage volontaire (CDV) Conseil,", "start_date": null, "addr:country": "CI", "projet:ogpci": null, "health_facility:type": null, "wheelchair": null, "full_name": null, "health_facility:CI": null, "project:anr_cohesion_bouake": null, "wikidata": null, "wikipedia": null, "wikimedia_commons": null, "note": null, "source:imagery": null, "designation": null, "addr:housename": null, "addr:state": "Abidjan", "internet_access": null, "is_in": null, "check_date": null, "elevator": null, "building:levels": null, "old_name": "PMI de Yopougon", "official_name": null, "operator:wikidata": null, "operator:wikipedia": null, "projet:eboci": null, "contact:website": null, "name:ur": null, "nat_name": null, "type": null }, "geometry": { "type": "Polygon", "coordinates": [ [ [ -4.0803267, 5.3421687 ], [ -4.0796058, 5.3421623 ], [ -4.0795994, 5.3407046 ], [ -4.0804766, 5.3407237 ], [ -4.0804971, 5.3414272 ], [ -4.080416, 5.3414415 ], [ -4.0803936, 5.3414732 ], [ -4.0803671, 5.3415161 ], [ -4.0803376, 5.3415909 ], [ -4.0803276, 5.3420229 ], [ -4.0803267, 5.3421687 ] ] ] } },
{ "type": "Feature", "properties": { "element": "way", "id": "785855885", "amenity": "hospital", "healthcare": "hospital", "name": "Hôpital Houphouët-Boigny", "source": "DigitalGlobe Standard; survey", "operational_status": null, "operator": null, "addr:suburb": "Abobo", "contact:email": "hôpitalgénéral.abobonord@gmail.com", "contact:mobile": "+22524391552", "contact:phone": "+22524391290", "opening_hours": "24/7", "operator:type": "public", "project:geoloc_unicef": "yes", "project:geoloc_unicef:id": "ABJ_376", "source:date": "2019-06-14", "short_name": null, "addr:street": null, "name:en": null, "website": null, "healthcare:speciality": null, "fixme": null, "phone": null, "office": null, "addr:city": null, "addr:postcode": null, "name:fr": null, "email": null, "emergency": null, "alt_name": null, "fax": null, "fid": null, "project:opencities_abidjan": null, "addr:housenumber": null, "barrier": null, "building": null, "layer": null, "description": "Accouchement Consultation Consultation prénatale Pédiatrie gynéco-obstétriques", "start_date": null, "addr:country": null, "projet:ogpci": null, "health_facility:type": null, "wheelchair": null, "full_name": null, "health_facility:CI": null, "project:anr_cohesion_bouake": null, "wikidata": null, "wikipedia": null, "wikimedia_commons": null, "note": null, "source:imagery": null, "designation": null, "addr:housename": null, "addr:state": null, "internet_access": null, "is_in": null, "check_date": null, "elevator": null, "building:levels": null, "old_name": null, "official_name": null, "operator:wikidata": null, "operator:wikipedia": null, "projet:eboci": null, "contact:website": null, "name:ur": null, "nat_name": null, "type": null }, "geometry": { "type": "Polygon", "coordinates": [ [ [ -4.0066983, 5.4427529 ], [ -4.0067141, 5.4427059 ], [ -4.0087107, 5.4426178 ], [ -4.0087581, 5.4435395 ], [ -4.007375, 5.4436125 ], [ -4.0066983, 5.4427529 ] ] ] } },
{ "type": "Feature", "properties": { "element": "way", "id": "785857859", "amenity": "hospital", "healthcare": "hospital", "name": "Hôpital Général de Fresco", "source": null, "operational_status": null, "operator": null, "addr:suburb": null, "contact:email": null, "contact:mobile": null, "contact:phone": null, "opening_hours": null, "operator:type": null, "project:geoloc_unicef": null, "project:geoloc_unicef:id": null, "source:date": null, "short_name": null, "addr:street": null, "name:en": null, "website": null, "healthcare:speciality": null, "fixme": null, "phone": null, "office": null, "addr:city": null, "addr:postcode": null, "name:fr": null, "email": null, "emergency": null, "alt_name": null, "fax": null, "fid": null, "project:opencities_abidjan": null, "addr:housenumber": null, "barrier": null, "building": null, "layer": null, "description": null, "start_date": null, "addr:country": null, "projet:ogpci": null, "health_facility:type": null, "wheelchair": null, "full_name": null, "health_facility:CI": null, "project:anr_cohesion_bouake": null, "wikidata": null, "wikipedia": null, "wikimedia_commons": null, "note": null, "source:imagery": null, "designation": null, "addr:housename": null, "addr:state": null, "internet_access": null, "is_in": null, "check_date": null, "elevator": null, "building:levels": null, "old_name": null, "official_name": null, "operator:wikidata": null, "operator:wikipedia": null, "projet:eboci": null, "contact:website": null, "name:ur": null, "nat_name": null, "type": null }, "geometry": { "type": "Polygon", "coordinates": [ [ [ -5.5868228, 5.1035891 ], [ -5.5864592, 5.1025947 ], [ -5.5875596, 5.1022135 ], [ -5.5879041, 5.1032206 ], [ -5.5868228, 5.1035891 ] ] ] } },
{ "type": "Feature", "properties": { "element": "way", "id": "785863941", "amenity": "hospital", "healthcare": "hospital", "name": "Médico-Scolaire", "source": null, "operational_status": null, "operator": null, "addr:suburb": null, "contact:email": null, "contact:mobile": null, "contact:phone": null, "opening_hours": null, "operator:type": null, "project:geoloc_unicef": null, "project:geoloc_unicef:id": null, "source:date": null, "short_name": null, "addr:street": null, "name:en": null, "website": null, "healthcare:speciality": null, "fixme": null, "phone": null, "office": null, "addr:city": null, "addr:postcode": null, "name:fr": null, "email": null, "emergency": null, "alt_name": null, "fax": null, "fid": null, "project:opencities_abidjan": null, "addr:housenumber": null, "barrier": null, "building": null, "layer": null, "description": null, "start_date": null, "addr:country": null, "projet:ogpci": null, "health_facility:type": null, "wheelchair": null, "full_name": null, "health_facility:CI": null, "project:anr_cohesion_bouake": null, "wikidata": null, "wikipedia": null, "wikimedia_commons": null, "note": null, "source:imagery": null, "designation": null, "addr:housename": null, "addr:state": null, "internet_access": null, "is_in": null, "check_date": null, "elevator": null, "building:levels": null, "old_name": null, "official_name": null, "operator:wikidata": null, "operator:wikipedia": null, "projet:eboci": null, "contact:website": null, "name:ur": null, "nat_name": null, "type": null }, "geometry": { "type": "Polygon", "coordinates": [ [ [ -3.4866985, 6.7316824 ], [ -3.4867226, 6.7312589 ], [ -3.4860306, 6.7312402 ], [ -3.4860145, 6.7316505 ], [ -3.4866985, 6.7316824 ] ] ] } },
{ "type": "Feature", "properties": { "element": "way", "id": "785865486", "amenity": "hospital", "healthcare": "hospital", "name": "Centre de Santé Urbain de Méagui", "source": null, "operational_status": null, "operator": null, "addr:suburb": null, "contact:email": null, "contact:mobile": null, "contact:phone": null, "opening_hours": null, "operator:type": null, "project:geoloc_unicef": null, "project:geoloc_unicef:id": null, "source:date": null, "short_name": null, "addr:street": null, "name:en": null, "website": null, "healthcare:speciality": "maternity", "fixme": null, "phone": null, "office": null, "addr:city": null, "addr:postcode": null, "name:fr": null, "email": null, "emergency": null, "alt_name": null, "fax": null, "fid": null, "project:opencities_abidjan": null, "addr:housenumber": null, "barrier": null, "building": null, "layer": null, "description": null, "start_date": null, "addr:country": null, "projet:ogpci": null, "health_facility:type": null, "wheelchair": null, "full_name": null, "health_facility:CI": null, "project:anr_cohesion_bouake": null, "wikidata": null, "wikipedia": null, "wikimedia_commons": null, "note": null, "source:imagery": null, "designation": null, "addr:housename": null, "addr:state": null, "internet_access": null, "is_in": null, "check_date": null, "elevator": null, "building:levels": null, "old_name": null, "official_name": null, "operator:wikidata": null, "operator:wikipedia": null, "projet:eboci": null, "contact:website": null, "name:ur": null, "nat_name": null, "type": null }, "geometry": { "type": "Polygon", "coordinates": [ [ [ -6.5582267, 5.4074306 ], [ -6.5579774, 5.4062595 ], [ -6.5592587, 5.4059892 ], [ -6.5595291, 5.4071797 ], [ -6.5590473, 5.4072725 ], [ -6.5586438, 5.4073502 ], [ -6.5585438, 5.4073695 ], [ -6.5582267, 5.4074306 ] ] ] } },
{ "type": "Feature", "properties": { "element": "way", "id": "785866729", "amenity": "hospital", "healthcare": "hospital", "name": "Hôpital Générale d'Adiaké", "source": "bing", "operational_status": null, "operator": null, "addr:suburb": null, "contact:email": null, "contact:mobile": null, "contact:phone": null, "opening_hours": null, "operator:type": null, "project:geoloc_unicef": null, "project:geoloc_unicef:id": null, "source:date": null, "short_name": null, "addr:street": null, "name:en": null, "website": null, "healthcare:speciality": null, "fixme": null, "phone": null, "office": null, "addr:city": "Adiaké", "addr:postcode": null, "name:fr": null, "email": null, "emergency": null, "alt_name": null, "fax": null, "fid": null, "project:opencities_abidjan": null, "addr:housenumber": null, "barrier": null, "building": null, "layer": null, "description": null, "start_date": null, "addr:country": "CI", "projet:ogpci": null, "health_facility:type": null, "wheelchair": null, "full_name": null, "health_facility:CI": null, "project:anr_cohesion_bouake": null, "wikidata": null, "wikipedia": null, "wikimedia_commons": null, "note": null, "source:imagery": null, "designation": null, "addr:housename": null, "addr:state": null, "internet_access": null, "is_in": null, "check_date": null, "elevator": null, "building:levels": null, "old_name": null, "official_name": null, "operator:wikidata": null, "operator:wikipedia": null, "projet:eboci": null, "contact:website": null, "name:ur": null, "nat_name": null, "type": null }, "geometry": { "type": "Polygon", "coordinates": [ [ [ -3.2978643, 5.2856025 ], [ -3.2981067, 5.2844652 ], [ -3.2997473, 5.2848119 ], [ -3.2995049, 5.2859492 ], [ -3.2978643, 5.2856025 ] ] ] } },
{ "type": "Feature", "properties": { "element": "way", "id": "785870625", "amenity": "hospital", "healthcare": "hospital", "name": "Polyclinique de l'Indenié", "source": null, "operational_status": null, "operator": null, "addr:suburb": null, "contact:email": null, "contact:mobile": null, "contact:phone": null, "opening_hours": null, "operator:type": null, "project:geoloc_unicef": null, "project:geoloc_unicef:id": null, "source:date": null, "short_name": null, "addr:street": "Boulevard de L'indénié", "name:en": null, "website": "http://www.polycliniqueindenie.ci/", "healthcare:speciality": null, "fixme": null, "phone": null, "office": null, "addr:city": "Le Plateau", "addr:postcode": null, "name:fr": null, "email": null, "emergency": "yes", "alt_name": null, "fax": null, "fid": null, "project:opencities_abidjan": null, "addr:housenumber": "4", "barrier": null, "building": "hospital", "layer": "1", "description": null, "start_date": null, "addr:country": null, "projet:ogpci": null, "health_facility:type": null, "wheelchair": null, "full_name": null, "health_facility:CI": null, "project:anr_cohesion_bouake": null, "wikidata": null, "wikipedia": null, "wikimedia_commons": null, "note": null, "source:imagery": null, "designation": null, "addr:housename": null, "addr:state": null, "internet_access": null, "is_in": null, "check_date": null, "elevator": null, "building:levels": null, "old_name": null, "official_name": null, "operator:wikidata": null, "operator:wikipedia": null, "projet:eboci": null, "contact:website": null, "name:ur": null, "nat_name": null, "type": null }, "geometry": { "type": "Polygon", "coordinates": [ [ [ -4.0191726, 5.3385158 ], [ -4.0189616, 5.338511 ], [ -4.0189632, 5.3382513 ], [ -4.0191743, 5.3382526 ], [ -4.0191726, 5.3385158 ] ] ] } },
{ "type": "Feature", "properties": { "element": "way", "id": "785874777", "amenity": "hospital", "healthcare": "hospital", "name": "Hôpital général de Bingerville", "source": null, "operational_status": null, "operator": null, "addr:suburb": null, "contact:email": null, "contact:mobile": null, "contact:phone": null, "opening_hours": null, "operator:type": null, "project:geoloc_unicef": null, "project:geoloc_unicef:id": null, "source:date": null, "short_name": null, "addr:street": null, "name:en": null, "website": null, "healthcare:speciality": null, "fixme": null, "phone": null, "office": null, "addr:city": null, "addr:postcode": null, "name:fr": null, "email": null, "emergency": null, "alt_name": null, "fax": null, "fid": null, "project:opencities_abidjan": null, "addr:housenumber": null, "barrier": null, "building": null, "layer": null, "description": null, "start_date": null, "addr:country": null, "projet:ogpci": null, "health_facility:type": null, "wheelchair": null, "full_name": null, "health_facility:CI": null, "project:anr_cohesion_bouake": null, "wikidata": null, "wikipedia": null, "wikimedia_commons": null, "note": null, "source:imagery": null, "designation": null, "addr:housename": null, "addr:state": null, "internet_access": null, "is_in": null, "check_date": null, "elevator": null, "building:levels": null, "old_name": null, "official_name": null, "operator:wikidata": null, "operator:wikipedia": null, "projet:eboci": null, "contact:website": null, "name:ur": null, "nat_name": null, "type": null }, "geometry": { "type": "Polygon", "coordinates": [ [ [ -3.8855187, 5.3609776 ], [ -3.8845294, 5.360892 ], [ -3.8847143, 5.359554 ], [ -3.8853609, 5.3596036 ], [ -3.8860178, 5.359658 ], [ -3.8860537, 5.3596597 ], [ -3.8858909, 5.3604581 ], [ -3.8858325, 5.360763 ], [ -3.8858251, 5.3607874 ], [ -3.8858005, 5.3609085 ], [ -3.8857795, 5.3610027 ], [ -3.8856538, 5.3609889 ], [ -3.8855187, 5.3609776 ] ] ] } },
{ "type": "Feature", "properties": { "element": "way", "id": "785875845", "amenity": "hospital", "healthcare": "hospital", "name": "Hôpital psychiatrique de Bingerville", "source": null, "operational_status": null, "operator": null, "addr:suburb": null, "contact:email": null, "contact:mobile": null, "contact:phone": null, "opening_hours": null, "operator:type": null, "project:geoloc_unicef": null, "project:geoloc_unicef:id": null, "source:date": null, "short_name": null, "addr:street": null, "name:en": null, "website": null, "healthcare:speciality": "psychiatry", "fixme": null, "phone": null, "office": null, "addr:city": null, "addr:postcode": null, "name:fr": null, "email": null, "emergency": null, "alt_name": null, "fax": null, "fid": null, "project:opencities_abidjan": null, "addr:housenumber": null, "barrier": null, "building": null, "layer": null, "description": null, "start_date": null, "addr:country": null, "projet:ogpci": null, "health_facility:type": null, "wheelchair": null, "full_name": null, "health_facility:CI": null, "project:anr_cohesion_bouake": null, "wikidata": null, "wikipedia": null, "wikimedia_commons": null, "note": null, "source:imagery": null, "designation": null, "addr:housename": null, "addr:state": null, "internet_access": null, "is_in": null, "check_date": null, "elevator": null, "building:levels": null, "old_name": null, "official_name": null, "operator:wikidata": null, "operator:wikipedia": null, "projet:eboci": null, "contact:website": null, "name:ur": null, "nat_name": null, "type": null }, "geometry": { "type": "Polygon", "coordinates": [ [ [ -3.8839988, 5.3604971 ], [ -3.883701, 5.3607157 ], [ -3.8829743, 5.3610809 ], [ -3.8823451, 5.3611031 ], [ -3.8822482, 5.3609527 ], [ -3.8824785, 5.3596997 ], [ -3.8826018, 5.3596261 ], [ -3.882682, 5.3595137 ], [ -3.8829387, 5.3594952 ], [ -3.8829833, 5.3595269 ], [ -3.8831354, 5.3595335 ], [ -3.8833341, 5.3594636 ], [ -3.8837071, 5.3590795 ], [ -3.8841688, 5.3591079 ], [ -3.8841283, 5.3594976 ], [ -3.8839969, 5.3594983 ], [ -3.8839848, 5.3596377 ], [ -3.8839325, 5.3596775 ], [ -3.8839494, 5.3596957 ], [ -3.8839826, 5.3597377 ], [ -3.8839988, 5.3604971 ] ] ] } },
{ "type": "Feature", "properties": { "element": "way", "id": "785880670", "amenity": "hospital", "healthcare": "hospital", "name": "CHR Korhogo", "source": null, "operational_status": null, "operator": null, "addr:suburb": null, "contact:email": null, "contact:mobile": null, "contact:phone": null, "opening_hours": null, "operator:type": null, "project:geoloc_unicef": null, "project:geoloc_unicef:id": null, "source:date": null, "short_name": null, "addr:street": null, "name:en": null, "website": null, "healthcare:speciality": null, "fixme": null, "phone": null, "office": null, "addr:city": null, "addr:postcode": null, "name:fr": null, "email": null, "emergency": null, "alt_name": null, "fax": null, "fid": null, "project:opencities_abidjan": null, "addr:housenumber": null, "barrier": null, "building": null, "layer": null, "description": null, "start_date": null, "addr:country": null, "projet:ogpci": null, "health_facility:type": null, "wheelchair": null, "full_name": "Centre Hospitalier Régional de Korhogo", "health_facility:CI": null, "project:anr_cohesion_bouake": null, "wikidata": null, "wikipedia": null, "wikimedia_commons": null, "note": null, "source:imagery": null, "designation": null, "addr:housename": null, "addr:state": null, "internet_access": null, "is_in": null, "check_date": null, "elevator": null, "building:levels": null, "old_name": null, "official_name": null, "operator:wikidata": null, "operator:wikipedia": null, "projet:eboci": null, "contact:website": null, "name:ur": null, "nat_name": null, "type": null }, "geometry": { "type": "Polygon", "coordinates": [ [ [ -5.6304138, 9.4441314 ], [ -5.6330009, 9.4447576 ], [ -5.6331632, 9.4447675 ], [ -5.6332854, 9.4447746 ], [ -5.633289, 9.4448362 ], [ -5.6339257, 9.4449745 ], [ -5.63393, 9.4438627 ], [ -5.6339424, 9.4430243 ], [ -5.6330275, 9.4415248 ], [ -5.6298346, 9.441496 ], [ -5.62997, 9.4425636 ], [ -5.6301341, 9.4425511 ], [ -5.6301667, 9.442865 ], [ -5.6302471, 9.442922 ], [ -5.6302936, 9.4432031 ], [ -5.6304138, 9.4441314 ] ] ] } },
{ "type": "Feature", "properties": { "element": "way", "id": "785884412", "amenity": "hospital", "healthcare": "hospital", "name": "Centre de Santé Urbain de Koko-Ton", "source": null, "operational_status": null, "operator": null, "addr:suburb": null, "contact:email": null, "contact:mobile": null, "contact:phone": null, "opening_hours": null, "operator:type": null, "project:geoloc_unicef": null, "project:geoloc_unicef:id": null, "source:date": null, "short_name": null, "addr:street": null, "name:en": null, "website": null, "healthcare:speciality": null, "fixme": "looks like a gas station, please confirm", "phone": null, "office": null, "addr:city": null, "addr:postcode": null, "name:fr": null, "email": null, "emergency": null, "alt_name": null, "fax": null, "fid": null, "project:opencities_abidjan": null, "addr:housenumber": null, "barrier": null, "building": null, "layer": null, "description": null, "start_date": null, "addr:country": null, "projet:ogpci": null, "health_facility:type": null, "wheelchair": null, "full_name": null, "health_facility:CI": null, "project:anr_cohesion_bouake": null, "wikidata": null, "wikipedia": null, "wikimedia_commons": null, "note": null, "source:imagery": null, "designation": null, "addr:housename": null, "addr:state": null, "internet_access": null, "is_in": null, "check_date": null, "elevator": null, "building:levels": null, "old_name": null, "official_name": null, "operator:wikidata": null, "operator:wikipedia": null, "projet:eboci": null, "contact:website": null, "name:ur": null, "nat_name": null, "type": null }, "geometry": { "type": "Polygon", "coordinates": [ [ [ -5.6392957, 9.4613941 ], [ -5.6391672, 9.4608179 ], [ -5.6397558, 9.4610382 ], [ -5.6396882, 9.4612985 ], [ -5.6392957, 9.4613941 ] ] ] } },
{ "type": "Feature", "properties": { "element": "way", "id": "785885126", "amenity": "hospital", "healthcare": "hospital", "name": "Hopital Général de Kouibly", "source": null, "operational_status": null, "operator": null, "addr:suburb": null, "contact:email": null, "contact:mobile": null, "contact:phone": null, "opening_hours": null, "operator:type": null, "project:geoloc_unicef": null, "project:geoloc_unicef:id": null, "source:date": null, "short_name": null, "addr:street": null, "name:en": null, "website": null, "healthcare:speciality": null, "fixme": null, "phone": null, "office": null, "addr:city": null, "addr:postcode": null, "name:fr": null, "email": null, "emergency": null, "alt_name": null, "fax": null, "fid": null, "project:opencities_abidjan": null, "addr:housenumber": null, "barrier": null, "building": null, "layer": null, "description": null, "start_date": null, "addr:country": null, "projet:ogpci": null, "health_facility:type": null, "wheelchair": null, "full_name": null, "health_facility:CI": null, "project:anr_cohesion_bouake": null, "wikidata": null, "wikipedia": null, "wikimedia_commons": null, "note": null, "source:imagery": null, "designation": null, "addr:housename": null, "addr:state": null, "internet_access": null, "is_in": null, "check_date": null, "elevator": null, "building:levels": null, "old_name": null, "official_name": null, "operator:wikidata": null, "operator:wikipedia": null, "projet:eboci": null, "contact:website": null, "name:ur": null, "nat_name": null, "type": null }, "geometry": { "type": "Polygon", "coordinates": [ [ [ -7.2372253, 7.2573662 ], [ -7.2372616, 7.2563707 ], [ -7.2380704, 7.2563936 ], [ -7.2380225, 7.2573924 ], [ -7.2372748, 7.2574071 ], [ -7.2372253, 7.2573662 ] ] ] } },
{ "type": "Feature", "properties": { "element": "way", "id": "785887348", "amenity": "hospital", "healthcare": "hospital", "name": "Centre de Santé rural deTrokpadrou", "source": null, "operational_status": null, "operator": null, "addr:suburb": null, "contact:email": null, "contact:mobile": null, "contact:phone": null, "opening_hours": null, "operator:type": null, "project:geoloc_unicef": null, "project:geoloc_unicef:id": null, "source:date": null, "short_name": null, "addr:street": null, "name:en": null, "website": null, "healthcare:speciality": "maternity", "fixme": null, "phone": null, "office": null, "addr:city": null, "addr:postcode": null, "name:fr": null, "email": null, "emergency": null, "alt_name": null, "fax": null, "fid": null, "project:opencities_abidjan": null, "addr:housenumber": null, "barrier": null, "building": null, "layer": null, "description": null, "start_date": null, "addr:country": null, "projet:ogpci": null, "health_facility:type": null, "wheelchair": null, "full_name": null, "health_facility:CI": null, "project:anr_cohesion_bouake": null, "wikidata": null, "wikipedia": null, "wikimedia_commons": null, "note": null, "source:imagery": null, "designation": null, "addr:housename": null, "addr:state": null, "internet_access": null, "is_in": null, "check_date": null, "elevator": null, "building:levels": null, "old_name": null, "official_name": null, "operator:wikidata": null, "operator:wikipedia": null, "projet:eboci": null, "contact:website": null, "name:ur": null, "nat_name": null, "type": null }, "geometry": { "type": "Polygon", "coordinates": [ [ [ -7.4704026, 7.3206212 ], [ -7.4708795, 7.3193701 ], [ -7.470915, 7.3193414 ], [ -7.4711077, 7.319409 ], [ -7.4712322, 7.3194958 ], [ -7.4713405, 7.3195985 ], [ -7.4713569, 7.3197156 ], [ -7.4714969, 7.3199591 ], [ -7.4716739, 7.3200536 ], [ -7.4718417, 7.3202086 ], [ -7.4718485, 7.3203266 ], [ -7.4718455, 7.3204719 ], [ -7.4717848, 7.320502 ], [ -7.4704026, 7.3206212 ] ] ] } },
{ "type": "Feature", "properties": { "element": "way", "id": "785890644", "amenity": "hospital", "healthcare": "hospital", "name": "Centre de Santé Urbain de Sipilou", "source": null, "operational_status": null, "operator": null, "addr:suburb": null, "contact:email": null, "contact:mobile": null, "contact:phone": null, "opening_hours": null, "operator:type": null, "project:geoloc_unicef": null, "project:geoloc_unicef:id": null, "source:date": null, "short_name": "CSU Sipilou", "addr:street": null, "name:en": null, "website": null, "healthcare:speciality": null, "fixme": null, "phone": null, "office": null, "addr:city": null, "addr:postcode": null, "name:fr": null, "email": null, "emergency": null, "alt_name": null, "fax": null, "fid": null, "project:opencities_abidjan": null, "addr:housenumber": null, "barrier": null, "building": null, "layer": null, "description": null, "start_date": null, "addr:country": null, "projet:ogpci": null, "health_facility:type": null, "wheelchair": null, "full_name": null, "health_facility:CI": null, "project:anr_cohesion_bouake": null, "wikidata": null, "wikipedia": null, "wikimedia_commons": null, "note": null, "source:imagery": null, "designation": null, "addr:housename": null, "addr:state": null, "internet_access": null, "is_in": null, "check_date": null, "elevator": null, "building:levels": null, "old_name": null, "official_name": null, "operator:wikidata": null, "operator:wikipedia": null, "projet:eboci": null, "contact:website": null, "name:ur": null, "nat_name": null, "type": null }, "geometry": { "type": "Polygon", "coordinates": [ [ [ -8.0962305, 7.8605904 ], [ -8.0961849, 7.8602955 ], [ -8.0964853, 7.8602609 ], [ -8.096531, 7.8604894 ], [ -8.0962305, 7.8605904 ] ] ] } },
{ "type": "Feature", "properties": { "element": "way", "id": "785901423", "amenity": "hospital", "healthcare": "hospital", "name": "Centre Hospitalier Régional d'Abengourou", "source": null, "operational_status": null, "operator": null, "addr:suburb": null, "contact:email": null, "contact:mobile": null, "contact:phone": null, "opening_hours": null, "operator:type": null, "project:geoloc_unicef": null, "project:geoloc_unicef:id": null, "source:date": null, "short_name": null, "addr:street": null, "name:en": null, "website": null, "healthcare:speciality": null, "fixme": null, "phone": null, "office": null, "addr:city": null, "addr:postcode": null, "name:fr": null, "email": null, "emergency": null, "alt_name": null, "fax": null, "fid": null, "project:opencities_abidjan": null, "addr:housenumber": null, "barrier": null, "building": null, "layer": null, "description": null, "start_date": null, "addr:country": null, "projet:ogpci": null, "health_facility:type": null, "wheelchair": null, "full_name": null, "health_facility:CI": null, "project:anr_cohesion_bouake": null, "wikidata": null, "wikipedia": null, "wikimedia_commons": null, "note": null, "source:imagery": null, "designation": null, "addr:housename": null, "addr:state": null, "internet_access": null, "is_in": null, "check_date": null, "elevator": null, "building:levels": null, "old_name": null, "official_name": null, "operator:wikidata": null, "operator:wikipedia": null, "projet:eboci": null, "contact:website": null, "name:ur": null, "nat_name": null, "type": null }, "geometry": { "type": "Polygon", "coordinates": [ [ [ -3.4839983, 6.7310957 ], [ -3.4835181, 6.7310988 ], [ -3.4835085, 6.7305969 ], [ -3.484001, 6.7306054 ], [ -3.4840008, 6.7307263 ], [ -3.4839983, 6.7310957 ] ] ] } },
{ "type": "Feature", "properties": { "element": "way", "id": "785903337", "amenity": "hospital", "healthcare": "hospital", "name": "Centre de santé urbain", "source": null, "operational_status": null, "operator": null, "addr:suburb": null, "contact:email": null, "contact:mobile": null, "contact:phone": null, "opening_hours": null, "operator:type": null, "project:geoloc_unicef": null, "project:geoloc_unicef:id": null, "source:date": null, "short_name": null, "addr:street": null, "name:en": null, "website": null, "healthcare:speciality": "clinic", "fixme": null, "phone": null, "office": null, "addr:city": null, "addr:postcode": null, "name:fr": null, "email": null, "emergency": null, "alt_name": null, "fax": null, "fid": null, "project:opencities_abidjan": null, "addr:housenumber": null, "barrier": null, "building": null, "layer": null, "description": null, "start_date": null, "addr:country": null, "projet:ogpci": null, "health_facility:type": null, "wheelchair": null, "full_name": null, "health_facility:CI": null, "project:anr_cohesion_bouake": null, "wikidata": null, "wikipedia": null, "wikimedia_commons": null, "note": null, "source:imagery": null, "designation": null, "addr:housename": null, "addr:state": null, "internet_access": null, "is_in": null, "check_date": null, "elevator": null, "building:levels": null, "old_name": null, "official_name": null, "operator:wikidata": null, "operator:wikipedia": null, "projet:eboci": null, "contact:website": null, "name:ur": null, "nat_name": null, "type": null }, "geometry": { "type": "Polygon", "coordinates": [ [ [ -8.2953513, 6.5214075 ], [ -8.2949621, 6.5212712 ], [ -8.2951503, 6.520799 ], [ -8.2955232, 6.5209339 ], [ -8.2953513, 6.5214075 ] ] ] } },
{ "type": "Feature", "properties": { "element": "way", "id": "785907957", "amenity": "hospital", "healthcare": "hospital", "name": "Hôpital Général", "source": "bing", "operational_status": null, "operator": null, "addr:suburb": null, "contact:email": null, "contact:mobile": null, "contact:phone": null, "opening_hours": null, "operator:type": null, "project:geoloc_unicef": null, "project:geoloc_unicef:id": null, "source:date": null, "short_name": null, "addr:street": null, "name:en": null, "website": null, "healthcare:speciality": null, "fixme": null, "phone": null, "office": null, "addr:city": null, "addr:postcode": null, "name:fr": null, "email": null, "emergency": null, "alt_name": null, "fax": null, "fid": null, "project:opencities_abidjan": null, "addr:housenumber": null, "barrier": null, "building": null, "layer": null, "description": null, "start_date": null, "addr:country": null, "projet:ogpci": null, "health_facility:type": null, "wheelchair": null, "full_name": null, "health_facility:CI": null, "project:anr_cohesion_bouake": null, "wikidata": null, "wikipedia": null, "wikimedia_commons": null, "note": null, "source:imagery": null, "designation": null, "addr:housename": null, "addr:state": null, "internet_access": null, "is_in": null, "check_date": null, "elevator": null, "building:levels": null, "old_name": null, "official_name": null, "operator:wikidata": null, "operator:wikipedia": null, "projet:eboci": null, "contact:website": null, "name:ur": null, "nat_name": null, "type": null }, "geometry": { "type": "Polygon", "coordinates": [ [ [ -5.1042551, 8.1433236 ], [ -5.1049987, 8.1428901 ], [ -5.1050497, 8.1429061 ], [ -5.1059662, 8.1444196 ], [ -5.1058745, 8.1445251 ], [ -5.104815, 8.1449857 ], [ -5.1045723, 8.1446937 ], [ -5.104632, 8.1441374 ], [ -5.1042551, 8.1433236 ] ] ] } },
{ "type": "Feature", "properties": { "element": "way", "id": "785909051", "amenity": "hospital", "healthcare": "hospital", "name": "Polyclinique Groupe Médical du Plateau", "source": null, "operational_status": null, "operator": null, "addr:suburb": null, "contact:email": null, "contact:mobile": null, "contact:phone": null, "opening_hours": null, "operator:type": null, "project:geoloc_unicef": null, "project:geoloc_unicef:id": null, "source:date": null, "short_name": "GMP", "addr:street": null, "name:en": null, "website": null, "healthcare:speciality": null, "fixme": null, "phone": null, "office": null, "addr:city": null, "addr:postcode": null, "name:fr": null, "email": null, "emergency": null, "alt_name": null, "fax": null, "fid": null, "project:opencities_abidjan": null, "addr:housenumber": null, "barrier": null, "building": null, "layer": null, "description": null, "start_date": null, "addr:country": null, "projet:ogpci": null, "health_facility:type": null, "wheelchair": null, "full_name": null, "health_facility:CI": null, "project:anr_cohesion_bouake": null, "wikidata": null, "wikipedia": null, "wikimedia_commons": null, "note": null, "source:imagery": null, "designation": null, "addr:housename": null, "addr:state": null, "internet_access": null, "is_in": null, "check_date": "2026-03-02", "elevator": null, "building:levels": null, "old_name": null, "official_name": null, "operator:wikidata": null, "operator:wikipedia": null, "projet:eboci": null, "contact:website": null, "name:ur": null, "nat_name": null, "type": null }, "geometry": { "type": "Polygon", "coordinates": [ [ [ -4.0136549, 5.3211526 ], [ -4.0134899, 5.3205771 ], [ -4.0146554, 5.3202459 ], [ -4.0147868, 5.3208308 ], [ -4.0136549, 5.3211526 ] ] ] } },
{ "type": "Feature", "properties": { "element": "way", "id": "785909929", "amenity": "hospital", "healthcare": "hospital", "name": "Centre Don Orione de Bonoua", "source": null, "operational_status": null, "operator": "Centre Don Orione", "addr:suburb": null, "contact:email": null, "contact:mobile": null, "contact:phone": null, "opening_hours": "Mo-Su 08:00-18:00", "operator:type": "private", "project:geoloc_unicef": null, "project:geoloc_unicef:id": null, "source:date": null, "short_name": null, "addr:street": "Rue Don Orione", "name:en": null, "website": null, "healthcare:speciality": "general;ophthalmology;dentistry;paediatrics;biology;orthopaedics;dermatology;surgery", "fixme": null, "phone": null, "office": null, "addr:city": "Bonoua", "addr:postcode": "225", "name:fr": "Don Orione Center Bonoua", "email": null, "emergency": "yes", "alt_name": null, "fax": null, "fid": null, "project:opencities_abidjan": null, "addr:housenumber": "1", "barrier": null, "building": null, "layer": null, "description": null, "start_date": null, "addr:country": null, "projet:ogpci": null, "health_facility:type": null, "wheelchair": "yes", "full_name": null, "health_facility:CI": null, "project:anr_cohesion_bouake": null, "wikidata": null, "wikipedia": null, "wikimedia_commons": null, "note": null, "source:imagery": null, "designation": null, "addr:housename": null, "addr:state": null, "internet_access": null, "is_in": null, "check_date": null, "elevator": null, "building:levels": null, "old_name": null, "official_name": null, "operator:wikidata": null, "operator:wikipedia": null, "projet:eboci": null, "contact:website": null, "name:ur": null, "nat_name": null, "type": null }, "geometry": { "type": "Polygon", "coordinates": [ [ [ -3.5880982, 5.2773476 ], [ -3.5873467, 5.2753919 ], [ -3.5839524, 5.276399 ], [ -3.5880982, 5.2773476 ] ] ] } },
{ "type": "Feature", "properties": { "element": "way", "id": "786158431", "amenity": "hospital", "healthcare": "hospital", "name": "Hôpital Géneral de Duékoué", "source": "survey", "operational_status": null, "operator": "Ministère de la Santé Public et de l'Hygiène Publique", "addr:suburb": null, "contact:email": null, "contact:mobile": null, "contact:phone": null, "opening_hours": null, "operator:type": "public", "project:geoloc_unicef": null, "project:geoloc_unicef:id": null, "source:date": null, "short_name": null, "addr:street": null, "name:en": null, "website": null, "healthcare:speciality": null, "fixme": null, "phone": null, "office": null, "addr:city": "Duékoué", "addr:postcode": null, "name:fr": null, "email": null, "emergency": null, "alt_name": null, "fax": null, "fid": null, "project:opencities_abidjan": null, "addr:housenumber": null, "barrier": null, "building": null, "layer": null, "description": null, "start_date": null, "addr:country": "CI", "projet:ogpci": null, "health_facility:type": null, "wheelchair": null, "full_name": null, "health_facility:CI": null, "project:anr_cohesion_bouake": null, "wikidata": null, "wikipedia": null, "wikimedia_commons": null, "note": null, "source:imagery": null, "designation": null, "addr:housename": null, "addr:state": null, "internet_access": null, "is_in": null, "check_date": null, "elevator": null, "building:levels": null, "old_name": null, "official_name": null, "operator:wikidata": null, "operator:wikipedia": null, "projet:eboci": null, "contact:website": null, "name:ur": null, "nat_name": null, "type": null }, "geometry": { "type": "Polygon", "coordinates": [ [ [ -7.3426876, 6.7417656 ], [ -7.3433102, 6.741983 ], [ -7.3431925, 6.7423099 ], [ -7.3432701, 6.742338 ], [ -7.3431532, 6.7426523 ], [ -7.3434299, 6.7427469 ], [ -7.3433725, 6.7428955 ], [ -7.3434386, 6.7429773 ], [ -7.3439809, 6.743191 ], [ -7.3434734, 6.7443751 ], [ -7.343369, 6.7443371 ], [ -7.343291, 6.7445128 ], [ -7.3431833, 6.7444754 ], [ -7.3429853, 6.7441008 ], [ -7.3429011, 6.7441229 ], [ -7.3425098, 6.743344 ], [ -7.3424483, 6.7431958 ], [ -7.342339, 6.7428455 ], [ -7.3423759, 6.7424589 ], [ -7.3425786, 6.741822 ], [ -7.3426876, 6.7417656 ] ] ] } },
{ "type": "Feature", "properties": { "element": "way", "id": "786162510", "amenity": "hospital", "healthcare": "hospital", "name": "CHR de bondoukou", "source": null, "operational_status": null, "operator": null, "addr:suburb": null, "contact:email": null, "contact:mobile": null, "contact:phone": null, "opening_hours": null, "operator:type": null, "project:geoloc_unicef": null, "project:geoloc_unicef:id": null, "source:date": null, "short_name": null, "addr:street": null, "name:en": null, "website": null, "healthcare:speciality": null, "fixme": null, "phone": null, "office": null, "addr:city": null, "addr:postcode": null, "name:fr": null, "email": null, "emergency": null, "alt_name": null, "fax": null, "fid": null, "project:opencities_abidjan": null, "addr:housenumber": null, "barrier": null, "building": null, "layer": null, "description": null, "start_date": null, "addr:country": null, "projet:ogpci": null, "health_facility:type": null, "wheelchair": null, "full_name": null, "health_facility:CI": null, "project:anr_cohesion_bouake": null, "wikidata": null, "wikipedia": null, "wikimedia_commons": null, "note": null, "source:imagery": null, "designation": null, "addr:housename": null, "addr:state": null, "internet_access": null, "is_in": null, "check_date": null, "elevator": null, "building:levels": null, "old_name": null, "official_name": null, "operator:wikidata": null, "operator:wikipedia": null, "projet:eboci": null, "contact:website": null, "name:ur": null, "nat_name": null, "type": null }, "geometry": { "type": "Polygon", "coordinates": [ [ [ -2.7914268, 8.04127 ], [ -2.7925722, 8.0424269 ], [ -2.7948774, 8.0401108 ], [ -2.7939666, 8.0390698 ], [ -2.7914268, 8.04127 ] ] ] } },
{ "type": "Feature", "properties": { "element": "way", "id": "786176082", "amenity": "hospital", "healthcare": "hospital", "name": "Centre de Santé Urbain Diaye Bernard", "source": "survey", "operational_status": null, "operator": null, "addr:suburb": null, "contact:email": null, "contact:mobile": null, "contact:phone": null, "opening_hours": null, "operator:type": "public", "project:geoloc_unicef": null, "project:geoloc_unicef:id": null, "source:date": null, "short_name": "CSU Diaye Bernard", "addr:street": null, "name:en": null, "website": null, "healthcare:speciality": null, "fixme": null, "phone": null, "office": null, "addr:city": "Duékoué", "addr:postcode": null, "name:fr": null, "email": null, "emergency": null, "alt_name": null, "fax": null, "fid": null, "project:opencities_abidjan": null, "addr:housenumber": null, "barrier": null, "building": null, "layer": null, "description": null, "start_date": null, "addr:country": "CI", "projet:ogpci": "yes", "health_facility:type": null, "wheelchair": null, "full_name": null, "health_facility:CI": null, "project:anr_cohesion_bouake": null, "wikidata": null, "wikipedia": null, "wikimedia_commons": null, "note": null, "source:imagery": null, "designation": null, "addr:housename": null, "addr:state": null, "internet_access": null, "is_in": null, "check_date": null, "elevator": null, "building:levels": null, "old_name": null, "official_name": null, "operator:wikidata": null, "operator:wikipedia": null, "projet:eboci": null, "contact:website": null, "name:ur": null, "nat_name": null, "type": null }, "geometry": { "type": "Polygon", "coordinates": [ [ [ -7.3364095, 6.752377 ], [ -7.3364133, 6.7518194 ], [ -7.3370771, 6.751827 ], [ -7.3370544, 6.7524033 ], [ -7.3364095, 6.752377 ] ] ] } },
{ "type": "Feature", "properties": { "element": "way", "id": "786182431", "amenity": "hospital", "healthcare": "hospital", "name": "Centre de Santé Urbain Maternité Henriette Konan Bédié", "source": null, "operational_status": null, "operator": null, "addr:suburb": "Bardot face pharmacie Bardot 2000", "contact:email": "agemabsp@gmail.com", "contact:mobile": "+2257875833", "contact:phone": "+22509064772", "opening_hours": "24/7", "operator:type": "public", "project:geoloc_unicef": "yes", "project:geoloc_unicef:id": "SP_059", "source:date": null, "short_name": "CSU-M HKB", "addr:street": null, "name:en": null, "website": null, "healthcare:speciality": "maternity", "fixme": null, "phone": null, "office": null, "addr:city": null, "addr:postcode": null, "name:fr": null, "email": null, "emergency": null, "alt_name": null, "fax": null, "fid": null, "project:opencities_abidjan": null, "addr:housenumber": null, "barrier": null, "building": null, "layer": null, "description": "Accouchement Consultation Consultation prénatale Contraceptifs Dépistage VIH, IST Distribution de Préservatifs", "start_date": null, "addr:country": null, "projet:ogpci": null, "health_facility:type": null, "wheelchair": null, "full_name": null, "health_facility:CI": null, "project:anr_cohesion_bouake": null, "wikidata": null, "wikipedia": null, "wikimedia_commons": null, "note": null, "source:imagery": null, "designation": null, "addr:housename": null, "addr:state": null, "internet_access": null, "is_in": null, "check_date": null, "elevator": null, "building:levels": null, "old_name": null, "official_name": null, "operator:wikidata": null, "operator:wikipedia": null, "projet:eboci": null, "contact:website": null, "name:ur": null, "nat_name": null, "type": null }, "geometry": { "type": "Polygon", "coordinates": [ [ [ -6.6515378, 4.7781277 ], [ -6.6515271, 4.778379 ], [ -6.6520314, 4.7784057 ], [ -6.6520448, 4.7781545 ], [ -6.6515378, 4.7781277 ] ] ] } },
{ "type": "Feature", "properties": { "element": "way", "id": "786183151", "amenity": "hospital", "healthcare": "hospital", "name": "Polyclinique internationale Divine grâc;Polyclinique internationale Divine grâce", "source": null, "operational_status": null, "operator": null, "addr:suburb": null, "contact:email": null, "contact:mobile": null, "contact:phone": null, "opening_hours": null, "operator:type": null, "project:geoloc_unicef": null, "project:geoloc_unicef:id": null, "source:date": null, "short_name": null, "addr:street": null, "name:en": null, "website": null, "healthcare:speciality": "clinic", "fixme": null, "phone": null, "office": null, "addr:city": null, "addr:postcode": null, "name:fr": null, "email": null, "emergency": null, "alt_name": null, "fax": null, "fid": null, "project:opencities_abidjan": null, "addr:housenumber": null, "barrier": null, "building": null, "layer": null, "description": null, "start_date": null, "addr:country": null, "projet:ogpci": null, "health_facility:type": null, "wheelchair": null, "full_name": null, "health_facility:CI": null, "project:anr_cohesion_bouake": null, "wikidata": null, "wikipedia": null, "wikimedia_commons": null, "note": "chez Romuald", "source:imagery": null, "designation": null, "addr:housename": null, "addr:state": null, "internet_access": null, "is_in": null, "check_date": null, "elevator": null, "building:levels": null, "old_name": null, "official_name": null, "operator:wikidata": null, "operator:wikipedia": null, "projet:eboci": null, "contact:website": null, "name:ur": null, "nat_name": null, "type": null }, "geometry": { "type": "Polygon", "coordinates": [ [ [ -3.9524668, 5.3687949 ], [ -3.9523075, 5.3690461 ], [ -3.9517764, 5.3686155 ], [ -3.9518808, 5.3684701 ], [ -3.9524668, 5.3687949 ] ] ] } },
{ "type": "Feature", "properties": { "element": "way", "id": "786183475", "amenity": "hospital", "healthcare": "hospital", "name": "CSR N'ZIKRO", "source": null, "operational_status": null, "operator": null, "addr:suburb": null, "contact:email": null, "contact:mobile": null, "contact:phone": null, "opening_hours": null, "operator:type": null, "project:geoloc_unicef": null, "project:geoloc_unicef:id": null, "source:date": null, "short_name": null, "addr:street": null, "name:en": null, "website": null, "healthcare:speciality": null, "fixme": null, "phone": null, "office": null, "addr:city": null, "addr:postcode": null, "name:fr": "CSR N'ZIKRO", "email": null, "emergency": null, "alt_name": null, "fax": null, "fid": null, "project:opencities_abidjan": null, "addr:housenumber": null, "barrier": null, "building": null, "layer": null, "description": null, "start_date": null, "addr:country": null, "projet:ogpci": null, "health_facility:type": null, "wheelchair": null, "full_name": null, "health_facility:CI": null, "project:anr_cohesion_bouake": null, "wikidata": null, "wikipedia": null, "wikimedia_commons": null, "note": null, "source:imagery": null, "designation": null, "addr:housename": null, "addr:state": null, "internet_access": null, "is_in": null, "check_date": null, "elevator": null, "building:levels": null, "old_name": null, "official_name": null, "operator:wikidata": null, "operator:wikipedia": null, "projet:eboci": null, "contact:website": null, "name:ur": null, "nat_name": null, "type": null }, "geometry": { "type": "Polygon", "coordinates": [ [ [ -3.3972845, 5.3940633 ], [ -3.3970377, 5.3940579 ], [ -3.3969626, 5.3937482 ], [ -3.3972738, 5.3936867 ], [ -3.3972845, 5.3940633 ] ] ] } },
{ "type": "Feature", "properties": { "element": "way", "id": "786187977", "amenity": "hospital", "healthcare": "hospital", "name": "Chr Dimbokro", "source": null, "operational_status": null, "operator": null, "addr:suburb": null, "contact:email": null, "contact:mobile": null, "contact:phone": null, "opening_hours": null, "operator:type": null, "project:geoloc_unicef": null, "project:geoloc_unicef:id": null, "source:date": null, "short_name": null, "addr:street": null, "name:en": null, "website": null, "healthcare:speciality": "maternity", "fixme": null, "phone": null, "office": null, "addr:city": null, "addr:postcode": null, "name:fr": null, "email": null, "emergency": null, "alt_name": null, "fax": null, "fid": null, "project:opencities_abidjan": null, "addr:housenumber": null, "barrier": null, "building": null, "layer": null, "description": null, "start_date": null, "addr:country": null, "projet:ogpci": null, "health_facility:type": null, "wheelchair": null, "full_name": null, "health_facility:CI": null, "project:anr_cohesion_bouake": null, "wikidata": null, "wikipedia": null, "wikimedia_commons": null, "note": null, "source:imagery": null, "designation": null, "addr:housename": null, "addr:state": null, "internet_access": null, "is_in": null, "check_date": null, "elevator": null, "building:levels": null, "old_name": null, "official_name": null, "operator:wikidata": null, "operator:wikipedia": null, "projet:eboci": null, "contact:website": null, "name:ur": null, "nat_name": null, "type": null }, "geometry": { "type": "Polygon", "coordinates": [ [ [ -4.6963455, 6.6518731 ], [ -4.6950717, 6.6531628 ], [ -4.6944382, 6.6541353 ], [ -4.695436, 6.6550698 ], [ -4.6959778, 6.6557033 ], [ -4.6963011, 6.6560394 ], [ -4.6973383, 6.6550008 ], [ -4.6979057, 6.654481 ], [ -4.6980019, 6.6542775 ], [ -4.6983805, 6.6540352 ], [ -4.6963455, 6.6518731 ] ] ] } },
{ "type": "Feature", "properties": { "element": "way", "id": "786190373", "amenity": "hospital", "healthcare": "hospital", "name": "Hôpital Henriette Bédié l'Avocatier", "source": "DigitalGlobe Standard; survey", "operational_status": null, "operator": null, "addr:suburb": "Abobo", "contact:email": null, "contact:mobile": "+22509867225", "contact:phone": "+22505009587", "opening_hours": "24/7", "operator:type": "public", "project:geoloc_unicef": "yes", "project:geoloc_unicef:id": "ABJ_347", "source:date": "2019-06-14", "short_name": null, "addr:street": null, "name:en": null, "website": null, "healthcare:speciality": null, "fixme": null, "phone": null, "office": null, "addr:city": null, "addr:postcode": null, "name:fr": null, "email": null, "emergency": null, "alt_name": null, "fax": null, "fid": null, "project:opencities_abidjan": null, "addr:housenumber": null, "barrier": null, "building": null, "layer": null, "description": "Accouchement Assistance sociale, soutien social Conseil et dépistage volontaire (CDV) Conseil,", "start_date": null, "addr:country": null, "projet:ogpci": null, "health_facility:type": null, "wheelchair": null, "full_name": null, "health_facility:CI": null, "project:anr_cohesion_bouake": null, "wikidata": null, "wikipedia": null, "wikimedia_commons": null, "note": null, "source:imagery": null, "designation": null, "addr:housename": null, "addr:state": null, "internet_access": null, "is_in": null, "check_date": null, "elevator": null, "building:levels": null, "old_name": null, "official_name": null, "operator:wikidata": null, "operator:wikipedia": null, "projet:eboci": null, "contact:website": null, "name:ur": null, "nat_name": null, "type": null }, "geometry": { "type": "Polygon", "coordinates": [ [ [ -4.0238572, 5.4384379 ], [ -4.0238614, 5.4389218 ], [ -4.0241332, 5.4389695 ], [ -4.0242158, 5.4389808 ], [ -4.0244374, 5.4390194 ], [ -4.0244794, 5.4390271 ], [ -4.02457, 5.4385719 ], [ -4.0238572, 5.4384379 ] ] ] } },
{ "type": "Feature", "properties": { "element": "way", "id": "786191607", "amenity": "hospital", "healthcare": "hospital", "name": "Hôpital Général de Taabo", "source": null, "operational_status": null, "operator": null, "addr:suburb": null, "contact:email": null, "contact:mobile": null, "contact:phone": null, "opening_hours": null, "operator:type": null, "project:geoloc_unicef": null, "project:geoloc_unicef:id": null, "source:date": null, "short_name": null, "addr:street": null, "name:en": null, "website": null, "healthcare:speciality": null, "fixme": null, "phone": null, "office": null, "addr:city": null, "addr:postcode": null, "name:fr": null, "email": null, "emergency": null, "alt_name": null, "fax": null, "fid": null, "project:opencities_abidjan": null, "addr:housenumber": null, "barrier": null, "building": null, "layer": null, "description": null, "start_date": null, "addr:country": null, "projet:ogpci": null, "health_facility:type": null, "wheelchair": null, "full_name": null, "health_facility:CI": null, "project:anr_cohesion_bouake": null, "wikidata": null, "wikipedia": null, "wikimedia_commons": null, "note": null, "source:imagery": null, "designation": null, "addr:housename": null, "addr:state": null, "internet_access": null, "is_in": null, "check_date": null, "elevator": null, "building:levels": null, "old_name": null, "official_name": null, "operator:wikidata": null, "operator:wikipedia": null, "projet:eboci": null, "contact:website": null, "name:ur": null, "nat_name": null, "type": null }, "geometry": { "type": "Polygon", "coordinates": [ [ [ -5.0697718, 6.2701085 ], [ -5.0702305, 6.2700713 ], [ -5.0702785, 6.2705766 ], [ -5.0711136, 6.2706825 ], [ -5.0711584, 6.2704453 ], [ -5.0711681, 6.2693387 ], [ -5.0696847, 6.2694879 ], [ -5.0697718, 6.2701085 ] ] ] } },
{ "type": "Feature", "properties": { "element": "way", "id": "786196003", "amenity": "hospital", "healthcare": "hospital", "name": "Maternité de Natio Kobadara", "source": null, "operational_status": null, "operator": null, "addr:suburb": null, "contact:email": null, "contact:mobile": null, "contact:phone": null, "opening_hours": null, "operator:type": null, "project:geoloc_unicef": null, "project:geoloc_unicef:id": null, "source:date": null, "short_name": null, "addr:street": null, "name:en": null, "website": null, "healthcare:speciality": "maternity", "fixme": null, "phone": null, "office": null, "addr:city": null, "addr:postcode": null, "name:fr": null, "email": null, "emergency": null, "alt_name": null, "fax": null, "fid": null, "project:opencities_abidjan": null, "addr:housenumber": null, "barrier": null, "building": null, "layer": null, "description": null, "start_date": null, "addr:country": null, "projet:ogpci": null, "health_facility:type": null, "wheelchair": null, "full_name": null, "health_facility:CI": null, "project:anr_cohesion_bouake": null, "wikidata": null, "wikipedia": null, "wikimedia_commons": null, "note": null, "source:imagery": null, "designation": null, "addr:housename": null, "addr:state": null, "internet_access": null, "is_in": null, "check_date": null, "elevator": null, "building:levels": null, "old_name": null, "official_name": null, "operator:wikidata": null, "operator:wikipedia": null, "projet:eboci": null, "contact:website": null, "name:ur": null, "nat_name": null, "type": null }, "geometry": { "type": "Polygon", "coordinates": [ [ [ -5.6079868, 9.4875272 ], [ -5.6081752, 9.4873265 ], [ -5.6081725, 9.4872128 ], [ -5.6079814, 9.4869452 ], [ -5.6076112, 9.4869373 ], [ -5.6074852, 9.4872071 ], [ -5.6075281, 9.4875484 ], [ -5.6079868, 9.4875272 ] ] ] } },
{ "type": "Feature", "properties": { "element": "way", "id": "786204989", "amenity": "hospital", "healthcare": "hospital", "name": "Centre de santé urbain NDA", "source": null, "operational_status": null, "operator": null, "addr:suburb": null, "contact:email": null, "contact:mobile": null, "contact:phone": null, "opening_hours": null, "operator:type": null, "project:geoloc_unicef": null, "project:geoloc_unicef:id": null, "source:date": null, "short_name": null, "addr:street": null, "name:en": null, "website": null, "healthcare:speciality": "clinic", "fixme": null, "phone": null, "office": null, "addr:city": null, "addr:postcode": null, "name:fr": null, "email": null, "emergency": null, "alt_name": null, "fax": null, "fid": null, "project:opencities_abidjan": null, "addr:housenumber": null, "barrier": null, "building": null, "layer": null, "description": null, "start_date": null, "addr:country": null, "projet:ogpci": null, "health_facility:type": null, "wheelchair": null, "full_name": null, "health_facility:CI": null, "project:anr_cohesion_bouake": null, "wikidata": null, "wikipedia": null, "wikimedia_commons": null, "note": null, "source:imagery": null, "designation": null, "addr:housename": null, "addr:state": null, "internet_access": null, "is_in": null, "check_date": null, "elevator": null, "building:levels": null, "old_name": null, "official_name": null, "operator:wikidata": null, "operator:wikipedia": null, "projet:eboci": null, "contact:website": null, "name:ur": null, "nat_name": null, "type": null }, "geometry": { "type": "Polygon", "coordinates": [ [ [ -4.7017443, 6.6449526 ], [ -4.7017416, 6.6441107 ], [ -4.7023183, 6.6439189 ], [ -4.7026535, 6.6436205 ], [ -4.7027233, 6.6436445 ], [ -4.7027179, 6.6449473 ], [ -4.7017443, 6.6449526 ] ] ] } },
{ "type": "Feature", "properties": { "element": "way", "id": "786207088", "amenity": "hospital", "healthcare": "hospital", "name": "Centre de Santé d'Akounougbé", "source": null, "operational_status": null, "operator": null, "addr:suburb": null, "contact:email": null, "contact:mobile": null, "contact:phone": null, "opening_hours": null, "operator:type": null, "project:geoloc_unicef": null, "project:geoloc_unicef:id": null, "source:date": null, "short_name": null, "addr:street": null, "name:en": null, "website": null, "healthcare:speciality": "maternity", "fixme": null, "phone": null, "office": null, "addr:city": null, "addr:postcode": null, "name:fr": null, "email": null, "emergency": null, "alt_name": null, "fax": null, "fid": null, "project:opencities_abidjan": null, "addr:housenumber": null, "barrier": null, "building": null, "layer": null, "description": null, "start_date": null, "addr:country": null, "projet:ogpci": null, "health_facility:type": null, "wheelchair": null, "full_name": null, "health_facility:CI": null, "project:anr_cohesion_bouake": null, "wikidata": null, "wikipedia": null, "wikimedia_commons": null, "note": null, "source:imagery": null, "designation": null, "addr:housename": null, "addr:state": null, "internet_access": null, "is_in": null, "check_date": null, "elevator": null, "building:levels": null, "old_name": null, "official_name": null, "operator:wikidata": null, "operator:wikipedia": null, "projet:eboci": null, "contact:website": null, "name:ur": null, "nat_name": null, "type": null }, "geometry": { "type": "Polygon", "coordinates": [ [ [ -3.1759874, 5.1835183 ], [ -3.1756729, 5.1832239 ], [ -3.1763291, 5.1825617 ], [ -3.1765396, 5.182832 ], [ -3.1765452, 5.1829693 ], [ -3.1764778, 5.1830606 ], [ -3.1759874, 5.1835183 ] ] ] } },
{ "type": "Feature", "properties": { "element": "way", "id": "786207848", "amenity": "hospital", "healthcare": "birthing_centre", "name": "Maternité", "source": null, "operational_status": null, "operator": null, "addr:suburb": null, "contact:email": null, "contact:mobile": null, "contact:phone": null, "opening_hours": null, "operator:type": null, "project:geoloc_unicef": null, "project:geoloc_unicef:id": null, "source:date": null, "short_name": null, "addr:street": null, "name:en": null, "website": null, "healthcare:speciality": "maternity", "fixme": null, "phone": null, "office": null, "addr:city": null, "addr:postcode": null, "name:fr": null, "email": null, "emergency": null, "alt_name": null, "fax": null, "fid": null, "project:opencities_abidjan": null, "addr:housenumber": null, "barrier": null, "building": null, "layer": null, "description": null, "start_date": null, "addr:country": null, "projet:ogpci": null, "health_facility:type": null, "wheelchair": null, "full_name": null, "health_facility:CI": null, "project:anr_cohesion_bouake": null, "wikidata": null, "wikipedia": null, "wikimedia_commons": null, "note": null, "source:imagery": null, "designation": null, "addr:housename": null, "addr:state": null, "internet_access": null, "is_in": null, "check_date": null, "elevator": null, "building:levels": null, "old_name": null, "official_name": null, "operator:wikidata": null, "operator:wikipedia": null, "projet:eboci": null, "contact:website": null, "name:ur": null, "nat_name": null, "type": null }, "geometry": { "type": "Polygon", "coordinates": [ [ [ -5.2123022, 7.6947355 ], [ -5.2115908, 7.6947129 ], [ -5.2116197, 7.6939504 ], [ -5.212315, 7.6939916 ], [ -5.2122541, 7.6941437 ], [ -5.2122362, 7.6945562 ], [ -5.2123022, 7.6947355 ] ] ] } },
{ "type": "Feature", "properties": { "element": "way", "id": "786208273", "amenity": "hospital", "healthcare": "hospital", "name": "Hôpital Psychiatrique de Bouaké", "source": "Bing; DigitalGlobe Standard Imagery; survey", "operational_status": null, "operator": null, "addr:suburb": null, "contact:email": null, "contact:mobile": null, "contact:phone": null, "opening_hours": null, "operator:type": "public", "project:geoloc_unicef": null, "project:geoloc_unicef:id": null, "source:date": "2018-04-12", "short_name": null, "addr:street": null, "name:en": null, "website": null, "healthcare:speciality": "psychiatry", "fixme": "Check tag pour spécialité psychiatrique", "phone": null, "office": null, "addr:city": null, "addr:postcode": null, "name:fr": null, "email": null, "emergency": null, "alt_name": null, "fax": null, "fid": null, "project:opencities_abidjan": null, "addr:housenumber": null, "barrier": null, "building": null, "layer": null, "description": null, "start_date": null, "addr:country": null, "projet:ogpci": null, "health_facility:type": "hospital", "wheelchair": null, "full_name": null, "health_facility:CI": "hôpital_de_référence", "project:anr_cohesion_bouake": "yes", "wikidata": null, "wikipedia": null, "wikimedia_commons": null, "note": null, "source:imagery": null, "designation": null, "addr:housename": null, "addr:state": null, "internet_access": null, "is_in": null, "check_date": null, "elevator": null, "building:levels": null, "old_name": null, "official_name": null, "operator:wikidata": null, "operator:wikipedia": null, "projet:eboci": null, "contact:website": null, "name:ur": null, "nat_name": null, "type": null }, "geometry": { "type": "Polygon", "coordinates": [ [ [ -5.0405967, 7.6756584 ], [ -5.0422969, 7.6769258 ], [ -5.0430264, 7.6757071 ], [ -5.0429942, 7.6756274 ], [ -5.0412962, 7.6746495 ], [ -5.0405967, 7.6756584 ] ] ] } },
{ "type": "Feature", "properties": { "element": "way", "id": "786209585", "amenity": "hospital", "healthcare": "hospital", "name": "Hôpital de Guéyo", "source": null, "operational_status": null, "operator": null, "addr:suburb": null, "contact:email": null, "contact:mobile": null, "contact:phone": null, "opening_hours": null, "operator:type": null, "project:geoloc_unicef": null, "project:geoloc_unicef:id": null, "source:date": null, "short_name": null, "addr:street": null, "name:en": null, "website": null, "healthcare:speciality": null, "fixme": null, "phone": null, "office": null, "addr:city": "Guéyo", "addr:postcode": null, "name:fr": null, "email": null, "emergency": null, "alt_name": null, "fax": null, "fid": null, "project:opencities_abidjan": null, "addr:housenumber": null, "barrier": null, "building": null, "layer": null, "description": null, "start_date": null, "addr:country": null, "projet:ogpci": null, "health_facility:type": null, "wheelchair": null, "full_name": null, "health_facility:CI": null, "project:anr_cohesion_bouake": null, "wikidata": null, "wikipedia": null, "wikimedia_commons": null, "note": null, "source:imagery": null, "designation": null, "addr:housename": null, "addr:state": null, "internet_access": null, "is_in": null, "check_date": null, "elevator": null, "building:levels": null, "old_name": null, "official_name": null, "operator:wikidata": null, "operator:wikipedia": null, "projet:eboci": null, "contact:website": null, "name:ur": null, "nat_name": null, "type": null }, "geometry": { "type": "Polygon", "coordinates": [ [ [ -6.0730554, 5.6923295 ], [ -6.0722799, 5.6922796 ], [ -6.0725394, 5.691492 ], [ -6.0731425, 5.6917115 ], [ -6.0730554, 5.6923295 ] ] ] } },
{ "type": "Feature", "properties": { "element": "way", "id": "786210496", "amenity": "hospital", "healthcare": "hospital", "name": "Centre Anti-Tuberculeux de Bouaké", "source": "survey", "operational_status": null, "operator": null, "addr:suburb": null, "contact:email": null, "contact:mobile": null, "contact:phone": null, "opening_hours": null, "operator:type": "public", "project:geoloc_unicef": null, "project:geoloc_unicef:id": null, "source:date": "2018-05-05", "short_name": "CAT", "addr:street": null, "name:en": null, "website": null, "healthcare:speciality": "pharmacy;mecal_district", "fixme": null, "phone": null, "office": null, "addr:city": null, "addr:postcode": null, "name:fr": null, "email": null, "emergency": null, "alt_name": null, "fax": null, "fid": null, "project:opencities_abidjan": null, "addr:housenumber": null, "barrier": "wall", "building": null, "layer": null, "description": null, "start_date": null, "addr:country": null, "projet:ogpci": null, "health_facility:type": "hospital", "wheelchair": null, "full_name": null, "health_facility:CI": "Hôpital", "project:anr_cohesion_bouake": "yes", "wikidata": null, "wikipedia": null, "wikimedia_commons": null, "note": null, "source:imagery": null, "designation": null, "addr:housename": null, "addr:state": null, "internet_access": null, "is_in": null, "check_date": null, "elevator": null, "building:levels": null, "old_name": null, "official_name": null, "operator:wikidata": null, "operator:wikipedia": null, "projet:eboci": null, "contact:website": null, "name:ur": null, "nat_name": null, "type": null }, "geometry": { "type": "Polygon", "coordinates": [ [ [ -5.0367439, 7.7035241 ], [ -5.0364348, 7.7024886 ], [ -5.0373568, 7.7020893 ], [ -5.0389908, 7.70138 ], [ -5.039355, 7.7024129 ], [ -5.0379891, 7.7029942 ], [ -5.0367439, 7.7035241 ] ] ] } },
{ "type": "Feature", "properties": { "element": "way", "id": "786212222", "amenity": "hospital", "healthcare": "hospital", "name": "Dispensaire de Tié-N'Diékro", "source": null, "operational_status": null, "operator": null, "addr:suburb": null, "contact:email": null, "contact:mobile": null, "contact:phone": null, "opening_hours": null, "operator:type": null, "project:geoloc_unicef": null, "project:geoloc_unicef:id": null, "source:date": null, "short_name": null, "addr:street": null, "name:en": null, "website": null, "healthcare:speciality": null, "fixme": null, "phone": null, "office": null, "addr:city": null, "addr:postcode": null, "name:fr": null, "email": null, "emergency": "yes", "alt_name": null, "fax": null, "fid": null, "project:opencities_abidjan": null, "addr:housenumber": null, "barrier": null, "building": null, "layer": null, "description": null, "start_date": null, "addr:country": null, "projet:ogpci": null, "health_facility:type": null, "wheelchair": null, "full_name": null, "health_facility:CI": null, "project:anr_cohesion_bouake": null, "wikidata": null, "wikipedia": null, "wikimedia_commons": null, "note": null, "source:imagery": null, "designation": null, "addr:housename": null, "addr:state": null, "internet_access": null, "is_in": null, "check_date": null, "elevator": null, "building:levels": null, "old_name": null, "official_name": null, "operator:wikidata": null, "operator:wikipedia": null, "projet:eboci": null, "contact:website": null, "name:ur": null, "nat_name": null, "type": null }, "geometry": { "type": "Polygon", "coordinates": [ [ [ -4.7653458, 7.4245796 ], [ -4.7650682, 7.4243215 ], [ -4.7654678, 7.4238893 ], [ -4.7657548, 7.4241819 ], [ -4.7653458, 7.4245796 ] ] ] } },
{ "type": "Feature", "properties": { "element": "way", "id": "786212639", "amenity": "hospital", "healthcare": "birthing_centre", "name": "Maternité de Tié-N'Diékro", "source": null, "operational_status": null, "operator": null, "addr:suburb": null, "contact:email": null, "contact:mobile": null, "contact:phone": null, "opening_hours": null, "operator:type": null, "project:geoloc_unicef": null, "project:geoloc_unicef:id": null, "source:date": null, "short_name": null, "addr:street": null, "name:en": null, "website": null, "healthcare:speciality": "maternity", "fixme": null, "phone": null, "office": null, "addr:city": null, "addr:postcode": null, "name:fr": null, "email": null, "emergency": "yes", "alt_name": null, "fax": null, "fid": null, "project:opencities_abidjan": null, "addr:housenumber": null, "barrier": null, "building": null, "layer": null, "description": null, "start_date": null, "addr:country": null, "projet:ogpci": null, "health_facility:type": null, "wheelchair": null, "full_name": null, "health_facility:CI": null, "project:anr_cohesion_bouake": null, "wikidata": null, "wikipedia": null, "wikimedia_commons": null, "note": null, "source:imagery": null, "designation": null, "addr:housename": null, "addr:state": null, "internet_access": null, "is_in": null, "check_date": null, "elevator": null, "building:levels": null, "old_name": null, "official_name": null, "operator:wikidata": null, "operator:wikipedia": null, "projet:eboci": null, "contact:website": null, "name:ur": null, "nat_name": null, "type": null }, "geometry": { "type": "Polygon", "coordinates": [ [ [ -4.7648706, 7.4237033 ], [ -4.764607, 7.423444 ], [ -4.7647291, 7.4233483 ], [ -4.764987, 7.4235921 ], [ -4.7648706, 7.4237033 ] ] ] } },
{ "type": "Feature", "properties": { "element": "way", "id": "786213499", "amenity": "hospital", "healthcare": "hospital", "name": "Hôpital Général", "source": null, "operational_status": null, "operator": null, "addr:suburb": null, "contact:email": null, "contact:mobile": null, "contact:phone": null, "opening_hours": null, "operator:type": null, "project:geoloc_unicef": null, "project:geoloc_unicef:id": null, "source:date": null, "short_name": null, "addr:street": null, "name:en": null, "website": null, "healthcare:speciality": null, "fixme": null, "phone": null, "office": null, "addr:city": null, "addr:postcode": null, "name:fr": null, "email": null, "emergency": null, "alt_name": null, "fax": null, "fid": null, "project:opencities_abidjan": null, "addr:housenumber": null, "barrier": null, "building": null, "layer": null, "description": null, "start_date": null, "addr:country": null, "projet:ogpci": null, "health_facility:type": null, "wheelchair": null, "full_name": null, "health_facility:CI": null, "project:anr_cohesion_bouake": null, "wikidata": null, "wikipedia": null, "wikimedia_commons": null, "note": null, "source:imagery": null, "designation": null, "addr:housename": null, "addr:state": null, "internet_access": null, "is_in": null, "check_date": null, "elevator": null, "building:levels": null, "old_name": null, "official_name": null, "operator:wikidata": null, "operator:wikipedia": null, "projet:eboci": null, "contact:website": null, "name:ur": null, "nat_name": null, "type": null }, "geometry": { "type": "Polygon", "coordinates": [ [ [ -4.3792332, 5.3214483 ], [ -4.3790519, 5.3211736 ], [ -4.3789355, 5.3190281 ], [ -4.3795928, 5.3190478 ], [ -4.3795639, 5.319427 ], [ -4.3796423, 5.3196941 ], [ -4.3798003, 5.3200813 ], [ -4.37991, 5.3208209 ], [ -4.379574, 5.3212111 ], [ -4.3792332, 5.3214483 ] ] ] } },
{ "type": "Feature", "properties": { "element": "way", "id": "786215656", "amenity": "hospital", "healthcare": "hospital", "name": "Hôpital Général de Tiassalé", "source": null, "operational_status": null, "operator": null, "addr:suburb": null, "contact:email": null, "contact:mobile": null, "contact:phone": null, "opening_hours": null, "operator:type": null, "project:geoloc_unicef": null, "project:geoloc_unicef:id": null, "source:date": null, "short_name": null, "addr:street": null, "name:en": null, "website": null, "healthcare:speciality": null, "fixme": null, "phone": null, "office": null, "addr:city": null, "addr:postcode": null, "name:fr": null, "email": null, "emergency": null, "alt_name": null, "fax": null, "fid": null, "project:opencities_abidjan": null, "addr:housenumber": null, "barrier": null, "building": null, "layer": null, "description": null, "start_date": null, "addr:country": null, "projet:ogpci": null, "health_facility:type": null, "wheelchair": null, "full_name": null, "health_facility:CI": null, "project:anr_cohesion_bouake": null, "wikidata": null, "wikipedia": null, "wikimedia_commons": null, "note": null, "source:imagery": null, "designation": null, "addr:housename": null, "addr:state": null, "internet_access": null, "is_in": null, "check_date": null, "elevator": null, "building:levels": null, "old_name": null, "official_name": null, "operator:wikidata": null, "operator:wikipedia": null, "projet:eboci": null, "contact:website": null, "name:ur": null, "nat_name": null, "type": null }, "geometry": { "type": "Polygon", "coordinates": [ [ [ -4.824674, 5.8913442 ], [ -4.8238747, 5.8914082 ], [ -4.8237969, 5.8903143 ], [ -4.8246472, 5.890293 ], [ -4.824674, 5.8913442 ] ] ] } },
{ "type": "Feature", "properties": { "element": "way", "id": "786216747", "amenity": "hospital", "healthcare": "hospital", "name": "Centre Hospitalier Régional de San Pédro", "source": null, "operational_status": null, "operator": null, "addr:suburb": "Lac", "contact:email": null, "contact:mobile": null, "contact:phone": "34712702", "opening_hours": "24/7", "operator:type": "public", "project:geoloc_unicef": "yes", "project:geoloc_unicef:id": "SP_126", "source:date": null, "short_name": null, "addr:street": null, "name:en": null, "website": null, "healthcare:speciality": null, "fixme": null, "phone": null, "office": null, "addr:city": null, "addr:postcode": null, "name:fr": null, "email": null, "emergency": null, "alt_name": null, "fax": null, "fid": null, "project:opencities_abidjan": null, "addr:housenumber": null, "barrier": null, "building": null, "layer": null, "description": "Accouchement Assistance sociale, soutien social Conseil et dépistage volontaire (CDV) Conseil, informations sur la santé", "start_date": null, "addr:country": null, "projet:ogpci": null, "health_facility:type": null, "wheelchair": null, "full_name": null, "health_facility:CI": null, "project:anr_cohesion_bouake": null, "wikidata": null, "wikipedia": null, "wikimedia_commons": null, "note": null, "source:imagery": null, "designation": null, "addr:housename": null, "addr:state": null, "internet_access": null, "is_in": null, "check_date": null, "elevator": null, "building:levels": null, "old_name": null, "official_name": null, "operator:wikidata": null, "operator:wikipedia": null, "projet:eboci": null, "contact:website": null, "name:ur": null, "nat_name": null, "type": null }, "geometry": { "type": "Polygon", "coordinates": [ [ [ -6.6346291, 4.7470024 ], [ -6.6350099, 4.7473873 ], [ -6.6357288, 4.7479995 ], [ -6.6358548, 4.7480342 ], [ -6.6359863, 4.7480529 ], [ -6.6360493, 4.7480438 ], [ -6.636115, 4.7480342 ], [ -6.6362062, 4.7479888 ], [ -6.6362406, 4.7479583 ], [ -6.6364235, 4.7477963 ], [ -6.637086, 4.7471494 ], [ -6.6375446, 4.746687 ], [ -6.6379952, 4.7462326 ], [ -6.6373032, 4.7455216 ], [ -6.6372124, 4.7454315 ], [ -6.6365951, 4.7448186 ], [ -6.6364878, 4.7447678 ], [ -6.6349509, 4.746401 ], [ -6.6345402, 4.7468032 ], [ -6.634539, 4.7468603 ], [ -6.6345733, 4.7469398 ], [ -6.6346291, 4.7470024 ] ] ] } },
{ "type": "Feature", "properties": { "element": "way", "id": "786219623", "amenity": "hospital", "healthcare": "hospital", "name": "Cabinet Medical Chinois Le Temple De La Guerrison", "source": null, "operational_status": null, "operator": null, "addr:suburb": "Victor ballet", "contact:email": null, "contact:mobile": null, "contact:phone": "+22555350700", "opening_hours": "Mo-Su 07:30-12:00, 12:30-19:30", "operator:type": "private", "project:geoloc_unicef": "yes", "project:geoloc_unicef:id": "SP_019", "source:date": null, "short_name": null, "addr:street": null, "name:en": null, "website": null, "healthcare:speciality": null, "fixme": null, "phone": null, "office": null, "addr:city": null, "addr:postcode": null, "name:fr": null, "email": null, "emergency": null, "alt_name": null, "fax": null, "fid": null, "project:opencities_abidjan": null, "addr:housenumber": null, "barrier": null, "building": "yes", "layer": "1", "description": "Conseil et dépistage volontaire (CDV) Conseil, informations sur la santé sexuelle et reproductive", "start_date": null, "addr:country": null, "projet:ogpci": null, "health_facility:type": null, "wheelchair": null, "full_name": null, "health_facility:CI": null, "project:anr_cohesion_bouake": null, "wikidata": null, "wikipedia": null, "wikimedia_commons": null, "note": null, "source:imagery": null, "designation": null, "addr:housename": null, "addr:state": null, "internet_access": null, "is_in": null, "check_date": null, "elevator": null, "building:levels": null, "old_name": null, "official_name": null, "operator:wikidata": null, "operator:wikipedia": null, "projet:eboci": null, "contact:website": null, "name:ur": null, "nat_name": null, "type": null }, "geometry": { "type": "Polygon", "coordinates": [ [ [ -6.6564517, 4.7790994 ], [ -6.6564046, 4.7790919 ], [ -6.6564175, 4.7790005 ], [ -6.6564578, 4.7790039 ], [ -6.6564517, 4.7790994 ] ] ] } },
{ "type": "Feature", "properties": { "element": "way", "id": "786482199", "amenity": "hospital", "healthcare": "hospital", "name": "Formation de Santé Municipale Déléguée Dominique Ouattara", "source": null, "operational_status": null, "operator": null, "addr:suburb": "Terre rouge", "contact:email": "louise0745@gmail.com", "contact:mobile": null, "contact:phone": "7458248", "opening_hours": "24/7", "operator:type": "public", "project:geoloc_unicef": "yes", "project:geoloc_unicef:id": "SP_103", "source:date": null, "short_name": null, "addr:street": null, "name:en": null, "website": null, "healthcare:speciality": null, "fixme": null, "phone": null, "office": null, "addr:city": null, "addr:postcode": null, "name:fr": "Formation de Santé Municipale Déléguée Dominique Ouattara", "email": null, "emergency": null, "alt_name": null, "fax": null, "fid": null, "project:opencities_abidjan": null, "addr:housenumber": null, "barrier": null, "building": null, "layer": null, "description": "Accouchement Conseil et dépistage volontaire (CDV) Consultation Consultation prénatale Contraceptifs Dépistage VIH, IST", "start_date": null, "addr:country": null, "projet:ogpci": null, "health_facility:type": null, "wheelchair": null, "full_name": null, "health_facility:CI": null, "project:anr_cohesion_bouake": null, "wikidata": null, "wikipedia": null, "wikimedia_commons": null, "note": null, "source:imagery": null, "designation": null, "addr:housename": null, "addr:state": null, "internet_access": null, "is_in": null, "check_date": null, "elevator": null, "building:levels": null, "old_name": null, "official_name": null, "operator:wikidata": null, "operator:wikipedia": null, "projet:eboci": null, "contact:website": null, "name:ur": null, "nat_name": null, "type": null }, "geometry": { "type": "Polygon", "coordinates": [ [ [ -6.6633301, 4.7716177 ], [ -6.6630645, 4.7717727 ], [ -6.6628607, 4.77144 ], [ -6.6631302, 4.7712756 ], [ -6.6631412, 4.7712945 ], [ -6.6633301, 4.7716177 ] ] ] } },
{ "type": "Feature", "properties": { "element": "way", "id": "786483987", "amenity": "hospital", "healthcare": "hospital", "name": "Institut d'hygène publique de san pedro", "source": null, "operational_status": null, "operator": null, "addr:suburb": "Lac", "contact:email": null, "contact:mobile": null, "contact:phone": "+22534713415", "opening_hours": "Mo-Su 07:30-12:30, 13:00-16:30", "operator:type": "public", "project:geoloc_unicef": "yes", "project:geoloc_unicef:id": "SP_040", "source:date": null, "short_name": null, "addr:street": null, "name:en": null, "website": null, "healthcare:speciality": null, "fixme": null, "phone": null, "office": null, "addr:city": null, "addr:postcode": null, "name:fr": null, "email": null, "emergency": null, "alt_name": null, "fax": null, "fid": null, "project:opencities_abidjan": null, "addr:housenumber": null, "barrier": null, "building": null, "layer": null, "description": "Prevention,vaccination et hygiene", "start_date": null, "addr:country": null, "projet:ogpci": null, "health_facility:type": null, "wheelchair": null, "full_name": null, "health_facility:CI": null, "project:anr_cohesion_bouake": null, "wikidata": null, "wikipedia": null, "wikimedia_commons": null, "note": null, "source:imagery": null, "designation": null, "addr:housename": null, "addr:state": null, "internet_access": null, "is_in": null, "check_date": null, "elevator": null, "building:levels": null, "old_name": null, "official_name": null, "operator:wikidata": null, "operator:wikipedia": null, "projet:eboci": null, "contact:website": null, "name:ur": null, "nat_name": null, "type": null }, "geometry": { "type": "Polygon", "coordinates": [ [ [ -6.6391487, 4.7452052 ], [ -6.63886, 4.7455109 ], [ -6.6383773, 4.7450254 ], [ -6.638666, 4.7446837 ], [ -6.6391487, 4.7452052 ] ] ] } },
{ "type": "Feature", "properties": { "element": "way", "id": "786492800", "amenity": "hospital", "healthcare": "hospital", "name": "Centre antituberculeux", "source": null, "operational_status": null, "operator": null, "addr:suburb": "Lac", "contact:email": null, "contact:mobile": null, "contact:phone": "+22501510818", "opening_hours": "Mo-Fr 07:30-17:00", "operator:type": "public", "project:geoloc_unicef": "yes", "project:geoloc_unicef:id": "SP_030", "source:date": null, "short_name": null, "addr:street": null, "name:en": null, "website": null, "healthcare:speciality": null, "fixme": null, "phone": null, "office": null, "addr:city": null, "addr:postcode": null, "name:fr": null, "email": null, "emergency": null, "alt_name": null, "fax": null, "fid": null, "project:opencities_abidjan": null, "addr:housenumber": null, "barrier": null, "building": "hospital", "layer": null, "description": "Suivi et évaluation, pharmacie, TB/VIH,hygiène et assainissement,laboratoire et assistance sociale", "start_date": null, "addr:country": null, "projet:ogpci": null, "health_facility:type": null, "wheelchair": null, "full_name": null, "health_facility:CI": null, "project:anr_cohesion_bouake": null, "wikidata": null, "wikipedia": null, "wikimedia_commons": null, "note": null, "source:imagery": null, "designation": null, "addr:housename": null, "addr:state": null, "internet_access": null, "is_in": null, "check_date": null, "elevator": null, "building:levels": null, "old_name": null, "official_name": null, "operator:wikidata": null, "operator:wikipedia": null, "projet:eboci": null, "contact:website": null, "name:ur": null, "nat_name": null, "type": null }, "geometry": { "type": "Polygon", "coordinates": [ [ [ -6.6384488, 4.7452537 ], [ -6.638092, 4.745628 ], [ -6.6383576, 4.7459006 ], [ -6.6387344, 4.7455144 ], [ -6.6384488, 4.7452537 ] ] ] } },
{ "type": "Feature", "properties": { "element": "way", "id": "786495631", "amenity": "hospital", "healthcare": "hospital", "name": "Hôpital Général de Sinfra", "source": null, "operational_status": null, "operator": null, "addr:suburb": null, "contact:email": null, "contact:mobile": null, "contact:phone": null, "opening_hours": null, "operator:type": null, "project:geoloc_unicef": null, "project:geoloc_unicef:id": null, "source:date": null, "short_name": null, "addr:street": null, "name:en": null, "website": null, "healthcare:speciality": null, "fixme": null, "phone": null, "office": null, "addr:city": null, "addr:postcode": null, "name:fr": null, "email": null, "emergency": null, "alt_name": null, "fax": null, "fid": null, "project:opencities_abidjan": null, "addr:housenumber": null, "barrier": null, "building": null, "layer": null, "description": null, "start_date": null, "addr:country": null, "projet:ogpci": null, "health_facility:type": null, "wheelchair": null, "full_name": null, "health_facility:CI": null, "project:anr_cohesion_bouake": null, "wikidata": null, "wikipedia": null, "wikimedia_commons": null, "note": null, "source:imagery": null, "designation": null, "addr:housename": null, "addr:state": null, "internet_access": null, "is_in": null, "check_date": null, "elevator": null, "building:levels": null, "old_name": null, "official_name": null, "operator:wikidata": null, "operator:wikipedia": null, "projet:eboci": null, "contact:website": null, "name:ur": null, "nat_name": null, "type": null }, "geometry": { "type": "Polygon", "coordinates": [ [ [ -5.9153545, 6.6236335 ], [ -5.9159311, 6.6228037 ], [ -5.9156778, 6.6226121 ], [ -5.9153775, 6.6223998 ], [ -5.9152488, 6.6226006 ], [ -5.9151578, 6.6227462 ], [ -5.9148484, 6.6225297 ], [ -5.9144916, 6.6230021 ], [ -5.9153545, 6.6236335 ] ] ] } },
{ "type": "Feature", "properties": { "element": "way", "id": "786504825", "amenity": "hospital", "healthcare": "hospital", "name": "Hôpital Général de Soubré", "source": null, "operational_status": null, "operator": null, "addr:suburb": null, "contact:email": null, "contact:mobile": null, "contact:phone": null, "opening_hours": null, "operator:type": null, "project:geoloc_unicef": null, "project:geoloc_unicef:id": null, "source:date": null, "short_name": null, "addr:street": null, "name:en": null, "website": null, "healthcare:speciality": null, "fixme": null, "phone": null, "office": null, "addr:city": null, "addr:postcode": null, "name:fr": null, "email": null, "emergency": null, "alt_name": null, "fax": null, "fid": null, "project:opencities_abidjan": null, "addr:housenumber": null, "barrier": null, "building": null, "layer": null, "description": null, "start_date": null, "addr:country": null, "projet:ogpci": null, "health_facility:type": null, "wheelchair": null, "full_name": null, "health_facility:CI": null, "project:anr_cohesion_bouake": null, "wikidata": null, "wikipedia": null, "wikimedia_commons": null, "note": null, "source:imagery": null, "designation": null, "addr:housename": null, "addr:state": null, "internet_access": null, "is_in": null, "check_date": null, "elevator": null, "building:levels": null, "old_name": null, "official_name": null, "operator:wikidata": null, "operator:wikipedia": null, "projet:eboci": null, "contact:website": null, "name:ur": null, "nat_name": null, "type": null }, "geometry": { "type": "Polygon", "coordinates": [ [ [ -6.6042973, 5.7864355 ], [ -6.6030653, 5.7868159 ], [ -6.6022111, 5.7863488 ], [ -6.6019268, 5.7863597 ], [ -6.6018245, 5.786052 ], [ -6.6022832, 5.7859064 ], [ -6.602073, 5.7852383 ], [ -6.6030704, 5.7848854 ], [ -6.6031498, 5.7848414 ], [ -6.603437, 5.7847235 ], [ -6.6040631, 5.785157 ], [ -6.604115, 5.7853233 ], [ -6.6040489, 5.7857373 ], [ -6.6042973, 5.7864355 ] ] ] } },
{ "type": "Feature", "properties": { "element": "way", "id": "786507589", "amenity": "hospital", "healthcare": "hospital", "name": "Centre Hospitalier Rural", "source": null, "operational_status": null, "operator": null, "addr:suburb": null, "contact:email": null, "contact:mobile": null, "contact:phone": null, "opening_hours": null, "operator:type": null, "project:geoloc_unicef": null, "project:geoloc_unicef:id": null, "source:date": null, "short_name": null, "addr:street": null, "name:en": null, "website": null, "healthcare:speciality": null, "fixme": null, "phone": null, "office": null, "addr:city": null, "addr:postcode": null, "name:fr": null, "email": null, "emergency": null, "alt_name": null, "fax": null, "fid": null, "project:opencities_abidjan": null, "addr:housenumber": null, "barrier": null, "building": null, "layer": null, "description": null, "start_date": null, "addr:country": null, "projet:ogpci": null, "health_facility:type": null, "wheelchair": null, "full_name": null, "health_facility:CI": null, "project:anr_cohesion_bouake": null, "wikidata": null, "wikipedia": null, "wikimedia_commons": null, "note": null, "source:imagery": null, "designation": null, "addr:housename": null, "addr:state": null, "internet_access": null, "is_in": null, "check_date": null, "elevator": null, "building:levels": null, "old_name": null, "official_name": null, "operator:wikidata": null, "operator:wikipedia": null, "projet:eboci": null, "contact:website": null, "name:ur": null, "nat_name": null, "type": null }, "geometry": { "type": "Polygon", "coordinates": [ [ [ -4.8599205, 6.3339736 ], [ -4.8600558, 6.3336912 ], [ -4.8605024, 6.3336419 ], [ -4.8608181, 6.3338481 ], [ -4.8607324, 6.3341978 ], [ -4.8599205, 6.3339736 ] ] ] } },
{ "type": "Feature", "properties": { "element": "way", "id": "786518492", "amenity": "hospital", "healthcare": "hospital", "name": "Hôpital général d'azopé", "source": null, "operational_status": null, "operator": null, "addr:suburb": null, "contact:email": null, "contact:mobile": null, "contact:phone": null, "opening_hours": null, "operator:type": null, "project:geoloc_unicef": null, "project:geoloc_unicef:id": null, "source:date": null, "short_name": null, "addr:street": null, "name:en": null, "website": null, "healthcare:speciality": null, "fixme": null, "phone": null, "office": null, "addr:city": null, "addr:postcode": null, "name:fr": null, "email": null, "emergency": null, "alt_name": null, "fax": null, "fid": null, "project:opencities_abidjan": null, "addr:housenumber": null, "barrier": null, "building": null, "layer": null, "description": null, "start_date": null, "addr:country": null, "projet:ogpci": null, "health_facility:type": null, "wheelchair": null, "full_name": null, "health_facility:CI": null, "project:anr_cohesion_bouake": null, "wikidata": null, "wikipedia": null, "wikimedia_commons": null, "note": null, "source:imagery": null, "designation": null, "addr:housename": null, "addr:state": null, "internet_access": null, "is_in": null, "check_date": null, "elevator": null, "building:levels": null, "old_name": null, "official_name": null, "operator:wikidata": null, "operator:wikipedia": null, "projet:eboci": null, "contact:website": null, "name:ur": null, "nat_name": null, "type": null }, "geometry": { "type": "Polygon", "coordinates": [ [ [ -3.8598347, 6.1040863 ], [ -3.8594455, 6.1034584 ], [ -3.8612445, 6.1021643 ], [ -3.8614418, 6.1026492 ], [ -3.8615556, 6.1029291 ], [ -3.8617038, 6.1032934 ], [ -3.8598347, 6.1040863 ] ] ] } },
{ "type": "Feature", "properties": { "element": "way", "id": "786529438", "amenity": "hospital", "healthcare": "hospital", "name": "Criemosse man", "source": "DigitalGlobe Standard; survey", "operational_status": null, "operator": null, "addr:suburb": "Camp sea", "contact:email": "nguessanassoa@yahoo.fr", "contact:mobile": "+22507737635", "contact:phone": "+22502906137", "opening_hours": "Mo-Fr 08:00-12:00,14:00-17:30", "operator:type": "public", "project:geoloc_unicef": "yes", "project:geoloc_unicef:id": "MN_016", "source:date": "2019-04-15", "short_name": null, "addr:street": null, "name:en": null, "website": null, "healthcare:speciality": null, "fixme": null, "phone": null, "office": null, "addr:city": null, "addr:postcode": null, "name:fr": null, "email": null, "emergency": null, "alt_name": null, "fax": null, "fid": null, "project:opencities_abidjan": null, "addr:housenumber": null, "barrier": null, "building": "hospital", "layer": null, "description": null, "start_date": null, "addr:country": null, "projet:ogpci": null, "health_facility:type": null, "wheelchair": null, "full_name": null, "health_facility:CI": null, "project:anr_cohesion_bouake": null, "wikidata": null, "wikipedia": null, "wikimedia_commons": null, "note": null, "source:imagery": null, "designation": null, "addr:housename": null, "addr:state": null, "internet_access": null, "is_in": null, "check_date": null, "elevator": null, "building:levels": null, "old_name": null, "official_name": null, "operator:wikidata": null, "operator:wikipedia": null, "projet:eboci": null, "contact:website": null, "name:ur": null, "nat_name": null, "type": null }, "geometry": { "type": "Polygon", "coordinates": [ [ [ -7.5540806, 7.4043741 ], [ -7.5540475, 7.4044134 ], [ -7.5539469, 7.40433 ], [ -7.553975, 7.4042965 ], [ -7.5540202, 7.4043339 ], [ -7.5540482, 7.4043007 ], [ -7.5540943, 7.4043389 ], [ -7.5540712, 7.4043664 ], [ -7.5540806, 7.4043741 ] ] ] } },
{ "type": "Feature", "properties": { "element": "way", "id": "786533456", "amenity": "hospital", "healthcare": "hospital", "name": "Sainte famille", "source": "DigitalGlobe Standard; survey", "operational_status": null, "operator": null, "addr:suburb": "Soderie", "contact:email": "blaidejosee0@gmail.com", "contact:mobile": "+22509167289", "contact:phone": "+22533790888", "opening_hours": "24/7", "operator:type": "private", "project:geoloc_unicef": "yes", "project:geoloc_unicef:id": "MN_002", "source:date": "2019-04-15", "short_name": null, "addr:street": null, "name:en": null, "website": null, "healthcare:speciality": null, "fixme": null, "phone": null, "office": null, "addr:city": null, "addr:postcode": null, "name:fr": null, "email": null, "emergency": null, "alt_name": null, "fax": null, "fid": null, "project:opencities_abidjan": null, "addr:housenumber": null, "barrier": null, "building": null, "layer": null, "description": null, "start_date": null, "addr:country": null, "projet:ogpci": null, "health_facility:type": null, "wheelchair": null, "full_name": null, "health_facility:CI": null, "project:anr_cohesion_bouake": null, "wikidata": null, "wikipedia": null, "wikimedia_commons": null, "note": null, "source:imagery": null, "designation": null, "addr:housename": null, "addr:state": null, "internet_access": null, "is_in": null, "check_date": null, "elevator": null, "building:levels": null, "old_name": null, "official_name": null, "operator:wikidata": null, "operator:wikipedia": null, "projet:eboci": null, "contact:website": null, "name:ur": null, "nat_name": null, "type": null }, "geometry": { "type": "Polygon", "coordinates": [ [ [ -7.5354612, 7.4112298 ], [ -7.5360593, 7.411251 ], [ -7.5360405, 7.4110782 ], [ -7.5360432, 7.4109877 ], [ -7.5362122, 7.4109159 ], [ -7.5361773, 7.4103573 ], [ -7.5355765, 7.4104079 ], [ -7.5355389, 7.410743 ], [ -7.5354087, 7.4109291 ], [ -7.5354263, 7.4112218 ], [ -7.5354612, 7.4112298 ] ] ] } },
{ "type": "Feature", "properties": { "element": "way", "id": "786536795", "amenity": "hospital", "healthcare": "hospital", "name": "Centre de santé urbain grand gbapleu", "source": "DigitalGlobe Standard; survey", "operational_status": null, "operator": null, "addr:suburb": "Grand Gbapleu sur la route de facobly", "contact:email": "beer.lambert@yahoo.fr", "contact:mobile": "+22509691647", "contact:phone": "+22507716321", "opening_hours": "24/7", "operator:type": "public", "project:geoloc_unicef": "yes", "project:geoloc_unicef:id": "MN_001", "source:date": "2019-04-15", "short_name": "CSU Grand Gbapleu", "addr:street": null, "name:en": null, "website": null, "healthcare:speciality": null, "fixme": null, "phone": null, "office": null, "addr:city": null, "addr:postcode": null, "name:fr": null, "email": null, "emergency": null, "alt_name": null, "fax": null, "fid": null, "project:opencities_abidjan": null, "addr:housenumber": null, "barrier": null, "building": null, "layer": null, "description": null, "start_date": null, "addr:country": null, "projet:ogpci": null, "health_facility:type": null, "wheelchair": null, "full_name": null, "health_facility:CI": null, "project:anr_cohesion_bouake": null, "wikidata": null, "wikipedia": null, "wikimedia_commons": null, "note": null, "source:imagery": null, "designation": null, "addr:housename": null, "addr:state": null, "internet_access": null, "is_in": null, "check_date": null, "elevator": null, "building:levels": null, "old_name": null, "official_name": null, "operator:wikidata": null, "operator:wikipedia": null, "projet:eboci": null, "contact:website": null, "name:ur": null, "nat_name": null, "type": null }, "geometry": { "type": "Polygon", "coordinates": [ [ [ -7.5294905, 7.4091597 ], [ -7.5295026, 7.4088418 ], [ -7.5301248, 7.408891 ], [ -7.5300725, 7.4093153 ], [ -7.5294905, 7.4091597 ] ] ] } },
{ "type": "Feature", "properties": { "element": "way", "id": "786544752", "amenity": "hospital", "healthcare": "hospital", "name": "Centre Hospitalier Régional de Man", "source": "DigitalGlobe Standard; survey", "operational_status": null, "operator": "Ministerie de la Santé", "addr:suburb": "Thérèse", "contact:email": "cfanleguedrica@frbook.com", "contact:mobile": "+22577201458", "contact:phone": "+22533780385", "opening_hours": "24/7", "operator:type": "public", "project:geoloc_unicef": "yes", "project:geoloc_unicef:id": "MN_028", "source:date": "2019-04-15", "short_name": "CHR", "addr:street": null, "name:en": null, "website": null, "healthcare:speciality": null, "fixme": null, "phone": null, "office": null, "addr:city": null, "addr:postcode": null, "name:fr": null, "email": null, "emergency": null, "alt_name": null, "fax": null, "fid": null, "project:opencities_abidjan": null, "addr:housenumber": null, "barrier": null, "building": null, "layer": null, "description": null, "start_date": null, "addr:country": null, "projet:ogpci": null, "health_facility:type": null, "wheelchair": null, "full_name": null, "health_facility:CI": null, "project:anr_cohesion_bouake": null, "wikidata": null, "wikipedia": null, "wikimedia_commons": null, "note": null, "source:imagery": null, "designation": null, "addr:housename": null, "addr:state": null, "internet_access": null, "is_in": null, "check_date": null, "elevator": null, "building:levels": null, "old_name": null, "official_name": null, "operator:wikidata": null, "operator:wikipedia": null, "projet:eboci": null, "contact:website": null, "name:ur": null, "nat_name": null, "type": null }, "geometry": { "type": "Polygon", "coordinates": [ [ [ -7.5461585, 7.4063208 ], [ -7.5464807, 7.4065313 ], [ -7.5464738, 7.406454 ], [ -7.5472047, 7.4071062 ], [ -7.5471593, 7.4071699 ], [ -7.5480883, 7.4079196 ], [ -7.5482646, 7.4076815 ], [ -7.5484414, 7.4075789 ], [ -7.5485404, 7.4074573 ], [ -7.5495225, 7.4063642 ], [ -7.549439, 7.4060544 ], [ -7.5494066, 7.4058722 ], [ -7.5490738, 7.405556 ], [ -7.5487777, 7.4059282 ], [ -7.5474064, 7.4048368 ], [ -7.5472441, 7.4049073 ], [ -7.5460958, 7.4062691 ], [ -7.5461585, 7.4063208 ] ] ] } },
{ "type": "Feature", "properties": { "element": "way", "id": "786545495", "amenity": "hospital", "healthcare": "hospital", "name": "Infirmerie St Jean", "source": "DigitalGlobe Standard; survey", "operational_status": null, "operator": null, "addr:suburb": "Kennedy", "contact:email": null, "contact:mobile": "+22565868006", "contact:phone": "+22508972339", "opening_hours": "24/7", "operator:type": "private", "project:geoloc_unicef": "yes", "project:geoloc_unicef:id": "MN_020", "source:date": "2019-04-15", "short_name": null, "addr:street": null, "name:en": null, "website": null, "healthcare:speciality": null, "fixme": null, "phone": null, "office": null, "addr:city": null, "addr:postcode": null, "name:fr": null, "email": null, "emergency": null, "alt_name": null, "fax": null, "fid": null, "project:opencities_abidjan": null, "addr:housenumber": null, "barrier": null, "building": "hospital", "layer": null, "description": null, "start_date": null, "addr:country": null, "projet:ogpci": null, "health_facility:type": null, "wheelchair": null, "full_name": null, "health_facility:CI": null, "project:anr_cohesion_bouake": null, "wikidata": null, "wikipedia": null, "wikimedia_commons": null, "note": null, "source:imagery": null, "designation": null, "addr:housename": null, "addr:state": null, "internet_access": null, "is_in": null, "check_date": null, "elevator": null, "building:levels": null, "old_name": null, "official_name": null, "operator:wikidata": null, "operator:wikipedia": null, "projet:eboci": null, "contact:website": null, "name:ur": null, "nat_name": null, "type": null }, "geometry": { "type": "Polygon", "coordinates": [ [ [ -7.551205, 7.4239407 ], [ -7.5511131, 7.4239629 ], [ -7.5511366, 7.4240583 ], [ -7.5511565, 7.4240535 ], [ -7.551161, 7.4240719 ], [ -7.551233, 7.4240545 ], [ -7.551205, 7.4239407 ] ] ] } },
{ "type": "Feature", "properties": { "element": "way", "id": "786549530", "amenity": "hospital", "healthcare": "hospital", "name": "Infirmerie Saint Jean", "source": "DigitalGlobe Standard; survey", "operational_status": null, "operator": null, "addr:suburb": null, "contact:email": null, "contact:mobile": null, "contact:phone": null, "opening_hours": "24/7", "operator:type": "private", "project:geoloc_unicef": "yes", "project:geoloc_unicef:id": "MN_029", "source:date": "2019-04-15", "short_name": null, "addr:street": null, "name:en": null, "website": null, "healthcare:speciality": null, "fixme": null, "phone": null, "office": null, "addr:city": null, "addr:postcode": null, "name:fr": null, "email": null, "emergency": null, "alt_name": null, "fax": null, "fid": null, "project:opencities_abidjan": null, "addr:housenumber": null, "barrier": null, "building": null, "layer": null, "description": null, "start_date": null, "addr:country": null, "projet:ogpci": null, "health_facility:type": null, "wheelchair": null, "full_name": null, "health_facility:CI": null, "project:anr_cohesion_bouake": null, "wikidata": null, "wikipedia": null, "wikimedia_commons": null, "note": null, "source:imagery": null, "designation": null, "addr:housename": null, "addr:state": null, "internet_access": null, "is_in": null, "check_date": null, "elevator": null, "building:levels": null, "old_name": null, "official_name": null, "operator:wikidata": null, "operator:wikipedia": null, "projet:eboci": null, "contact:website": null, "name:ur": null, "nat_name": null, "type": null }, "geometry": { "type": "Polygon", "coordinates": [ [ [ -7.5499585, 7.4229919 ], [ -7.5499992, 7.4228245 ], [ -7.5498589, 7.4228142 ], [ -7.5498674, 7.4229477 ], [ -7.5499585, 7.4229919 ] ] ] } },
{ "type": "Feature", "properties": { "element": "way", "id": "786552807", "amenity": "hospital", "healthcare": "hospital", "name": "Infirmerie Privée sans Frontière", "source": "DigitalGlobe Standard; survey", "operational_status": null, "operator": null, "addr:suburb": "Petit Gbapleu", "contact:email": null, "contact:mobile": "+22567021099", "contact:phone": "+22556263082", "opening_hours": "Mo-Sa 08:00-18:00", "operator:type": "private", "project:geoloc_unicef": "yes", "project:geoloc_unicef:id": "MN_030", "source:date": "2019-04-15", "short_name": null, "addr:street": null, "name:en": null, "website": null, "healthcare:speciality": null, "fixme": null, "phone": null, "office": null, "addr:city": null, "addr:postcode": null, "name:fr": null, "email": null, "emergency": null, "alt_name": null, "fax": null, "fid": null, "project:opencities_abidjan": null, "addr:housenumber": null, "barrier": null, "building": "hospital", "layer": null, "description": null, "start_date": null, "addr:country": null, "projet:ogpci": null, "health_facility:type": null, "wheelchair": null, "full_name": null, "health_facility:CI": null, "project:anr_cohesion_bouake": null, "wikidata": null, "wikipedia": null, "wikimedia_commons": null, "note": null, "source:imagery": null, "designation": null, "addr:housename": null, "addr:state": null, "internet_access": null, "is_in": null, "check_date": null, "elevator": null, "building:levels": null, "old_name": null, "official_name": null, "operator:wikidata": null, "operator:wikipedia": null, "projet:eboci": null, "contact:website": null, "name:ur": null, "nat_name": null, "type": null }, "geometry": { "type": "Polygon", "coordinates": [ [ [ -7.5512644, 7.4170852 ], [ -7.5512097, 7.4171435 ], [ -7.5510788, 7.4170228 ], [ -7.5511334, 7.4169645 ], [ -7.5512644, 7.4170852 ] ] ] } },
{ "type": "Feature", "properties": { "element": "way", "id": "786553548", "amenity": "hospital", "healthcare": "hospital", "name": "Infirmerie guyonal", "source": "DigitalGlobe Standard; survey", "operational_status": null, "operator": null, "addr:suburb": "Avorkatier", "contact:email": "drohbaterti@gmail.com", "contact:mobile": "+22507223463", "contact:phone": "+22507223463", "opening_hours": "Mo-Sa 08:00-22:00", "operator:type": "private", "project:geoloc_unicef": "yes", "project:geoloc_unicef:id": "MN_015", "source:date": "2019-04-15", "short_name": null, "addr:street": null, "name:en": null, "website": null, "healthcare:speciality": null, "fixme": null, "phone": null, "office": null, "addr:city": null, "addr:postcode": null, "name:fr": null, "email": null, "emergency": null, "alt_name": null, "fax": null, "fid": null, "project:opencities_abidjan": null, "addr:housenumber": null, "barrier": null, "building": "hospital", "layer": null, "description": null, "start_date": null, "addr:country": null, "projet:ogpci": null, "health_facility:type": null, "wheelchair": null, "full_name": null, "health_facility:CI": null, "project:anr_cohesion_bouake": null, "wikidata": null, "wikipedia": null, "wikimedia_commons": null, "note": null, "source:imagery": null, "designation": null, "addr:housename": null, "addr:state": null, "internet_access": null, "is_in": null, "check_date": null, "elevator": null, "building:levels": null, "old_name": null, "official_name": null, "operator:wikidata": null, "operator:wikipedia": null, "projet:eboci": null, "contact:website": null, "name:ur": null, "nat_name": null, "type": null }, "geometry": { "type": "Polygon", "coordinates": [ [ [ -7.5428221, 7.4121699 ], [ -7.5427485, 7.4121545 ], [ -7.5427747, 7.4120311 ], [ -7.5428483, 7.4120465 ], [ -7.5428221, 7.4121699 ] ] ] } },
{ "type": "Feature", "properties": { "element": "way", "id": "786554313", "amenity": "hospital", "healthcare": "hospital", "name": "Centre de santé urbain de Gbêpleu(HKB)", "source": "DigitalGlobe Standard; survey", "operational_status": null, "operator": null, "addr:suburb": "Domoraud", "contact:email": "zoumanakoné649@gmail.com", "contact:mobile": "+22507370780", "contact:phone": "+22507370780", "opening_hours": "24/7", "operator:type": "public", "project:geoloc_unicef": "yes", "project:geoloc_unicef:id": "MN_005", "source:date": "2019-04-15", "short_name": null, "addr:street": null, "name:en": null, "website": null, "healthcare:speciality": null, "fixme": null, "phone": null, "office": null, "addr:city": null, "addr:postcode": null, "name:fr": null, "email": null, "emergency": null, "alt_name": null, "fax": null, "fid": null, "project:opencities_abidjan": null, "addr:housenumber": null, "barrier": null, "building": null, "layer": null, "description": null, "start_date": null, "addr:country": null, "projet:ogpci": null, "health_facility:type": null, "wheelchair": null, "full_name": null, "health_facility:CI": null, "project:anr_cohesion_bouake": null, "wikidata": null, "wikipedia": null, "wikimedia_commons": null, "note": null, "source:imagery": null, "designation": null, "addr:housename": null, "addr:state": null, "internet_access": null, "is_in": null, "check_date": null, "elevator": null, "building:levels": null, "old_name": null, "official_name": null, "operator:wikidata": null, "operator:wikipedia": null, "projet:eboci": null, "contact:website": null, "name:ur": null, "nat_name": null, "type": null }, "geometry": { "type": "Polygon", "coordinates": [ [ [ -7.5656553, 7.4106439 ], [ -7.565434, 7.4109032 ], [ -7.5650706, 7.4106106 ], [ -7.5652382, 7.4104111 ], [ -7.5656553, 7.4106439 ] ] ] } },
{ "type": "Feature", "properties": { "element": "way", "id": "786559791", "amenity": "hospital", "healthcare": "hospital", "name": "Centre de Santé Urbain PMI", "source": "DigitalGlobe Standard; survey", "operational_status": null, "operator": null, "addr:suburb": "Dioulabougou", "contact:email": null, "contact:mobile": "+22576431740", "contact:phone": "+22547374174", "opening_hours": "24/7", "operator:type": "public", "project:geoloc_unicef": "yes", "project:geoloc_unicef:id": "MN_022", "source:date": "2019-04-15", "short_name": "CSU", "addr:street": null, "name:en": null, "website": null, "healthcare:speciality": null, "fixme": null, "phone": null, "office": null, "addr:city": null, "addr:postcode": null, "name:fr": null, "email": null, "emergency": null, "alt_name": null, "fax": null, "fid": null, "project:opencities_abidjan": null, "addr:housenumber": null, "barrier": null, "building": null, "layer": null, "description": null, "start_date": null, "addr:country": null, "projet:ogpci": null, "health_facility:type": null, "wheelchair": null, "full_name": null, "health_facility:CI": null, "project:anr_cohesion_bouake": null, "wikidata": null, "wikipedia": null, "wikimedia_commons": null, "note": null, "source:imagery": null, "designation": null, "addr:housename": null, "addr:state": null, "internet_access": null, "is_in": null, "check_date": null, "elevator": null, "building:levels": null, "old_name": null, "official_name": null, "operator:wikidata": null, "operator:wikipedia": null, "projet:eboci": null, "contact:website": null, "name:ur": null, "nat_name": null, "type": null }, "geometry": { "type": "Polygon", "coordinates": [ [ [ -7.5521036, 7.4100506 ], [ -7.5518152, 7.4098147 ], [ -7.5520391, 7.4095334 ], [ -7.5523637, 7.4097777 ], [ -7.5521036, 7.4100506 ] ] ] } },
{ "type": "Feature", "properties": { "element": "way", "id": "786560294", "amenity": "hospital", "healthcare": "hospital", "name": "Centre médical firdaoss", "source": "DigitalGlobe Standard", "operational_status": null, "operator": null, "addr:suburb": "Soleil", "contact:email": "cm.firdaouss@gmail.com", "contact:mobile": "+22549874756", "contact:phone": "+22533790245", "opening_hours": "Mo-Fr 00:00-00:00", "operator:type": "private", "project:geoloc_unicef": "yes", "project:geoloc_unicef:id": "MN_010", "source:date": "2019-04-15", "short_name": null, "addr:street": null, "name:en": null, "website": null, "healthcare:speciality": null, "fixme": null, "phone": null, "office": null, "addr:city": null, "addr:postcode": null, "name:fr": null, "email": null, "emergency": null, "alt_name": null, "fax": null, "fid": null, "project:opencities_abidjan": null, "addr:housenumber": null, "barrier": null, "building": null, "layer": null, "description": null, "start_date": null, "addr:country": null, "projet:ogpci": null, "health_facility:type": null, "wheelchair": null, "full_name": null, "health_facility:CI": null, "project:anr_cohesion_bouake": null, "wikidata": null, "wikipedia": null, "wikimedia_commons": null, "note": null, "source:imagery": null, "designation": null, "addr:housename": null, "addr:state": null, "internet_access": null, "is_in": null, "check_date": null, "elevator": null, "building:levels": null, "old_name": null, "official_name": null, "operator:wikidata": null, "operator:wikipedia": null, "projet:eboci": null, "contact:website": null, "name:ur": null, "nat_name": null, "type": null }, "geometry": { "type": "Polygon", "coordinates": [ [ [ -7.5458544, 7.4052615 ], [ -7.5459331, 7.4050877 ], [ -7.5461142, 7.4051715 ], [ -7.5460498, 7.4053244 ], [ -7.5458544, 7.4052615 ] ] ] } },
{ "type": "Feature", "properties": { "element": "way", "id": "786561568", "amenity": "hospital", "healthcare": "hospital", "name": "Centre médical la providence", "source": "DigitalGlobe Standard; survey", "operational_status": null, "operator": null, "addr:suburb": "Mistro", "contact:email": "Cmpt1man@gmail.com", "contact:mobile": "+22509369154", "contact:phone": "+22509369154", "opening_hours": "24/7", "operator:type": "private", "project:geoloc_unicef": "yes", "project:geoloc_unicef:id": "MN_004", "source:date": "2019-04-15", "short_name": null, "addr:street": null, "name:en": null, "website": null, "healthcare:speciality": null, "fixme": null, "phone": null, "office": null, "addr:city": null, "addr:postcode": null, "name:fr": null, "email": null, "emergency": null, "alt_name": null, "fax": null, "fid": null, "project:opencities_abidjan": null, "addr:housenumber": null, "barrier": null, "building": "hospital", "layer": null, "description": null, "start_date": null, "addr:country": null, "projet:ogpci": null, "health_facility:type": null, "wheelchair": null, "full_name": null, "health_facility:CI": null, "project:anr_cohesion_bouake": null, "wikidata": null, "wikipedia": null, "wikimedia_commons": null, "note": null, "source:imagery": null, "designation": null, "addr:housename": null, "addr:state": null, "internet_access": null, "is_in": null, "check_date": null, "elevator": null, "building:levels": null, "old_name": null, "official_name": null, "operator:wikidata": null, "operator:wikipedia": null, "projet:eboci": null, "contact:website": null, "name:ur": null, "nat_name": null, "type": null }, "geometry": { "type": "Polygon", "coordinates": [ [ [ -7.5359467, 7.4097707 ], [ -7.5359255, 7.4096856 ], [ -7.5359244, 7.4095952 ], [ -7.5361227, 7.4096016 ], [ -7.5361371, 7.4097075 ], [ -7.5361421, 7.4097447 ], [ -7.5359467, 7.4097707 ] ] ] } },
{ "type": "Feature", "properties": { "element": "way", "id": "786567918", "amenity": "hospital", "healthcare": "hospital", "name": "Maternité Kennedy 2", "source": null, "operational_status": null, "operator": null, "addr:suburb": null, "contact:email": null, "contact:mobile": null, "contact:phone": null, "opening_hours": null, "operator:type": null, "project:geoloc_unicef": null, "project:geoloc_unicef:id": null, "source:date": null, "short_name": null, "addr:street": null, "name:en": null, "website": null, "healthcare:speciality": null, "fixme": null, "phone": null, "office": null, "addr:city": null, "addr:postcode": null, "name:fr": null, "email": null, "emergency": null, "alt_name": null, "fax": null, "fid": null, "project:opencities_abidjan": null, "addr:housenumber": null, "barrier": null, "building": null, "layer": null, "description": null, "start_date": null, "addr:country": null, "projet:ogpci": null, "health_facility:type": null, "wheelchair": null, "full_name": null, "health_facility:CI": null, "project:anr_cohesion_bouake": null, "wikidata": null, "wikipedia": null, "wikimedia_commons": null, "note": null, "source:imagery": null, "designation": null, "addr:housename": null, "addr:state": null, "internet_access": null, "is_in": null, "check_date": null, "elevator": null, "building:levels": null, "old_name": null, "official_name": null, "operator:wikidata": null, "operator:wikipedia": null, "projet:eboci": null, "contact:website": null, "name:ur": null, "nat_name": null, "type": null }, "geometry": { "type": "Polygon", "coordinates": [ [ [ -6.4699934, 6.8896369 ], [ -6.469642, 6.8893706 ], [ -6.4699401, 6.8889075 ], [ -6.4699926, 6.8888898 ], [ -6.4703685, 6.8892138 ], [ -6.4699934, 6.8896369 ] ] ] } },
{ "type": "Feature", "properties": { "element": "way", "id": "786568443", "amenity": "hospital", "healthcare": "hospital", "name": "Centre de Santé Don Tonino", "source": null, "operational_status": null, "operator": null, "addr:suburb": null, "contact:email": null, "contact:mobile": null, "contact:phone": null, "opening_hours": null, "operator:type": null, "project:geoloc_unicef": null, "project:geoloc_unicef:id": null, "source:date": null, "short_name": null, "addr:street": null, "name:en": null, "website": null, "healthcare:speciality": null, "fixme": null, "phone": null, "office": null, "addr:city": null, "addr:postcode": null, "name:fr": null, "email": null, "emergency": null, "alt_name": null, "fax": null, "fid": null, "project:opencities_abidjan": null, "addr:housenumber": null, "barrier": null, "building": null, "layer": null, "description": null, "start_date": null, "addr:country": null, "projet:ogpci": null, "health_facility:type": null, "wheelchair": null, "full_name": null, "health_facility:CI": null, "project:anr_cohesion_bouake": null, "wikidata": null, "wikipedia": null, "wikimedia_commons": null, "note": null, "source:imagery": null, "designation": null, "addr:housename": null, "addr:state": null, "internet_access": null, "is_in": null, "check_date": null, "elevator": null, "building:levels": null, "old_name": null, "official_name": null, "operator:wikidata": null, "operator:wikipedia": null, "projet:eboci": null, "contact:website": null, "name:ur": null, "nat_name": null, "type": null }, "geometry": { "type": "Polygon", "coordinates": [ [ [ -6.4289984, 6.8613698 ], [ -6.4289027, 6.8619968 ], [ -6.4308867, 6.8622628 ], [ -6.4309696, 6.8614681 ], [ -6.4289984, 6.8613698 ] ] ] } },
{ "type": "Feature", "properties": { "element": "way", "id": "786571868", "amenity": "hospital", "healthcare": "hospital", "name": "Centre de santé rural de Derahouan", "source": "DigitalGlobe Standard,survey", "operational_status": null, "operator": null, "addr:suburb": "Derahouan", "contact:email": null, "contact:mobile": "+22558208263", "contact:phone": "+22558208263", "opening_hours": "Mo-Sa 07:30-18:00", "operator:type": "public", "project:geoloc_unicef": "yes", "project:geoloc_unicef:id": "DAL_107", "source:date": "2019-05-12", "short_name": null, "addr:street": null, "name:en": null, "website": null, "healthcare:speciality": null, "fixme": null, "phone": null, "office": null, "addr:city": null, "addr:postcode": null, "name:fr": null, "email": null, "emergency": null, "alt_name": null, "fax": null, "fid": null, "project:opencities_abidjan": null, "addr:housenumber": null, "barrier": null, "building": null, "layer": null, "description": null, "start_date": null, "addr:country": null, "projet:ogpci": null, "health_facility:type": null, "wheelchair": null, "full_name": null, "health_facility:CI": null, "project:anr_cohesion_bouake": null, "wikidata": null, "wikipedia": null, "wikimedia_commons": null, "note": null, "source:imagery": null, "designation": null, "addr:housename": null, "addr:state": null, "internet_access": null, "is_in": null, "check_date": null, "elevator": null, "building:levels": null, "old_name": null, "official_name": null, "operator:wikidata": null, "operator:wikipedia": null, "projet:eboci": null, "contact:website": null, "name:ur": null, "nat_name": null, "type": null }, "geometry": { "type": "Polygon", "coordinates": [ [ [ -6.41033, 6.8988139 ], [ -6.410223, 6.8984966 ], [ -6.4107524, 6.8983272 ], [ -6.4108533, 6.8986483 ], [ -6.41033, 6.8988139 ] ] ] } },
{ "type": "Feature", "properties": { "element": "way", "id": "786581256", "amenity": "hospital", "healthcare": "hospital", "name": "Maternité Alassane Ouattara", "source": "Bing;survey", "operational_status": null, "operator": null, "addr:suburb": null, "contact:email": null, "contact:mobile": null, "contact:phone": null, "opening_hours": null, "operator:type": null, "project:geoloc_unicef": null, "project:geoloc_unicef:id": null, "source:date": null, "short_name": null, "addr:street": null, "name:en": null, "website": null, "healthcare:speciality": null, "fixme": null, "phone": null, "office": null, "addr:city": null, "addr:postcode": null, "name:fr": null, "email": null, "emergency": null, "alt_name": null, "fax": null, "fid": null, "project:opencities_abidjan": null, "addr:housenumber": null, "barrier": null, "building": null, "layer": null, "description": null, "start_date": null, "addr:country": null, "projet:ogpci": null, "health_facility:type": null, "wheelchair": null, "full_name": null, "health_facility:CI": null, "project:anr_cohesion_bouake": null, "wikidata": null, "wikipedia": null, "wikimedia_commons": null, "note": null, "source:imagery": null, "designation": null, "addr:housename": null, "addr:state": null, "internet_access": null, "is_in": null, "check_date": null, "elevator": null, "building:levels": null, "old_name": null, "official_name": null, "operator:wikidata": null, "operator:wikipedia": null, "projet:eboci": null, "contact:website": null, "name:ur": null, "nat_name": null, "type": null }, "geometry": { "type": "Polygon", "coordinates": [ [ [ -6.4624999, 6.8651287 ], [ -6.462352, 6.8646014 ], [ -6.4629722, 6.864754 ], [ -6.4624999, 6.8651287 ] ] ] } },
{ "type": "Feature", "properties": { "element": "way", "id": "786581409", "amenity": "hospital", "healthcare": "hospital", "name": "Dispensaire Rural d'Iguela", "source": null, "operational_status": null, "operator": null, "addr:suburb": null, "contact:email": null, "contact:mobile": null, "contact:phone": null, "opening_hours": null, "operator:type": null, "project:geoloc_unicef": null, "project:geoloc_unicef:id": null, "source:date": null, "short_name": null, "addr:street": null, "name:en": null, "website": null, "healthcare:speciality": null, "fixme": null, "phone": null, "office": null, "addr:city": null, "addr:postcode": null, "name:fr": null, "email": null, "emergency": null, "alt_name": null, "fax": null, "fid": null, "project:opencities_abidjan": null, "addr:housenumber": null, "barrier": null, "building": null, "layer": null, "description": null, "start_date": null, "addr:country": null, "projet:ogpci": null, "health_facility:type": null, "wheelchair": null, "full_name": null, "health_facility:CI": null, "project:anr_cohesion_bouake": null, "wikidata": null, "wikipedia": null, "wikimedia_commons": null, "note": null, "source:imagery": null, "designation": null, "addr:housename": null, "addr:state": null, "internet_access": null, "is_in": null, "check_date": null, "elevator": null, "building:levels": null, "old_name": null, "official_name": null, "operator:wikidata": null, "operator:wikipedia": null, "projet:eboci": null, "contact:website": null, "name:ur": null, "nat_name": null, "type": null }, "geometry": { "type": "Polygon", "coordinates": [ [ [ -3.2282826, 7.7271873 ], [ -3.228524, 7.7271474 ], [ -3.228819, 7.7271953 ], [ -3.2290497, 7.7271341 ], [ -3.229055, 7.7269454 ], [ -3.2289772, 7.726778 ], [ -3.2289102, 7.7267354 ], [ -3.2288941, 7.7266424 ], [ -3.228819, 7.7265255 ], [ -3.22876, 7.7263952 ], [ -3.2286902, 7.7263208 ], [ -3.2285776, 7.7262969 ], [ -3.228481, 7.7262411 ], [ -3.2283952, 7.7262411 ], [ -3.2283469, 7.7262278 ], [ -3.2282826, 7.7271873 ] ] ] } },
{ "type": "Feature", "properties": { "element": "way", "id": "787111699", "amenity": "hospital", "healthcare": "hospital", "name": "HM-SP", "source": null, "operational_status": null, "operator": null, "addr:suburb": null, "contact:email": null, "contact:mobile": null, "contact:phone": null, "opening_hours": null, "operator:type": null, "project:geoloc_unicef": null, "project:geoloc_unicef:id": null, "source:date": null, "short_name": null, "addr:street": null, "name:en": null, "website": null, "healthcare:speciality": null, "fixme": null, "phone": null, "office": null, "addr:city": null, "addr:postcode": null, "name:fr": null, "email": null, "emergency": null, "alt_name": null, "fax": null, "fid": null, "project:opencities_abidjan": null, "addr:housenumber": null, "barrier": null, "building": null, "layer": null, "description": null, "start_date": null, "addr:country": null, "projet:ogpci": null, "health_facility:type": null, "wheelchair": null, "full_name": null, "health_facility:CI": null, "project:anr_cohesion_bouake": null, "wikidata": null, "wikipedia": null, "wikimedia_commons": null, "note": null, "source:imagery": null, "designation": null, "addr:housename": null, "addr:state": null, "internet_access": null, "is_in": null, "check_date": null, "elevator": null, "building:levels": null, "old_name": null, "official_name": null, "operator:wikidata": null, "operator:wikipedia": null, "projet:eboci": null, "contact:website": null, "name:ur": null, "nat_name": null, "type": null }, "geometry": { "type": "Polygon", "coordinates": [ [ [ -6.645308, 4.7621657 ], [ -6.6445302, 4.7621898 ], [ -6.6444792, 4.762147 ], [ -6.6444685, 4.7620935 ], [ -6.6444363, 4.7610564 ], [ -6.6452785, 4.7610324 ], [ -6.645308, 4.7621657 ] ] ] } },
{ "type": "Feature", "properties": { "element": "way", "id": "787115258", "amenity": "hospital", "healthcare": "hospital", "name": "Institut National d'hygiène publique", "source": null, "operational_status": null, "operator": null, "addr:suburb": null, "contact:email": null, "contact:mobile": null, "contact:phone": null, "opening_hours": null, "operator:type": null, "project:geoloc_unicef": null, "project:geoloc_unicef:id": null, "source:date": null, "short_name": null, "addr:street": null, "name:en": null, "website": null, "healthcare:speciality": null, "fixme": null, "phone": null, "office": null, "addr:city": null, "addr:postcode": null, "name:fr": null, "email": null, "emergency": null, "alt_name": null, "fax": null, "fid": null, "project:opencities_abidjan": null, "addr:housenumber": null, "barrier": null, "building": "hospital", "layer": "1", "description": null, "start_date": null, "addr:country": null, "projet:ogpci": null, "health_facility:type": null, "wheelchair": null, "full_name": null, "health_facility:CI": null, "project:anr_cohesion_bouake": null, "wikidata": null, "wikipedia": null, "wikimedia_commons": null, "note": null, "source:imagery": null, "designation": null, "addr:housename": null, "addr:state": null, "internet_access": null, "is_in": null, "check_date": null, "elevator": null, "building:levels": null, "old_name": null, "official_name": null, "operator:wikidata": null, "operator:wikipedia": null, "projet:eboci": null, "contact:website": null, "name:ur": null, "nat_name": null, "type": null }, "geometry": { "type": "Polygon", "coordinates": [ [ [ -6.4524841, 6.8746262 ], [ -6.4523634, 6.8741868 ], [ -6.4528269, 6.8740546 ], [ -6.4529695, 6.8744797 ], [ -6.4524841, 6.8746262 ] ] ] } },
{ "type": "Feature", "properties": { "element": "way", "id": "787125456", "amenity": "hospital", "healthcare": "hospital", "name": "Centre de Santé Urbain", "source": "DigitalGlobe Standard,survey", "operational_status": null, "operator": null, "addr:suburb": "Garage", "contact:email": "gogotohouri77@gmail.com", "contact:mobile": null, "contact:phone": "+22532782539", "opening_hours": "24/7", "operator:type": "public", "project:geoloc_unicef": "yes", "project:geoloc_unicef:id": "DAL_077", "source:date": "2019-05-12", "short_name": "CSU", "addr:street": null, "name:en": null, "website": null, "healthcare:speciality": null, "fixme": null, "phone": null, "office": null, "addr:city": null, "addr:postcode": null, "name:fr": null, "email": null, "emergency": null, "alt_name": null, "fax": null, "fid": null, "project:opencities_abidjan": null, "addr:housenumber": null, "barrier": null, "building": null, "layer": null, "description": null, "start_date": null, "addr:country": null, "projet:ogpci": null, "health_facility:type": null, "wheelchair": null, "full_name": null, "health_facility:CI": null, "project:anr_cohesion_bouake": null, "wikidata": null, "wikipedia": null, "wikimedia_commons": null, "note": null, "source:imagery": null, "designation": null, "addr:housename": null, "addr:state": null, "internet_access": null, "is_in": null, "check_date": null, "elevator": null, "building:levels": null, "old_name": null, "official_name": null, "operator:wikidata": null, "operator:wikipedia": null, "projet:eboci": null, "contact:website": null, "name:ur": null, "nat_name": null, "type": null }, "geometry": { "type": "Polygon", "coordinates": [ [ [ -6.4406728, 6.8565008 ], [ -6.4399255, 6.8563915 ], [ -6.4400735, 6.8550922 ], [ -6.4408283, 6.8551638 ], [ -6.4406728, 6.8565008 ] ] ] } },
{ "type": "Feature", "properties": { "element": "way", "id": "787127407", "amenity": "hospital", "healthcare": "hospital", "name": "Centre de santé anti tuberculeux", "source": "DigitalGlobe Standard,survey", "operational_status": null, "operator": null, "addr:suburb": "Commerce", "contact:email": "Zebituehi@yahoo.fr", "contact:mobile": "+22559261449", "contact:phone": "+22532783572", "opening_hours": "Mo-Fr 07:30-12:00,14:00-16:00", "operator:type": "public", "project:geoloc_unicef": "yes", "project:geoloc_unicef:id": "DAL_041", "source:date": "2019-05-12", "short_name": "CAT", "addr:street": null, "name:en": null, "website": null, "healthcare:speciality": null, "fixme": null, "phone": null, "office": null, "addr:city": null, "addr:postcode": null, "name:fr": null, "email": null, "emergency": null, "alt_name": null, "fax": null, "fid": null, "project:opencities_abidjan": null, "addr:housenumber": null, "barrier": null, "building": null, "layer": null, "description": null, "start_date": null, "addr:country": null, "projet:ogpci": null, "health_facility:type": null, "wheelchair": null, "full_name": null, "health_facility:CI": null, "project:anr_cohesion_bouake": null, "wikidata": null, "wikipedia": null, "wikimedia_commons": null, "note": null, "source:imagery": null, "designation": null, "addr:housename": null, "addr:state": null, "internet_access": null, "is_in": null, "check_date": null, "elevator": null, "building:levels": null, "old_name": null, "official_name": null, "operator:wikidata": null, "operator:wikipedia": null, "projet:eboci": null, "contact:website": null, "name:ur": null, "nat_name": null, "type": null }, "geometry": { "type": "Polygon", "coordinates": [ [ [ -6.4527295, 6.8894865 ], [ -6.4526329, 6.8891563 ], [ -6.4522594, 6.8886237 ], [ -6.4512637, 6.88889 ], [ -6.4514105, 6.8894226 ], [ -6.4514823, 6.8894971 ], [ -6.4518283, 6.8899125 ], [ -6.4527295, 6.8894865 ] ] ] } },
{ "type": "Feature", "properties": { "element": "way", "id": "787130570", "amenity": "hospital", "healthcare": "hospital", "name": "Centre Hospitalier Régional", "source": "DigitalGlobe Standard,survey", "operational_status": null, "operator": null, "addr:suburb": "Kirman", "contact:email": "chrdaloa@yahoo.fr", "contact:mobile": "+22507578430", "contact:phone": "+22532783301", "opening_hours": "24/7", "operator:type": "public", "project:geoloc_unicef": "yes", "project:geoloc_unicef:id": "DAL_035", "source:date": "2019-05-12", "short_name": "CHR", "addr:street": null, "name:en": null, "website": null, "healthcare:speciality": null, "fixme": null, "phone": null, "office": null, "addr:city": null, "addr:postcode": null, "name:fr": null, "email": null, "emergency": null, "alt_name": null, "fax": null, "fid": null, "project:opencities_abidjan": null, "addr:housenumber": null, "barrier": null, "building": null, "layer": null, "description": null, "start_date": null, "addr:country": null, "projet:ogpci": null, "health_facility:type": null, "wheelchair": null, "full_name": null, "health_facility:CI": null, "project:anr_cohesion_bouake": null, "wikidata": "Q126100231", "wikipedia": null, "wikimedia_commons": "File:CHR de Daloa 02.jpg", "note": null, "source:imagery": null, "designation": null, "addr:housename": null, "addr:state": null, "internet_access": null, "is_in": null, "check_date": null, "elevator": null, "building:levels": null, "old_name": null, "official_name": null, "operator:wikidata": null, "operator:wikipedia": null, "projet:eboci": null, "contact:website": null, "name:ur": null, "nat_name": null, "type": null }, "geometry": { "type": "Polygon", "coordinates": [ [ [ -6.4427588, 6.8837292 ], [ -6.4388643, 6.8848716 ], [ -6.4388261, 6.8847525 ], [ -6.4375465, 6.88517 ], [ -6.4364731, 6.8816755 ], [ -6.4415155, 6.8801636 ], [ -6.4418292, 6.8803357 ], [ -6.4427588, 6.8837292 ] ] ] } },
{ "type": "Feature", "properties": { "element": "way", "id": "787134143", "amenity": "hospital", "healthcare": "hospital", "name": "Centre de santé Donata", "source": null, "operational_status": null, "operator": null, "addr:suburb": "Lac Sonoco", "contact:email": "nenlinyoplo@gmail.com", "contact:mobile": null, "contact:phone": "+22557584909", "opening_hours": "Mo-Sa 07:30-18:00", "operator:type": "private", "project:geoloc_unicef": "yes", "project:geoloc_unicef:id": "SP_028", "source:date": null, "short_name": null, "addr:street": null, "name:en": null, "website": null, "healthcare:speciality": null, "fixme": null, "phone": null, "office": null, "addr:city": null, "addr:postcode": null, "name:fr": null, "email": null, "emergency": null, "alt_name": null, "fax": null, "fid": null, "project:opencities_abidjan": null, "addr:housenumber": null, "barrier": null, "building": "hospital", "layer": "1", "description": "Assistance sociale, soutien social Conseil et dépistage volontaire (CDV) Conseil, informations sur", "start_date": null, "addr:country": null, "projet:ogpci": null, "health_facility:type": null, "wheelchair": null, "full_name": null, "health_facility:CI": null, "project:anr_cohesion_bouake": null, "wikidata": null, "wikipedia": null, "wikimedia_commons": null, "note": null, "source:imagery": null, "designation": null, "addr:housename": null, "addr:state": null, "internet_access": null, "is_in": null, "check_date": null, "elevator": null, "building:levels": null, "old_name": null, "official_name": null, "operator:wikidata": null, "operator:wikipedia": null, "projet:eboci": null, "contact:website": null, "name:ur": null, "nat_name": null, "type": null }, "geometry": { "type": "Polygon", "coordinates": [ [ [ -6.6558983, 4.7376012 ], [ -6.6558408, 4.7376031 ], [ -6.6558431, 4.7376739 ], [ -6.6557799, 4.7376759 ], [ -6.6557822, 4.7377488 ], [ -6.6557353, 4.7377503 ], [ -6.655738, 4.7378364 ], [ -6.6559057, 4.737831 ], [ -6.6558983, 4.7376012 ] ] ] } },
{ "type": "Feature", "properties": { "element": "way", "id": "787142461", "amenity": "hospital", "healthcare": "hospital", "name": "Protection Maternelle et Infantile", "source": null, "operational_status": null, "operator": null, "addr:suburb": "Bardot18", "contact:email": null, "contact:mobile": "+22506409721", "contact:phone": "+22534711712", "opening_hours": "Mo-Fr 07:30-12:00, 14:00-17:30", "operator:type": "public", "project:geoloc_unicef": "yes", "project:geoloc_unicef:id": "SP_033", "source:date": null, "short_name": "PMI", "addr:street": null, "name:en": null, "website": null, "healthcare:speciality": null, "fixme": null, "phone": null, "office": null, "addr:city": null, "addr:postcode": null, "name:fr": null, "email": null, "emergency": null, "alt_name": null, "fax": null, "fid": null, "project:opencities_abidjan": null, "addr:housenumber": null, "barrier": null, "building": null, "layer": null, "description": "Accouchement Assistance sociale, soutien social Consultation Consultation prénatale Pédiatrie Pansement Test de grossesse", "start_date": null, "addr:country": null, "projet:ogpci": null, "health_facility:type": null, "wheelchair": null, "full_name": null, "health_facility:CI": null, "project:anr_cohesion_bouake": null, "wikidata": null, "wikipedia": null, "wikimedia_commons": null, "note": null, "source:imagery": null, "designation": null, "addr:housename": null, "addr:state": null, "internet_access": null, "is_in": null, "check_date": null, "elevator": null, "building:levels": null, "old_name": null, "official_name": null, "operator:wikidata": null, "operator:wikipedia": null, "projet:eboci": null, "contact:website": null, "name:ur": null, "nat_name": null, "type": null }, "geometry": { "type": "Polygon", "coordinates": [ [ [ -6.6543264, 4.7719849 ], [ -6.6538731, 4.771913 ], [ -6.6542182, 4.7711759 ], [ -6.6547095, 4.7714084 ], [ -6.6543264, 4.7719849 ] ] ] } },
{ "type": "Feature", "properties": { "element": "way", "id": "787147590", "amenity": "hospital", "healthcare": "hospital", "name": "Centre de santé le remontant", "source": null, "operational_status": null, "operator": null, "addr:suburb": "Colas", "contact:email": null, "contact:mobile": null, "contact:phone": "+2255822262", "opening_hours": "Mo-Su 08:00-19:00", "operator:type": "private", "project:geoloc_unicef": "yes", "project:geoloc_unicef:id": "SP_096", "source:date": null, "short_name": null, "addr:street": null, "name:en": null, "website": null, "healthcare:speciality": null, "fixme": null, "phone": null, "office": null, "addr:city": null, "addr:postcode": null, "name:fr": null, "email": null, "emergency": null, "alt_name": null, "fax": null, "fid": null, "project:opencities_abidjan": null, "addr:housenumber": null, "barrier": null, "building": "hospital", "layer": null, "description": "Assistance sociale, soutien social Conseil, informations sur la santé sexuelle et reproductive Consultation", "start_date": null, "addr:country": null, "projet:ogpci": null, "health_facility:type": null, "wheelchair": null, "full_name": null, "health_facility:CI": null, "project:anr_cohesion_bouake": null, "wikidata": null, "wikipedia": null, "wikimedia_commons": null, "note": null, "source:imagery": null, "designation": null, "addr:housename": null, "addr:state": null, "internet_access": null, "is_in": null, "check_date": null, "elevator": null, "building:levels": null, "old_name": null, "official_name": null, "operator:wikidata": null, "operator:wikipedia": null, "projet:eboci": null, "contact:website": null, "name:ur": null, "nat_name": null, "type": null }, "geometry": { "type": "Polygon", "coordinates": [ [ [ -6.6660035, 4.7760842 ], [ -6.6658936, 4.7759092 ], [ -6.6661296, 4.7757475 ], [ -6.6662664, 4.7758891 ], [ -6.6661363, 4.7760134 ], [ -6.6660505, 4.7760615 ], [ -6.6660035, 4.7760842 ] ] ] } },
{ "type": "Feature", "properties": { "element": "way", "id": "787149629", "amenity": "hospital", "healthcare": "hospital", "name": null, "source": null, "operational_status": null, "operator": null, "addr:suburb": "Zimbabwe", "contact:email": null, "contact:mobile": "+22545428157", "contact:phone": "+2255525292", "opening_hours": "24/7", "operator:type": "private", "project:geoloc_unicef": "yes", "project:geoloc_unicef:id": "SP_110", "source:date": null, "short_name": null, "addr:street": null, "name:en": null, "website": null, "healthcare:speciality": null, "fixme": null, "phone": null, "office": null, "addr:city": null, "addr:postcode": null, "name:fr": null, "email": null, "emergency": null, "alt_name": null, "fax": null, "fid": null, "project:opencities_abidjan": null, "addr:housenumber": null, "barrier": null, "building": "hospital", "layer": null, "description": "Pansement Consultation", "start_date": null, "addr:country": null, "projet:ogpci": null, "health_facility:type": null, "wheelchair": null, "full_name": null, "health_facility:CI": null, "project:anr_cohesion_bouake": null, "wikidata": null, "wikipedia": null, "wikimedia_commons": null, "note": null, "source:imagery": null, "designation": null, "addr:housename": null, "addr:state": null, "internet_access": null, "is_in": null, "check_date": null, "elevator": null, "building:levels": null, "old_name": null, "official_name": null, "operator:wikidata": null, "operator:wikipedia": null, "projet:eboci": null, "contact:website": null, "name:ur": null, "nat_name": null, "type": null }, "geometry": { "type": "Polygon", "coordinates": [ [ [ -6.6627191, 4.7648463 ], [ -6.6627097, 4.7644613 ], [ -6.663108, 4.7644854 ], [ -6.6631228, 4.764873 ], [ -6.6627191, 4.7648463 ] ] ] } },
{ "type": "Feature", "properties": { "element": "way", "id": "787158480", "amenity": "hospital", "healthcare": "hospital", "name": "Centre de santé", "source": null, "operational_status": null, "operator": null, "addr:suburb": null, "contact:email": null, "contact:mobile": null, "contact:phone": null, "opening_hours": null, "operator:type": null, "project:geoloc_unicef": null, "project:geoloc_unicef:id": null, "source:date": null, "short_name": null, "addr:street": null, "name:en": null, "website": null, "healthcare:speciality": null, "fixme": null, "phone": null, "office": null, "addr:city": null, "addr:postcode": null, "name:fr": null, "email": null, "emergency": null, "alt_name": null, "fax": null, "fid": null, "project:opencities_abidjan": null, "addr:housenumber": null, "barrier": null, "building": "hospital", "layer": "1", "description": null, "start_date": null, "addr:country": null, "projet:ogpci": null, "health_facility:type": null, "wheelchair": null, "full_name": null, "health_facility:CI": null, "project:anr_cohesion_bouake": null, "wikidata": null, "wikipedia": null, "wikimedia_commons": null, "note": null, "source:imagery": null, "designation": null, "addr:housename": null, "addr:state": null, "internet_access": null, "is_in": null, "check_date": null, "elevator": null, "building:levels": null, "old_name": null, "official_name": null, "operator:wikidata": null, "operator:wikipedia": null, "projet:eboci": null, "contact:website": null, "name:ur": null, "nat_name": null, "type": null }, "geometry": { "type": "Polygon", "coordinates": [ [ [ -3.2067383, 5.4672852 ], [ -3.2066474, 5.4671851 ], [ -3.2066914, 5.4671357 ], [ -3.2068019, 5.467239 ], [ -3.2067383, 5.4672852 ] ] ] } },
{ "type": "Feature", "properties": { "element": "way", "id": "787165311", "amenity": "hospital", "healthcare": "hospital", "name": "Hôpital général de Marcory", "source": "DigitalGlobe Standard; survey", "operational_status": null, "operator": null, "addr:suburb": "Marcory", "contact:email": null, "contact:mobile": "+22521265949", "contact:phone": null, "opening_hours": "24/7", "operator:type": "public", "project:geoloc_unicef": "yes", "project:geoloc_unicef:id": "ABJ_093", "source:date": "2019-06-14", "short_name": null, "addr:street": null, "name:en": null, "website": null, "healthcare:speciality": null, "fixme": null, "phone": null, "office": null, "addr:city": null, "addr:postcode": null, "name:fr": null, "email": null, "emergency": null, "alt_name": null, "fax": null, "fid": null, "project:opencities_abidjan": null, "addr:housenumber": null, "barrier": null, "building": null, "layer": null, "description": "Accouchement Assistance sociale, soutien social Conseil et dépistage volontaire (CDV) Conseil,", "start_date": null, "addr:country": null, "projet:ogpci": null, "health_facility:type": null, "wheelchair": null, "full_name": null, "health_facility:CI": null, "project:anr_cohesion_bouake": null, "wikidata": null, "wikipedia": null, "wikimedia_commons": null, "note": null, "source:imagery": null, "designation": null, "addr:housename": null, "addr:state": null, "internet_access": null, "is_in": null, "check_date": null, "elevator": null, "building:levels": null, "old_name": "PMI", "official_name": null, "operator:wikidata": null, "operator:wikipedia": null, "projet:eboci": null, "contact:website": null, "name:ur": null, "nat_name": null, "type": null }, "geometry": { "type": "Polygon", "coordinates": [ [ [ -3.9825957, 5.3010146 ], [ -3.9833847, 5.301449 ], [ -3.9839954, 5.3003423 ], [ -3.983177, 5.2999314 ], [ -3.9825957, 5.3010146 ] ] ] } },
{ "type": "Feature", "properties": { "element": "way", "id": "787166374", "amenity": "hospital", "healthcare": "hospital", "name": "Hôpital municipal de Vridi", "source": "DigitalGlobe Standard; survey", "operational_status": null, "operator": null, "addr:suburb": "Port Bouet", "contact:email": null, "contact:mobile": null, "contact:phone": "+22521271398", "opening_hours": "24/7", "operator:type": "public", "project:geoloc_unicef": "yes", "project:geoloc_unicef:id": "ABJ_151", "source:date": "2019-06-14", "short_name": null, "addr:street": null, "name:en": null, "website": null, "healthcare:speciality": null, "fixme": null, "phone": null, "office": null, "addr:city": null, "addr:postcode": null, "name:fr": null, "email": null, "emergency": null, "alt_name": null, "fax": null, "fid": null, "project:opencities_abidjan": null, "addr:housenumber": null, "barrier": null, "building": null, "layer": null, "description": "Accouchement Conseil et dépistage volontaire (CDV) Consultation Consultation prénatale Contraceptifs", "start_date": null, "addr:country": null, "projet:ogpci": null, "health_facility:type": null, "wheelchair": null, "full_name": null, "health_facility:CI": null, "project:anr_cohesion_bouake": null, "wikidata": null, "wikipedia": null, "wikimedia_commons": null, "note": null, "source:imagery": null, "designation": null, "addr:housename": null, "addr:state": null, "internet_access": null, "is_in": null, "check_date": null, "elevator": null, "building:levels": null, "old_name": null, "official_name": null, "operator:wikidata": null, "operator:wikipedia": null, "projet:eboci": null, "contact:website": null, "name:ur": null, "nat_name": null, "type": null }, "geometry": { "type": "Polygon", "coordinates": [ [ [ -3.9850615, 5.2640561 ], [ -3.9848877, 5.2642531 ], [ -3.9848733, 5.2642705 ], [ -3.9852178, 5.2645755 ], [ -3.9853981, 5.2643738 ], [ -3.9850615, 5.2640561 ] ] ] } },
{ "type": "Feature", "properties": { "element": "way", "id": "787168126", "amenity": "hospital", "healthcare": "hospital", "name": "Hôpital Général de Treichville", "source": "DigitalGlobe Standard; survey", "operational_status": null, "operator": null, "addr:suburb": "Treichville", "contact:email": null, "contact:mobile": null, "contact:phone": "+22521246871", "opening_hours": "24/7", "operator:type": "public", "project:geoloc_unicef": "yes", "project:geoloc_unicef:id": "ABJ_073", "source:date": "2019-06-14", "short_name": "HG de Treichville", "addr:street": null, "name:en": null, "website": null, "healthcare:speciality": null, "fixme": null, "phone": null, "office": null, "addr:city": null, "addr:postcode": null, "name:fr": null, "email": null, "emergency": null, "alt_name": null, "fax": null, "fid": null, "project:opencities_abidjan": null, "addr:housenumber": null, "barrier": null, "building": null, "layer": null, "description": "Accouchement Consultation Consultation prénatale Contraceptifs Dépistage VIH, IST", "start_date": null, "addr:country": null, "projet:ogpci": null, "health_facility:type": null, "wheelchair": null, "full_name": null, "health_facility:CI": null, "project:anr_cohesion_bouake": null, "wikidata": null, "wikipedia": null, "wikimedia_commons": null, "note": null, "source:imagery": null, "designation": null, "addr:housename": null, "addr:state": null, "internet_access": null, "is_in": null, "check_date": null, "elevator": null, "building:levels": null, "old_name": null, "official_name": null, "operator:wikidata": null, "operator:wikipedia": null, "projet:eboci": null, "contact:website": null, "name:ur": null, "nat_name": null, "type": null }, "geometry": { "type": "Polygon", "coordinates": [ [ [ -4.0077252, 5.3116104 ], [ -4.0074681, 5.3108863 ], [ -4.0082706, 5.3105967 ], [ -4.0085088, 5.3113109 ], [ -4.0077252, 5.3116104 ] ] ] } },
{ "type": "Feature", "properties": { "element": "way", "id": "787170663", "amenity": "hospital", "healthcare": "hospital", "name": "Hôpital général de Koumassi", "source": null, "operational_status": null, "operator": null, "addr:suburb": "Koumassi", "contact:email": null, "contact:mobile": null, "contact:phone": "+22521362156", "opening_hours": "24/7", "operator:type": "public", "project:geoloc_unicef": "yes", "project:geoloc_unicef:id": "ABJ_112", "source:date": null, "short_name": "HG Koumassi", "addr:street": null, "name:en": null, "website": null, "healthcare:speciality": null, "fixme": null, "phone": null, "office": null, "addr:city": null, "addr:postcode": null, "name:fr": null, "email": null, "emergency": null, "alt_name": null, "fax": null, "fid": null, "project:opencities_abidjan": null, "addr:housenumber": null, "barrier": null, "building": null, "layer": null, "description": "Accouchement Conseil, informations sur la santé sexuelle et reproductive Consultation", "start_date": null, "addr:country": null, "projet:ogpci": null, "health_facility:type": null, "wheelchair": null, "full_name": null, "health_facility:CI": null, "project:anr_cohesion_bouake": null, "wikidata": null, "wikipedia": null, "wikimedia_commons": null, "note": null, "source:imagery": null, "designation": null, "addr:housename": null, "addr:state": null, "internet_access": null, "is_in": null, "check_date": null, "elevator": null, "building:levels": null, "old_name": null, "official_name": null, "operator:wikidata": null, "operator:wikipedia": null, "projet:eboci": null, "contact:website": null, "name:ur": null, "nat_name": null, "type": null }, "geometry": { "type": "Polygon", "coordinates": [ [ [ -3.9691211, 5.2879293 ], [ -3.9688869, 5.2868879 ], [ -3.9698777, 5.2866692 ], [ -3.9700938, 5.2872714 ], [ -3.970075, 5.287378 ], [ -3.9700207, 5.2876795 ], [ -3.9700121, 5.2877257 ], [ -3.9691211, 5.2879293 ] ] ] } },
{ "type": "Feature", "properties": { "element": "way", "id": "787171481", "amenity": "hospital", "healthcare": "hospital", "name": "Hôpital général d'Adjamé", "source": "DigitalGlobe Standard; survey", "operational_status": null, "operator": null, "addr:suburb": "Adjame", "contact:email": null, "contact:mobile": null, "contact:phone": "+22509385918", "opening_hours": "24/7", "operator:type": "public", "project:geoloc_unicef": "yes", "project:geoloc_unicef:id": "ABJ_318", "source:date": "2019-06-14", "short_name": null, "addr:street": "Rue C16", "name:en": null, "website": null, "healthcare:speciality": null, "fixme": null, "phone": null, "office": null, "addr:city": null, "addr:postcode": null, "name:fr": null, "email": null, "emergency": null, "alt_name": null, "fax": null, "fid": null, "project:opencities_abidjan": null, "addr:housenumber": null, "barrier": null, "building": null, "layer": null, "description": "Accouchement Assistance sociale, soutien social Conseil et dépistage volontaire (CDV) Conseil,", "start_date": null, "addr:country": "CI", "projet:ogpci": null, "health_facility:type": null, "wheelchair": null, "full_name": null, "health_facility:CI": null, "project:anr_cohesion_bouake": null, "wikidata": null, "wikipedia": null, "wikimedia_commons": null, "note": null, "source:imagery": null, "designation": null, "addr:housename": null, "addr:state": "Abidjan", "internet_access": null, "is_in": null, "check_date": null, "elevator": null, "building:levels": null, "old_name": null, "official_name": null, "operator:wikidata": null, "operator:wikipedia": null, "projet:eboci": null, "contact:website": null, "name:ur": null, "nat_name": null, "type": null }, "geometry": { "type": "Polygon", "coordinates": [ [ [ -4.0246429, 5.3482536 ], [ -4.0246251, 5.3484562 ], [ -4.024493, 5.3484495 ], [ -4.0240265, 5.3484111 ], [ -4.0240275, 5.3485693 ], [ -4.0240378, 5.348662 ], [ -4.0240376, 5.3489745 ], [ -4.0240379, 5.3490627 ], [ -4.023943, 5.3490627 ], [ -4.0239252, 5.349293 ], [ -4.0239751, 5.3493396 ], [ -4.0245018, 5.3493671 ], [ -4.0245346, 5.3493693 ], [ -4.025153, 5.3494105 ], [ -4.0252709, 5.3494198 ], [ -4.0253356, 5.348458 ], [ -4.0250614, 5.3484397 ], [ -4.0250706, 5.3482847 ], [ -4.0246429, 5.3482536 ] ] ] } },
{ "type": "Feature", "properties": { "element": "way", "id": "787172786", "amenity": "hospital", "healthcare": "hospital", "name": "CHU d'Angré", "source": "DigitalGlobe Standard; survey", "operational_status": null, "operator": null, "addr:suburb": "Cocody", "contact:email": null, "contact:mobile": null, "contact:phone": "+22522496400", "opening_hours": "24/7", "operator:type": "public", "project:geoloc_unicef": "yes", "project:geoloc_unicef:id": "ABJ_412", "source:date": "2019-06-14", "short_name": null, "addr:street": null, "name:en": null, "website": null, "healthcare:speciality": null, "fixme": null, "phone": null, "office": null, "addr:city": null, "addr:postcode": null, "name:fr": null, "email": null, "emergency": null, "alt_name": null, "fax": null, "fid": null, "project:opencities_abidjan": null, "addr:housenumber": null, "barrier": null, "building": null, "layer": null, "description": "Pédiatrie, gynéco-obstétriques, Accouchement, Assistance sociale, soutien social", "start_date": null, "addr:country": null, "projet:ogpci": null, "health_facility:type": null, "wheelchair": null, "full_name": null, "health_facility:CI": null, "project:anr_cohesion_bouake": null, "wikidata": null, "wikipedia": null, "wikimedia_commons": null, "note": null, "source:imagery": null, "designation": null, "addr:housename": null, "addr:state": null, "internet_access": null, "is_in": null, "check_date": null, "elevator": null, "building:levels": null, "old_name": "Hôpital Général d'Angré", "official_name": "Centre Hospitalier Universitaire d'Angré", "operator:wikidata": null, "operator:wikipedia": null, "projet:eboci": null, "contact:website": null, "name:ur": null, "nat_name": null, "type": null }, "geometry": { "type": "Polygon", "coordinates": [ [ [ -3.9562989, 5.4015474 ], [ -3.9565379, 5.4000385 ], [ -3.9565834, 5.3999454 ], [ -3.9583776, 5.4002059 ], [ -3.9588139, 5.4004834 ], [ -3.9579823, 5.4018493 ], [ -3.9578175, 5.4017577 ], [ -3.9562989, 5.4015474 ] ] ] } },
{ "type": "Feature", "properties": { "element": "way", "id": "787174803", "amenity": "hospital", "healthcare": "hospital", "name": "Centre de Santé Urbain de Sinématiali", "source": null, "operational_status": null, "operator": null, "addr:suburb": null, "contact:email": null, "contact:mobile": null, "contact:phone": null, "opening_hours": null, "operator:type": null, "project:geoloc_unicef": null, "project:geoloc_unicef:id": null, "source:date": null, "short_name": null, "addr:street": null, "name:en": null, "website": null, "healthcare:speciality": null, "fixme": null, "phone": null, "office": null, "addr:city": null, "addr:postcode": null, "name:fr": null, "email": null, "emergency": null, "alt_name": null, "fax": null, "fid": null, "project:opencities_abidjan": null, "addr:housenumber": null, "barrier": null, "building": null, "layer": null, "description": null, "start_date": null, "addr:country": null, "projet:ogpci": null, "health_facility:type": null, "wheelchair": null, "full_name": null, "health_facility:CI": null, "project:anr_cohesion_bouake": null, "wikidata": null, "wikipedia": null, "wikimedia_commons": null, "note": null, "source:imagery": null, "designation": null, "addr:housename": null, "addr:state": null, "internet_access": null, "is_in": null, "check_date": null, "elevator": null, "building:levels": null, "old_name": null, "official_name": null, "operator:wikidata": null, "operator:wikipedia": null, "projet:eboci": null, "contact:website": null, "name:ur": null, "nat_name": null, "type": null }, "geometry": { "type": "Polygon", "coordinates": [ [ [ -5.4006529, 9.5753315 ], [ -5.4003824, 9.5750811 ], [ -5.4007551, 9.5746898 ], [ -5.4010256, 9.5749402 ], [ -5.4006529, 9.5753315 ] ] ] } },
{ "type": "Feature", "properties": { "element": "way", "id": "787175293", "amenity": "hospital", "healthcare": "hospital", "name": "Maternité de Sinématiali", "source": null, "operational_status": null, "operator": null, "addr:suburb": null, "contact:email": null, "contact:mobile": null, "contact:phone": null, "opening_hours": null, "operator:type": null, "project:geoloc_unicef": null, "project:geoloc_unicef:id": null, "source:date": null, "short_name": null, "addr:street": null, "name:en": null, "website": null, "healthcare:speciality": null, "fixme": null, "phone": null, "office": null, "addr:city": null, "addr:postcode": null, "name:fr": null, "email": null, "emergency": null, "alt_name": null, "fax": null, "fid": null, "project:opencities_abidjan": null, "addr:housenumber": null, "barrier": null, "building": null, "layer": null, "description": null, "start_date": null, "addr:country": null, "projet:ogpci": null, "health_facility:type": null, "wheelchair": null, "full_name": null, "health_facility:CI": null, "project:anr_cohesion_bouake": null, "wikidata": null, "wikipedia": null, "wikimedia_commons": null, "note": null, "source:imagery": null, "designation": null, "addr:housename": null, "addr:state": null, "internet_access": null, "is_in": null, "check_date": null, "elevator": null, "building:levels": null, "old_name": null, "official_name": null, "operator:wikidata": null, "operator:wikipedia": null, "projet:eboci": null, "contact:website": null, "name:ur": null, "nat_name": null, "type": null }, "geometry": { "type": "Polygon", "coordinates": [ [ [ -5.3836007, 9.5874658 ], [ -5.3833682, 9.5867789 ], [ -5.384706, 9.5862899 ], [ -5.3848927, 9.5864043 ], [ -5.3850958, 9.5869297 ], [ -5.3836007, 9.5874658 ] ] ] } },
{ "type": "Feature", "properties": { "element": "way", "id": "787175701", "amenity": "hospital", "healthcare": "hospital", "name": "Institut national d’hygiène publique Antenne Yopougon", "source": null, "operational_status": null, "operator": null, "addr:suburb": "Yopougon", "contact:email": null, "contact:mobile": "+225 27 23 46 19 86", "contact:phone": "+225 27 23 46 19 80", "opening_hours": "Mo-Fr 07:30-17:00", "operator:type": "public", "project:geoloc_unicef": "yes", "project:geoloc_unicef:id": "ABJ_235", "source:date": null, "short_name": "INHP Antenne Yopougon", "addr:street": null, "name:en": null, "website": null, "healthcare:speciality": null, "fixme": null, "phone": null, "office": "ngo", "addr:city": null, "addr:postcode": null, "name:fr": null, "email": null, "emergency": null, "alt_name": null, "fax": null, "fid": null, "project:opencities_abidjan": null, "addr:housenumber": null, "barrier": null, "building": null, "layer": null, "description": "Vaccination, Centre anti fabrique, Hygiène er assainissement, Lutte anti vectorielle , Contrôle sanitaire", "start_date": null, "addr:country": null, "projet:ogpci": null, "health_facility:type": null, "wheelchair": null, "full_name": null, "health_facility:CI": null, "project:anr_cohesion_bouake": null, "wikidata": null, "wikipedia": null, "wikimedia_commons": null, "note": null, "source:imagery": null, "designation": null, "addr:housename": null, "addr:state": null, "internet_access": null, "is_in": null, "check_date": null, "elevator": null, "building:levels": null, "old_name": null, "official_name": null, "operator:wikidata": null, "operator:wikipedia": null, "projet:eboci": null, "contact:website": null, "name:ur": null, "nat_name": null, "type": null }, "geometry": { "type": "Polygon", "coordinates": [ [ [ -4.0570299, 5.326145 ], [ -4.0566866, 5.3258005 ], [ -4.0571694, 5.3253465 ], [ -4.0573625, 5.3258352 ], [ -4.0570299, 5.326145 ] ] ] } },
{ "type": "Feature", "properties": { "element": "way", "id": "787177718", "amenity": "hospital", "healthcare": "hospital", "name": "Centre de santé urbain", "source": null, "operational_status": null, "operator": null, "addr:suburb": null, "contact:email": null, "contact:mobile": null, "contact:phone": null, "opening_hours": null, "operator:type": null, "project:geoloc_unicef": null, "project:geoloc_unicef:id": null, "source:date": null, "short_name": null, "addr:street": null, "name:en": null, "website": null, "healthcare:speciality": null, "fixme": null, "phone": null, "office": null, "addr:city": null, "addr:postcode": null, "name:fr": null, "email": null, "emergency": null, "alt_name": null, "fax": null, "fid": null, "project:opencities_abidjan": null, "addr:housenumber": null, "barrier": null, "building": null, "layer": null, "description": null, "start_date": null, "addr:country": null, "projet:ogpci": null, "health_facility:type": null, "wheelchair": null, "full_name": null, "health_facility:CI": null, "project:anr_cohesion_bouake": null, "wikidata": null, "wikipedia": null, "wikimedia_commons": null, "note": null, "source:imagery": null, "designation": null, "addr:housename": null, "addr:state": null, "internet_access": null, "is_in": null, "check_date": null, "elevator": null, "building:levels": null, "old_name": null, "official_name": null, "operator:wikidata": null, "operator:wikipedia": null, "projet:eboci": null, "contact:website": null, "name:ur": null, "nat_name": null, "type": null }, "geometry": { "type": "Polygon", "coordinates": [ [ [ -5.1252284, 8.2154982 ], [ -5.1239371, 8.2135516 ], [ -5.1217873, 8.2150663 ], [ -5.1222912, 8.2162218 ], [ -5.1252284, 8.2154982 ] ] ] } },
{ "type": "Feature", "properties": { "element": "way", "id": "787185438", "amenity": "hospital", "healthcare": "hospital", "name": "Centre de santé urbain de buyo plateau", "source": null, "operational_status": null, "operator": null, "addr:suburb": null, "contact:email": null, "contact:mobile": null, "contact:phone": null, "opening_hours": null, "operator:type": null, "project:geoloc_unicef": null, "project:geoloc_unicef:id": null, "source:date": null, "short_name": null, "addr:street": null, "name:en": null, "website": null, "healthcare:speciality": null, "fixme": null, "phone": null, "office": null, "addr:city": null, "addr:postcode": null, "name:fr": null, "email": null, "emergency": null, "alt_name": null, "fax": null, "fid": null, "project:opencities_abidjan": null, "addr:housenumber": null, "barrier": null, "building": null, "layer": null, "description": null, "start_date": null, "addr:country": null, "projet:ogpci": null, "health_facility:type": null, "wheelchair": null, "full_name": null, "health_facility:CI": null, "project:anr_cohesion_bouake": null, "wikidata": null, "wikipedia": null, "wikimedia_commons": null, "note": null, "source:imagery": null, "designation": null, "addr:housename": null, "addr:state": null, "internet_access": null, "is_in": null, "check_date": null, "elevator": null, "building:levels": null, "old_name": null, "official_name": null, "operator:wikidata": null, "operator:wikipedia": null, "projet:eboci": null, "contact:website": null, "name:ur": null, "nat_name": null, "type": null }, "geometry": { "type": "Polygon", "coordinates": [ [ [ -6.9960761, 6.2766576 ], [ -6.9955645, 6.2761617 ], [ -6.995828, 6.2759155 ], [ -6.9962881, 6.276402 ], [ -6.9960761, 6.2766576 ] ] ] } },
{ "type": "Feature", "properties": { "element": "way", "id": "787188136", "amenity": "hospital", "healthcare": "yes", "name": "Centre de Santé", "source": null, "operational_status": null, "operator": null, "addr:suburb": null, "contact:email": null, "contact:mobile": null, "contact:phone": null, "opening_hours": null, "operator:type": null, "project:geoloc_unicef": null, "project:geoloc_unicef:id": null, "source:date": null, "short_name": null, "addr:street": null, "name:en": null, "website": null, "healthcare:speciality": null, "fixme": null, "phone": null, "office": null, "addr:city": null, "addr:postcode": null, "name:fr": null, "email": null, "emergency": null, "alt_name": null, "fax": null, "fid": null, "project:opencities_abidjan": null, "addr:housenumber": null, "barrier": null, "building": null, "layer": null, "description": null, "start_date": null, "addr:country": null, "projet:ogpci": null, "health_facility:type": null, "wheelchair": null, "full_name": null, "health_facility:CI": null, "project:anr_cohesion_bouake": null, "wikidata": null, "wikipedia": null, "wikimedia_commons": null, "note": null, "source:imagery": null, "designation": null, "addr:housename": null, "addr:state": null, "internet_access": null, "is_in": null, "check_date": null, "elevator": null, "building:levels": null, "old_name": null, "official_name": null, "operator:wikidata": null, "operator:wikipedia": null, "projet:eboci": null, "contact:website": null, "name:ur": null, "nat_name": null, "type": null }, "geometry": { "type": "Polygon", "coordinates": [ [ [ -5.773674, 9.0718225 ], [ -5.7734827, 9.0716896 ], [ -5.7736813, 9.0714862 ], [ -5.773856, 9.0715923 ], [ -5.773674, 9.0718225 ] ] ] } },
{ "type": "Feature", "properties": { "element": "way", "id": "787190655", "amenity": "hospital", "healthcare": "hospital", "name": "PMI Bingerville", "source": null, "operational_status": null, "operator": null, "addr:suburb": null, "contact:email": null, "contact:mobile": null, "contact:phone": null, "opening_hours": null, "operator:type": null, "project:geoloc_unicef": null, "project:geoloc_unicef:id": null, "source:date": null, "short_name": null, "addr:street": null, "name:en": null, "website": null, "healthcare:speciality": null, "fixme": null, "phone": null, "office": null, "addr:city": null, "addr:postcode": null, "name:fr": null, "email": null, "emergency": null, "alt_name": null, "fax": null, "fid": null, "project:opencities_abidjan": null, "addr:housenumber": null, "barrier": null, "building": null, "layer": null, "description": null, "start_date": null, "addr:country": null, "projet:ogpci": null, "health_facility:type": null, "wheelchair": null, "full_name": null, "health_facility:CI": null, "project:anr_cohesion_bouake": null, "wikidata": null, "wikipedia": null, "wikimedia_commons": null, "note": null, "source:imagery": null, "designation": null, "addr:housename": null, "addr:state": null, "internet_access": null, "is_in": null, "check_date": null, "elevator": null, "building:levels": null, "old_name": null, "official_name": null, "operator:wikidata": null, "operator:wikipedia": null, "projet:eboci": null, "contact:website": null, "name:ur": null, "nat_name": null, "type": null }, "geometry": { "type": "Polygon", "coordinates": [ [ [ -3.8912582, 5.3564129 ], [ -3.8908675, 5.3563827 ], [ -3.8907992, 5.356343 ], [ -3.8908182, 5.3559049 ], [ -3.8911577, 5.3559484 ], [ -3.891171, 5.3561315 ], [ -3.8912392, 5.3561504 ], [ -3.8912848, 5.3562222 ], [ -3.8912582, 5.3564129 ] ] ] } },
{ "type": "Feature", "properties": { "element": "way", "id": "802564724", "amenity": "hospital", "healthcare": "hospital", "name": "Hôpital Général de Bangolo", "source": null, "operational_status": null, "operator": null, "addr:suburb": null, "contact:email": null, "contact:mobile": null, "contact:phone": null, "opening_hours": null, "operator:type": null, "project:geoloc_unicef": null, "project:geoloc_unicef:id": null, "source:date": null, "short_name": null, "addr:street": null, "name:en": null, "website": null, "healthcare:speciality": null, "fixme": null, "phone": null, "office": null, "addr:city": null, "addr:postcode": null, "name:fr": null, "email": null, "emergency": null, "alt_name": null, "fax": null, "fid": null, "project:opencities_abidjan": null, "addr:housenumber": null, "barrier": null, "building": null, "layer": null, "description": null, "start_date": null, "addr:country": null, "projet:ogpci": null, "health_facility:type": null, "wheelchair": null, "full_name": null, "health_facility:CI": null, "project:anr_cohesion_bouake": null, "wikidata": null, "wikipedia": null, "wikimedia_commons": null, "note": null, "source:imagery": null, "designation": null, "addr:housename": null, "addr:state": null, "internet_access": null, "is_in": null, "check_date": null, "elevator": null, "building:levels": null, "old_name": null, "official_name": null, "operator:wikidata": null, "operator:wikipedia": null, "projet:eboci": null, "contact:website": null, "name:ur": null, "nat_name": null, "type": null }, "geometry": { "type": "Polygon", "coordinates": [ [ [ -7.4845637, 7.0155873 ], [ -7.4841491, 7.0152644 ], [ -7.4844616, 7.0149035 ], [ -7.484401, 7.0148434 ], [ -7.4844616, 7.0147642 ], [ -7.4849146, 7.0151156 ], [ -7.4845637, 7.0155873 ] ] ] } },
{ "type": "Feature", "properties": { "element": "way", "id": "802570942", "amenity": "hospital", "healthcare": "hospital", "name": "Hôpital de Botro", "source": null, "operational_status": null, "operator": null, "addr:suburb": null, "contact:email": null, "contact:mobile": null, "contact:phone": null, "opening_hours": null, "operator:type": null, "project:geoloc_unicef": null, "project:geoloc_unicef:id": null, "source:date": null, "short_name": null, "addr:street": null, "name:en": null, "website": null, "healthcare:speciality": null, "fixme": null, "phone": null, "office": null, "addr:city": null, "addr:postcode": null, "name:fr": null, "email": null, "emergency": null, "alt_name": null, "fax": null, "fid": null, "project:opencities_abidjan": null, "addr:housenumber": null, "barrier": null, "building": null, "layer": null, "description": null, "start_date": null, "addr:country": null, "projet:ogpci": null, "health_facility:type": null, "wheelchair": null, "full_name": null, "health_facility:CI": null, "project:anr_cohesion_bouake": null, "wikidata": null, "wikipedia": null, "wikimedia_commons": null, "note": null, "source:imagery": null, "designation": null, "addr:housename": null, "addr:state": null, "internet_access": null, "is_in": null, "check_date": null, "elevator": null, "building:levels": null, "old_name": null, "official_name": null, "operator:wikidata": null, "operator:wikipedia": null, "projet:eboci": null, "contact:website": null, "name:ur": null, "nat_name": null, "type": null }, "geometry": { "type": "Polygon", "coordinates": [ [ [ -5.3110944, 7.849098 ], [ -5.3112499, 7.8490717 ], [ -5.3113258, 7.849083 ], [ -5.3114775, 7.8490379 ], [ -5.3115686, 7.848959 ], [ -5.3117317, 7.8489289 ], [ -5.3117044, 7.8487311 ], [ -5.3118796, 7.8486471 ], [ -5.3121527, 7.8485945 ], [ -5.3120238, 7.8481586 ], [ -5.31191, 7.8479632 ], [ -5.3117658, 7.8479482 ], [ -5.3116369, 7.847982 ], [ -5.3115193, 7.8478692 ], [ -5.3114586, 7.8478241 ], [ -5.3114131, 7.8478429 ], [ -5.311432, 7.8479444 ], [ -5.3113713, 7.8480421 ], [ -5.3114168, 7.8481962 ], [ -5.3108744, 7.8482413 ], [ -5.3110944, 7.849098 ] ] ] } },
{ "type": "Feature", "properties": { "element": "way", "id": "802603763", "amenity": "hospital", "healthcare": "hospital", "name": "Dispensaire", "source": null, "operational_status": null, "operator": null, "addr:suburb": null, "contact:email": null, "contact:mobile": null, "contact:phone": null, "opening_hours": null, "operator:type": null, "project:geoloc_unicef": null, "project:geoloc_unicef:id": null, "source:date": null, "short_name": null, "addr:street": null, "name:en": null, "website": null, "healthcare:speciality": null, "fixme": null, "phone": null, "office": null, "addr:city": null, "addr:postcode": null, "name:fr": null, "email": null, "emergency": null, "alt_name": null, "fax": null, "fid": null, "project:opencities_abidjan": null, "addr:housenumber": null, "barrier": null, "building": "hospital", "layer": null, "description": null, "start_date": null, "addr:country": null, "projet:ogpci": null, "health_facility:type": null, "wheelchair": null, "full_name": null, "health_facility:CI": null, "project:anr_cohesion_bouake": null, "wikidata": null, "wikipedia": null, "wikimedia_commons": null, "note": null, "source:imagery": null, "designation": null, "addr:housename": null, "addr:state": null, "internet_access": null, "is_in": null, "check_date": null, "elevator": null, "building:levels": null, "old_name": null, "official_name": null, "operator:wikidata": null, "operator:wikipedia": null, "projet:eboci": null, "contact:website": null, "name:ur": null, "nat_name": null, "type": null }, "geometry": { "type": "Polygon", "coordinates": [ [ [ -7.5315185, 7.5540273 ], [ -7.531637, 7.5540177 ], [ -7.5316443, 7.5541067 ], [ -7.531612, 7.5541094 ], [ -7.5316159, 7.5541571 ], [ -7.5315645, 7.5541612 ], [ -7.5315623, 7.5541352 ], [ -7.5315277, 7.554138 ], [ -7.5315185, 7.5540273 ] ] ] } },
{ "type": "Feature", "properties": { "element": "way", "id": "802606170", "amenity": "hospital", "healthcare": "hospital", "name": "Centre de Santé Urbain de Noé", "source": "survey;gps", "operational_status": null, "operator": "Ministère de la Santé", "addr:suburb": null, "contact:email": null, "contact:mobile": null, "contact:phone": null, "opening_hours": null, "operator:type": null, "project:geoloc_unicef": null, "project:geoloc_unicef:id": null, "source:date": null, "short_name": "CSU de Noé", "addr:street": null, "name:en": null, "website": null, "healthcare:speciality": "clinic", "fixme": null, "phone": null, "office": null, "addr:city": null, "addr:postcode": null, "name:fr": null, "email": null, "emergency": null, "alt_name": null, "fax": null, "fid": null, "project:opencities_abidjan": null, "addr:housenumber": null, "barrier": null, "building": "hospital", "layer": null, "description": null, "start_date": null, "addr:country": null, "projet:ogpci": null, "health_facility:type": null, "wheelchair": null, "full_name": null, "health_facility:CI": null, "project:anr_cohesion_bouake": null, "wikidata": null, "wikipedia": null, "wikimedia_commons": null, "note": null, "source:imagery": null, "designation": null, "addr:housename": null, "addr:state": null, "internet_access": null, "is_in": null, "check_date": null, "elevator": null, "building:levels": null, "old_name": null, "official_name": null, "operator:wikidata": "Q25203092", "operator:wikipedia": "en:Ministry of Health and the Fight against AIDS (Ivory Coast)", "projet:eboci": "yes", "contact:website": null, "name:ur": null, "nat_name": null, "type": null }, "geometry": { "type": "Polygon", "coordinates": [ [ [ -2.7958236, 5.2834282 ], [ -2.7957163, 5.2833587 ], [ -2.7958585, 5.2831424 ], [ -2.7960704, 5.283276 ], [ -2.7960221, 5.2833507 ], [ -2.7959202, 5.283284 ], [ -2.7958236, 5.2834282 ] ] ] } },
{ "type": "Feature", "properties": { "element": "way", "id": "802845346", "amenity": "hospital", "healthcare": "yes", "name": "Maternité de Yorobodi", "source": null, "operational_status": null, "operator": null, "addr:suburb": null, "contact:email": null, "contact:mobile": null, "contact:phone": null, "opening_hours": null, "operator:type": null, "project:geoloc_unicef": null, "project:geoloc_unicef:id": null, "source:date": null, "short_name": null, "addr:street": null, "name:en": null, "website": null, "healthcare:speciality": "maternity", "fixme": null, "phone": null, "office": null, "addr:city": null, "addr:postcode": "+225", "name:fr": "Maternité de Yorobodi", "email": null, "emergency": null, "alt_name": null, "fax": null, "fid": null, "project:opencities_abidjan": null, "addr:housenumber": null, "barrier": null, "building": "hospital", "layer": null, "description": null, "start_date": null, "addr:country": null, "projet:ogpci": null, "health_facility:type": null, "wheelchair": null, "full_name": null, "health_facility:CI": null, "project:anr_cohesion_bouake": null, "wikidata": null, "wikipedia": null, "wikimedia_commons": null, "note": null, "source:imagery": null, "designation": null, "addr:housename": null, "addr:state": null, "internet_access": null, "is_in": null, "check_date": null, "elevator": null, "building:levels": null, "old_name": null, "official_name": null, "operator:wikidata": null, "operator:wikipedia": null, "projet:eboci": null, "contact:website": null, "name:ur": null, "nat_name": null, "type": null }, "geometry": { "type": "Polygon", "coordinates": [ [ [ -3.6864048, 8.1151995 ], [ -3.686614, 8.1150375 ], [ -3.6865322, 8.1149353 ], [ -3.6863257, 8.1151065 ], [ -3.6864048, 8.1151995 ] ] ] } },
{ "type": "Feature", "properties": { "element": "way", "id": "802845347", "amenity": "hospital", "healthcare": "hospital", "name": null, "source": null, "operational_status": null, "operator": null, "addr:suburb": null, "contact:email": null, "contact:mobile": null, "contact:phone": null, "opening_hours": null, "operator:type": null, "project:geoloc_unicef": null, "project:geoloc_unicef:id": null, "source:date": null, "short_name": null, "addr:street": null, "name:en": null, "website": null, "healthcare:speciality": null, "fixme": null, "phone": null, "office": null, "addr:city": null, "addr:postcode": null, "name:fr": null, "email": null, "emergency": null, "alt_name": null, "fax": null, "fid": null, "project:opencities_abidjan": null, "addr:housenumber": null, "barrier": null, "building": "hospital", "layer": null, "description": null, "start_date": null, "addr:country": null, "projet:ogpci": null, "health_facility:type": null, "wheelchair": null, "full_name": null, "health_facility:CI": null, "project:anr_cohesion_bouake": null, "wikidata": null, "wikipedia": null, "wikimedia_commons": null, "note": null, "source:imagery": null, "designation": null, "addr:housename": null, "addr:state": null, "internet_access": null, "is_in": null, "check_date": null, "elevator": null, "building:levels": null, "old_name": null, "official_name": null, "operator:wikidata": null, "operator:wikipedia": null, "projet:eboci": null, "contact:website": null, "name:ur": null, "nat_name": null, "type": null }, "geometry": { "type": "Polygon", "coordinates": [ [ [ -6.922526, 4.6540067 ], [ -6.9225152, 4.654119 ], [ -6.9227218, 4.6541324 ], [ -6.9227298, 4.6540174 ], [ -6.922526, 4.6540067 ] ] ] } },
{ "type": "Feature", "properties": { "element": "way", "id": "802864994", "amenity": "hospital", "healthcare": "hospital", "name": "Formation Sanitaire Urbaine de Dar Es Salam", "source": "survey", "operational_status": null, "operator": null, "addr:suburb": null, "contact:email": null, "contact:mobile": null, "contact:phone": null, "opening_hours": null, "operator:type": "public", "project:geoloc_unicef": null, "project:geoloc_unicef:id": null, "source:date": "2018-04-11", "short_name": "FSU", "addr:street": null, "name:en": null, "website": null, "healthcare:speciality": null, "fixme": null, "phone": null, "office": null, "addr:city": null, "addr:postcode": null, "name:fr": null, "email": null, "emergency": null, "alt_name": null, "fax": null, "fid": null, "project:opencities_abidjan": null, "addr:housenumber": null, "barrier": null, "building": null, "layer": null, "description": null, "start_date": null, "addr:country": null, "projet:ogpci": null, "health_facility:type": null, "wheelchair": null, "full_name": null, "health_facility:CI": "autre", "project:anr_cohesion_bouake": "yes", "wikidata": null, "wikipedia": null, "wikimedia_commons": null, "note": null, "source:imagery": null, "designation": null, "addr:housename": null, "addr:state": null, "internet_access": null, "is_in": null, "check_date": null, "elevator": null, "building:levels": null, "old_name": null, "official_name": null, "operator:wikidata": null, "operator:wikipedia": null, "projet:eboci": null, "contact:website": null, "name:ur": null, "nat_name": null, "type": null }, "geometry": { "type": "Polygon", "coordinates": [ [ [ -5.0348302, 7.7201948 ], [ -5.0353988, 7.7195064 ], [ -5.0346693, 7.7189216 ], [ -5.0341114, 7.7196366 ], [ -5.0348302, 7.7201948 ] ] ] } },
{ "type": "Feature", "properties": { "element": "way", "id": "802880170", "amenity": "hospital", "healthcare": "hospital", "name": "Hôpital Materno-Infantile Akwaba-Catalunya", "source": "imageie Premium DigitalGlobale; survey", "operational_status": null, "operator": null, "addr:suburb": null, "contact:email": null, "contact:mobile": null, "contact:phone": null, "opening_hours": null, "operator:type": "public", "project:geoloc_unicef": null, "project:geoloc_unicef:id": null, "source:date": "2018-04-13", "short_name": null, "addr:street": null, "name:en": null, "website": null, "healthcare:speciality": null, "fixme": null, "phone": null, "office": null, "addr:city": null, "addr:postcode": null, "name:fr": null, "email": null, "emergency": null, "alt_name": null, "fax": null, "fid": null, "project:opencities_abidjan": null, "addr:housenumber": null, "barrier": "wall", "building": null, "layer": null, "description": null, "start_date": null, "addr:country": null, "projet:ogpci": null, "health_facility:type": "hospital", "wheelchair": null, "full_name": null, "health_facility:CI": "hôpital_de_référence", "project:anr_cohesion_bouake": "yes", "wikidata": null, "wikipedia": null, "wikimedia_commons": null, "note": "Semi-privé, réalisé par l'État et une ONG. Composée d'une maternité, dépôt pharmaceutique, pédiatrie, laboratoire", "source:imagery": null, "designation": null, "addr:housename": null, "addr:state": null, "internet_access": null, "is_in": null, "check_date": null, "elevator": null, "building:levels": null, "old_name": null, "official_name": null, "operator:wikidata": null, "operator:wikipedia": null, "projet:eboci": null, "contact:website": null, "name:ur": null, "nat_name": null, "type": null }, "geometry": { "type": "Polygon", "coordinates": [ [ [ -5.0082824, 7.7364432 ], [ -5.0084701, 7.736011 ], [ -5.008499, 7.7360063 ], [ -5.0085184, 7.7359564 ], [ -5.008501, 7.7359392 ], [ -5.0087504, 7.7353743 ], [ -5.0098139, 7.7358388 ], [ -5.0103643, 7.7360705 ], [ -5.0096697, 7.737691 ], [ -5.0080374, 7.7369945 ], [ -5.0082824, 7.7364432 ] ] ] } },
{ "type": "Feature", "properties": { "element": "way", "id": "802892515", "amenity": "hospital", "healthcare": "hospital", "name": "Formation sanitaire municipal de Zimbabwe", "source": null, "operational_status": null, "operator": null, "addr:suburb": "Zimbabwe", "contact:email": "toupie77@gmail.com", "contact:mobile": null, "contact:phone": "+22540456874", "opening_hours": "Mo-Su 07:30-16:30", "operator:type": null, "project:geoloc_unicef": "yes", "project:geoloc_unicef:id": "SP_089", "source:date": null, "short_name": "FSM", "addr:street": null, "name:en": null, "website": null, "healthcare:speciality": null, "fixme": null, "phone": null, "office": null, "addr:city": null, "addr:postcode": null, "name:fr": null, "email": null, "emergency": null, "alt_name": null, "fax": null, "fid": null, "project:opencities_abidjan": null, "addr:housenumber": null, "barrier": null, "building": null, "layer": null, "description": "Accouchement Conseil et dépistage volontaire (CDV) Conseil, informations sur la santé sexuelle et reproductive", "start_date": null, "addr:country": null, "projet:ogpci": null, "health_facility:type": null, "wheelchair": null, "full_name": null, "health_facility:CI": null, "project:anr_cohesion_bouake": null, "wikidata": null, "wikipedia": null, "wikimedia_commons": null, "note": null, "source:imagery": null, "designation": null, "addr:housename": null, "addr:state": null, "internet_access": null, "is_in": null, "check_date": null, "elevator": null, "building:levels": null, "old_name": null, "official_name": null, "operator:wikidata": null, "operator:wikipedia": null, "projet:eboci": null, "contact:website": null, "name:ur": null, "nat_name": null, "type": null }, "geometry": { "type": "Polygon", "coordinates": [ [ [ -6.6652706, 4.7607282 ], [ -6.6656702, 4.7607389 ], [ -6.6656676, 4.7611505 ], [ -6.6652733, 4.7611452 ], [ -6.6652706, 4.7607282 ] ] ] } },
{ "type": "Feature", "properties": { "element": "way", "id": "802894840", "amenity": "hospital", "healthcare": "hospital", "name": "Centre Médical Reel Santé", "source": null, "operational_status": null, "operator": null, "addr:suburb": null, "contact:email": null, "contact:mobile": null, "contact:phone": null, "opening_hours": null, "operator:type": null, "project:geoloc_unicef": null, "project:geoloc_unicef:id": null, "source:date": null, "short_name": null, "addr:street": null, "name:en": null, "website": null, "healthcare:speciality": null, "fixme": null, "phone": null, "office": null, "addr:city": null, "addr:postcode": null, "name:fr": null, "email": null, "emergency": null, "alt_name": null, "fax": null, "fid": null, "project:opencities_abidjan": null, "addr:housenumber": null, "barrier": null, "building": null, "layer": null, "description": null, "start_date": null, "addr:country": null, "projet:ogpci": null, "health_facility:type": null, "wheelchair": null, "full_name": null, "health_facility:CI": null, "project:anr_cohesion_bouake": null, "wikidata": null, "wikipedia": null, "wikimedia_commons": null, "note": null, "source:imagery": null, "designation": null, "addr:housename": null, "addr:state": null, "internet_access": null, "is_in": null, "check_date": null, "elevator": null, "building:levels": null, "old_name": null, "official_name": null, "operator:wikidata": null, "operator:wikipedia": null, "projet:eboci": null, "contact:website": null, "name:ur": null, "nat_name": null, "type": null }, "geometry": { "type": "Polygon", "coordinates": [ [ [ -6.6775649, 4.765405 ], [ -6.6773753, 4.765165 ], [ -6.6771572, 4.7653426 ], [ -6.6773165, 4.7655468 ], [ -6.6775649, 4.765405 ] ] ] } },
{ "type": "Feature", "properties": { "element": "way", "id": "802896065", "amenity": "hospital", "healthcare": "hospital", "name": "Centre de Santé Urbain Dafci Cathedrale 2", "source": null, "operational_status": null, "operator": null, "addr:suburb": "Dafci cathedrale 2", "contact:email": null, "contact:mobile": null, "contact:phone": "+22540331715", "opening_hours": "24/7", "operator:type": "public", "project:geoloc_unicef": "yes", "project:geoloc_unicef:id": "SP_027", "source:date": null, "short_name": "CSU", "addr:street": null, "name:en": null, "website": null, "healthcare:speciality": null, "fixme": null, "phone": null, "office": null, "addr:city": null, "addr:postcode": null, "name:fr": null, "email": null, "emergency": null, "alt_name": null, "fax": null, "fid": null, "project:opencities_abidjan": null, "addr:housenumber": null, "barrier": null, "building": null, "layer": null, "description": "Accouchement Conseil, informations sur la santé sexuelle et reproductive Consultation", "start_date": null, "addr:country": null, "projet:ogpci": null, "health_facility:type": null, "wheelchair": null, "full_name": null, "health_facility:CI": null, "project:anr_cohesion_bouake": null, "wikidata": null, "wikipedia": null, "wikimedia_commons": null, "note": null, "source:imagery": null, "designation": null, "addr:housename": null, "addr:state": null, "internet_access": null, "is_in": null, "check_date": null, "elevator": null, "building:levels": null, "old_name": null, "official_name": null, "operator:wikidata": null, "operator:wikipedia": null, "projet:eboci": null, "contact:website": null, "name:ur": null, "nat_name": null, "type": null }, "geometry": { "type": "Polygon", "coordinates": [ [ [ -6.6868041, 4.7777348 ], [ -6.6870589, 4.7775236 ], [ -6.686847, 4.7771841 ], [ -6.6864554, 4.777112 ], [ -6.6863535, 4.7772002 ], [ -6.6868041, 4.7777348 ] ] ] } },
{ "type": "Feature", "properties": { "element": "way", "id": "803305293", "amenity": "hospital", "healthcare": "hospital", "name": "Hopital de la cité exploitation", "source": null, "operational_status": null, "operator": null, "addr:suburb": null, "contact:email": null, "contact:mobile": null, "contact:phone": null, "opening_hours": null, "operator:type": null, "project:geoloc_unicef": null, "project:geoloc_unicef:id": null, "source:date": null, "short_name": null, "addr:street": null, "name:en": null, "website": null, "healthcare:speciality": null, "fixme": null, "phone": null, "office": null, "addr:city": null, "addr:postcode": null, "name:fr": null, "email": null, "emergency": null, "alt_name": null, "fax": null, "fid": null, "project:opencities_abidjan": null, "addr:housenumber": null, "barrier": null, "building": null, "layer": null, "description": null, "start_date": null, "addr:country": null, "projet:ogpci": null, "health_facility:type": null, "wheelchair": null, "full_name": null, "health_facility:CI": null, "project:anr_cohesion_bouake": null, "wikidata": null, "wikipedia": null, "wikimedia_commons": null, "note": null, "source:imagery": null, "designation": null, "addr:housename": null, "addr:state": null, "internet_access": null, "is_in": null, "check_date": null, "elevator": null, "building:levels": null, "old_name": null, "official_name": null, "operator:wikidata": null, "operator:wikipedia": null, "projet:eboci": null, "contact:website": null, "name:ur": null, "nat_name": null, "type": null }, "geometry": { "type": "Polygon", "coordinates": [ [ [ -6.6269712, 5.7726087 ], [ -6.6287064, 5.7738401 ], [ -6.6295421, 5.7744367 ], [ -6.6282407, 5.7754459 ], [ -6.6274242, 5.7760552 ], [ -6.6272073, 5.775979 ], [ -6.6254338, 5.7752555 ], [ -6.62537, 5.7743224 ], [ -6.6269712, 5.7726087 ] ] ] } },
{ "type": "Feature", "properties": { "element": "way", "id": "803326696", "amenity": "hospital", "healthcare": "hospital", "name": "Centre de Santé", "source": null, "operational_status": null, "operator": null, "addr:suburb": null, "contact:email": null, "contact:mobile": null, "contact:phone": null, "opening_hours": null, "operator:type": null, "project:geoloc_unicef": null, "project:geoloc_unicef:id": null, "source:date": null, "short_name": null, "addr:street": null, "name:en": null, "website": null, "healthcare:speciality": null, "fixme": null, "phone": null, "office": null, "addr:city": null, "addr:postcode": null, "name:fr": null, "email": null, "emergency": null, "alt_name": null, "fax": null, "fid": null, "project:opencities_abidjan": null, "addr:housenumber": null, "barrier": null, "building": "hospital", "layer": null, "description": null, "start_date": null, "addr:country": null, "projet:ogpci": null, "health_facility:type": null, "wheelchair": null, "full_name": null, "health_facility:CI": null, "project:anr_cohesion_bouake": null, "wikidata": null, "wikipedia": null, "wikimedia_commons": null, "note": null, "source:imagery": null, "designation": null, "addr:housename": null, "addr:state": null, "internet_access": null, "is_in": null, "check_date": null, "elevator": null, "building:levels": null, "old_name": null, "official_name": null, "operator:wikidata": null, "operator:wikipedia": null, "projet:eboci": null, "contact:website": null, "name:ur": null, "nat_name": null, "type": null }, "geometry": { "type": "Polygon", "coordinates": [ [ [ -6.402719, 6.9000958 ], [ -6.4027812, 6.9000784 ], [ -6.4028115, 6.9001528 ], [ -6.4027111, 6.9001876 ], [ -6.4026951, 6.9001433 ], [ -6.4027334, 6.9001306 ], [ -6.4027286, 6.9001195 ], [ -6.402719, 6.9000958 ] ] ] } },
{ "type": "Feature", "properties": { "element": "way", "id": "803327548", "amenity": "hospital", "healthcare": "hospital", "name": "Institut National d'hygiène publique", "source": "DigitalGlobe Standard,survey", "operational_status": null, "operator": null, "addr:suburb": "Gbeuli ville", "contact:email": "seydousanogo70@yahoo.fr", "contact:mobile": "+22505445637", "contact:phone": "+22532783175", "opening_hours": "Mo-Sa 07:30-12:00,13:30-16:30", "operator:type": "public", "project:geoloc_unicef": "yes", "project:geoloc_unicef:id": "DAL_007", "source:date": "2019-05-12", "short_name": "INHP Daloa", "addr:street": null, "name:en": null, "website": null, "healthcare:speciality": null, "fixme": null, "phone": null, "office": null, "addr:city": null, "addr:postcode": null, "name:fr": null, "email": null, "emergency": null, "alt_name": null, "fax": null, "fid": null, "project:opencities_abidjan": null, "addr:housenumber": null, "barrier": null, "building": null, "layer": null, "description": null, "start_date": null, "addr:country": null, "projet:ogpci": null, "health_facility:type": null, "wheelchair": null, "full_name": null, "health_facility:CI": null, "project:anr_cohesion_bouake": null, "wikidata": null, "wikipedia": null, "wikimedia_commons": null, "note": null, "source:imagery": null, "designation": null, "addr:housename": null, "addr:state": null, "internet_access": null, "is_in": null, "check_date": null, "elevator": null, "building:levels": null, "old_name": null, "official_name": null, "operator:wikidata": null, "operator:wikipedia": null, "projet:eboci": null, "contact:website": null, "name:ur": null, "nat_name": null, "type": null }, "geometry": { "type": "Polygon", "coordinates": [ [ [ -6.453138, 6.8744451 ], [ -6.4531665, 6.8744018 ], [ -6.453064, 6.8740196 ], [ -6.4530072, 6.8739895 ], [ -6.4521745, 6.8742361 ], [ -6.4523111, 6.874656 ], [ -6.4523585, 6.8746617 ], [ -6.453138, 6.8744451 ] ] ] } },
{ "type": "Feature", "properties": { "element": "way", "id": "803344977", "amenity": "hospital", "healthcare": "hospital", "name": "Hôpital Islamique de Daloa", "source": "DigitalGlobe Standard,survey", "operational_status": null, "operator": null, "addr:suburb": "Garage", "contact:email": "hopitalislamiquedaloa@gmail.com", "contact:mobile": "+22509440704", "contact:phone": "+22532767087", "opening_hours": "24/7", "operator:type": "private", "project:geoloc_unicef": "yes", "project:geoloc_unicef:id": "DAL_078", "source:date": "2019-05-12", "short_name": null, "addr:street": null, "name:en": null, "website": null, "healthcare:speciality": null, "fixme": null, "phone": null, "office": null, "addr:city": null, "addr:postcode": null, "name:fr": null, "email": null, "emergency": null, "alt_name": null, "fax": null, "fid": null, "project:opencities_abidjan": null, "addr:housenumber": null, "barrier": null, "building": null, "layer": null, "description": null, "start_date": null, "addr:country": null, "projet:ogpci": null, "health_facility:type": null, "wheelchair": null, "full_name": null, "health_facility:CI": null, "project:anr_cohesion_bouake": null, "wikidata": null, "wikipedia": null, "wikimedia_commons": null, "note": null, "source:imagery": null, "designation": null, "addr:housename": null, "addr:state": null, "internet_access": null, "is_in": null, "check_date": null, "elevator": null, "building:levels": null, "old_name": null, "official_name": null, "operator:wikidata": null, "operator:wikipedia": null, "projet:eboci": null, "contact:website": null, "name:ur": null, "nat_name": null, "type": null }, "geometry": { "type": "Polygon", "coordinates": [ [ [ -6.44698, 6.8543245 ], [ -6.44702, 6.8538904 ], [ -6.446238, 6.8537693 ], [ -6.4462109, 6.8538114 ], [ -6.446162, 6.8542227 ], [ -6.4463615, 6.8542483 ], [ -6.44698, 6.8543245 ] ] ] } },
{ "type": "Feature", "properties": { "element": "way", "id": "803347481", "amenity": "hospital", "healthcare": "hospital", "name": "SEMPA(syndicat des entreprises des manutention et de transit des ports Abidjan/San Pedro) médico-social", "source": null, "operational_status": null, "operator": null, "addr:suburb": "Cité", "contact:email": null, "contact:mobile": "34710309", "contact:phone": "9683141", "opening_hours": "24/7", "operator:type": "private", "project:geoloc_unicef": "yes", "project:geoloc_unicef:id": "SP_108", "source:date": null, "short_name": null, "addr:street": null, "name:en": null, "website": null, "healthcare:speciality": null, "fixme": null, "phone": null, "office": null, "addr:city": null, "addr:postcode": null, "name:fr": null, "email": null, "emergency": null, "alt_name": null, "fax": null, "fid": null, "project:opencities_abidjan": null, "addr:housenumber": null, "barrier": null, "building": null, "layer": null, "description": "Consultation Distribution de Préservatifs Ecoute soutien psy-social Pédiatrie Autres services Assistant social", "start_date": null, "addr:country": null, "projet:ogpci": null, "health_facility:type": null, "wheelchair": null, "full_name": null, "health_facility:CI": null, "project:anr_cohesion_bouake": null, "wikidata": null, "wikipedia": null, "wikimedia_commons": null, "note": null, "source:imagery": null, "designation": null, "addr:housename": null, "addr:state": null, "internet_access": null, "is_in": null, "check_date": null, "elevator": null, "building:levels": null, "old_name": null, "official_name": null, "operator:wikidata": null, "operator:wikipedia": null, "projet:eboci": null, "contact:website": null, "name:ur": null, "nat_name": null, "type": null }, "geometry": { "type": "Polygon", "coordinates": [ [ [ -6.6195168, 4.7370534 ], [ -6.6196589, 4.7368877 ], [ -6.6197555, 4.7369091 ], [ -6.6197796, 4.7368048 ], [ -6.6199352, 4.7368476 ], [ -6.6199915, 4.7366338 ], [ -6.6202946, 4.7365402 ], [ -6.6201417, 4.7370427 ], [ -6.6201095, 4.7371229 ], [ -6.620072, 4.7371657 ], [ -6.6200237, 4.7371871 ], [ -6.6199754, 4.7371898 ], [ -6.6199137, 4.7371844 ], [ -6.6195168, 4.7370534 ] ] ] } },
{ "type": "Feature", "properties": { "element": "way", "id": "803348768", "amenity": "hospital", "healthcare": "hospital", "name": "Infirmerie le levin", "source": null, "operational_status": null, "operator": null, "addr:suburb": "Dafci cathedrale 2", "contact:email": null, "contact:mobile": "76110890", "contact:phone": "47213023", "opening_hours": "24/7", "operator:type": "private", "project:geoloc_unicef": "yes", "project:geoloc_unicef:id": "SP_123", "source:date": null, "short_name": null, "addr:street": null, "name:en": null, "website": null, "healthcare:speciality": null, "fixme": null, "phone": null, "office": null, "addr:city": null, "addr:postcode": null, "name:fr": null, "email": null, "emergency": null, "alt_name": null, "fax": null, "fid": null, "project:opencities_abidjan": null, "addr:housenumber": null, "barrier": null, "building": null, "layer": null, "description": "Accouchement Conseil et dépistage volontaire (CDV) Conseil, informations sur la santé sexuelle et reproductive", "start_date": null, "addr:country": null, "projet:ogpci": null, "health_facility:type": null, "wheelchair": null, "full_name": null, "health_facility:CI": null, "project:anr_cohesion_bouake": null, "wikidata": null, "wikipedia": null, "wikimedia_commons": null, "note": null, "source:imagery": null, "designation": null, "addr:housename": null, "addr:state": null, "internet_access": null, "is_in": null, "check_date": null, "elevator": null, "building:levels": null, "old_name": null, "official_name": null, "operator:wikidata": null, "operator:wikipedia": null, "projet:eboci": null, "contact:website": null, "name:ur": null, "nat_name": null, "type": null }, "geometry": { "type": "Polygon", "coordinates": [ [ [ -6.6809542, 4.7705285 ], [ -6.681378, 4.7701677 ], [ -6.6816918, 4.7705686 ], [ -6.6812707, 4.7709108 ], [ -6.6809542, 4.7705285 ] ] ] } },
{ "type": "Feature", "properties": { "element": "way", "id": "803348769", "amenity": "hospital", "healthcare": "hospital", "name": "Infirmerie Nabo Felix", "source": null, "operational_status": null, "operator": null, "addr:suburb": "Bardot marché", "contact:email": null, "contact:mobile": "+2255640137", "contact:phone": "+22534711272", "opening_hours": "Mo-Su 07:15-19:00", "operator:type": "private", "project:geoloc_unicef": "yes", "project:geoloc_unicef:id": "SP_058", "source:date": null, "short_name": null, "addr:street": null, "name:en": null, "website": null, "healthcare:speciality": null, "fixme": null, "phone": null, "office": null, "addr:city": null, "addr:postcode": null, "name:fr": null, "email": null, "emergency": null, "alt_name": null, "fax": null, "fid": null, "project:opencities_abidjan": null, "addr:housenumber": null, "barrier": null, "building": "hospital", "layer": "1", "description": "Conseil, informations sur la santé sexuelle et reproductive Consultation Contraceptifs Distribution de Préservatifs", "start_date": null, "addr:country": null, "projet:ogpci": null, "health_facility:type": null, "wheelchair": null, "full_name": null, "health_facility:CI": null, "project:anr_cohesion_bouake": null, "wikidata": null, "wikipedia": null, "wikimedia_commons": null, "note": null, "source:imagery": null, "designation": null, "addr:housename": null, "addr:state": null, "internet_access": null, "is_in": null, "check_date": null, "elevator": null, "building:levels": null, "old_name": null, "official_name": null, "operator:wikidata": null, "operator:wikipedia": null, "projet:eboci": null, "contact:website": null, "name:ur": null, "nat_name": null, "type": null }, "geometry": { "type": "Polygon", "coordinates": [ [ [ -6.6551822, 4.777688 ], [ -6.6551983, 4.7774821 ], [ -6.6550749, 4.7774795 ], [ -6.6550615, 4.7776773 ], [ -6.6551822, 4.777688 ] ] ] } },
{ "type": "Feature", "properties": { "element": "way", "id": "803738499", "amenity": "hospital", "healthcare": "hospital", "name": "Dispensaire de noukpoudou", "source": null, "operational_status": null, "operator": null, "addr:suburb": null, "contact:email": null, "contact:mobile": null, "contact:phone": null, "opening_hours": null, "operator:type": null, "project:geoloc_unicef": null, "project:geoloc_unicef:id": null, "source:date": null, "short_name": null, "addr:street": null, "name:en": null, "website": null, "healthcare:speciality": null, "fixme": null, "phone": null, "office": null, "addr:city": null, "addr:postcode": null, "name:fr": null, "email": null, "emergency": null, "alt_name": null, "fax": null, "fid": null, "project:opencities_abidjan": null, "addr:housenumber": null, "barrier": null, "building": "hospital", "layer": null, "description": null, "start_date": null, "addr:country": null, "projet:ogpci": null, "health_facility:type": null, "wheelchair": null, "full_name": null, "health_facility:CI": null, "project:anr_cohesion_bouake": null, "wikidata": null, "wikipedia": null, "wikimedia_commons": null, "note": null, "source:imagery": null, "designation": null, "addr:housename": null, "addr:state": null, "internet_access": null, "is_in": null, "check_date": null, "elevator": null, "building:levels": null, "old_name": null, "official_name": null, "operator:wikidata": null, "operator:wikipedia": null, "projet:eboci": null, "contact:website": null, "name:ur": null, "nat_name": null, "type": null }, "geometry": { "type": "Polygon", "coordinates": [ [ [ -6.9038766, 6.3946803 ], [ -6.9040053, 6.394587 ], [ -6.9040697, 6.3946989 ], [ -6.9039409, 6.3947816 ], [ -6.9039007, 6.3947416 ], [ -6.9038766, 6.3946803 ] ] ] } },
{ "type": "Feature", "properties": { "element": "way", "id": "842245187", "amenity": "hospital", "healthcare": "hospital", "name": "Hopital général de Sassandra", "source": null, "operational_status": null, "operator": null, "addr:suburb": null, "contact:email": null, "contact:mobile": null, "contact:phone": null, "opening_hours": null, "operator:type": null, "project:geoloc_unicef": null, "project:geoloc_unicef:id": null, "source:date": null, "short_name": null, "addr:street": null, "name:en": null, "website": null, "healthcare:speciality": null, "fixme": null, "phone": null, "office": null, "addr:city": null, "addr:postcode": null, "name:fr": null, "email": null, "emergency": null, "alt_name": null, "fax": null, "fid": null, "project:opencities_abidjan": null, "addr:housenumber": null, "barrier": null, "building": null, "layer": null, "description": null, "start_date": null, "addr:country": null, "projet:ogpci": null, "health_facility:type": null, "wheelchair": null, "full_name": null, "health_facility:CI": null, "project:anr_cohesion_bouake": null, "wikidata": null, "wikipedia": null, "wikimedia_commons": null, "note": null, "source:imagery": null, "designation": null, "addr:housename": null, "addr:state": null, "internet_access": null, "is_in": null, "check_date": null, "elevator": null, "building:levels": null, "old_name": null, "official_name": null, "operator:wikidata": null, "operator:wikipedia": null, "projet:eboci": null, "contact:website": null, "name:ur": null, "nat_name": null, "type": null }, "geometry": { "type": "Polygon", "coordinates": [ [ [ -6.0840754, 4.9563108 ], [ -6.0835228, 4.9562173 ], [ -6.0832439, 4.9558058 ], [ -6.0830722, 4.9555118 ], [ -6.0829426, 4.9549958 ], [ -6.0835687, 4.9547932 ], [ -6.0838756, 4.9548337 ], [ -6.084315, 4.9553356 ], [ -6.0846574, 4.9561167 ], [ -6.0840754, 4.9563108 ] ] ] } },
{ "type": "Feature", "properties": { "element": "way", "id": "859581927", "amenity": "hospital", "healthcare": "hospital", "name": null, "source": null, "operational_status": null, "operator": null, "addr:suburb": null, "contact:email": null, "contact:mobile": null, "contact:phone": null, "opening_hours": null, "operator:type": null, "project:geoloc_unicef": null, "project:geoloc_unicef:id": null, "source:date": null, "short_name": null, "addr:street": null, "name:en": null, "website": null, "healthcare:speciality": null, "fixme": null, "phone": null, "office": null, "addr:city": null, "addr:postcode": null, "name:fr": null, "email": null, "emergency": null, "alt_name": null, "fax": null, "fid": null, "project:opencities_abidjan": null, "addr:housenumber": null, "barrier": null, "building": null, "layer": null, "description": null, "start_date": null, "addr:country": null, "projet:ogpci": null, "health_facility:type": null, "wheelchair": null, "full_name": null, "health_facility:CI": null, "project:anr_cohesion_bouake": null, "wikidata": null, "wikipedia": null, "wikimedia_commons": null, "note": null, "source:imagery": null, "designation": null, "addr:housename": null, "addr:state": null, "internet_access": null, "is_in": null, "check_date": null, "elevator": null, "building:levels": null, "old_name": null, "official_name": null, "operator:wikidata": null, "operator:wikipedia": null, "projet:eboci": null, "contact:website": null, "name:ur": null, "nat_name": null, "type": null }, "geometry": { "type": "Polygon", "coordinates": [ [ [ -3.9367072, 5.3806124 ], [ -3.9365159, 5.3806588 ], [ -3.9364552, 5.380473 ], [ -3.9366652, 5.3804266 ], [ -3.9367072, 5.3806124 ] ] ] } },
{ "type": "Feature", "properties": { "element": "way", "id": "875816994", "amenity": "hospital", "healthcare": "hospital", "name": "CENTRE DE SANTE ARIKOKAHA", "source": null, "operational_status": null, "operator": "ETAT DE COTE DIVOIRE", "addr:suburb": null, "contact:email": null, "contact:mobile": null, "contact:phone": null, "opening_hours": null, "operator:type": "public", "project:geoloc_unicef": null, "project:geoloc_unicef:id": null, "source:date": null, "short_name": null, "addr:street": null, "name:en": null, "website": null, "healthcare:speciality": "general", "fixme": null, "phone": null, "office": null, "addr:city": null, "addr:postcode": null, "name:fr": null, "email": null, "emergency": null, "alt_name": null, "fax": null, "fid": null, "project:opencities_abidjan": null, "addr:housenumber": null, "barrier": null, "building": null, "layer": null, "description": null, "start_date": null, "addr:country": null, "projet:ogpci": null, "health_facility:type": null, "wheelchair": null, "full_name": null, "health_facility:CI": null, "project:anr_cohesion_bouake": null, "wikidata": null, "wikipedia": null, "wikimedia_commons": null, "note": null, "source:imagery": null, "designation": null, "addr:housename": null, "addr:state": null, "internet_access": null, "is_in": null, "check_date": null, "elevator": null, "building:levels": null, "old_name": null, "official_name": null, "operator:wikidata": null, "operator:wikipedia": null, "projet:eboci": null, "contact:website": null, "name:ur": null, "nat_name": null, "type": null }, "geometry": { "type": "Polygon", "coordinates": [ [ [ -5.1978192, 8.7876285 ], [ -5.1977227, 8.7872972 ], [ -5.1973405, 8.7869579 ], [ -5.1970427, 8.7869818 ], [ -5.196863, 8.7870613 ], [ -5.1966029, 8.7871382 ], [ -5.1965573, 8.7872747 ], [ -5.1967651, 8.7876895 ], [ -5.1969515, 8.7877611 ], [ -5.1975054, 8.7876961 ], [ -5.1976999, 8.7876683 ], [ -5.1978192, 8.7876285 ] ] ] } },
{ "type": "Feature", "properties": { "element": "way", "id": "880367603", "amenity": "hospital", "healthcare": "hospital", "name": "Centre Hospitalier d'Odienné", "source": null, "operational_status": null, "operator": null, "addr:suburb": null, "contact:email": null, "contact:mobile": null, "contact:phone": null, "opening_hours": null, "operator:type": null, "project:geoloc_unicef": null, "project:geoloc_unicef:id": null, "source:date": null, "short_name": "CHU Odienné", "addr:street": null, "name:en": null, "website": null, "healthcare:speciality": null, "fixme": null, "phone": null, "office": null, "addr:city": null, "addr:postcode": null, "name:fr": null, "email": null, "emergency": null, "alt_name": null, "fax": null, "fid": null, "project:opencities_abidjan": null, "addr:housenumber": null, "barrier": null, "building": null, "layer": null, "description": null, "start_date": null, "addr:country": null, "projet:ogpci": null, "health_facility:type": null, "wheelchair": null, "full_name": null, "health_facility:CI": null, "project:anr_cohesion_bouake": null, "wikidata": null, "wikipedia": null, "wikimedia_commons": null, "note": null, "source:imagery": null, "designation": null, "addr:housename": null, "addr:state": null, "internet_access": null, "is_in": null, "check_date": null, "elevator": null, "building:levels": null, "old_name": null, "official_name": null, "operator:wikidata": null, "operator:wikipedia": null, "projet:eboci": null, "contact:website": null, "name:ur": null, "nat_name": null, "type": null }, "geometry": { "type": "Polygon", "coordinates": [ [ [ -7.5610855, 9.5026407 ], [ -7.560533, 9.5034344 ], [ -7.5598007, 9.502945 ], [ -7.5588942, 9.5030481 ], [ -7.5587896, 9.502027 ], [ -7.5610024, 9.5017492 ], [ -7.5610607, 9.5023743 ], [ -7.5610855, 9.5026407 ] ] ] } },
{ "type": "Feature", "properties": { "element": "way", "id": "957842112", "amenity": "hospital", "healthcare": "hospital", "name": "Centre Hospitalier Régional de San-Pédro", "source": null, "operational_status": null, "operator": null, "addr:suburb": null, "contact:email": null, "contact:mobile": null, "contact:phone": null, "opening_hours": null, "operator:type": null, "project:geoloc_unicef": null, "project:geoloc_unicef:id": null, "source:date": null, "short_name": "CHR de San-Pedro", "addr:street": null, "name:en": null, "website": null, "healthcare:speciality": null, "fixme": null, "phone": null, "office": null, "addr:city": null, "addr:postcode": null, "name:fr": null, "email": null, "emergency": null, "alt_name": null, "fax": null, "fid": null, "project:opencities_abidjan": null, "addr:housenumber": null, "barrier": null, "building": null, "layer": null, "description": null, "start_date": "2022-04-06", "addr:country": null, "projet:ogpci": null, "health_facility:type": null, "wheelchair": null, "full_name": null, "health_facility:CI": null, "project:anr_cohesion_bouake": null, "wikidata": null, "wikipedia": null, "wikimedia_commons": null, "note": null, "source:imagery": null, "designation": null, "addr:housename": null, "addr:state": null, "internet_access": null, "is_in": null, "check_date": null, "elevator": null, "building:levels": null, "old_name": null, "official_name": null, "operator:wikidata": null, "operator:wikipedia": null, "projet:eboci": null, "contact:website": null, "name:ur": null, "nat_name": null, "type": null }, "geometry": { "type": "Polygon", "coordinates": [ [ [ -6.7022332, 4.78578 ], [ -6.702352, 4.7852395 ], [ -6.7008441, 4.7831863 ], [ -6.6991421, 4.7835809 ], [ -6.6992313, 4.7838008 ], [ -6.6988576, 4.7840873 ], [ -6.6989577, 4.7845222 ], [ -6.6995825, 4.7855013 ], [ -6.6996846, 4.7855061 ], [ -6.6999, 4.7857282 ], [ -6.7022332, 4.78578 ] ] ] } },
{ "type": "Feature", "properties": { "element": "way", "id": "999745054", "amenity": "hospital", "healthcare": "hospital", "name": "Centre Hosptialier de la Marahoué", "source": null, "operational_status": null, "operator": null, "addr:suburb": null, "contact:email": null, "contact:mobile": null, "contact:phone": null, "opening_hours": null, "operator:type": null, "project:geoloc_unicef": null, "project:geoloc_unicef:id": null, "source:date": null, "short_name": null, "addr:street": null, "name:en": null, "website": null, "healthcare:speciality": null, "fixme": null, "phone": null, "office": null, "addr:city": null, "addr:postcode": null, "name:fr": null, "email": null, "emergency": null, "alt_name": null, "fax": null, "fid": null, "project:opencities_abidjan": null, "addr:housenumber": null, "barrier": null, "building": null, "layer": null, "description": null, "start_date": null, "addr:country": null, "projet:ogpci": null, "health_facility:type": null, "wheelchair": null, "full_name": null, "health_facility:CI": null, "project:anr_cohesion_bouake": null, "wikidata": null, "wikipedia": null, "wikimedia_commons": null, "note": null, "source:imagery": null, "designation": null, "addr:housename": null, "addr:state": null, "internet_access": null, "is_in": null, "check_date": null, "elevator": null, "building:levels": null, "old_name": null, "official_name": null, "operator:wikidata": null, "operator:wikipedia": null, "projet:eboci": null, "contact:website": null, "name:ur": null, "nat_name": null, "type": null }, "geometry": { "type": "Polygon", "coordinates": [ [ [ -5.7426963, 6.9785557 ], [ -5.7428608, 6.9787381 ], [ -5.7441797, 6.9792715 ], [ -5.7446705, 6.9780604 ], [ -5.7429842, 6.9776957 ], [ -5.7426963, 6.9785557 ] ] ] } },
{ "type": "Feature", "properties": { "element": "way", "id": "1043671925", "amenity": "hospital", "healthcare": "hospital", "name": "Centre Hostpitalier Régional de Man", "source": null, "operational_status": null, "operator": null, "addr:suburb": null, "contact:email": null, "contact:mobile": null, "contact:phone": null, "opening_hours": null, "operator:type": null, "project:geoloc_unicef": null, "project:geoloc_unicef:id": null, "source:date": null, "short_name": "CHR de Man", "addr:street": null, "name:en": null, "website": null, "healthcare:speciality": null, "fixme": null, "phone": null, "office": null, "addr:city": null, "addr:postcode": null, "name:fr": null, "email": null, "emergency": "yes", "alt_name": null, "fax": null, "fid": null, "project:opencities_abidjan": null, "addr:housenumber": null, "barrier": null, "building": null, "layer": null, "description": null, "start_date": null, "addr:country": null, "projet:ogpci": null, "health_facility:type": null, "wheelchair": null, "full_name": null, "health_facility:CI": null, "project:anr_cohesion_bouake": null, "wikidata": null, "wikipedia": null, "wikimedia_commons": null, "note": null, "source:imagery": null, "designation": null, "addr:housename": null, "addr:state": null, "internet_access": null, "is_in": null, "check_date": null, "elevator": null, "building:levels": null, "old_name": null, "official_name": null, "operator:wikidata": null, "operator:wikipedia": null, "projet:eboci": null, "contact:website": null, "name:ur": null, "nat_name": null, "type": null }, "geometry": { "type": "Polygon", "coordinates": [ [ [ -7.5759264, 7.3836696 ], [ -7.5775186, 7.382285 ], [ -7.5771355, 7.3813129 ], [ -7.5769788, 7.3808724 ], [ -7.576834, 7.3803665 ], [ -7.5758199, 7.3812346 ], [ -7.5758098, 7.3812872 ], [ -7.5757976, 7.3813503 ], [ -7.5757133, 7.3813349 ], [ -7.5753318, 7.3816626 ], [ -7.5753666, 7.3817222 ], [ -7.5753515, 7.3818377 ], [ -7.5753946, 7.3818432 ], [ -7.5753757, 7.3819098 ], [ -7.5751274, 7.3819953 ], [ -7.5750992, 7.3820062 ], [ -7.5750418, 7.3820255 ], [ -7.5749811, 7.3819606 ], [ -7.5746622, 7.3822388 ], [ -7.5749382, 7.3825512 ], [ -7.5759264, 7.3836696 ] ] ] } },
{ "type": "Feature", "properties": { "element": "way", "id": "1085847205", "amenity": "hospital", "healthcare": "hospital", "name": "CHR de Bouaké", "source": null, "operational_status": null, "operator": null, "addr:suburb": null, "contact:email": null, "contact:mobile": null, "contact:phone": null, "opening_hours": null, "operator:type": null, "project:geoloc_unicef": null, "project:geoloc_unicef:id": null, "source:date": null, "short_name": null, "addr:street": null, "name:en": null, "website": null, "healthcare:speciality": null, "fixme": "cartographie à compléter", "phone": null, "office": null, "addr:city": null, "addr:postcode": null, "name:fr": null, "email": null, "emergency": null, "alt_name": null, "fax": null, "fid": null, "project:opencities_abidjan": null, "addr:housenumber": null, "barrier": null, "building": null, "layer": null, "description": null, "start_date": "2025-04-28", "addr:country": null, "projet:ogpci": null, "health_facility:type": null, "wheelchair": null, "full_name": "Centre Hospitalier Régional de Bouaké", "health_facility:CI": null, "project:anr_cohesion_bouake": null, "wikidata": null, "wikipedia": null, "wikimedia_commons": null, "note": null, "source:imagery": null, "designation": null, "addr:housename": null, "addr:state": null, "internet_access": null, "is_in": null, "check_date": null, "elevator": null, "building:levels": null, "old_name": null, "official_name": null, "operator:wikidata": null, "operator:wikipedia": null, "projet:eboci": null, "contact:website": null, "name:ur": null, "nat_name": null, "type": null }, "geometry": { "type": "Polygon", "coordinates": [ [ [ -4.9996685, 7.6981464 ], [ -4.999786, 7.6985685 ], [ -4.9974268, 7.6993332 ], [ -4.9969805, 7.697574 ], [ -4.9965214, 7.6958021 ], [ -4.9978143, 7.6953119 ], [ -4.9979579, 7.6952577 ], [ -4.997994, 7.6952455 ], [ -4.9982197, 7.6951651 ], [ -4.9984066, 7.6950962 ], [ -4.9985053, 7.6950601 ], [ -4.9988092, 7.6949489 ], [ -4.9988918, 7.6949188 ], [ -4.9990451, 7.695556 ], [ -4.9996685, 7.6981464 ] ] ] } },
{ "type": "Feature", "properties": { "element": "way", "id": "1085848418", "amenity": "hospital", "healthcare": "hospital", "name": "CHR d'Adzopé", "source": null, "operational_status": null, "operator": null, "addr:suburb": null, "contact:email": null, "contact:mobile": null, "contact:phone": null, "opening_hours": null, "operator:type": null, "project:geoloc_unicef": null, "project:geoloc_unicef:id": null, "source:date": null, "short_name": null, "addr:street": null, "name:en": null, "website": null, "healthcare:speciality": null, "fixme": null, "phone": null, "office": null, "addr:city": null, "addr:postcode": null, "name:fr": null, "email": null, "emergency": null, "alt_name": null, "fax": null, "fid": null, "project:opencities_abidjan": null, "addr:housenumber": null, "barrier": null, "building": null, "layer": null, "description": null, "start_date": "2022-04-28", "addr:country": null, "projet:ogpci": null, "health_facility:type": null, "wheelchair": null, "full_name": "Centre Hospitalier Régional d’Adzopé", "health_facility:CI": null, "project:anr_cohesion_bouake": null, "wikidata": null, "wikipedia": null, "wikimedia_commons": null, "note": null, "source:imagery": null, "designation": null, "addr:housename": null, "addr:state": null, "internet_access": null, "is_in": null, "check_date": null, "elevator": null, "building:levels": null, "old_name": null, "official_name": null, "operator:wikidata": null, "operator:wikipedia": null, "projet:eboci": null, "contact:website": null, "name:ur": null, "nat_name": null, "type": null }, "geometry": { "type": "Polygon", "coordinates": [ [ [ -3.8367898, 6.1251578 ], [ -3.8350534, 6.1257462 ], [ -3.8335086, 6.1263669 ], [ -3.8333896, 6.1251688 ], [ -3.8338053, 6.1241618 ], [ -3.8346185, 6.1232594 ], [ -3.8352461, 6.1226291 ], [ -3.8365608, 6.1221422 ], [ -3.8366045, 6.122765 ], [ -3.8366372, 6.1232314 ], [ -3.8367193, 6.1244017 ], [ -3.8367322, 6.1245845 ], [ -3.8367898, 6.1251578 ] ] ] } },
{ "type": "Feature", "properties": { "element": "way", "id": "1122672059", "amenity": "hospital", "healthcare": "hospital", "name": "Centre d'Accueil Saint Jean de Dieu de Nimbo - Association Saint Camille de Lellis", "source": null, "operational_status": null, "operator": "Association Saint Camille de Lellis", "addr:suburb": null, "contact:email": null, "contact:mobile": null, "contact:phone": null, "opening_hours": null, "operator:type": "private", "project:geoloc_unicef": null, "project:geoloc_unicef:id": null, "source:date": null, "short_name": null, "addr:street": null, "name:en": null, "website": null, "healthcare:speciality": "psychiatry", "fixme": null, "phone": null, "office": null, "addr:city": null, "addr:postcode": null, "name:fr": null, "email": null, "emergency": null, "alt_name": null, "fax": null, "fid": null, "project:opencities_abidjan": null, "addr:housenumber": null, "barrier": null, "building": null, "layer": null, "description": null, "start_date": null, "addr:country": null, "projet:ogpci": null, "health_facility:type": null, "wheelchair": null, "full_name": null, "health_facility:CI": null, "project:anr_cohesion_bouake": null, "wikidata": null, "wikipedia": null, "wikimedia_commons": null, "note": null, "source:imagery": null, "designation": null, "addr:housename": null, "addr:state": null, "internet_access": null, "is_in": null, "check_date": null, "elevator": null, "building:levels": null, "old_name": null, "official_name": null, "operator:wikidata": null, "operator:wikipedia": null, "projet:eboci": null, "contact:website": null, "name:ur": null, "nat_name": null, "type": null }, "geometry": { "type": "Polygon", "coordinates": [ [ [ -5.0289788, 7.6671346 ], [ -5.0289574, 7.6667634 ], [ -5.0289351, 7.6667253 ], [ -5.0284306, 7.6667488 ], [ -5.028168, 7.666761 ], [ -5.0281993, 7.6671901 ], [ -5.0289788, 7.6671346 ] ] ] } },
{ "type": "Feature", "properties": { "element": "way", "id": "1122672061", "amenity": "hospital", "healthcare": "hospital", "name": "Hôpital Saint Camille", "source": null, "operational_status": null, "operator": "Association Saint Camille de Lellis", "addr:suburb": null, "contact:email": null, "contact:mobile": null, "contact:phone": null, "opening_hours": null, "operator:type": "private", "project:geoloc_unicef": null, "project:geoloc_unicef:id": null, "source:date": null, "short_name": null, "addr:street": null, "name:en": null, "website": null, "healthcare:speciality": "general;psychiatry;ophthalmology;dentistry;maternity;radiology;biology;biochemistry", "fixme": null, "phone": null, "office": null, "addr:city": null, "addr:postcode": null, "name:fr": null, "email": null, "emergency": null, "alt_name": null, "fax": null, "fid": null, "project:opencities_abidjan": null, "addr:housenumber": null, "barrier": null, "building": null, "layer": null, "description": null, "start_date": null, "addr:country": null, "projet:ogpci": null, "health_facility:type": null, "wheelchair": null, "full_name": null, "health_facility:CI": null, "project:anr_cohesion_bouake": null, "wikidata": null, "wikipedia": null, "wikimedia_commons": null, "note": null, "source:imagery": null, "designation": null, "addr:housename": null, "addr:state": null, "internet_access": null, "is_in": null, "check_date": null, "elevator": null, "building:levels": null, "old_name": null, "official_name": null, "operator:wikidata": null, "operator:wikipedia": null, "projet:eboci": null, "contact:website": null, "name:ur": null, "nat_name": null, "type": null }, "geometry": { "type": "Polygon", "coordinates": [ [ [ -5.0289295, 7.6666232 ], [ -5.0280062, 7.6666773 ], [ -5.0279528, 7.6658716 ], [ -5.0288878, 7.665812 ], [ -5.0289052, 7.6658109 ], [ -5.0289543, 7.6665879 ], [ -5.0289295, 7.6666232 ] ] ] } },
{ "type": "Feature", "properties": { "element": "way", "id": "1122676786", "amenity": "hospital", "healthcare": "hospital", "name": "Centre d'Accueil pour Femmes - Association Saint Camille de Lellis", "source": null, "operational_status": null, "operator": "Association Saint Camille de Lellis", "addr:suburb": null, "contact:email": null, "contact:mobile": null, "contact:phone": null, "opening_hours": null, "operator:type": "private", "project:geoloc_unicef": null, "project:geoloc_unicef:id": null, "source:date": null, "short_name": null, "addr:street": null, "name:en": null, "website": null, "healthcare:speciality": "psychiatry", "fixme": null, "phone": null, "office": null, "addr:city": null, "addr:postcode": null, "name:fr": null, "email": null, "emergency": null, "alt_name": null, "fax": null, "fid": null, "project:opencities_abidjan": null, "addr:housenumber": null, "barrier": null, "building": null, "layer": null, "description": null, "start_date": null, "addr:country": null, "projet:ogpci": null, "health_facility:type": null, "wheelchair": null, "full_name": null, "health_facility:CI": null, "project:anr_cohesion_bouake": null, "wikidata": null, "wikipedia": null, "wikimedia_commons": null, "note": null, "source:imagery": null, "designation": null, "addr:housename": null, "addr:state": null, "internet_access": null, "is_in": null, "check_date": null, "elevator": null, "building:levels": null, "old_name": null, "official_name": null, "operator:wikidata": null, "operator:wikipedia": null, "projet:eboci": null, "contact:website": null, "name:ur": null, "nat_name": null, "type": null }, "geometry": { "type": "Polygon", "coordinates": [ [ [ -5.0387243, 7.7007084 ], [ -5.0382792, 7.700874 ], [ -5.0383069, 7.7009534 ], [ -5.0382383, 7.7009778 ], [ -5.0382092, 7.7009002 ], [ -5.03818, 7.7008221 ], [ -5.0381461, 7.7008324 ], [ -5.0380405, 7.700575 ], [ -5.0385966, 7.7003499 ], [ -5.0387243, 7.7007084 ] ] ] } },
{ "type": "Feature", "properties": { "element": "way", "id": "1132700635", "amenity": "hospital", "healthcare": "hospital", "name": "centre de santé rural de m'possa", "source": null, "operational_status": null, "operator": null, "addr:suburb": null, "contact:email": null, "contact:mobile": null, "contact:phone": null, "opening_hours": null, "operator:type": null, "project:geoloc_unicef": null, "project:geoloc_unicef:id": null, "source:date": null, "short_name": null, "addr:street": null, "name:en": null, "website": null, "healthcare:speciality": null, "fixme": null, "phone": null, "office": null, "addr:city": null, "addr:postcode": null, "name:fr": null, "email": null, "emergency": null, "alt_name": null, "fax": null, "fid": null, "project:opencities_abidjan": null, "addr:housenumber": null, "barrier": null, "building": null, "layer": null, "description": null, "start_date": null, "addr:country": null, "projet:ogpci": null, "health_facility:type": null, "wheelchair": null, "full_name": null, "health_facility:CI": null, "project:anr_cohesion_bouake": null, "wikidata": null, "wikipedia": null, "wikimedia_commons": null, "note": null, "source:imagery": null, "designation": null, "addr:housename": null, "addr:state": null, "internet_access": null, "is_in": null, "check_date": null, "elevator": null, "building:levels": "0", "old_name": null, "official_name": null, "operator:wikidata": null, "operator:wikipedia": null, "projet:eboci": null, "contact:website": null, "name:ur": null, "nat_name": null, "type": null }, "geometry": { "type": "Polygon", "coordinates": [ [ [ -2.8545384, 5.4779186 ], [ -2.8543311, 5.4777972 ], [ -2.8544165, 5.4776839 ], [ -2.8546198, 5.4777932 ], [ -2.8545384, 5.4779186 ] ] ] } },
{ "type": "Feature", "properties": { "element": "way", "id": "1136559649", "amenity": "hospital", "healthcare": "hospital", "name": "Centre Hospitalier Regional De Divo", "source": null, "operational_status": null, "operator": null, "addr:suburb": null, "contact:email": null, "contact:mobile": null, "contact:phone": null, "opening_hours": null, "operator:type": null, "project:geoloc_unicef": null, "project:geoloc_unicef:id": null, "source:date": null, "short_name": "CHR de Divo", "addr:street": null, "name:en": null, "website": null, "healthcare:speciality": null, "fixme": null, "phone": null, "office": null, "addr:city": null, "addr:postcode": null, "name:fr": null, "email": null, "emergency": null, "alt_name": null, "fax": null, "fid": null, "project:opencities_abidjan": null, "addr:housenumber": null, "barrier": null, "building": null, "layer": null, "description": null, "start_date": null, "addr:country": null, "projet:ogpci": null, "health_facility:type": null, "wheelchair": null, "full_name": null, "health_facility:CI": null, "project:anr_cohesion_bouake": null, "wikidata": null, "wikipedia": null, "wikimedia_commons": null, "note": null, "source:imagery": null, "designation": null, "addr:housename": null, "addr:state": null, "internet_access": null, "is_in": null, "check_date": null, "elevator": null, "building:levels": null, "old_name": null, "official_name": null, "operator:wikidata": null, "operator:wikipedia": null, "projet:eboci": null, "contact:website": null, "name:ur": null, "nat_name": null, "type": null }, "geometry": { "type": "Polygon", "coordinates": [ [ [ -5.3570302, 5.8424117 ], [ -5.3570235, 5.842282 ], [ -5.3566424, 5.8420067 ], [ -5.3560957, 5.8416118 ], [ -5.3549846, 5.8433567 ], [ -5.3564801, 5.8435456 ], [ -5.3565596, 5.8431391 ], [ -5.3570302, 5.8424117 ] ] ] } },
{ "type": "Feature", "properties": { "element": "way", "id": "1163498506", "amenity": "hospital", "healthcare": "hospital", "name": null, "source": null, "operational_status": null, "operator": null, "addr:suburb": null, "contact:email": null, "contact:mobile": null, "contact:phone": null, "opening_hours": null, "operator:type": null, "project:geoloc_unicef": null, "project:geoloc_unicef:id": null, "source:date": null, "short_name": null, "addr:street": null, "name:en": null, "website": null, "healthcare:speciality": null, "fixme": null, "phone": null, "office": null, "addr:city": null, "addr:postcode": null, "name:fr": null, "email": null, "emergency": null, "alt_name": null, "fax": null, "fid": null, "project:opencities_abidjan": null, "addr:housenumber": null, "barrier": null, "building": "hospital", "layer": null, "description": null, "start_date": null, "addr:country": null, "projet:ogpci": null, "health_facility:type": null, "wheelchair": null, "full_name": null, "health_facility:CI": null, "project:anr_cohesion_bouake": null, "wikidata": null, "wikipedia": null, "wikimedia_commons": null, "note": null, "source:imagery": null, "designation": null, "addr:housename": null, "addr:state": null, "internet_access": null, "is_in": null, "check_date": null, "elevator": null, "building:levels": null, "old_name": null, "official_name": null, "operator:wikidata": null, "operator:wikipedia": null, "projet:eboci": null, "contact:website": null, "name:ur": null, "nat_name": null, "type": null }, "geometry": { "type": "Polygon", "coordinates": [ [ [ -6.4307463, 6.8620347 ], [ -6.4307825, 6.8617644 ], [ -6.4306752, 6.8617497 ], [ -6.4306511, 6.862024 ], [ -6.4307463, 6.8620347 ] ] ] } },
{ "type": "Feature", "properties": { "element": "way", "id": "1165462798", "amenity": "hospital", "healthcare": "hospital", "name": "CSR Kadarvogo", "source": null, "operational_status": null, "operator": null, "addr:suburb": null, "contact:email": null, "contact:mobile": null, "contact:phone": null, "opening_hours": null, "operator:type": null, "project:geoloc_unicef": null, "project:geoloc_unicef:id": null, "source:date": null, "short_name": null, "addr:street": null, "name:en": null, "website": null, "healthcare:speciality": null, "fixme": null, "phone": null, "office": null, "addr:city": null, "addr:postcode": null, "name:fr": null, "email": null, "emergency": null, "alt_name": null, "fax": null, "fid": null, "project:opencities_abidjan": null, "addr:housenumber": null, "barrier": null, "building": null, "layer": null, "description": null, "start_date": null, "addr:country": null, "projet:ogpci": null, "health_facility:type": null, "wheelchair": null, "full_name": null, "health_facility:CI": null, "project:anr_cohesion_bouake": null, "wikidata": null, "wikipedia": null, "wikimedia_commons": null, "note": null, "source:imagery": null, "designation": null, "addr:housename": null, "addr:state": null, "internet_access": null, "is_in": null, "check_date": null, "elevator": null, "building:levels": null, "old_name": null, "official_name": null, "operator:wikidata": null, "operator:wikipedia": null, "projet:eboci": null, "contact:website": null, "name:ur": null, "nat_name": null, "type": null }, "geometry": { "type": "Polygon", "coordinates": [ [ [ -5.2361588, 10.3094456 ], [ -5.2360689, 10.3086625 ], [ -5.2348011, 10.3088035 ], [ -5.2348911, 10.3095864 ], [ -5.2361588, 10.3094456 ] ] ] } },
{ "type": "Feature", "properties": { "element": "way", "id": "1177836689", "amenity": "hospital", "healthcare": "hospital", "name": "centre de sante rural de Tehui", "source": null, "operational_status": null, "operator": null, "addr:suburb": null, "contact:email": null, "contact:mobile": null, "contact:phone": null, "opening_hours": null, "operator:type": null, "project:geoloc_unicef": null, "project:geoloc_unicef:id": null, "source:date": null, "short_name": null, "addr:street": null, "name:en": null, "website": null, "healthcare:speciality": null, "fixme": null, "phone": null, "office": null, "addr:city": null, "addr:postcode": null, "name:fr": null, "email": null, "emergency": null, "alt_name": null, "fax": null, "fid": null, "project:opencities_abidjan": null, "addr:housenumber": null, "barrier": null, "building": null, "layer": null, "description": null, "start_date": null, "addr:country": null, "projet:ogpci": null, "health_facility:type": null, "wheelchair": null, "full_name": null, "health_facility:CI": null, "project:anr_cohesion_bouake": null, "wikidata": null, "wikipedia": null, "wikimedia_commons": null, "note": null, "source:imagery": null, "designation": null, "addr:housename": null, "addr:state": null, "internet_access": null, "is_in": null, "check_date": null, "elevator": null, "building:levels": null, "old_name": null, "official_name": null, "operator:wikidata": null, "operator:wikipedia": null, "projet:eboci": null, "contact:website": null, "name:ur": null, "nat_name": null, "type": null }, "geometry": { "type": "Polygon", "coordinates": [ [ [ -3.2356247, 7.7700681 ], [ -3.2354995, 7.7700979 ], [ -3.2354634, 7.7699486 ], [ -3.2355886, 7.7699189 ], [ -3.2356247, 7.7700681 ] ] ] } },
{ "type": "Feature", "properties": { "element": "way", "id": "1217640219", "amenity": "hospital", "healthcare": "hospital", "name": "Hôpital Psychiatrique Saint-Vincent-de-Paul", "source": null, "operational_status": null, "operator": null, "addr:suburb": null, "contact:email": null, "contact:mobile": null, "contact:phone": null, "opening_hours": null, "operator:type": null, "project:geoloc_unicef": null, "project:geoloc_unicef:id": null, "source:date": null, "short_name": null, "addr:street": null, "name:en": null, "website": null, "healthcare:speciality": "psychiatry", "fixme": null, "phone": null, "office": null, "addr:city": null, "addr:postcode": null, "name:fr": null, "email": null, "emergency": null, "alt_name": null, "fax": null, "fid": null, "project:opencities_abidjan": null, "addr:housenumber": null, "barrier": null, "building": null, "layer": null, "description": null, "start_date": null, "addr:country": null, "projet:ogpci": null, "health_facility:type": null, "wheelchair": null, "full_name": null, "health_facility:CI": null, "project:anr_cohesion_bouake": null, "wikidata": null, "wikipedia": null, "wikimedia_commons": null, "note": null, "source:imagery": null, "designation": null, "addr:housename": null, "addr:state": null, "internet_access": null, "is_in": null, "check_date": null, "elevator": null, "building:levels": null, "old_name": null, "official_name": null, "operator:wikidata": null, "operator:wikipedia": null, "projet:eboci": null, "contact:website": null, "name:ur": null, "nat_name": null, "type": null }, "geometry": { "type": "Polygon", "coordinates": [ [ [ -5.282018, 6.7684786 ], [ -5.2820225, 6.7683839 ], [ -5.2820467, 6.7678623 ], [ -5.2820499, 6.7677582 ], [ -5.282053, 6.7676465 ], [ -5.2820565, 6.7675471 ], [ -5.2820797, 6.7667725 ], [ -5.2808993, 6.7667538 ], [ -5.2808791, 6.7674723 ], [ -5.280867, 6.7680013 ], [ -5.2808562, 6.7681858 ], [ -5.2808483, 6.7684452 ], [ -5.282018, 6.7684786 ] ] ] } },
{ "type": "Feature", "properties": { "element": "way", "id": "1229691549", "amenity": "hospital", "healthcare": "hospital", "name": null, "source": null, "operational_status": null, "operator": null, "addr:suburb": null, "contact:email": null, "contact:mobile": null, "contact:phone": null, "opening_hours": null, "operator:type": null, "project:geoloc_unicef": null, "project:geoloc_unicef:id": null, "source:date": null, "short_name": null, "addr:street": null, "name:en": null, "website": null, "healthcare:speciality": null, "fixme": null, "phone": null, "office": null, "addr:city": null, "addr:postcode": null, "name:fr": null, "email": null, "emergency": null, "alt_name": null, "fax": null, "fid": null, "project:opencities_abidjan": null, "addr:housenumber": null, "barrier": null, "building": "yes", "layer": null, "description": null, "start_date": null, "addr:country": null, "projet:ogpci": null, "health_facility:type": null, "wheelchair": null, "full_name": null, "health_facility:CI": null, "project:anr_cohesion_bouake": null, "wikidata": null, "wikipedia": null, "wikimedia_commons": null, "note": null, "source:imagery": null, "designation": null, "addr:housename": null, "addr:state": null, "internet_access": null, "is_in": null, "check_date": null, "elevator": null, "building:levels": null, "old_name": null, "official_name": null, "operator:wikidata": null, "operator:wikipedia": null, "projet:eboci": null, "contact:website": null, "name:ur": null, "nat_name": null, "type": null }, "geometry": { "type": "Polygon", "coordinates": [ [ [ -5.6091808, 9.427865 ], [ -5.6090987, 9.4278214 ], [ -5.6091445, 9.4277375 ], [ -5.6092266, 9.427781 ], [ -5.6091808, 9.427865 ] ] ] } },
{ "type": "Feature", "properties": { "element": "way", "id": "1243168676", "amenity": "hospital", "healthcare": "hospital", "name": "Hôpital Saint Jean-Baptiste", "source": null, "operational_status": null, "operator": "Ordre de Malte", "addr:suburb": null, "contact:email": null, "contact:mobile": null, "contact:phone": null, "opening_hours": "24/7", "operator:type": null, "project:geoloc_unicef": null, "project:geoloc_unicef:id": null, "source:date": null, "short_name": null, "addr:street": null, "name:en": null, "website": null, "healthcare:speciality": null, "fixme": null, "phone": "21747520", "office": null, "addr:city": null, "addr:postcode": null, "name:fr": null, "email": null, "emergency": null, "alt_name": null, "fax": null, "fid": null, "project:opencities_abidjan": null, "addr:housenumber": null, "barrier": null, "building": null, "layer": null, "description": null, "start_date": null, "addr:country": null, "projet:ogpci": null, "health_facility:type": null, "wheelchair": null, "full_name": null, "health_facility:CI": null, "project:anr_cohesion_bouake": null, "wikidata": null, "wikipedia": null, "wikimedia_commons": null, "note": null, "source:imagery": null, "designation": null, "addr:housename": null, "addr:state": null, "internet_access": null, "is_in": null, "check_date": null, "elevator": null, "building:levels": null, "old_name": null, "official_name": null, "operator:wikidata": null, "operator:wikipedia": null, "projet:eboci": null, "contact:website": null, "name:ur": null, "nat_name": null, "type": null }, "geometry": { "type": "Polygon", "coordinates": [ [ [ -4.6940758, 5.8981276 ], [ -4.6941211, 5.8977722 ], [ -4.6938739, 5.8974541 ], [ -4.6933103, 5.8967457 ], [ -4.6933443, 5.8967119 ], [ -4.6932876, 5.896475 ], [ -4.6913654, 5.8964637 ], [ -4.6913654, 5.897682 ], [ -4.6926242, 5.899329 ], [ -4.6928614, 5.8991148 ], [ -4.6932989, 5.8987198 ], [ -4.6940758, 5.8981276 ] ] ] } },
{ "type": "Feature", "properties": { "element": "way", "id": "1256729500", "amenity": "hospital", "healthcare": "hospital", "name": "Hopital Central", "source": null, "operational_status": null, "operator": null, "addr:suburb": null, "contact:email": null, "contact:mobile": null, "contact:phone": null, "opening_hours": null, "operator:type": null, "project:geoloc_unicef": null, "project:geoloc_unicef:id": null, "source:date": null, "short_name": null, "addr:street": null, "name:en": null, "website": null, "healthcare:speciality": null, "fixme": null, "phone": null, "office": null, "addr:city": null, "addr:postcode": null, "name:fr": null, "email": null, "emergency": null, "alt_name": null, "fax": null, "fid": null, "project:opencities_abidjan": null, "addr:housenumber": null, "barrier": null, "building": null, "layer": null, "description": null, "start_date": null, "addr:country": null, "projet:ogpci": null, "health_facility:type": null, "wheelchair": null, "full_name": null, "health_facility:CI": null, "project:anr_cohesion_bouake": null, "wikidata": null, "wikipedia": null, "wikimedia_commons": null, "note": null, "source:imagery": null, "designation": null, "addr:housename": null, "addr:state": null, "internet_access": null, "is_in": null, "check_date": null, "elevator": null, "building:levels": null, "old_name": null, "official_name": null, "operator:wikidata": null, "operator:wikipedia": null, "projet:eboci": null, "contact:website": null, "name:ur": null, "nat_name": null, "type": null }, "geometry": { "type": "Polygon", "coordinates": [ [ [ -5.9425941, 6.1473956 ], [ -5.9409777, 6.1477198 ], [ -5.9407506, 6.1463864 ], [ -5.9407694, 6.1463677 ], [ -5.9408005, 6.1463368 ], [ -5.9408072, 6.146335 ], [ -5.9415798, 6.1461612 ], [ -5.9416773, 6.1461375 ], [ -5.9417872, 6.1461168 ], [ -5.9422268, 6.1460259 ], [ -5.9422629, 6.1460293 ], [ -5.9423081, 6.1460336 ], [ -5.9425941, 6.1473956 ] ] ] } },
{ "type": "Feature", "properties": { "element": "way", "id": "1280984229", "amenity": "hospital", "healthcare": "hospital", "name": "Hôpital Ahou Catherine de Djekanou", "source": null, "operational_status": null, "operator": null, "addr:suburb": null, "contact:email": null, "contact:mobile": null, "contact:phone": null, "opening_hours": null, "operator:type": null, "project:geoloc_unicef": null, "project:geoloc_unicef:id": null, "source:date": null, "short_name": null, "addr:street": null, "name:en": null, "website": null, "healthcare:speciality": null, "fixme": null, "phone": null, "office": null, "addr:city": null, "addr:postcode": null, "name:fr": null, "email": null, "emergency": null, "alt_name": null, "fax": null, "fid": null, "project:opencities_abidjan": null, "addr:housenumber": null, "barrier": null, "building": null, "layer": null, "description": null, "start_date": null, "addr:country": null, "projet:ogpci": null, "health_facility:type": null, "wheelchair": null, "full_name": null, "health_facility:CI": null, "project:anr_cohesion_bouake": null, "wikidata": null, "wikipedia": null, "wikimedia_commons": null, "note": null, "source:imagery": null, "designation": null, "addr:housename": null, "addr:state": null, "internet_access": null, "is_in": null, "check_date": null, "elevator": null, "building:levels": null, "old_name": null, "official_name": null, "operator:wikidata": null, "operator:wikipedia": null, "projet:eboci": null, "contact:website": null, "name:ur": null, "nat_name": null, "type": null }, "geometry": { "type": "Polygon", "coordinates": [ [ [ -5.1139687, 6.4710898 ], [ -5.1125031, 6.4711623 ], [ -5.1124694, 6.470682 ], [ -5.1124372, 6.4701497 ], [ -5.1139001, 6.4700624 ], [ -5.1139309, 6.4705735 ], [ -5.1139687, 6.4710898 ] ] ] } },
{ "type": "Feature", "properties": { "element": "way", "id": "1286419611", "amenity": "hospital", "healthcare": "hospital", "name": "Hôpital Général de Sakassou", "source": null, "operational_status": null, "operator": null, "addr:suburb": null, "contact:email": null, "contact:mobile": null, "contact:phone": null, "opening_hours": null, "operator:type": null, "project:geoloc_unicef": null, "project:geoloc_unicef:id": null, "source:date": null, "short_name": null, "addr:street": null, "name:en": null, "website": null, "healthcare:speciality": null, "fixme": null, "phone": null, "office": null, "addr:city": null, "addr:postcode": null, "name:fr": null, "email": null, "emergency": null, "alt_name": null, "fax": null, "fid": null, "project:opencities_abidjan": null, "addr:housenumber": null, "barrier": null, "building": null, "layer": null, "description": null, "start_date": null, "addr:country": null, "projet:ogpci": null, "health_facility:type": null, "wheelchair": null, "full_name": null, "health_facility:CI": null, "project:anr_cohesion_bouake": null, "wikidata": null, "wikipedia": null, "wikimedia_commons": null, "note": null, "source:imagery": null, "designation": null, "addr:housename": null, "addr:state": null, "internet_access": null, "is_in": null, "check_date": null, "elevator": null, "building:levels": null, "old_name": null, "official_name": null, "operator:wikidata": null, "operator:wikipedia": null, "projet:eboci": null, "contact:website": null, "name:ur": null, "nat_name": null, "type": null }, "geometry": { "type": "Polygon", "coordinates": [ [ [ -5.291086, 7.4472932 ], [ -5.2895411, 7.4472451 ], [ -5.2894537, 7.4452765 ], [ -5.2894958, 7.4451063 ], [ -5.2914261, 7.4455719 ], [ -5.2915394, 7.4469014 ], [ -5.2910539, 7.4469344 ], [ -5.291086, 7.4472932 ] ] ] } },
{ "type": "Feature", "properties": { "element": "way", "id": "1290550140", "amenity": "hospital", "healthcare": "hospital", "name": "Complexe Sanitaire Henriette Konan Bédié de Blockhaus", "source": null, "operational_status": null, "operator": null, "addr:suburb": "Cocody", "contact:email": null, "contact:mobile": null, "contact:phone": "+22522488311", "opening_hours": "24/7", "operator:type": "public", "project:geoloc_unicef": "yes", "project:geoloc_unicef:id": "ABJ_030", "source:date": null, "short_name": "CSHKB", "addr:street": null, "name:en": null, "website": null, "healthcare:speciality": null, "fixme": null, "phone": null, "office": null, "addr:city": null, "addr:postcode": null, "name:fr": null, "email": null, "emergency": null, "alt_name": null, "fax": null, "fid": null, "project:opencities_abidjan": "yes", "addr:housenumber": null, "barrier": null, "building": null, "layer": null, "description": "Accouchement Consultation Consultation prénatale gynéco-obstétriques Pédiatrie Pansement", "start_date": null, "addr:country": null, "projet:ogpci": null, "health_facility:type": null, "wheelchair": null, "full_name": null, "health_facility:CI": null, "project:anr_cohesion_bouake": null, "wikidata": null, "wikipedia": null, "wikimedia_commons": null, "note": null, "source:imagery": null, "designation": null, "addr:housename": null, "addr:state": null, "internet_access": null, "is_in": null, "check_date": null, "elevator": null, "building:levels": null, "old_name": null, "official_name": null, "operator:wikidata": null, "operator:wikipedia": null, "projet:eboci": null, "contact:website": null, "name:ur": null, "nat_name": null, "type": null }, "geometry": { "type": "Polygon", "coordinates": [ [ [ -4.0015006, 5.3250206 ], [ -4.0012846, 5.3249686 ], [ -4.0012215, 5.3249534 ], [ -4.0010725, 5.3249175 ], [ -4.001018, 5.3247475 ], [ -4.0010444, 5.3246413 ], [ -4.0010767, 5.3245243 ], [ -4.0011051, 5.3244197 ], [ -4.0011276, 5.3244257 ], [ -4.0011747, 5.3242605 ], [ -4.0011905, 5.3242372 ], [ -4.0012666, 5.3241853 ], [ -4.0013716, 5.3241129 ], [ -4.0015, 5.3240166 ], [ -4.0017743, 5.3240572 ], [ -4.0017398, 5.3241787 ], [ -4.0015984, 5.3247035 ], [ -4.0015477, 5.3249661 ], [ -4.0015336, 5.3250281 ], [ -4.0015006, 5.3250206 ] ] ] } },
{ "type": "Feature", "properties": { "element": "way", "id": "1296175744", "amenity": "hospital", "healthcare": "hospital", "name": null, "source": null, "operational_status": null, "operator": null, "addr:suburb": null, "contact:email": null, "contact:mobile": null, "contact:phone": null, "opening_hours": null, "operator:type": null, "project:geoloc_unicef": null, "project:geoloc_unicef:id": null, "source:date": null, "short_name": null, "addr:street": null, "name:en": null, "website": null, "healthcare:speciality": null, "fixme": null, "phone": null, "office": null, "addr:city": null, "addr:postcode": null, "name:fr": null, "email": null, "emergency": null, "alt_name": null, "fax": null, "fid": null, "project:opencities_abidjan": null, "addr:housenumber": null, "barrier": null, "building": null, "layer": null, "description": null, "start_date": null, "addr:country": null, "projet:ogpci": null, "health_facility:type": null, "wheelchair": null, "full_name": null, "health_facility:CI": null, "project:anr_cohesion_bouake": null, "wikidata": null, "wikipedia": null, "wikimedia_commons": null, "note": null, "source:imagery": null, "designation": null, "addr:housename": null, "addr:state": null, "internet_access": null, "is_in": null, "check_date": null, "elevator": null, "building:levels": null, "old_name": null, "official_name": null, "operator:wikidata": null, "operator:wikipedia": null, "projet:eboci": null, "contact:website": null, "name:ur": null, "nat_name": null, "type": null }, "geometry": { "type": "Polygon", "coordinates": [ [ [ -4.434605, 8.3698733 ], [ -4.4353119, 8.3681781 ], [ -4.4345915, 8.3678807 ], [ -4.4329383, 8.3672089 ], [ -4.4324934, 8.3682759 ], [ -4.4322312, 8.3689047 ], [ -4.434605, 8.3698733 ] ] ] } },
{ "type": "Feature", "properties": { "element": "way", "id": "1302614632", "amenity": "hospital", "healthcare": "hospital", "name": "Hôpital Général de Bocanda", "source": null, "operational_status": null, "operator": null, "addr:suburb": null, "contact:email": null, "contact:mobile": null, "contact:phone": null, "opening_hours": null, "operator:type": null, "project:geoloc_unicef": null, "project:geoloc_unicef:id": null, "source:date": null, "short_name": null, "addr:street": null, "name:en": null, "website": null, "healthcare:speciality": null, "fixme": null, "phone": null, "office": null, "addr:city": null, "addr:postcode": null, "name:fr": "Hôpital Général de Bocanda", "email": null, "emergency": null, "alt_name": null, "fax": null, "fid": null, "project:opencities_abidjan": null, "addr:housenumber": null, "barrier": null, "building": null, "layer": null, "description": null, "start_date": null, "addr:country": null, "projet:ogpci": null, "health_facility:type": null, "wheelchair": null, "full_name": null, "health_facility:CI": null, "project:anr_cohesion_bouake": null, "wikidata": null, "wikipedia": null, "wikimedia_commons": null, "note": null, "source:imagery": null, "designation": null, "addr:housename": null, "addr:state": null, "internet_access": null, "is_in": null, "check_date": null, "elevator": null, "building:levels": null, "old_name": null, "official_name": null, "operator:wikidata": null, "operator:wikipedia": null, "projet:eboci": null, "contact:website": null, "name:ur": null, "nat_name": null, "type": null }, "geometry": { "type": "Polygon", "coordinates": [ [ [ -4.5031824, 7.0617561 ], [ -4.5023447, 7.0619078 ], [ -4.5021663, 7.0610638 ], [ -4.5025673, 7.0609663 ], [ -4.5027779, 7.0609152 ], [ -4.5040042, 7.0605991 ], [ -4.5041539, 7.060931 ], [ -4.5041922, 7.0611871 ], [ -4.5031824, 7.0617561 ] ] ] } },
{ "type": "Feature", "properties": { "element": "way", "id": "1314833480", "amenity": "hospital", "healthcare": "hospital", "name": "Dispensaire de Gnintitoigui 1", "source": null, "operational_status": null, "operator": null, "addr:suburb": null, "contact:email": null, "contact:mobile": null, "contact:phone": null, "opening_hours": null, "operator:type": null, "project:geoloc_unicef": null, "project:geoloc_unicef:id": null, "source:date": null, "short_name": null, "addr:street": null, "name:en": null, "website": null, "healthcare:speciality": null, "fixme": null, "phone": null, "office": null, "addr:city": null, "addr:postcode": null, "name:fr": null, "email": null, "emergency": null, "alt_name": null, "fax": null, "fid": null, "project:opencities_abidjan": null, "addr:housenumber": null, "barrier": null, "building": null, "layer": null, "description": null, "start_date": null, "addr:country": null, "projet:ogpci": null, "health_facility:type": null, "wheelchair": null, "full_name": null, "health_facility:CI": null, "project:anr_cohesion_bouake": null, "wikidata": null, "wikipedia": null, "wikimedia_commons": null, "note": null, "source:imagery": null, "designation": null, "addr:housename": null, "addr:state": null, "internet_access": null, "is_in": null, "check_date": null, "elevator": null, "building:levels": null, "old_name": null, "official_name": null, "operator:wikidata": null, "operator:wikipedia": null, "projet:eboci": null, "contact:website": null, "name:ur": null, "nat_name": null, "type": null }, "geometry": { "type": "Polygon", "coordinates": [ [ [ -6.5311769, 5.3199842 ], [ -6.5316691, 5.3195437 ], [ -6.5312485, 5.3189109 ], [ -6.5306909, 5.3191715 ], [ -6.5307189, 5.3194166 ], [ -6.5308934, 5.3196988 ], [ -6.5311769, 5.3199842 ] ] ] } },
{ "type": "Feature", "properties": { "element": "way", "id": "1316815873", "amenity": "hospital", "healthcare": "hospital", "name": "Hôpital Général de Tiebissou", "source": null, "operational_status": null, "operator": null, "addr:suburb": null, "contact:email": null, "contact:mobile": null, "contact:phone": null, "opening_hours": null, "operator:type": null, "project:geoloc_unicef": null, "project:geoloc_unicef:id": null, "source:date": null, "short_name": null, "addr:street": null, "name:en": null, "website": null, "healthcare:speciality": null, "fixme": null, "phone": null, "office": null, "addr:city": null, "addr:postcode": null, "name:fr": null, "email": null, "emergency": null, "alt_name": null, "fax": null, "fid": null, "project:opencities_abidjan": null, "addr:housenumber": null, "barrier": null, "building": null, "layer": null, "description": null, "start_date": null, "addr:country": null, "projet:ogpci": null, "health_facility:type": null, "wheelchair": null, "full_name": null, "health_facility:CI": null, "project:anr_cohesion_bouake": null, "wikidata": null, "wikipedia": null, "wikimedia_commons": null, "note": null, "source:imagery": null, "designation": null, "addr:housename": null, "addr:state": null, "internet_access": null, "is_in": null, "check_date": null, "elevator": null, "building:levels": null, "old_name": null, "official_name": null, "operator:wikidata": null, "operator:wikipedia": null, "projet:eboci": null, "contact:website": null, "name:ur": null, "nat_name": null, "type": null }, "geometry": { "type": "Polygon", "coordinates": [ [ [ -5.2237034, 7.1596367 ], [ -5.2234288, 7.159655 ], [ -5.2233253, 7.1592975 ], [ -5.222452, 7.1596176 ], [ -5.2223186, 7.1601324 ], [ -5.2225574, 7.1603518 ], [ -5.2227659, 7.1605508 ], [ -5.222853, 7.1606312 ], [ -5.223026, 7.1604415 ], [ -5.2231204, 7.160447 ], [ -5.2233254, 7.1606191 ], [ -5.2237332, 7.1601583 ], [ -5.2237068, 7.1596955 ], [ -5.2237034, 7.1596367 ] ] ] } },
{ "type": "Feature", "properties": { "element": "way", "id": "1316966997", "amenity": "hospital", "healthcare": "hospital", "name": "Hôpital Général de Vavoua", "source": null, "operational_status": null, "operator": null, "addr:suburb": null, "contact:email": null, "contact:mobile": null, "contact:phone": null, "opening_hours": null, "operator:type": null, "project:geoloc_unicef": null, "project:geoloc_unicef:id": null, "source:date": null, "short_name": null, "addr:street": null, "name:en": null, "website": null, "healthcare:speciality": null, "fixme": null, "phone": null, "office": null, "addr:city": null, "addr:postcode": null, "name:fr": null, "email": null, "emergency": null, "alt_name": null, "fax": null, "fid": null, "project:opencities_abidjan": null, "addr:housenumber": null, "barrier": null, "building": null, "layer": null, "description": null, "start_date": null, "addr:country": null, "projet:ogpci": null, "health_facility:type": null, "wheelchair": null, "full_name": null, "health_facility:CI": null, "project:anr_cohesion_bouake": null, "wikidata": null, "wikipedia": null, "wikimedia_commons": null, "note": null, "source:imagery": null, "designation": null, "addr:housename": null, "addr:state": null, "internet_access": null, "is_in": null, "check_date": null, "elevator": null, "building:levels": null, "old_name": null, "official_name": null, "operator:wikidata": null, "operator:wikipedia": null, "projet:eboci": null, "contact:website": null, "name:ur": null, "nat_name": null, "type": null }, "geometry": { "type": "Polygon", "coordinates": [ [ [ -6.4785413, 7.3910435 ], [ -6.4800809, 7.3911206 ], [ -6.4802257, 7.3886788 ], [ -6.4795552, 7.3886442 ], [ -6.4793996, 7.3888836 ], [ -6.4785413, 7.3910435 ] ] ] } },
{ "type": "Feature", "properties": { "element": "way", "id": "1317405677", "amenity": "hospital", "healthcare": "hospital", "name": "Hôpital Général de Danané", "source": null, "operational_status": null, "operator": null, "addr:suburb": null, "contact:email": null, "contact:mobile": null, "contact:phone": null, "opening_hours": null, "operator:type": null, "project:geoloc_unicef": null, "project:geoloc_unicef:id": null, "source:date": null, "short_name": null, "addr:street": null, "name:en": null, "website": null, "healthcare:speciality": null, "fixme": null, "phone": null, "office": null, "addr:city": null, "addr:postcode": null, "name:fr": null, "email": null, "emergency": null, "alt_name": null, "fax": null, "fid": null, "project:opencities_abidjan": null, "addr:housenumber": null, "barrier": null, "building": null, "layer": null, "description": null, "start_date": null, "addr:country": null, "projet:ogpci": null, "health_facility:type": null, "wheelchair": null, "full_name": null, "health_facility:CI": null, "project:anr_cohesion_bouake": null, "wikidata": null, "wikipedia": null, "wikimedia_commons": null, "note": null, "source:imagery": null, "designation": null, "addr:housename": null, "addr:state": null, "internet_access": null, "is_in": null, "check_date": null, "elevator": null, "building:levels": null, "old_name": null, "official_name": null, "operator:wikidata": null, "operator:wikipedia": null, "projet:eboci": null, "contact:website": null, "name:ur": null, "nat_name": null, "type": null }, "geometry": { "type": "Polygon", "coordinates": [ [ [ -8.1174519, 7.2622965 ], [ -8.117341, 7.2623759 ], [ -8.1176029, 7.2627427 ], [ -8.1178813, 7.2628423 ], [ -8.1186022, 7.2633526 ], [ -8.1187675, 7.2637941 ], [ -8.1188398, 7.2637784 ], [ -8.1188379, 7.2637327 ], [ -8.1188932, 7.2637222 ], [ -8.1189556, 7.2637125 ], [ -8.1190213, 7.2637023 ], [ -8.119051, 7.2636942 ], [ -8.1190601, 7.2637366 ], [ -8.1191279, 7.2637269 ], [ -8.1191095, 7.2636107 ], [ -8.119547, 7.2630422 ], [ -8.1195932, 7.2626693 ], [ -8.1195297, 7.2620751 ], [ -8.1194114, 7.2616516 ], [ -8.1186627, 7.2611137 ], [ -8.11837, 7.2609975 ], [ -8.1182468, 7.26108 ], [ -8.117569, 7.2612726 ], [ -8.1175659, 7.2615018 ], [ -8.1173379, 7.2615171 ], [ -8.1173317, 7.2616241 ], [ -8.1172811, 7.2617466 ], [ -8.1172584, 7.2617932 ], [ -8.1172485, 7.2618227 ], [ -8.1173903, 7.2620672 ], [ -8.1174519, 7.2622965 ] ] ] } },
{ "type": "Feature", "properties": { "element": "way", "id": "1320693945", "amenity": "hospital", "healthcare": "hospital", "name": "Hôpital Général de Guitry", "source": null, "operational_status": null, "operator": null, "addr:suburb": null, "contact:email": null, "contact:mobile": null, "contact:phone": null, "opening_hours": null, "operator:type": null, "project:geoloc_unicef": null, "project:geoloc_unicef:id": null, "source:date": null, "short_name": null, "addr:street": null, "name:en": null, "website": null, "healthcare:speciality": null, "fixme": null, "phone": null, "office": null, "addr:city": null, "addr:postcode": null, "name:fr": null, "email": null, "emergency": null, "alt_name": null, "fax": null, "fid": null, "project:opencities_abidjan": null, "addr:housenumber": null, "barrier": null, "building": null, "layer": null, "description": null, "start_date": null, "addr:country": null, "projet:ogpci": null, "health_facility:type": null, "wheelchair": null, "full_name": null, "health_facility:CI": null, "project:anr_cohesion_bouake": null, "wikidata": null, "wikipedia": null, "wikimedia_commons": null, "note": null, "source:imagery": null, "designation": null, "addr:housename": null, "addr:state": null, "internet_access": null, "is_in": null, "check_date": null, "elevator": null, "building:levels": null, "old_name": null, "official_name": null, "operator:wikidata": null, "operator:wikipedia": null, "projet:eboci": null, "contact:website": null, "name:ur": null, "nat_name": null, "type": null }, "geometry": { "type": "Polygon", "coordinates": [ [ [ -5.2416009, 5.5225847 ], [ -5.2408055, 5.523174 ], [ -5.241501, 5.524102 ], [ -5.2424112, 5.523579 ], [ -5.2421855, 5.5233021 ], [ -5.2416009, 5.5225847 ] ] ] } },
{ "type": "Feature", "properties": { "element": "way", "id": "1328421896", "amenity": "hospital", "healthcare": "hospital", "name": "Hôpital Général de Lakota", "source": null, "operational_status": null, "operator": null, "addr:suburb": null, "contact:email": null, "contact:mobile": null, "contact:phone": null, "opening_hours": null, "operator:type": null, "project:geoloc_unicef": null, "project:geoloc_unicef:id": null, "source:date": null, "short_name": null, "addr:street": null, "name:en": null, "website": null, "healthcare:speciality": null, "fixme": null, "phone": null, "office": null, "addr:city": null, "addr:postcode": null, "name:fr": null, "email": null, "emergency": null, "alt_name": null, "fax": null, "fid": null, "project:opencities_abidjan": null, "addr:housenumber": null, "barrier": null, "building": null, "layer": null, "description": null, "start_date": null, "addr:country": null, "projet:ogpci": null, "health_facility:type": null, "wheelchair": null, "full_name": null, "health_facility:CI": null, "project:anr_cohesion_bouake": null, "wikidata": null, "wikipedia": null, "wikimedia_commons": null, "note": null, "source:imagery": null, "designation": null, "addr:housename": null, "addr:state": null, "internet_access": null, "is_in": null, "check_date": null, "elevator": null, "building:levels": null, "old_name": null, "official_name": null, "operator:wikidata": null, "operator:wikipedia": null, "projet:eboci": null, "contact:website": null, "name:ur": null, "nat_name": null, "type": null }, "geometry": { "type": "Polygon", "coordinates": [ [ [ -5.682105, 5.8566654 ], [ -5.6819241, 5.8562225 ], [ -5.6814891, 5.8563924 ], [ -5.6813752, 5.856083 ], [ -5.6812919, 5.8561093 ], [ -5.6810974, 5.855611 ], [ -5.6800343, 5.8560013 ], [ -5.6797761, 5.8575867 ], [ -5.6815874, 5.8568682 ], [ -5.6815805, 5.8568393 ], [ -5.682105, 5.8566654 ] ] ] } },
{ "type": "Feature", "properties": { "element": "way", "id": "1330516677", "amenity": "hospital", "healthcare": "hospital", "name": "Hôpital Général de Grand-Lahou", "source": null, "operational_status": null, "operator": null, "addr:suburb": null, "contact:email": null, "contact:mobile": null, "contact:phone": null, "opening_hours": null, "operator:type": null, "project:geoloc_unicef": null, "project:geoloc_unicef:id": null, "source:date": null, "short_name": null, "addr:street": null, "name:en": null, "website": null, "healthcare:speciality": null, "fixme": null, "phone": null, "office": null, "addr:city": null, "addr:postcode": null, "name:fr": null, "email": null, "emergency": null, "alt_name": null, "fax": null, "fid": null, "project:opencities_abidjan": null, "addr:housenumber": null, "barrier": null, "building": null, "layer": null, "description": null, "start_date": null, "addr:country": null, "projet:ogpci": null, "health_facility:type": null, "wheelchair": null, "full_name": null, "health_facility:CI": null, "project:anr_cohesion_bouake": null, "wikidata": null, "wikipedia": null, "wikimedia_commons": null, "note": null, "source:imagery": null, "designation": null, "addr:housename": null, "addr:state": null, "internet_access": null, "is_in": null, "check_date": null, "elevator": null, "building:levels": null, "old_name": null, "official_name": null, "operator:wikidata": null, "operator:wikipedia": null, "projet:eboci": null, "contact:website": null, "name:ur": null, "nat_name": null, "type": null }, "geometry": { "type": "Polygon", "coordinates": [ [ [ -5.0058471, 5.2575187 ], [ -5.0043105, 5.2567723 ], [ -5.0032347, 5.2587505 ], [ -5.0047762, 5.2595781 ], [ -5.0058471, 5.2575187 ] ] ] } },
{ "type": "Feature", "properties": { "element": "way", "id": "1332096776", "amenity": "hospital", "healthcare": "hospital", "name": "Hôpital Général de Mankono", "source": null, "operational_status": null, "operator": null, "addr:suburb": null, "contact:email": null, "contact:mobile": null, "contact:phone": null, "opening_hours": null, "operator:type": null, "project:geoloc_unicef": null, "project:geoloc_unicef:id": null, "source:date": null, "short_name": null, "addr:street": null, "name:en": null, "website": null, "healthcare:speciality": null, "fixme": null, "phone": "+22532757074", "office": null, "addr:city": null, "addr:postcode": null, "name:fr": null, "email": null, "emergency": null, "alt_name": null, "fax": null, "fid": null, "project:opencities_abidjan": null, "addr:housenumber": null, "barrier": null, "building": null, "layer": null, "description": null, "start_date": null, "addr:country": null, "projet:ogpci": null, "health_facility:type": null, "wheelchair": null, "full_name": null, "health_facility:CI": null, "project:anr_cohesion_bouake": null, "wikidata": null, "wikipedia": null, "wikimedia_commons": null, "note": null, "source:imagery": null, "designation": null, "addr:housename": null, "addr:state": null, "internet_access": null, "is_in": null, "check_date": null, "elevator": null, "building:levels": null, "old_name": null, "official_name": null, "operator:wikidata": null, "operator:wikipedia": null, "projet:eboci": null, "contact:website": null, "name:ur": null, "nat_name": null, "type": null }, "geometry": { "type": "Polygon", "coordinates": [ [ [ -6.1917056, 8.0675593 ], [ -6.1914678, 8.0676416 ], [ -6.1895098, 8.0682603 ], [ -6.1889626, 8.0667307 ], [ -6.1904942, 8.066157 ], [ -6.1907275, 8.0666537 ], [ -6.191213, 8.0664308 ], [ -6.1912272, 8.0664454 ], [ -6.1917056, 8.0675593 ] ] ] } },
{ "type": "Feature", "properties": { "element": "way", "id": "1379371931", "amenity": "hospital", "healthcare": "hospital", "name": "Hôpital Général de Méagui", "source": null, "operational_status": null, "operator": null, "addr:suburb": null, "contact:email": null, "contact:mobile": null, "contact:phone": null, "opening_hours": null, "operator:type": null, "project:geoloc_unicef": null, "project:geoloc_unicef:id": null, "source:date": null, "short_name": null, "addr:street": null, "name:en": null, "website": null, "healthcare:speciality": null, "fixme": null, "phone": null, "office": null, "addr:city": null, "addr:postcode": null, "name:fr": null, "email": null, "emergency": null, "alt_name": null, "fax": null, "fid": null, "project:opencities_abidjan": null, "addr:housenumber": null, "barrier": null, "building": null, "layer": null, "description": null, "start_date": "2022-04", "addr:country": null, "projet:ogpci": null, "health_facility:type": null, "wheelchair": null, "full_name": null, "health_facility:CI": null, "project:anr_cohesion_bouake": null, "wikidata": null, "wikipedia": null, "wikimedia_commons": null, "note": null, "source:imagery": "EOx sentinel-2 2023", "designation": null, "addr:housename": null, "addr:state": null, "internet_access": null, "is_in": null, "check_date": null, "elevator": null, "building:levels": null, "old_name": null, "official_name": null, "operator:wikidata": null, "operator:wikipedia": null, "projet:eboci": null, "contact:website": null, "name:ur": null, "nat_name": null, "type": null }, "geometry": { "type": "Polygon", "coordinates": [ [ [ -6.5563668, 5.4325009 ], [ -6.5561376, 5.4303405 ], [ -6.5542614, 5.4305377 ], [ -6.5544223, 5.4320543 ], [ -6.5555609, 5.4319346 ], [ -6.5556292, 5.4325785 ], [ -6.5563668, 5.4325009 ] ] ] } },
{ "type": "Feature", "properties": { "element": "way", "id": "1380330517", "amenity": "hospital", "healthcare": "hospital", "name": "Centre Hospitalier Régional de Touba", "source": null, "operational_status": null, "operator": null, "addr:suburb": null, "contact:email": null, "contact:mobile": null, "contact:phone": null, "opening_hours": null, "operator:type": null, "project:geoloc_unicef": null, "project:geoloc_unicef:id": null, "source:date": null, "short_name": "CHR de Touba", "addr:street": null, "name:en": null, "website": null, "healthcare:speciality": null, "fixme": null, "phone": null, "office": null, "addr:city": null, "addr:postcode": null, "name:fr": null, "email": null, "emergency": null, "alt_name": null, "fax": null, "fid": null, "project:opencities_abidjan": null, "addr:housenumber": null, "barrier": null, "building": null, "layer": null, "description": null, "start_date": null, "addr:country": null, "projet:ogpci": null, "health_facility:type": null, "wheelchair": null, "full_name": null, "health_facility:CI": null, "project:anr_cohesion_bouake": null, "wikidata": null, "wikipedia": null, "wikimedia_commons": null, "note": null, "source:imagery": null, "designation": null, "addr:housename": null, "addr:state": null, "internet_access": null, "is_in": null, "check_date": null, "elevator": null, "building:levels": null, "old_name": null, "official_name": null, "operator:wikidata": null, "operator:wikipedia": null, "projet:eboci": null, "contact:website": null, "name:ur": null, "nat_name": null, "type": null }, "geometry": { "type": "Polygon", "coordinates": [ [ [ -7.6882039, 8.2829677 ], [ -7.6888942, 8.2851405 ], [ -7.6863671, 8.2858877 ], [ -7.6861978, 8.2858341 ], [ -7.6860829, 8.2857977 ], [ -7.6856982, 8.2845805 ], [ -7.6857116, 8.2845487 ], [ -7.6857269, 8.2845125 ], [ -7.6855026, 8.2838195 ], [ -7.6876879, 8.2831304 ], [ -7.6882039, 8.2829677 ] ] ] } },
{ "type": "Feature", "properties": { "element": "way", "id": "1393144423", "amenity": "hospital", "healthcare": "hospital", "name": "Hôital Général de Tengrela", "source": null, "operational_status": null, "operator": null, "addr:suburb": null, "contact:email": null, "contact:mobile": null, "contact:phone": null, "opening_hours": null, "operator:type": null, "project:geoloc_unicef": null, "project:geoloc_unicef:id": null, "source:date": null, "short_name": null, "addr:street": null, "name:en": null, "website": null, "healthcare:speciality": null, "fixme": null, "phone": null, "office": null, "addr:city": null, "addr:postcode": null, "name:fr": null, "email": null, "emergency": null, "alt_name": null, "fax": null, "fid": null, "project:opencities_abidjan": null, "addr:housenumber": null, "barrier": null, "building": null, "layer": null, "description": null, "start_date": null, "addr:country": null, "projet:ogpci": null, "health_facility:type": null, "wheelchair": null, "full_name": null, "health_facility:CI": null, "project:anr_cohesion_bouake": null, "wikidata": null, "wikipedia": null, "wikimedia_commons": null, "note": null, "source:imagery": null, "designation": null, "addr:housename": null, "addr:state": null, "internet_access": null, "is_in": null, "check_date": null, "elevator": null, "building:levels": null, "old_name": null, "official_name": null, "operator:wikidata": null, "operator:wikipedia": null, "projet:eboci": null, "contact:website": null, "name:ur": null, "nat_name": null, "type": null }, "geometry": { "type": "Polygon", "coordinates": [ [ [ -6.4098627, 10.4966576 ], [ -6.4097224, 10.4960764 ], [ -6.4097043, 10.4960013 ], [ -6.4094827, 10.4950833 ], [ -6.4085383, 10.4953037 ], [ -6.4085797, 10.4954754 ], [ -6.4079631, 10.495427 ], [ -6.4072534, 10.4955928 ], [ -6.4076362, 10.4971775 ], [ -6.4098627, 10.4966576 ] ] ] } },
{ "type": "Feature", "properties": { "element": "way", "id": "1394028608", "amenity": "hospital", "healthcare": "hospital", "name": null, "source": null, "operational_status": null, "operator": null, "addr:suburb": null, "contact:email": null, "contact:mobile": null, "contact:phone": null, "opening_hours": null, "operator:type": null, "project:geoloc_unicef": null, "project:geoloc_unicef:id": null, "source:date": null, "short_name": null, "addr:street": null, "name:en": null, "website": null, "healthcare:speciality": null, "fixme": null, "phone": null, "office": null, "addr:city": null, "addr:postcode": null, "name:fr": null, "email": null, "emergency": null, "alt_name": null, "fax": null, "fid": null, "project:opencities_abidjan": null, "addr:housenumber": null, "barrier": null, "building": null, "layer": null, "description": null, "start_date": null, "addr:country": null, "projet:ogpci": null, "health_facility:type": null, "wheelchair": null, "full_name": null, "health_facility:CI": null, "project:anr_cohesion_bouake": null, "wikidata": null, "wikipedia": null, "wikimedia_commons": null, "note": null, "source:imagery": null, "designation": null, "addr:housename": null, "addr:state": null, "internet_access": null, "is_in": null, "check_date": null, "elevator": null, "building:levels": null, "old_name": null, "official_name": null, "operator:wikidata": null, "operator:wikipedia": null, "projet:eboci": null, "contact:website": null, "name:ur": null, "nat_name": null, "type": null }, "geometry": { "type": "Polygon", "coordinates": [ [ [ -5.2830737, 8.6651099 ], [ -5.2833606, 8.6632376 ], [ -5.2822641, 8.6635439 ], [ -5.2811168, 8.663884 ], [ -5.2834105, 8.6667406 ], [ -5.2829793, 8.6655983 ], [ -5.2830737, 8.6651099 ] ] ] } },
{ "type": "Feature", "properties": { "element": "way", "id": "1395193883", "amenity": "hospital", "healthcare": "hospital", "name": "Hôpital Général d'Anyama", "source": null, "operational_status": null, "operator": null, "addr:suburb": null, "contact:email": null, "contact:mobile": null, "contact:phone": null, "opening_hours": null, "operator:type": null, "project:geoloc_unicef": null, "project:geoloc_unicef:id": null, "source:date": null, "short_name": null, "addr:street": null, "name:en": null, "website": null, "healthcare:speciality": null, "fixme": null, "phone": null, "office": null, "addr:city": null, "addr:postcode": null, "name:fr": null, "email": null, "emergency": null, "alt_name": null, "fax": null, "fid": null, "project:opencities_abidjan": null, "addr:housenumber": null, "barrier": null, "building": null, "layer": null, "description": null, "start_date": null, "addr:country": null, "projet:ogpci": null, "health_facility:type": null, "wheelchair": null, "full_name": null, "health_facility:CI": null, "project:anr_cohesion_bouake": null, "wikidata": null, "wikipedia": null, "wikimedia_commons": null, "note": null, "source:imagery": null, "designation": null, "addr:housename": null, "addr:state": null, "internet_access": null, "is_in": null, "check_date": null, "elevator": null, "building:levels": null, "old_name": null, "official_name": null, "operator:wikidata": null, "operator:wikipedia": null, "projet:eboci": null, "contact:website": null, "name:ur": null, "nat_name": null, "type": null }, "geometry": { "type": "Polygon", "coordinates": [ [ [ -4.0466716, 5.5019753 ], [ -4.045925, 5.5020914 ], [ -4.0449569, 5.5020682 ], [ -4.0450035, 5.4999815 ], [ -4.0454118, 5.5000064 ], [ -4.046295, 5.4999102 ], [ -4.0463082, 5.4999395 ], [ -4.0464733, 5.500786 ], [ -4.0465549, 5.5012551 ], [ -4.0466199, 5.5016286 ], [ -4.0466716, 5.5019753 ] ] ] } },
{ "type": "Feature", "properties": { "element": "way", "id": "1395193888", "amenity": "hospital", "healthcare": "hospital", "name": "Centre Médical Don Orione", "source": null, "operational_status": null, "operator": null, "addr:suburb": null, "contact:email": null, "contact:mobile": null, "contact:phone": null, "opening_hours": null, "operator:type": null, "project:geoloc_unicef": null, "project:geoloc_unicef:id": null, "source:date": null, "short_name": null, "addr:street": null, "name:en": null, "website": null, "healthcare:speciality": null, "fixme": null, "phone": null, "office": null, "addr:city": null, "addr:postcode": null, "name:fr": null, "email": null, "emergency": null, "alt_name": null, "fax": null, "fid": null, "project:opencities_abidjan": null, "addr:housenumber": null, "barrier": null, "building": null, "layer": null, "description": null, "start_date": null, "addr:country": null, "projet:ogpci": null, "health_facility:type": null, "wheelchair": null, "full_name": null, "health_facility:CI": null, "project:anr_cohesion_bouake": null, "wikidata": null, "wikipedia": null, "wikimedia_commons": null, "note": null, "source:imagery": null, "designation": null, "addr:housename": null, "addr:state": null, "internet_access": null, "is_in": null, "check_date": null, "elevator": null, "building:levels": null, "old_name": null, "official_name": null, "operator:wikidata": null, "operator:wikipedia": null, "projet:eboci": null, "contact:website": null, "name:ur": null, "nat_name": null, "type": null }, "geometry": { "type": "Polygon", "coordinates": [ [ [ -4.0495966, 5.5001907 ], [ -4.0494707, 5.5002261 ], [ -4.0488454, 5.5004017 ], [ -4.0487076, 5.4999154 ], [ -4.0486875, 5.4998447 ], [ -4.0485232, 5.4992653 ], [ -4.0492746, 5.4990543 ], [ -4.0495966, 5.5001907 ] ] ] } },
{ "type": "Feature", "properties": { "element": "way", "id": "1415862430", "amenity": "hospital", "healthcare": "hospital", "name": null, "source": null, "operational_status": null, "operator": null, "addr:suburb": null, "contact:email": null, "contact:mobile": null, "contact:phone": null, "opening_hours": null, "operator:type": null, "project:geoloc_unicef": null, "project:geoloc_unicef:id": null, "source:date": null, "short_name": null, "addr:street": null, "name:en": null, "website": null, "healthcare:speciality": null, "fixme": null, "phone": null, "office": null, "addr:city": null, "addr:postcode": null, "name:fr": null, "email": null, "emergency": null, "alt_name": null, "fax": null, "fid": null, "project:opencities_abidjan": null, "addr:housenumber": null, "barrier": null, "building": null, "layer": null, "description": null, "start_date": null, "addr:country": null, "projet:ogpci": null, "health_facility:type": null, "wheelchair": null, "full_name": null, "health_facility:CI": null, "project:anr_cohesion_bouake": null, "wikidata": null, "wikipedia": null, "wikimedia_commons": null, "note": null, "source:imagery": null, "designation": null, "addr:housename": null, "addr:state": null, "internet_access": null, "is_in": null, "check_date": null, "elevator": null, "building:levels": null, "old_name": null, "official_name": null, "operator:wikidata": null, "operator:wikipedia": null, "projet:eboci": null, "contact:website": null, "name:ur": null, "nat_name": null, "type": null }, "geometry": { "type": "Polygon", "coordinates": [ [ [ -6.4948466, 9.5236142 ], [ -6.4952322, 9.5237402 ], [ -6.4959315, 9.5209107 ], [ -6.4936269, 9.5203333 ], [ -6.4948466, 9.5236142 ] ] ] } },
{ "type": "Feature", "properties": { "element": "way", "id": "1455019372", "amenity": "hospital", "healthcare": "hospital", "name": "Centre De Sante Masroor", "source": null, "operational_status": null, "operator": "Humanity First", "addr:suburb": null, "contact:email": null, "contact:mobile": null, "contact:phone": null, "opening_hours": null, "operator:type": "charitable", "project:geoloc_unicef": null, "project:geoloc_unicef:id": null, "source:date": null, "short_name": null, "addr:street": null, "name:en": "Masroor Centre for Healthcare", "website": null, "healthcare:speciality": "maternity;intensive;neonatology", "fixme": null, "phone": null, "office": null, "addr:city": null, "addr:postcode": null, "name:fr": null, "email": null, "emergency": "yes", "alt_name": null, "fax": null, "fid": null, "project:opencities_abidjan": null, "addr:housenumber": null, "barrier": null, "building": "construction", "layer": null, "description": null, "start_date": null, "addr:country": null, "projet:ogpci": null, "health_facility:type": null, "wheelchair": null, "full_name": null, "health_facility:CI": null, "project:anr_cohesion_bouake": null, "wikidata": null, "wikipedia": null, "wikimedia_commons": null, "note": null, "source:imagery": null, "designation": null, "addr:housename": null, "addr:state": null, "internet_access": null, "is_in": null, "check_date": null, "elevator": null, "building:levels": null, "old_name": null, "official_name": null, "operator:wikidata": null, "operator:wikipedia": null, "projet:eboci": null, "contact:website": "https://masroorhealthcare.org/", "name:ur": "مسرور سنتڑ برائے صحتیابی", "nat_name": null, "type": null }, "geometry": { "type": "Polygon", "coordinates": [ [ [ -4.1160263, 5.3707918 ], [ -4.1160755, 5.370208 ], [ -4.1158232, 5.3701958 ], [ -4.1155136, 5.3699582 ], [ -4.1149696, 5.3699365 ], [ -4.1149682, 5.3700804 ], [ -4.1149259, 5.3707307 ], [ -4.1149491, 5.3707483 ], [ -4.1154455, 5.3707646 ], [ -4.1158654, 5.3707864 ], [ -4.1160263, 5.3707918 ] ] ] } },
{ "type": "Feature", "properties": { "element": "way", "id": "1474202531", "amenity": "hospital", "healthcare": "hospital", "name": "DELTA CLUB HOUSE", "source": null, "operational_status": null, "operator": null, "addr:suburb": null, "contact:email": null, "contact:mobile": null, "contact:phone": null, "opening_hours": null, "operator:type": null, "project:geoloc_unicef": null, "project:geoloc_unicef:id": null, "source:date": null, "short_name": null, "addr:street": null, "name:en": null, "website": null, "healthcare:speciality": null, "fixme": null, "phone": null, "office": null, "addr:city": null, "addr:postcode": null, "name:fr": null, "email": null, "emergency": null, "alt_name": null, "fax": null, "fid": null, "project:opencities_abidjan": null, "addr:housenumber": null, "barrier": null, "building": null, "layer": null, "description": null, "start_date": null, "addr:country": null, "projet:ogpci": null, "health_facility:type": null, "wheelchair": null, "full_name": null, "health_facility:CI": null, "project:anr_cohesion_bouake": null, "wikidata": null, "wikipedia": null, "wikimedia_commons": null, "note": null, "source:imagery": null, "designation": null, "addr:housename": null, "addr:state": null, "internet_access": null, "is_in": null, "check_date": null, "elevator": null, "building:levels": null, "old_name": null, "official_name": null, "operator:wikidata": null, "operator:wikipedia": null, "projet:eboci": null, "contact:website": null, "name:ur": null, "nat_name": "DELTA CLUB HOUSE", "type": null }, "geometry": { "type": "Polygon", "coordinates": [ [ [ -3.7968464, 5.2369816 ], [ -3.7971139, 5.2369983 ], [ -3.7971238, 5.2368244 ], [ -3.7971337, 5.2366483 ], [ -3.7971353, 5.2366208 ], [ -3.7969054, 5.2365947 ], [ -3.796871, 5.2366636 ], [ -3.7968464, 5.2369816 ] ] ] } },
{ "type": "Feature", "properties": { "element": "way", "id": "1516936285", "amenity": "hospital", "healthcare": "hospital", "name": "Hôpital Général de Zuénoula", "source": null, "operational_status": null, "operator": null, "addr:suburb": null, "contact:email": null, "contact:mobile": null, "contact:phone": null, "opening_hours": null, "operator:type": null, "project:geoloc_unicef": null, "project:geoloc_unicef:id": null, "source:date": null, "short_name": null, "addr:street": null, "name:en": null, "website": null, "healthcare:speciality": null, "fixme": null, "phone": null, "office": null, "addr:city": null, "addr:postcode": null, "name:fr": null, "email": null, "emergency": null, "alt_name": null, "fax": null, "fid": null, "project:opencities_abidjan": null, "addr:housenumber": null, "barrier": null, "building": null, "layer": null, "description": null, "start_date": null, "addr:country": null, "projet:ogpci": null, "health_facility:type": null, "wheelchair": null, "full_name": null, "health_facility:CI": null, "project:anr_cohesion_bouake": null, "wikidata": null, "wikipedia": null, "wikimedia_commons": null, "note": null, "source:imagery": null, "designation": null, "addr:housename": null, "addr:state": null, "internet_access": null, "is_in": null, "check_date": null, "elevator": null, "building:levels": null, "old_name": null, "official_name": null, "operator:wikidata": null, "operator:wikipedia": null, "projet:eboci": null, "contact:website": null, "name:ur": null, "nat_name": null, "type": null }, "geometry": { "type": "Polygon", "coordinates": [ [ [ -6.0513047, 7.4327102 ], [ -6.0506124, 7.4327084 ], [ -6.0499202, 7.4326909 ], [ -6.0499582, 7.4324272 ], [ -6.0500662, 7.4317419 ], [ -6.051336, 7.4319339 ], [ -6.0513047, 7.4327102 ] ] ] } },
{ "type": "Feature", "properties": { "element": "way", "id": "unicef_sante_plast", "amenity": "hospital", "healthcare": "hospital", "name": "Hôpital Général de Toumodi", "source": null, "operational_status": null, "operator": "UNICEF Côte d'Ivoire", "addr:suburb": null, "contact:email": null, "contact:mobile": null, "contact:phone": null, "opening_hours": null, "operator:type": null, "project:geoloc_unicef": null, "project:geoloc_unicef:id": null, "source:date": null, "short_name": null, "addr:street": null, "name:en": null, "website": null, "healthcare:speciality": null, "fixme": null, "phone": null, "office": null, "addr:city": "Toumodi", "addr:postcode": null, "name:fr": null, "email": null, "emergency": null, "alt_name": null, "fax": null, "fid": null, "project:opencities_abidjan": null, "addr:housenumber": null, "barrier": null, "building": null, "layer": null, "description": null, "start_date": null, "addr:country": null, "projet:ogpci": null, "health_facility:type": null, "wheelchair": null, "full_name": null, "health_facility:CI": null, "project:anr_cohesion_bouake": null, "wikidata": null, "wikipedia": null, "wikimedia_commons": null, "note": null, "source:imagery": null, "designation": null, "addr:housename": null, "addr:state": null, "internet_access": null, "is_in": null, "check_date": null, "elevator": null, "building:levels": null, "old_name": null, "official_name": null, "operator:wikidata": null, "operator:wikipedia": null, "projet:eboci": null, "contact:website": null, "name:ur": null, "nat_name": null, "type": null }, "geometry": { "type": "Polygon", "coordinates": [ [ [ -5.02001, 6.5540084 ], [ -5.0200023, 6.5517184 ], [ -5.0180685, 6.5510114 ], [ -5.018026, 6.5514418 ], [ -5.0177939, 6.5515532 ], [ -5.0176972, 6.55163 ], [ -5.0176433, 6.5532643 ], [ -5.0176607, 6.5536999 ], [ -5.0180448, 6.5536794 ], [ -5.0186022, 6.5536693 ], [ -5.0185936, 6.5537856 ], [ -5.0188281, 6.5537987 ], [ -5.0188247, 6.5540153 ], [ -5.02001, 6.5540084 ] ] ] } },
{ "type": "Feature", "properties": { "element": "way", "id": "unicef_sante_plast", "amenity": "hospital", "healthcare": "hospital", "name": "District Sanitaire d'Aboisso", "source": null, "operational_status": null, "operator": "UNICEF Côte d'Ivoire", "addr:suburb": null, "contact:email": null, "contact:mobile": null, "contact:phone": null, "opening_hours": null, "operator:type": null, "project:geoloc_unicef": null, "project:geoloc_unicef:id": null, "source:date": null, "short_name": null, "addr:street": null, "name:en": null, "website": null, "healthcare:speciality": null, "fixme": null, "phone": null, "office": null, "addr:city": "Aboisso", "addr:postcode": null, "name:fr": null, "email": null, "emergency": null, "alt_name": null, "fax": null, "fid": null, "project:opencities_abidjan": null, "addr:housenumber": null, "barrier": null, "building": null, "layer": null, "description": null, "start_date": null, "addr:country": null, "projet:ogpci": null, "health_facility:type": null, "wheelchair": null, "full_name": null, "health_facility:CI": null, "project:anr_cohesion_bouake": null, "wikidata": null, "wikipedia": null, "wikimedia_commons": null, "note": null, "source:imagery": null, "designation": null, "addr:housename": null, "addr:state": null, "internet_access": null, "is_in": null, "check_date": null, "elevator": null, "building:levels": null, "old_name": null, "official_name": null, "operator:wikidata": null, "operator:wikipedia": null, "projet:eboci": null, "contact:website": null, "name:ur": null, "nat_name": null, "type": null }, "geometry": { "type": "Polygon", "coordinates": [ [ [ -3.2057272, 5.4741145 ], [ -3.2056217, 5.4747562 ], [ -3.2056338, 5.4748587 ], [ -3.2058754, 5.4751083 ], [ -3.2063242, 5.4753111 ], [ -3.2072233, 5.4753229 ], [ -3.2074178, 5.4750979 ], [ -3.2074528, 5.4747424 ], [ -3.2074205, 5.4745669 ], [ -3.2070132, 5.4744466 ], [ -3.2066205, 5.4744033 ], [ -3.2061947, 5.4743004 ], [ -3.2057272, 5.4741145 ] ] ] } }
]
}
