{
"type": "FeatureCollection",
"name": "burkina_faso_hospitals",
"crs": { "type": "name", "properties": { "name": "urn:ogc:def:crs:OGC:1.3:CRS84" } },
"features": [
{ "type": "Feature", "properties": { "element": "node", "id": 344614499, "amenity": "hospital", "name": null, "name:fr": null, "healthcare": null, "operator": null, "Observation": null, "description": null, "name:en": null, "website": null, "opening_hours": null, "addr:city": null, "addr:street": null, "healthcare:speciality": null, "created_by": "Potlatch 0.10f", "health_facility:type": null, "id:uuid": null, "is_in:health_admin3": null, "operator:type": null, "source": null, "survey:date": null, "addr:housenumber": null, "emergency": null, "phone": null, "barrier": null, "addr:postcode": null, "short_name": null, "natural": null, "wheelchair": null, "check_date": null, "denomination": null, "building": null, "healthcare:cholera": null, "designation": null, "wikidata": null, "material": null, "start_date": null, "old_name": null, "internet_access": null, "height": null, "toilets:wheelchair": null, "landuse": null, "type": null }, "geometry": { "type": "Point", "coordinates": [ -1.506993, 12.3979957 ] } },
{ "type": "Feature", "properties": { "element": "node", "id": 3387641481, "amenity": "hospital", "name": "CMA de Kombissiri", "name:fr": null, "healthcare": null, "operator": null, "Observation": null, "description": null, "name:en": null, "website": null, "opening_hours": null, "addr:city": null, "addr:street": null, "healthcare:speciality": null, "created_by": null, "health_facility:type": null, "id:uuid": null, "is_in:health_admin3": null, "operator:type": null, "source": null, "survey:date": null, "addr:housenumber": null, "emergency": null, "phone": null, "barrier": null, "addr:postcode": null, "short_name": null, "natural": null, "wheelchair": null, "check_date": null, "denomination": null, "building": null, "healthcare:cholera": null, "designation": null, "wikidata": null, "material": null, "start_date": null, "old_name": null, "internet_access": null, "height": null, "toilets:wheelchair": null, "landuse": null, "type": null }, "geometry": { "type": "Point", "coordinates": [ -1.346669, 12.0808992 ] } },
{ "type": "Feature", "properties": { "element": "node", "id": 3809622057, "amenity": "hospital", "name": "CSPS de Kirio", "name:fr": null, "healthcare": null, "operator": "Ministère de la Santé du Burkina Faso", "Observation": null, "description": null, "name:en": null, "website": null, "opening_hours": null, "addr:city": null, "addr:street": null, "healthcare:speciality": null, "created_by": null, "health_facility:type": "health_center", "id:uuid": "urn:tdh_csps_pnt_id:kirio", "is_in:health_admin3": "Tougan", "operator:type": "public", "source": "Bing;Tdh;survey", "survey:date": "2015-10-27", "addr:housenumber": null, "emergency": null, "phone": null, "barrier": null, "addr:postcode": null, "short_name": null, "natural": null, "wheelchair": null, "check_date": null, "denomination": null, "building": null, "healthcare:cholera": null, "designation": null, "wikidata": null, "material": null, "start_date": null, "old_name": null, "internet_access": null, "height": null, "toilets:wheelchair": null, "landuse": null, "type": null }, "geometry": { "type": "Point", "coordinates": [ -2.6881585, 13.1475065 ] } },
{ "type": "Feature", "properties": { "element": "node", "id": 3810607281, "amenity": "hospital", "name": "CSPS de Gourbala", "name:fr": null, "healthcare": null, "operator": "Ministère de la Santé du Burkina Faso", "Observation": null, "description": null, "name:en": null, "website": null, "opening_hours": null, "addr:city": null, "addr:street": null, "healthcare:speciality": null, "created_by": null, "health_facility:type": "health_center", "id:uuid": "urn:tdh_csps_pnt_id:gourbala", "is_in:health_admin3": "Tougan", "operator:type": "public", "source": "Bing;Tdh;survey", "survey:date": "2015-10-28", "addr:housenumber": null, "emergency": null, "phone": null, "barrier": null, "addr:postcode": null, "short_name": null, "natural": null, "wheelchair": null, "check_date": null, "denomination": null, "building": null, "healthcare:cholera": null, "designation": null, "wikidata": null, "material": null, "start_date": null, "old_name": null, "internet_access": null, "height": null, "toilets:wheelchair": null, "landuse": null, "type": null }, "geometry": { "type": "Point", "coordinates": [ -2.600376, 13.1336229 ] } },
{ "type": "Feature", "properties": { "element": "node", "id": 4528456927, "amenity": "hospital", "name": "Malika", "name:fr": null, "healthcare": null, "operator": null, "Observation": null, "description": null, "name:en": null, "website": null, "opening_hours": null, "addr:city": "Almaty", "addr:street": "N 2 Avenue de Mopti", "healthcare:speciality": null, "created_by": null, "health_facility:type": null, "id:uuid": null, "is_in:health_admin3": null, "operator:type": null, "source": null, "survey:date": null, "addr:housenumber": "74", "emergency": null, "phone": null, "barrier": null, "addr:postcode": null, "short_name": null, "natural": null, "wheelchair": null, "check_date": null, "denomination": null, "building": null, "healthcare:cholera": null, "designation": null, "wikidata": null, "material": null, "start_date": null, "old_name": null, "internet_access": null, "height": null, "toilets:wheelchair": null, "landuse": null, "type": null }, "geometry": { "type": "Point", "coordinates": [ -2.4107923, 13.570868 ] } },
{ "type": "Feature", "properties": { "element": "node", "id": 4553065122, "amenity": "hospital", "name": "CSPS de Tibou", "name:fr": null, "healthcare": null, "operator": null, "Observation": null, "description": null, "name:en": null, "website": null, "opening_hours": null, "addr:city": null, "addr:street": null, "healthcare:speciality": null, "created_by": null, "health_facility:type": null, "id:uuid": null, "is_in:health_admin3": null, "operator:type": null, "source": null, "survey:date": null, "addr:housenumber": null, "emergency": null, "phone": null, "barrier": null, "addr:postcode": null, "short_name": null, "natural": null, "wheelchair": null, "check_date": null, "denomination": null, "building": null, "healthcare:cholera": null, "designation": null, "wikidata": null, "material": null, "start_date": null, "old_name": null, "internet_access": null, "height": null, "toilets:wheelchair": null, "landuse": null, "type": null }, "geometry": { "type": "Point", "coordinates": [ -2.16583, 14.0926392 ] } },
{ "type": "Feature", "properties": { "element": "node", "id": 5111883546, "amenity": "hospital", "name": "CSPS de Dayoubsi", "name:fr": null, "healthcare": null, "operator": null, "Observation": null, "description": null, "name:en": null, "website": null, "opening_hours": null, "addr:city": null, "addr:street": null, "healthcare:speciality": null, "created_by": null, "health_facility:type": null, "id:uuid": null, "is_in:health_admin3": null, "operator:type": null, "source": null, "survey:date": null, "addr:housenumber": null, "emergency": null, "phone": null, "barrier": null, "addr:postcode": null, "short_name": null, "natural": null, "wheelchair": null, "check_date": null, "denomination": null, "building": null, "healthcare:cholera": null, "designation": null, "wikidata": null, "material": null, "start_date": null, "old_name": null, "internet_access": null, "height": null, "toilets:wheelchair": null, "landuse": null, "type": null }, "geometry": { "type": "Point", "coordinates": [ -1.6037183, 12.2361713 ] } },
{ "type": "Feature", "properties": { "element": "node", "id": 5714864332, "amenity": "hospital", "name": "CSPS urbain de KOMBISSIRI", "name:fr": "CSPS urbain de KOMBISSIRI", "healthcare": null, "operator": null, "Observation": null, "description": null, "name:en": null, "website": null, "opening_hours": null, "addr:city": null, "addr:street": null, "healthcare:speciality": null, "created_by": null, "health_facility:type": null, "id:uuid": null, "is_in:health_admin3": null, "operator:type": null, "source": null, "survey:date": null, "addr:housenumber": null, "emergency": null, "phone": null, "barrier": null, "addr:postcode": null, "short_name": null, "natural": null, "wheelchair": null, "check_date": null, "denomination": null, "building": null, "healthcare:cholera": null, "designation": null, "wikidata": null, "material": null, "start_date": null, "old_name": null, "internet_access": null, "height": null, "toilets:wheelchair": null, "landuse": null, "type": null }, "geometry": { "type": "Point", "coordinates": [ -1.3338494, 12.0620441 ] } },
{ "type": "Feature", "properties": { "element": "node", "id": 5752925223, "amenity": "hospital", "name": "CSPS", "name:fr": "CSPS", "healthcare": "doctor", "operator": null, "Observation": null, "description": null, "name:en": null, "website": null, "opening_hours": null, "addr:city": null, "addr:street": null, "healthcare:speciality": null, "created_by": null, "health_facility:type": null, "id:uuid": null, "is_in:health_admin3": null, "operator:type": null, "source": null, "survey:date": null, "addr:housenumber": null, "emergency": null, "phone": null, "barrier": null, "addr:postcode": null, "short_name": null, "natural": null, "wheelchair": null, "check_date": null, "denomination": null, "building": null, "healthcare:cholera": null, "designation": null, "wikidata": null, "material": null, "start_date": null, "old_name": null, "internet_access": null, "height": null, "toilets:wheelchair": null, "landuse": null, "type": null }, "geometry": { "type": "Point", "coordinates": [ -1.5163337, 11.8773657 ] } },
{ "type": "Feature", "properties": { "element": "node", "id": 5752960621, "amenity": "hospital", "name": "CSPS", "name:fr": "CSPS", "healthcare": "doctor", "operator": null, "Observation": null, "description": null, "name:en": null, "website": null, "opening_hours": null, "addr:city": null, "addr:street": null, "healthcare:speciality": null, "created_by": null, "health_facility:type": null, "id:uuid": null, "is_in:health_admin3": null, "operator:type": null, "source": null, "survey:date": null, "addr:housenumber": null, "emergency": null, "phone": null, "barrier": null, "addr:postcode": null, "short_name": null, "natural": null, "wheelchair": null, "check_date": null, "denomination": null, "building": null, "healthcare:cholera": null, "designation": null, "wikidata": null, "material": null, "start_date": null, "old_name": null, "internet_access": null, "height": null, "toilets:wheelchair": null, "landuse": null, "type": null }, "geometry": { "type": "Point", "coordinates": [ -1.401912, 12.0584301 ] } },
{ "type": "Feature", "properties": { "element": "node", "id": 5752961322, "amenity": "hospital", "name": "csps", "name:fr": "csps", "healthcare": null, "operator": null, "Observation": null, "description": null, "name:en": null, "website": null, "opening_hours": null, "addr:city": null, "addr:street": null, "healthcare:speciality": null, "created_by": null, "health_facility:type": null, "id:uuid": null, "is_in:health_admin3": null, "operator:type": null, "source": null, "survey:date": null, "addr:housenumber": null, "emergency": null, "phone": null, "barrier": null, "addr:postcode": null, "short_name": null, "natural": null, "wheelchair": null, "check_date": null, "denomination": null, "building": null, "healthcare:cholera": null, "designation": null, "wikidata": null, "material": null, "start_date": null, "old_name": null, "internet_access": null, "height": null, "toilets:wheelchair": null, "landuse": null, "type": null }, "geometry": { "type": "Point", "coordinates": [ -1.5510004, 11.986036 ] } },
{ "type": "Feature", "properties": { "element": "node", "id": 5777305164, "amenity": "hospital", "name": "CSPS de Hitté", "name:fr": null, "healthcare": null, "operator": null, "Observation": null, "description": null, "name:en": null, "website": null, "opening_hours": null, "addr:city": null, "addr:street": null, "healthcare:speciality": null, "created_by": null, "health_facility:type": null, "id:uuid": null, "is_in:health_admin3": null, "operator:type": null, "source": null, "survey:date": null, "addr:housenumber": null, "emergency": null, "phone": null, "barrier": null, "addr:postcode": null, "short_name": null, "natural": null, "wheelchair": null, "check_date": null, "denomination": null, "building": null, "healthcare:cholera": null, "designation": null, "wikidata": null, "material": null, "start_date": null, "old_name": null, "internet_access": null, "height": null, "toilets:wheelchair": null, "landuse": null, "type": null }, "geometry": { "type": "Point", "coordinates": [ -1.8488158, 13.7656545 ] } },
{ "type": "Feature", "properties": { "element": "node", "id": 5793036563, "amenity": "hospital", "name": "CSPS", "name:fr": null, "healthcare": null, "operator": null, "Observation": null, "description": null, "name:en": null, "website": null, "opening_hours": null, "addr:city": null, "addr:street": null, "healthcare:speciality": null, "created_by": null, "health_facility:type": null, "id:uuid": null, "is_in:health_admin3": null, "operator:type": null, "source": null, "survey:date": null, "addr:housenumber": null, "emergency": null, "phone": null, "barrier": null, "addr:postcode": null, "short_name": null, "natural": null, "wheelchair": null, "check_date": null, "denomination": null, "building": null, "healthcare:cholera": null, "designation": null, "wikidata": null, "material": null, "start_date": null, "old_name": null, "internet_access": null, "height": null, "toilets:wheelchair": null, "landuse": null, "type": null }, "geometry": { "type": "Point", "coordinates": [ -0.0102701, 12.18639 ] } },
{ "type": "Feature", "properties": { "element": "node", "id": 5924680843, "amenity": "hospital", "name": "CSPS de Péélé", "name:fr": null, "healthcare": null, "operator": null, "Observation": null, "description": null, "name:en": null, "website": null, "opening_hours": null, "addr:city": null, "addr:street": null, "healthcare:speciality": null, "created_by": null, "health_facility:type": null, "id:uuid": null, "is_in:health_admin3": null, "operator:type": null, "source": null, "survey:date": null, "addr:housenumber": null, "emergency": null, "phone": null, "barrier": null, "addr:postcode": null, "short_name": null, "natural": null, "wheelchair": null, "check_date": null, "denomination": null, "building": null, "healthcare:cholera": null, "designation": null, "wikidata": null, "material": null, "start_date": null, "old_name": null, "internet_access": null, "height": null, "toilets:wheelchair": null, "landuse": null, "type": null }, "geometry": { "type": "Point", "coordinates": [ -1.1904837, 12.2688173 ] } },
{ "type": "Feature", "properties": { "element": "node", "id": 6235837136, "amenity": "hospital", "name": "CSPS de Tanvi", "name:fr": null, "healthcare": null, "operator": null, "Observation": null, "description": null, "name:en": null, "website": null, "opening_hours": null, "addr:city": null, "addr:street": null, "healthcare:speciality": null, "created_by": null, "health_facility:type": null, "id:uuid": null, "is_in:health_admin3": null, "operator:type": null, "source": null, "survey:date": null, "addr:housenumber": null, "emergency": null, "phone": null, "barrier": null, "addr:postcode": null, "short_name": null, "natural": null, "wheelchair": null, "check_date": null, "denomination": null, "building": null, "healthcare:cholera": null, "designation": null, "wikidata": null, "material": null, "start_date": null, "old_name": null, "internet_access": null, "height": null, "toilets:wheelchair": null, "landuse": null, "type": null }, "geometry": { "type": "Point", "coordinates": [ -1.3289917, 12.2480021 ] } },
{ "type": "Feature", "properties": { "element": "node", "id": 6235837137, "amenity": "hospital", "name": "CSPS", "name:fr": null, "healthcare": null, "operator": "Public", "Observation": null, "description": null, "name:en": null, "website": null, "opening_hours": null, "addr:city": null, "addr:street": null, "healthcare:speciality": null, "created_by": null, "health_facility:type": null, "id:uuid": null, "is_in:health_admin3": null, "operator:type": null, "source": null, "survey:date": null, "addr:housenumber": null, "emergency": null, "phone": null, "barrier": null, "addr:postcode": null, "short_name": null, "natural": null, "wheelchair": null, "check_date": null, "denomination": null, "building": null, "healthcare:cholera": null, "designation": null, "wikidata": null, "material": null, "start_date": null, "old_name": null, "internet_access": null, "height": null, "toilets:wheelchair": null, "landuse": null, "type": null }, "geometry": { "type": "Point", "coordinates": [ -1.2926289, 12.2661491 ] } },
{ "type": "Feature", "properties": { "element": "node", "id": 6431481878, "amenity": "hospital", "name": "CSPS de Kombori", "name:fr": null, "healthcare": null, "operator": null, "Observation": null, "description": null, "name:en": null, "website": null, "opening_hours": null, "addr:city": null, "addr:street": null, "healthcare:speciality": null, "created_by": null, "health_facility:type": null, "id:uuid": null, "is_in:health_admin3": null, "operator:type": null, "source": null, "survey:date": null, "addr:housenumber": null, "emergency": null, "phone": null, "barrier": null, "addr:postcode": null, "short_name": null, "natural": null, "wheelchair": null, "check_date": null, "denomination": null, "building": null, "healthcare:cholera": null, "designation": null, "wikidata": null, "material": null, "start_date": null, "old_name": null, "internet_access": null, "height": null, "toilets:wheelchair": null, "landuse": null, "type": null }, "geometry": { "type": "Point", "coordinates": [ -3.9411682, 13.4318761 ] } },
{ "type": "Feature", "properties": { "element": "node", "id": 6450529923, "amenity": "hospital", "name": "CSPS de Koulgoren", "name:fr": null, "healthcare": null, "operator": null, "Observation": null, "description": null, "name:en": null, "website": null, "opening_hours": null, "addr:city": null, "addr:street": null, "healthcare:speciality": null, "created_by": null, "health_facility:type": null, "id:uuid": null, "is_in:health_admin3": null, "operator:type": null, "source": null, "survey:date": null, "addr:housenumber": null, "emergency": null, "phone": null, "barrier": null, "addr:postcode": null, "short_name": null, "natural": null, "wheelchair": null, "check_date": null, "denomination": null, "building": null, "healthcare:cholera": null, "designation": null, "wikidata": null, "material": null, "start_date": null, "old_name": null, "internet_access": null, "height": null, "toilets:wheelchair": null, "landuse": null, "type": null }, "geometry": { "type": "Point", "coordinates": [ -2.0375991, 12.251082 ] } },
{ "type": "Feature", "properties": { "element": "node", "id": 6450529943, "amenity": "hospital", "name": "CSPS de Koanga", "name:fr": null, "healthcare": null, "operator": null, "Observation": null, "description": null, "name:en": null, "website": null, "opening_hours": null, "addr:city": null, "addr:street": null, "healthcare:speciality": null, "created_by": null, "health_facility:type": null, "id:uuid": null, "is_in:health_admin3": null, "operator:type": null, "source": null, "survey:date": null, "addr:housenumber": null, "emergency": null, "phone": null, "barrier": null, "addr:postcode": null, "short_name": null, "natural": null, "wheelchair": null, "check_date": null, "denomination": null, "building": null, "healthcare:cholera": null, "designation": null, "wikidata": null, "material": null, "start_date": null, "old_name": null, "internet_access": null, "height": null, "toilets:wheelchair": null, "landuse": null, "type": null }, "geometry": { "type": "Point", "coordinates": [ -1.9977146, 12.2804187 ] } },
{ "type": "Feature", "properties": { "element": "node", "id": 6499502781, "amenity": "hospital", "name": "Pneumologie", "name:fr": null, "healthcare": "hospital", "operator": null, "Observation": null, "description": null, "name:en": null, "website": null, "opening_hours": null, "addr:city": null, "addr:street": null, "healthcare:speciality": null, "created_by": null, "health_facility:type": null, "id:uuid": null, "is_in:health_admin3": null, "operator:type": null, "source": null, "survey:date": null, "addr:housenumber": null, "emergency": null, "phone": null, "barrier": null, "addr:postcode": null, "short_name": null, "natural": null, "wheelchair": null, "check_date": null, "denomination": null, "building": null, "healthcare:cholera": null, "designation": null, "wikidata": null, "material": null, "start_date": null, "old_name": null, "internet_access": null, "height": null, "toilets:wheelchair": null, "landuse": null, "type": null }, "geometry": { "type": "Point", "coordinates": [ -4.3016772, 11.1707522 ] } },
{ "type": "Feature", "properties": { "element": "node", "id": 6664097898, "amenity": "hospital", "name": "Accueil Service renseignement", "name:fr": null, "healthcare": "hospital", "operator": null, "Observation": null, "description": null, "name:en": null, "website": null, "opening_hours": null, "addr:city": null, "addr:street": null, "healthcare:speciality": null, "created_by": null, "health_facility:type": null, "id:uuid": null, "is_in:health_admin3": null, "operator:type": null, "source": null, "survey:date": null, "addr:housenumber": null, "emergency": null, "phone": null, "barrier": null, "addr:postcode": null, "short_name": null, "natural": null, "wheelchair": null, "check_date": null, "denomination": null, "building": null, "healthcare:cholera": null, "designation": null, "wikidata": null, "material": null, "start_date": null, "old_name": null, "internet_access": null, "height": null, "toilets:wheelchair": null, "landuse": null, "type": null }, "geometry": { "type": "Point", "coordinates": [ -4.3011626, 11.1708481 ] } },
{ "type": "Feature", "properties": { "element": "node", "id": 6664107762, "amenity": "hospital", "name": "Consultation", "name:fr": null, "healthcare": "hospital", "operator": null, "Observation": null, "description": null, "name:en": null, "website": null, "opening_hours": null, "addr:city": null, "addr:street": null, "healthcare:speciality": null, "created_by": null, "health_facility:type": null, "id:uuid": null, "is_in:health_admin3": null, "operator:type": null, "source": null, "survey:date": null, "addr:housenumber": null, "emergency": null, "phone": null, "barrier": null, "addr:postcode": null, "short_name": null, "natural": null, "wheelchair": null, "check_date": null, "denomination": null, "building": null, "healthcare:cholera": null, "designation": null, "wikidata": null, "material": null, "start_date": null, "old_name": null, "internet_access": null, "height": null, "toilets:wheelchair": null, "landuse": null, "type": null }, "geometry": { "type": "Point", "coordinates": [ -4.3020707, 11.1704782 ] } },
{ "type": "Feature", "properties": { "element": "node", "id": 6664182108, "amenity": "hospital", "name": "Cardiologie", "name:fr": null, "healthcare": "hospital", "operator": null, "Observation": null, "description": null, "name:en": null, "website": null, "opening_hours": null, "addr:city": null, "addr:street": null, "healthcare:speciality": null, "created_by": null, "health_facility:type": null, "id:uuid": null, "is_in:health_admin3": null, "operator:type": null, "source": null, "survey:date": null, "addr:housenumber": null, "emergency": null, "phone": null, "barrier": null, "addr:postcode": null, "short_name": null, "natural": null, "wheelchair": null, "check_date": null, "denomination": null, "building": null, "healthcare:cholera": null, "designation": null, "wikidata": null, "material": null, "start_date": null, "old_name": null, "internet_access": null, "height": null, "toilets:wheelchair": null, "landuse": null, "type": null }, "geometry": { "type": "Point", "coordinates": [ -4.3019391, 11.1705264 ] } },
{ "type": "Feature", "properties": { "element": "node", "id": 6664216006, "amenity": "hospital", "name": "Urgences", "name:fr": null, "healthcare": "hospital", "operator": null, "Observation": null, "description": null, "name:en": null, "website": null, "opening_hours": null, "addr:city": null, "addr:street": null, "healthcare:speciality": null, "created_by": null, "health_facility:type": null, "id:uuid": null, "is_in:health_admin3": null, "operator:type": null, "source": null, "survey:date": null, "addr:housenumber": null, "emergency": null, "phone": null, "barrier": null, "addr:postcode": null, "short_name": null, "natural": null, "wheelchair": null, "check_date": null, "denomination": null, "building": null, "healthcare:cholera": null, "designation": null, "wikidata": null, "material": null, "start_date": null, "old_name": null, "internet_access": null, "height": null, "toilets:wheelchair": null, "landuse": null, "type": null }, "geometry": { "type": "Point", "coordinates": [ -4.3013384, 11.1707503 ] } },
{ "type": "Feature", "properties": { "element": "node", "id": 6724862817, "amenity": "hospital", "name": "CSPS de Rega", "name:fr": null, "healthcare": null, "operator": "government", "Observation": null, "description": null, "name:en": null, "website": null, "opening_hours": null, "addr:city": null, "addr:street": null, "healthcare:speciality": null, "created_by": null, "health_facility:type": null, "id:uuid": null, "is_in:health_admin3": null, "operator:type": null, "source": null, "survey:date": null, "addr:housenumber": null, "emergency": null, "phone": null, "barrier": null, "addr:postcode": null, "short_name": null, "natural": null, "wheelchair": null, "check_date": null, "denomination": null, "building": null, "healthcare:cholera": null, "designation": null, "wikidata": null, "material": null, "start_date": null, "old_name": null, "internet_access": null, "height": null, "toilets:wheelchair": null, "landuse": null, "type": null }, "geometry": { "type": "Point", "coordinates": [ -2.5444186, 13.3567689 ] } },
{ "type": "Feature", "properties": { "element": "node", "id": 6860866042, "amenity": "hospital", "name": "CSPS de Kouéré", "name:fr": null, "healthcare": null, "operator": null, "Observation": null, "description": null, "name:en": null, "website": null, "opening_hours": null, "addr:city": null, "addr:street": null, "healthcare:speciality": null, "created_by": null, "health_facility:type": null, "id:uuid": null, "is_in:health_admin3": null, "operator:type": null, "source": null, "survey:date": null, "addr:housenumber": null, "emergency": null, "phone": null, "barrier": null, "addr:postcode": null, "short_name": null, "natural": null, "wheelchair": null, "check_date": null, "denomination": null, "building": null, "healthcare:cholera": null, "designation": null, "wikidata": null, "material": null, "start_date": null, "old_name": null, "internet_access": null, "height": null, "toilets:wheelchair": null, "landuse": null, "type": null }, "geometry": { "type": "Point", "coordinates": [ -4.0003002, 10.4632541 ] } },
{ "type": "Feature", "properties": { "element": "node", "id": 6868115020, "amenity": "hospital", "name": "CSPS de Dandougou", "name:fr": null, "healthcare": null, "operator": null, "Observation": null, "description": null, "name:en": null, "website": null, "opening_hours": null, "addr:city": null, "addr:street": null, "healthcare:speciality": null, "created_by": null, "health_facility:type": null, "id:uuid": null, "is_in:health_admin3": null, "operator:type": null, "source": null, "survey:date": null, "addr:housenumber": null, "emergency": null, "phone": null, "barrier": null, "addr:postcode": null, "short_name": null, "natural": null, "wheelchair": null, "check_date": null, "denomination": null, "building": null, "healthcare:cholera": null, "designation": null, "wikidata": null, "material": null, "start_date": null, "old_name": null, "internet_access": null, "height": null, "toilets:wheelchair": null, "landuse": null, "type": null }, "geometry": { "type": "Point", "coordinates": [ -4.0599874, 10.5247807 ] } },
{ "type": "Feature", "properties": { "element": "node", "id": 6899257185, "amenity": "hospital", "name": "CSPS de Koumenstenga-Mossi", "name:fr": null, "healthcare": null, "operator": null, "Observation": null, "description": null, "name:en": null, "website": null, "opening_hours": null, "addr:city": null, "addr:street": null, "healthcare:speciality": null, "created_by": null, "health_facility:type": null, "id:uuid": null, "is_in:health_admin3": null, "operator:type": null, "source": null, "survey:date": null, "addr:housenumber": null, "emergency": null, "phone": null, "barrier": null, "addr:postcode": null, "short_name": null, "natural": null, "wheelchair": null, "check_date": null, "denomination": null, "building": null, "healthcare:cholera": null, "designation": null, "wikidata": null, "material": null, "start_date": null, "old_name": null, "internet_access": null, "height": null, "toilets:wheelchair": null, "landuse": null, "type": null }, "geometry": { "type": "Point", "coordinates": [ -0.6563018, 12.941474 ] } },
{ "type": "Feature", "properties": { "element": "node", "id": 6935762560, "amenity": "hospital", "name": "CSPS de Faradjan", "name:fr": null, "healthcare": null, "operator": null, "Observation": null, "description": null, "name:en": null, "website": null, "opening_hours": null, "addr:city": null, "addr:street": null, "healthcare:speciality": null, "created_by": null, "health_facility:type": null, "id:uuid": null, "is_in:health_admin3": null, "operator:type": null, "source": null, "survey:date": null, "addr:housenumber": null, "emergency": null, "phone": null, "barrier": null, "addr:postcode": null, "short_name": null, "natural": null, "wheelchair": null, "check_date": null, "denomination": null, "building": null, "healthcare:cholera": null, "designation": null, "wikidata": null, "material": null, "start_date": null, "old_name": null, "internet_access": null, "height": null, "toilets:wheelchair": null, "landuse": null, "type": null }, "geometry": { "type": "Point", "coordinates": [ -4.2002615, 10.3740321 ] } },
{ "type": "Feature", "properties": { "element": "node", "id": 6967776019, "amenity": "hospital", "name": "Centre Médical de Nouna", "name:fr": null, "healthcare": null, "operator": null, "Observation": null, "description": null, "name:en": null, "website": null, "opening_hours": null, "addr:city": null, "addr:street": null, "healthcare:speciality": null, "created_by": null, "health_facility:type": null, "id:uuid": null, "is_in:health_admin3": null, "operator:type": null, "source": null, "survey:date": null, "addr:housenumber": null, "emergency": null, "phone": null, "barrier": null, "addr:postcode": null, "short_name": null, "natural": null, "wheelchair": null, "check_date": null, "denomination": null, "building": null, "healthcare:cholera": null, "designation": null, "wikidata": null, "material": null, "start_date": null, "old_name": null, "internet_access": null, "height": null, "toilets:wheelchair": null, "landuse": null, "type": null }, "geometry": { "type": "Point", "coordinates": [ -3.8597336, 12.7311547 ] } },
{ "type": "Feature", "properties": { "element": "node", "id": 7123358611, "amenity": "hospital", "name": "CSPS de Nasséré", "name:fr": null, "healthcare": null, "operator": "Public", "Observation": null, "description": null, "name:en": null, "website": null, "opening_hours": null, "addr:city": null, "addr:street": null, "healthcare:speciality": null, "created_by": null, "health_facility:type": null, "id:uuid": null, "is_in:health_admin3": null, "operator:type": null, "source": null, "survey:date": null, "addr:housenumber": null, "emergency": null, "phone": null, "barrier": null, "addr:postcode": null, "short_name": null, "natural": null, "wheelchair": null, "check_date": null, "denomination": null, "building": null, "healthcare:cholera": null, "designation": null, "wikidata": null, "material": null, "start_date": null, "old_name": null, "internet_access": null, "height": null, "toilets:wheelchair": null, "landuse": null, "type": null }, "geometry": { "type": "Point", "coordinates": [ -1.3587937, 13.3230471 ] } },
{ "type": "Feature", "properties": { "element": "node", "id": 7135969727, "amenity": "hospital", "name": "CSPS de Lédéré", "name:fr": null, "healthcare": null, "operator": "MS", "Observation": null, "description": null, "name:en": null, "website": null, "opening_hours": null, "addr:city": null, "addr:street": null, "healthcare:speciality": null, "created_by": null, "health_facility:type": null, "id:uuid": null, "is_in:health_admin3": null, "operator:type": null, "source": null, "survey:date": null, "addr:housenumber": null, "emergency": null, "phone": null, "barrier": null, "addr:postcode": null, "short_name": null, "natural": null, "wheelchair": null, "check_date": null, "denomination": null, "building": null, "healthcare:cholera": null, "designation": null, "wikidata": null, "material": null, "start_date": null, "old_name": null, "internet_access": null, "height": null, "toilets:wheelchair": null, "landuse": null, "type": null }, "geometry": { "type": "Point", "coordinates": [ -0.7644993, 12.9484675 ] } },
{ "type": "Feature", "properties": { "element": "node", "id": 7136092452, "amenity": "hospital", "name": "CSPS de Koanguen-Sangro", "name:fr": null, "healthcare": null, "operator": "MS", "Observation": null, "description": null, "name:en": null, "website": null, "opening_hours": null, "addr:city": null, "addr:street": null, "healthcare:speciality": null, "created_by": null, "health_facility:type": null, "id:uuid": null, "is_in:health_admin3": null, "operator:type": null, "source": null, "survey:date": null, "addr:housenumber": null, "emergency": null, "phone": null, "barrier": null, "addr:postcode": null, "short_name": null, "natural": null, "wheelchair": null, "check_date": null, "denomination": null, "building": null, "healthcare:cholera": null, "designation": null, "wikidata": null, "material": null, "start_date": null, "old_name": null, "internet_access": null, "height": null, "toilets:wheelchair": null, "landuse": null, "type": null }, "geometry": { "type": "Point", "coordinates": [ -0.8144152, 12.9900921 ] } },
{ "type": "Feature", "properties": { "element": "node", "id": 7367339359, "amenity": "hospital", "name": "Centre Abel Sanou", "name:fr": null, "healthcare": null, "operator": null, "Observation": null, "description": null, "name:en": null, "website": null, "opening_hours": null, "addr:city": null, "addr:street": null, "healthcare:speciality": null, "created_by": null, "health_facility:type": null, "id:uuid": null, "is_in:health_admin3": null, "operator:type": null, "source": null, "survey:date": null, "addr:housenumber": null, "emergency": null, "phone": null, "barrier": null, "addr:postcode": null, "short_name": null, "natural": null, "wheelchair": null, "check_date": null, "denomination": null, "building": null, "healthcare:cholera": null, "designation": null, "wikidata": null, "material": null, "start_date": null, "old_name": null, "internet_access": null, "height": null, "toilets:wheelchair": null, "landuse": null, "type": null }, "geometry": { "type": "Point", "coordinates": [ -4.2907941, 11.1961167 ] } },
{ "type": "Feature", "properties": { "element": "node", "id": 7402085605, "amenity": "hospital", "name": "CSPS de Ba", "name:fr": null, "healthcare": null, "operator": null, "Observation": null, "description": null, "name:en": null, "website": null, "opening_hours": null, "addr:city": null, "addr:street": null, "healthcare:speciality": null, "created_by": null, "health_facility:type": null, "id:uuid": null, "is_in:health_admin3": null, "operator:type": null, "source": null, "survey:date": null, "addr:housenumber": null, "emergency": null, "phone": null, "barrier": null, "addr:postcode": null, "short_name": null, "natural": null, "wheelchair": null, "check_date": null, "denomination": null, "building": null, "healthcare:cholera": null, "designation": null, "wikidata": null, "material": null, "start_date": null, "old_name": null, "internet_access": null, "height": null, "toilets:wheelchair": null, "landuse": null, "type": null }, "geometry": { "type": "Point", "coordinates": [ -4.0206555, 13.3594803 ] } },
{ "type": "Feature", "properties": { "element": "node", "id": 7402085668, "amenity": "hospital", "name": "CSPS de Koroni", "name:fr": null, "healthcare": null, "operator": null, "Observation": null, "description": null, "name:en": null, "website": null, "opening_hours": null, "addr:city": null, "addr:street": null, "healthcare:speciality": null, "created_by": null, "health_facility:type": null, "id:uuid": null, "is_in:health_admin3": null, "operator:type": null, "source": null, "survey:date": null, "addr:housenumber": null, "emergency": null, "phone": null, "barrier": null, "addr:postcode": null, "short_name": null, "natural": null, "wheelchair": null, "check_date": null, "denomination": null, "building": null, "healthcare:cholera": null, "designation": null, "wikidata": null, "material": null, "start_date": null, "old_name": null, "internet_access": null, "height": null, "toilets:wheelchair": null, "landuse": null, "type": null }, "geometry": { "type": "Point", "coordinates": [ -3.9287254, 13.30587 ] } },
{ "type": "Feature", "properties": { "element": "node", "id": 7402098006, "amenity": "hospital", "name": "CSPS de Berma", "name:fr": null, "healthcare": null, "operator": null, "Observation": null, "description": null, "name:en": null, "website": null, "opening_hours": null, "addr:city": null, "addr:street": null, "healthcare:speciality": null, "created_by": null, "health_facility:type": null, "id:uuid": null, "is_in:health_admin3": null, "operator:type": null, "source": null, "survey:date": null, "addr:housenumber": null, "emergency": null, "phone": null, "barrier": null, "addr:postcode": null, "short_name": null, "natural": null, "wheelchair": null, "check_date": null, "denomination": null, "building": null, "healthcare:cholera": null, "designation": null, "wikidata": null, "material": null, "start_date": null, "old_name": null, "internet_access": null, "height": null, "toilets:wheelchair": null, "landuse": null, "type": null }, "geometry": { "type": "Point", "coordinates": [ -3.8450378, 13.3331033 ] } },
{ "type": "Feature", "properties": { "element": "node", "id": 7410008319, "amenity": "hospital", "name": "CSPS de Borékuy", "name:fr": null, "healthcare": null, "operator": null, "Observation": null, "description": null, "name:en": null, "website": null, "opening_hours": null, "addr:city": null, "addr:street": null, "healthcare:speciality": null, "created_by": null, "health_facility:type": null, "id:uuid": null, "is_in:health_admin3": null, "operator:type": null, "source": null, "survey:date": null, "addr:housenumber": null, "emergency": null, "phone": null, "barrier": null, "addr:postcode": null, "short_name": null, "natural": null, "wheelchair": null, "check_date": null, "denomination": null, "building": null, "healthcare:cholera": null, "designation": null, "wikidata": null, "material": null, "start_date": null, "old_name": null, "internet_access": null, "height": null, "toilets:wheelchair": null, "landuse": null, "type": null }, "geometry": { "type": "Point", "coordinates": [ -4.0595984, 12.9164583 ] } },
{ "type": "Feature", "properties": { "element": "node", "id": 7795071985, "amenity": "hospital", "name": "Maternité", "name:fr": null, "healthcare": null, "operator": null, "Observation": null, "description": null, "name:en": null, "website": null, "opening_hours": null, "addr:city": null, "addr:street": null, "healthcare:speciality": null, "created_by": null, "health_facility:type": null, "id:uuid": null, "is_in:health_admin3": null, "operator:type": null, "source": null, "survey:date": null, "addr:housenumber": null, "emergency": null, "phone": null, "barrier": null, "addr:postcode": null, "short_name": null, "natural": null, "wheelchair": null, "check_date": null, "denomination": null, "building": null, "healthcare:cholera": null, "designation": null, "wikidata": null, "material": null, "start_date": null, "old_name": null, "internet_access": null, "height": null, "toilets:wheelchair": null, "landuse": null, "type": null }, "geometry": { "type": "Point", "coordinates": [ -1.506702, 12.3826538 ] } },
{ "type": "Feature", "properties": { "element": "node", "id": 7894988685, "amenity": "hospital", "name": "CSPS de SONDOGO", "name:fr": null, "healthcare": null, "operator": null, "Observation": null, "description": null, "name:en": null, "website": null, "opening_hours": null, "addr:city": null, "addr:street": null, "healthcare:speciality": null, "created_by": null, "health_facility:type": null, "id:uuid": null, "is_in:health_admin3": null, "operator:type": null, "source": null, "survey:date": null, "addr:housenumber": null, "emergency": null, "phone": null, "barrier": null, "addr:postcode": null, "short_name": null, "natural": null, "wheelchair": null, "check_date": null, "denomination": null, "building": null, "healthcare:cholera": null, "designation": null, "wikidata": null, "material": null, "start_date": null, "old_name": null, "internet_access": null, "height": null, "toilets:wheelchair": null, "landuse": null, "type": null }, "geometry": { "type": "Point", "coordinates": [ -1.597535, 12.3194894 ] } },
{ "type": "Feature", "properties": { "element": "node", "id": 7896277085, "amenity": "hospital", "name": "CSPS Frarakan", "name:fr": null, "healthcare": null, "operator": null, "Observation": null, "description": null, "name:en": null, "website": null, "opening_hours": null, "addr:city": null, "addr:street": null, "healthcare:speciality": null, "created_by": null, "health_facility:type": null, "id:uuid": null, "is_in:health_admin3": null, "operator:type": null, "source": null, "survey:date": null, "addr:housenumber": null, "emergency": null, "phone": null, "barrier": null, "addr:postcode": null, "short_name": null, "natural": null, "wheelchair": null, "check_date": null, "denomination": null, "building": null, "healthcare:cholera": null, "designation": null, "wikidata": null, "material": null, "start_date": null, "old_name": null, "internet_access": null, "height": null, "toilets:wheelchair": null, "landuse": null, "type": null }, "geometry": { "type": "Point", "coordinates": [ -4.2939348, 11.1893904 ] } },
{ "type": "Feature", "properties": { "element": "node", "id": 7896293185, "amenity": "hospital", "name": "CSPS de Hamdalaye", "name:fr": null, "healthcare": "hospital", "operator": null, "Observation": null, "description": null, "name:en": null, "website": null, "opening_hours": null, "addr:city": null, "addr:street": null, "healthcare:speciality": null, "created_by": null, "health_facility:type": null, "id:uuid": null, "is_in:health_admin3": null, "operator:type": null, "source": null, "survey:date": null, "addr:housenumber": null, "emergency": null, "phone": null, "barrier": null, "addr:postcode": null, "short_name": null, "natural": null, "wheelchair": null, "check_date": null, "denomination": null, "building": null, "healthcare:cholera": null, "designation": null, "wikidata": null, "material": null, "start_date": null, "old_name": null, "internet_access": null, "height": null, "toilets:wheelchair": null, "landuse": null, "type": null }, "geometry": { "type": "Point", "coordinates": [ -4.2967767, 11.1833172 ] } },
{ "type": "Feature", "properties": { "element": "node", "id": 7899805587, "amenity": "hospital", "name": "CSPS de Tounouma", "name:fr": null, "healthcare": "hospital", "operator": null, "Observation": null, "description": null, "name:en": null, "website": null, "opening_hours": null, "addr:city": null, "addr:street": null, "healthcare:speciality": null, "created_by": null, "health_facility:type": null, "id:uuid": null, "is_in:health_admin3": null, "operator:type": null, "source": null, "survey:date": null, "addr:housenumber": null, "emergency": null, "phone": null, "barrier": null, "addr:postcode": null, "short_name": null, "natural": null, "wheelchair": null, "check_date": null, "denomination": null, "building": null, "healthcare:cholera": null, "designation": null, "wikidata": null, "material": null, "start_date": null, "old_name": null, "internet_access": null, "height": null, "toilets:wheelchair": null, "landuse": null, "type": null }, "geometry": { "type": "Point", "coordinates": [ -4.2858871, 11.1816619 ] } },
{ "type": "Feature", "properties": { "element": "node", "id": 7911224201, "amenity": "hospital", "name": "CSPS de Kwon", "name:fr": null, "healthcare": null, "operator": "Public", "Observation": null, "description": null, "name:en": null, "website": null, "opening_hours": null, "addr:city": null, "addr:street": null, "healthcare:speciality": null, "created_by": null, "health_facility:type": null, "id:uuid": null, "is_in:health_admin3": null, "operator:type": null, "source": null, "survey:date": null, "addr:housenumber": null, "emergency": null, "phone": null, "barrier": null, "addr:postcode": null, "short_name": null, "natural": null, "wheelchair": null, "check_date": null, "denomination": null, "building": null, "healthcare:cholera": null, "designation": null, "wikidata": null, "material": null, "start_date": null, "old_name": null, "internet_access": null, "height": null, "toilets:wheelchair": null, "landuse": null, "type": null }, "geometry": { "type": "Point", "coordinates": [ -2.7470568, 12.5437899 ] } },
{ "type": "Feature", "properties": { "element": "node", "id": 7914029219, "amenity": "hospital", "name": "CSPS de Nyfou", "name:fr": null, "healthcare": null, "operator": "Public", "Observation": null, "description": null, "name:en": null, "website": null, "opening_hours": null, "addr:city": null, "addr:street": null, "healthcare:speciality": null, "created_by": null, "health_facility:type": null, "id:uuid": null, "is_in:health_admin3": null, "operator:type": null, "source": null, "survey:date": null, "addr:housenumber": null, "emergency": null, "phone": null, "barrier": null, "addr:postcode": null, "short_name": null, "natural": null, "wheelchair": null, "check_date": null, "denomination": null, "building": null, "healthcare:cholera": null, "designation": null, "wikidata": null, "material": null, "start_date": null, "old_name": null, "internet_access": null, "height": null, "toilets:wheelchair": null, "landuse": null, "type": null }, "geometry": { "type": "Point", "coordinates": [ -2.7734953, 12.4915466 ] } },
{ "type": "Feature", "properties": { "element": "node", "id": 7932759797, "amenity": "hospital", "name": "CSPS de Gossina", "name:fr": null, "healthcare": null, "operator": null, "Observation": null, "description": null, "name:en": null, "website": null, "opening_hours": null, "addr:city": null, "addr:street": null, "healthcare:speciality": null, "created_by": null, "health_facility:type": null, "id:uuid": null, "is_in:health_admin3": null, "operator:type": null, "source": null, "survey:date": null, "addr:housenumber": null, "emergency": null, "phone": null, "barrier": null, "addr:postcode": null, "short_name": null, "natural": null, "wheelchair": null, "check_date": null, "denomination": null, "building": null, "healthcare:cholera": null, "designation": null, "wikidata": null, "material": null, "start_date": null, "old_name": null, "internet_access": null, "height": null, "toilets:wheelchair": null, "landuse": null, "type": null }, "geometry": { "type": "Point", "coordinates": [ -2.8683396, 12.5224404 ] } },
{ "type": "Feature", "properties": { "element": "node", "id": 8096314217, "amenity": "hospital", "name": "Centre medical Bethany", "name:fr": null, "healthcare": null, "operator": null, "Observation": null, "description": null, "name:en": null, "website": null, "opening_hours": null, "addr:city": null, "addr:street": null, "healthcare:speciality": null, "created_by": null, "health_facility:type": null, "id:uuid": null, "is_in:health_admin3": null, "operator:type": null, "source": null, "survey:date": null, "addr:housenumber": null, "emergency": null, "phone": null, "barrier": null, "addr:postcode": null, "short_name": null, "natural": null, "wheelchair": null, "check_date": null, "denomination": null, "building": null, "healthcare:cholera": null, "designation": null, "wikidata": null, "material": null, "start_date": null, "old_name": null, "internet_access": null, "height": null, "toilets:wheelchair": null, "landuse": null, "type": null }, "geometry": { "type": "Point", "coordinates": [ 0.3733222, 12.0344054 ] } },
{ "type": "Feature", "properties": { "element": "node", "id": 8096314517, "amenity": "hospital", "name": "Centre Hospitalier Régional FADA", "name:fr": null, "healthcare": null, "operator": null, "Observation": null, "description": null, "name:en": null, "website": null, "opening_hours": null, "addr:city": null, "addr:street": null, "healthcare:speciality": null, "created_by": null, "health_facility:type": null, "id:uuid": null, "is_in:health_admin3": null, "operator:type": null, "source": null, "survey:date": null, "addr:housenumber": null, "emergency": null, "phone": null, "barrier": null, "addr:postcode": null, "short_name": null, "natural": null, "wheelchair": null, "check_date": null, "denomination": null, "building": null, "healthcare:cholera": null, "designation": null, "wikidata": null, "material": null, "start_date": null, "old_name": null, "internet_access": null, "height": null, "toilets:wheelchair": null, "landuse": null, "type": null }, "geometry": { "type": "Point", "coordinates": [ 0.3536529, 12.0596696 ] } },
{ "type": "Feature", "properties": { "element": "node", "id": 8121006651, "amenity": "hospital", "name": "CLINIQUE AURIANA", "name:fr": null, "healthcare": "hospital", "operator": "AURIANA", "Observation": null, "description": null, "name:en": null, "website": null, "opening_hours": null, "addr:city": "BOBO DIOULASSO", "addr:street": "secteur 24/33", "healthcare:speciality": "general;gynaecology;paediatrics;biology;radiology;urology;cardiology;neurology;clinic", "created_by": null, "health_facility:type": null, "id:uuid": null, "is_in:health_admin3": null, "operator:type": "private", "source": null, "survey:date": null, "addr:housenumber": "62577370/64333242", "emergency": "yes", "phone": null, "barrier": null, "addr:postcode": null, "short_name": null, "natural": null, "wheelchair": null, "check_date": null, "denomination": null, "building": null, "healthcare:cholera": null, "designation": null, "wikidata": null, "material": null, "start_date": null, "old_name": null, "internet_access": null, "height": null, "toilets:wheelchair": null, "landuse": null, "type": null }, "geometry": { "type": "Point", "coordinates": [ -4.2325082, 11.2012019 ] } },
{ "type": "Feature", "properties": { "element": "node", "id": 8140289001, "amenity": "hospital", "name": "CSPS de Sapo", "name:fr": null, "healthcare": null, "operator": "Public", "Observation": null, "description": null, "name:en": null, "website": null, "opening_hours": null, "addr:city": null, "addr:street": null, "healthcare:speciality": null, "created_by": null, "health_facility:type": null, "id:uuid": null, "is_in:health_admin3": null, "operator:type": null, "source": null, "survey:date": null, "addr:housenumber": null, "emergency": null, "phone": null, "barrier": null, "addr:postcode": null, "short_name": null, "natural": null, "wheelchair": null, "check_date": null, "denomination": null, "building": null, "healthcare:cholera": null, "designation": null, "wikidata": null, "material": null, "start_date": null, "old_name": null, "internet_access": null, "height": null, "toilets:wheelchair": null, "landuse": null, "type": null }, "geometry": { "type": "Point", "coordinates": [ -2.0387363, 11.9371244 ] } },
{ "type": "Feature", "properties": { "element": "node", "id": 8142791954, "amenity": "hospital", "name": "CSPS de Tim-Tim", "name:fr": null, "healthcare": null, "operator": "Public", "Observation": null, "description": null, "name:en": null, "website": null, "opening_hours": null, "addr:city": null, "addr:street": null, "healthcare:speciality": null, "created_by": null, "health_facility:type": null, "id:uuid": null, "is_in:health_admin3": null, "operator:type": null, "source": null, "survey:date": null, "addr:housenumber": null, "emergency": null, "phone": null, "barrier": null, "addr:postcode": null, "short_name": null, "natural": null, "wheelchair": null, "check_date": null, "denomination": null, "building": null, "healthcare:cholera": null, "designation": null, "wikidata": null, "material": null, "start_date": null, "old_name": null, "internet_access": null, "height": null, "toilets:wheelchair": null, "landuse": null, "type": null }, "geometry": { "type": "Point", "coordinates": [ -2.0442778, 12.0052717 ] } },
{ "type": "Feature", "properties": { "element": "node", "id": 8146833954, "amenity": "hospital", "name": "CSPS de Yil-Yaala (Roundé)", "name:fr": null, "healthcare": null, "operator": "Public", "Observation": null, "description": null, "name:en": null, "website": null, "opening_hours": null, "addr:city": null, "addr:street": null, "healthcare:speciality": null, "created_by": null, "health_facility:type": null, "id:uuid": null, "is_in:health_admin3": null, "operator:type": null, "source": null, "survey:date": null, "addr:housenumber": null, "emergency": null, "phone": null, "barrier": null, "addr:postcode": null, "short_name": null, "natural": null, "wheelchair": null, "check_date": null, "denomination": null, "building": null, "healthcare:cholera": null, "designation": null, "wikidata": null, "material": null, "start_date": null, "old_name": null, "internet_access": null, "height": null, "toilets:wheelchair": null, "landuse": null, "type": null }, "geometry": { "type": "Point", "coordinates": [ -2.0207816, 12.0064733 ] } },
{ "type": "Feature", "properties": { "element": "node", "id": 8171370787, "amenity": "hospital", "name": "CSPS de Sala", "name:fr": null, "healthcare": null, "operator": "Public", "Observation": null, "description": null, "name:en": null, "website": null, "opening_hours": null, "addr:city": null, "addr:street": null, "healthcare:speciality": null, "created_by": null, "health_facility:type": null, "id:uuid": null, "is_in:health_admin3": null, "operator:type": null, "source": null, "survey:date": null, "addr:housenumber": null, "emergency": null, "phone": null, "barrier": null, "addr:postcode": null, "short_name": null, "natural": null, "wheelchair": null, "check_date": null, "denomination": null, "building": null, "healthcare:cholera": null, "designation": null, "wikidata": null, "material": null, "start_date": null, "old_name": null, "internet_access": null, "height": null, "toilets:wheelchair": null, "landuse": null, "type": null }, "geometry": { "type": "Point", "coordinates": [ -2.1895583, 11.9328128 ] } },
{ "type": "Feature", "properties": { "element": "node", "id": 8180640627, "amenity": "hospital", "name": "CSPS de Binyéné", "name:fr": null, "healthcare": null, "operator": "Public", "Observation": null, "description": null, "name:en": null, "website": null, "opening_hours": null, "addr:city": null, "addr:street": null, "healthcare:speciality": null, "created_by": null, "health_facility:type": null, "id:uuid": null, "is_in:health_admin3": null, "operator:type": null, "source": null, "survey:date": null, "addr:housenumber": null, "emergency": null, "phone": null, "barrier": null, "addr:postcode": null, "short_name": null, "natural": null, "wheelchair": null, "check_date": null, "denomination": null, "building": null, "healthcare:cholera": null, "designation": null, "wikidata": null, "material": null, "start_date": null, "old_name": null, "internet_access": null, "height": null, "toilets:wheelchair": null, "landuse": null, "type": null }, "geometry": { "type": "Point", "coordinates": [ -1.9471416, 11.9094901 ] } },
{ "type": "Feature", "properties": { "element": "node", "id": 8189080893, "amenity": "hospital", "name": "CSPS de Yalou-Gouroungo", "name:fr": null, "healthcare": null, "operator": "Public", "Observation": null, "description": null, "name:en": null, "website": null, "opening_hours": null, "addr:city": null, "addr:street": null, "healthcare:speciality": null, "created_by": null, "health_facility:type": null, "id:uuid": null, "is_in:health_admin3": null, "operator:type": null, "source": null, "survey:date": null, "addr:housenumber": null, "emergency": null, "phone": null, "barrier": null, "addr:postcode": null, "short_name": null, "natural": null, "wheelchair": null, "check_date": null, "denomination": null, "building": null, "healthcare:cholera": null, "designation": null, "wikidata": null, "material": null, "start_date": null, "old_name": null, "internet_access": null, "height": null, "toilets:wheelchair": null, "landuse": null, "type": null }, "geometry": { "type": "Point", "coordinates": [ -1.9170727, 11.9552544 ] } },
{ "type": "Feature", "properties": { "element": "node", "id": 8210170948, "amenity": "hospital", "name": "CSPS de Yéozanga", "name:fr": null, "healthcare": null, "operator": "Public", "Observation": null, "description": null, "name:en": null, "website": null, "opening_hours": null, "addr:city": null, "addr:street": null, "healthcare:speciality": null, "created_by": null, "health_facility:type": null, "id:uuid": null, "is_in:health_admin3": null, "operator:type": null, "source": null, "survey:date": null, "addr:housenumber": null, "emergency": null, "phone": null, "barrier": null, "addr:postcode": null, "short_name": null, "natural": null, "wheelchair": null, "check_date": null, "denomination": null, "building": null, "healthcare:cholera": null, "designation": null, "wikidata": null, "material": null, "start_date": null, "old_name": null, "internet_access": null, "height": null, "toilets:wheelchair": null, "landuse": null, "type": null }, "geometry": { "type": "Point", "coordinates": [ -1.9944182, 12.0039232 ] } },
{ "type": "Feature", "properties": { "element": "node", "id": 8230420000, "amenity": "hospital", "name": "CSPS de Tayalo", "name:fr": null, "healthcare": null, "operator": "Public", "Observation": null, "description": null, "name:en": null, "website": null, "opening_hours": null, "addr:city": null, "addr:street": null, "healthcare:speciality": null, "created_by": null, "health_facility:type": null, "id:uuid": null, "is_in:health_admin3": null, "operator:type": null, "source": null, "survey:date": null, "addr:housenumber": null, "emergency": null, "phone": null, "barrier": null, "addr:postcode": null, "short_name": null, "natural": null, "wheelchair": null, "check_date": null, "denomination": null, "building": null, "healthcare:cholera": null, "designation": null, "wikidata": null, "material": null, "start_date": null, "old_name": null, "internet_access": null, "height": null, "toilets:wheelchair": null, "landuse": null, "type": null }, "geometry": { "type": "Point", "coordinates": [ -1.8827525, 11.8523152 ] } },
{ "type": "Feature", "properties": { "element": "node", "id": 8250215115, "amenity": "hospital", "name": "CSPS de Kinkirsgogo", "name:fr": null, "healthcare": null, "operator": "Public", "Observation": null, "description": null, "name:en": null, "website": null, "opening_hours": null, "addr:city": null, "addr:street": null, "healthcare:speciality": null, "created_by": null, "health_facility:type": null, "id:uuid": null, "is_in:health_admin3": null, "operator:type": null, "source": null, "survey:date": null, "addr:housenumber": null, "emergency": null, "phone": null, "barrier": null, "addr:postcode": null, "short_name": null, "natural": null, "wheelchair": null, "check_date": null, "denomination": null, "building": null, "healthcare:cholera": null, "designation": null, "wikidata": null, "material": null, "start_date": null, "old_name": null, "internet_access": null, "height": null, "toilets:wheelchair": null, "landuse": null, "type": null }, "geometry": { "type": "Point", "coordinates": [ -1.7541888, 11.8363388 ] } },
{ "type": "Feature", "properties": { "element": "node", "id": 8255957410, "amenity": "hospital", "name": "CSPS de Basnéré", "name:fr": null, "healthcare": null, "operator": "Public", "Observation": null, "description": null, "name:en": null, "website": null, "opening_hours": null, "addr:city": null, "addr:street": null, "healthcare:speciality": null, "created_by": null, "health_facility:type": null, "id:uuid": null, "is_in:health_admin3": null, "operator:type": null, "source": null, "survey:date": null, "addr:housenumber": null, "emergency": null, "phone": null, "barrier": null, "addr:postcode": null, "short_name": null, "natural": null, "wheelchair": null, "check_date": null, "denomination": null, "building": null, "healthcare:cholera": null, "designation": null, "wikidata": null, "material": null, "start_date": null, "old_name": null, "internet_access": null, "height": null, "toilets:wheelchair": null, "landuse": null, "type": null }, "geometry": { "type": "Point", "coordinates": [ -1.7851093, 11.9113797 ] } },
{ "type": "Feature", "properties": { "element": "node", "id": 8277361194, "amenity": "hospital", "name": "CSPS de Goumsin", "name:fr": null, "healthcare": null, "operator": null, "Observation": null, "description": null, "name:en": null, "website": null, "opening_hours": null, "addr:city": null, "addr:street": null, "healthcare:speciality": null, "created_by": null, "health_facility:type": null, "id:uuid": null, "is_in:health_admin3": null, "operator:type": null, "source": null, "survey:date": null, "addr:housenumber": null, "emergency": null, "phone": null, "barrier": null, "addr:postcode": null, "short_name": null, "natural": null, "wheelchair": null, "check_date": null, "denomination": null, "building": null, "healthcare:cholera": null, "designation": null, "wikidata": null, "material": null, "start_date": null, "old_name": null, "internet_access": null, "height": null, "toilets:wheelchair": null, "landuse": null, "type": null }, "geometry": { "type": "Point", "coordinates": [ -1.8113279, 11.9951053 ] } },
{ "type": "Feature", "properties": { "element": "node", "id": 8281337866, "amenity": "hospital", "name": "Dispensaire de Nayiri", "name:fr": null, "healthcare": null, "operator": null, "Observation": null, "description": null, "name:en": null, "website": null, "opening_hours": null, "addr:city": null, "addr:street": null, "healthcare:speciality": null, "created_by": null, "health_facility:type": null, "id:uuid": null, "is_in:health_admin3": null, "operator:type": null, "source": null, "survey:date": null, "addr:housenumber": null, "emergency": null, "phone": null, "barrier": null, "addr:postcode": null, "short_name": null, "natural": null, "wheelchair": null, "check_date": null, "denomination": null, "building": null, "healthcare:cholera": null, "designation": null, "wikidata": null, "material": null, "start_date": null, "old_name": null, "internet_access": null, "height": null, "toilets:wheelchair": null, "landuse": null, "type": null }, "geometry": { "type": "Point", "coordinates": [ -1.8250904, 12.0396537 ] } },
{ "type": "Feature", "properties": { "element": "node", "id": 8283676587, "amenity": "hospital", "name": "CSPS de Kayao", "name:fr": null, "healthcare": null, "operator": "Public", "Observation": null, "description": null, "name:en": null, "website": null, "opening_hours": null, "addr:city": null, "addr:street": null, "healthcare:speciality": null, "created_by": null, "health_facility:type": null, "id:uuid": null, "is_in:health_admin3": null, "operator:type": null, "source": null, "survey:date": null, "addr:housenumber": null, "emergency": null, "phone": null, "barrier": null, "addr:postcode": null, "short_name": null, "natural": null, "wheelchair": null, "check_date": null, "denomination": null, "building": null, "healthcare:cholera": null, "designation": null, "wikidata": null, "material": null, "start_date": null, "old_name": null, "internet_access": null, "height": null, "toilets:wheelchair": null, "landuse": null, "type": null }, "geometry": { "type": "Point", "coordinates": [ -1.8375894, 12.0097711 ] } },
{ "type": "Feature", "properties": { "element": "node", "id": 8291324173, "amenity": "hospital", "name": "CSPS de Sancé", "name:fr": null, "healthcare": null, "operator": "Public", "Observation": null, "description": null, "name:en": null, "website": null, "opening_hours": null, "addr:city": null, "addr:street": null, "healthcare:speciality": null, "created_by": null, "health_facility:type": null, "id:uuid": null, "is_in:health_admin3": null, "operator:type": null, "source": null, "survey:date": null, "addr:housenumber": null, "emergency": null, "phone": null, "barrier": null, "addr:postcode": null, "short_name": null, "natural": null, "wheelchair": null, "check_date": null, "denomination": null, "building": null, "healthcare:cholera": null, "designation": null, "wikidata": null, "material": null, "start_date": null, "old_name": null, "internet_access": null, "height": null, "toilets:wheelchair": null, "landuse": null, "type": null }, "geometry": { "type": "Point", "coordinates": [ -1.8560994, 12.0761663 ] } },
{ "type": "Feature", "properties": { "element": "node", "id": 8293387566, "amenity": "hospital", "name": "CSPS de Koukoulou", "name:fr": null, "healthcare": null, "operator": "Public", "Observation": null, "description": null, "name:en": null, "website": null, "opening_hours": null, "addr:city": null, "addr:street": null, "healthcare:speciality": null, "created_by": null, "health_facility:type": null, "id:uuid": null, "is_in:health_admin3": null, "operator:type": null, "source": null, "survey:date": null, "addr:housenumber": null, "emergency": null, "phone": null, "barrier": null, "addr:postcode": null, "short_name": null, "natural": null, "wheelchair": null, "check_date": null, "denomination": null, "building": null, "healthcare:cholera": null, "designation": null, "wikidata": null, "material": null, "start_date": null, "old_name": null, "internet_access": null, "height": null, "toilets:wheelchair": null, "landuse": null, "type": null }, "geometry": { "type": "Point", "coordinates": [ -1.856145, 12.1051237 ] } },
{ "type": "Feature", "properties": { "element": "node", "id": 8296306166, "amenity": "hospital", "name": "CSPS de Gounghin", "name:fr": null, "healthcare": null, "operator": "Public", "Observation": null, "description": null, "name:en": null, "website": null, "opening_hours": null, "addr:city": null, "addr:street": null, "healthcare:speciality": null, "created_by": null, "health_facility:type": null, "id:uuid": null, "is_in:health_admin3": null, "operator:type": null, "source": null, "survey:date": null, "addr:housenumber": null, "emergency": null, "phone": null, "barrier": null, "addr:postcode": null, "short_name": null, "natural": null, "wheelchair": null, "check_date": null, "denomination": null, "building": null, "healthcare:cholera": null, "designation": null, "wikidata": null, "material": null, "start_date": null, "old_name": null, "internet_access": null, "height": null, "toilets:wheelchair": null, "landuse": null, "type": null }, "geometry": { "type": "Point", "coordinates": [ -1.9127101, 12.0861277 ] } },
{ "type": "Feature", "properties": { "element": "node", "id": 8303015083, "amenity": "hospital", "name": "CSPS de Nakomtenga", "name:fr": null, "healthcare": null, "operator": "Public", "Observation": null, "description": null, "name:en": null, "website": null, "opening_hours": null, "addr:city": null, "addr:street": null, "healthcare:speciality": null, "created_by": null, "health_facility:type": null, "id:uuid": null, "is_in:health_admin3": null, "operator:type": null, "source": null, "survey:date": null, "addr:housenumber": null, "emergency": null, "phone": null, "barrier": null, "addr:postcode": null, "short_name": null, "natural": null, "wheelchair": null, "check_date": null, "denomination": null, "building": null, "healthcare:cholera": null, "designation": null, "wikidata": null, "material": null, "start_date": null, "old_name": null, "internet_access": null, "height": null, "toilets:wheelchair": null, "landuse": null, "type": null }, "geometry": { "type": "Point", "coordinates": [ -1.9296724, 12.1306217 ] } },
{ "type": "Feature", "properties": { "element": "node", "id": 8319733447, "amenity": "hospital", "name": "CSPS de Lado", "name:fr": null, "healthcare": null, "operator": "Public", "Observation": null, "description": null, "name:en": null, "website": null, "opening_hours": null, "addr:city": null, "addr:street": null, "healthcare:speciality": null, "created_by": null, "health_facility:type": null, "id:uuid": null, "is_in:health_admin3": null, "operator:type": null, "source": null, "survey:date": null, "addr:housenumber": null, "emergency": null, "phone": null, "barrier": null, "addr:postcode": null, "short_name": null, "natural": null, "wheelchair": null, "check_date": null, "denomination": null, "building": null, "healthcare:cholera": null, "designation": null, "wikidata": null, "material": null, "start_date": null, "old_name": null, "internet_access": null, "height": null, "toilets:wheelchair": null, "landuse": null, "type": null }, "geometry": { "type": "Point", "coordinates": [ -1.7238678, 11.9660928 ] } },
{ "type": "Feature", "properties": { "element": "node", "id": 8332818317, "amenity": "hospital", "name": "Clinique Esperanza cardiologie", "name:fr": null, "healthcare": null, "operator": null, "Observation": null, "description": null, "name:en": null, "website": null, "opening_hours": null, "addr:city": null, "addr:street": null, "healthcare:speciality": null, "created_by": null, "health_facility:type": null, "id:uuid": null, "is_in:health_admin3": null, "operator:type": null, "source": null, "survey:date": null, "addr:housenumber": null, "emergency": "yes", "phone": "0022672553030", "barrier": null, "addr:postcode": null, "short_name": null, "natural": null, "wheelchair": null, "check_date": null, "denomination": null, "building": null, "healthcare:cholera": null, "designation": null, "wikidata": null, "material": null, "start_date": null, "old_name": null, "internet_access": null, "height": null, "toilets:wheelchair": null, "landuse": null, "type": null }, "geometry": { "type": "Point", "coordinates": [ -1.5094608, 12.3221225 ] } },
{ "type": "Feature", "properties": { "element": "node", "id": 8337652886, "amenity": "hospital", "name": "CSPS de Bourou", "name:fr": null, "healthcare": null, "operator": "Public", "Observation": null, "description": null, "name:en": null, "website": null, "opening_hours": null, "addr:city": null, "addr:street": null, "healthcare:speciality": null, "created_by": null, "health_facility:type": null, "id:uuid": null, "is_in:health_admin3": null, "operator:type": null, "source": null, "survey:date": null, "addr:housenumber": null, "emergency": null, "phone": null, "barrier": null, "addr:postcode": null, "short_name": null, "natural": null, "wheelchair": null, "check_date": null, "denomination": null, "building": null, "healthcare:cholera": null, "designation": null, "wikidata": null, "material": null, "start_date": null, "old_name": null, "internet_access": null, "height": null, "toilets:wheelchair": null, "landuse": null, "type": null }, "geometry": { "type": "Point", "coordinates": [ -2.0114422, 12.0572431 ] } },
{ "type": "Feature", "properties": { "element": "node", "id": 8340224323, "amenity": "hospital", "name": "CSPS de Sam", "name:fr": null, "healthcare": null, "operator": "Public", "Observation": null, "description": null, "name:en": null, "website": null, "opening_hours": null, "addr:city": null, "addr:street": null, "healthcare:speciality": null, "created_by": null, "health_facility:type": null, "id:uuid": null, "is_in:health_admin3": null, "operator:type": null, "source": null, "survey:date": null, "addr:housenumber": null, "emergency": null, "phone": null, "barrier": null, "addr:postcode": null, "short_name": null, "natural": null, "wheelchair": null, "check_date": null, "denomination": null, "building": null, "healthcare:cholera": null, "designation": null, "wikidata": null, "material": null, "start_date": null, "old_name": null, "internet_access": null, "height": null, "toilets:wheelchair": null, "landuse": null, "type": null }, "geometry": { "type": "Point", "coordinates": [ -2.0008448, 12.0774213 ] } },
{ "type": "Feature", "properties": { "element": "node", "id": 8342864284, "amenity": "hospital", "name": "CSPS de Savili", "name:fr": null, "healthcare": null, "operator": "Public", "Observation": "En construction", "description": null, "name:en": null, "website": null, "opening_hours": null, "addr:city": null, "addr:street": null, "healthcare:speciality": null, "created_by": null, "health_facility:type": null, "id:uuid": null, "is_in:health_admin3": null, "operator:type": null, "source": null, "survey:date": null, "addr:housenumber": null, "emergency": null, "phone": null, "barrier": null, "addr:postcode": null, "short_name": null, "natural": null, "wheelchair": null, "check_date": null, "denomination": null, "building": null, "healthcare:cholera": null, "designation": null, "wikidata": null, "material": null, "start_date": null, "old_name": null, "internet_access": null, "height": null, "toilets:wheelchair": null, "landuse": null, "type": null }, "geometry": { "type": "Point", "coordinates": [ -2.035692, 12.0957085 ] } },
{ "type": "Feature", "properties": { "element": "node", "id": 8346952592, "amenity": "hospital", "name": "CSPS de Soula", "name:fr": null, "healthcare": null, "operator": "Public", "Observation": null, "description": null, "name:en": null, "website": null, "opening_hours": null, "addr:city": null, "addr:street": null, "healthcare:speciality": null, "created_by": null, "health_facility:type": null, "id:uuid": null, "is_in:health_admin3": null, "operator:type": null, "source": null, "survey:date": null, "addr:housenumber": null, "emergency": null, "phone": null, "barrier": null, "addr:postcode": null, "short_name": null, "natural": null, "wheelchair": null, "check_date": null, "denomination": null, "building": null, "healthcare:cholera": null, "designation": null, "wikidata": null, "material": null, "start_date": null, "old_name": null, "internet_access": null, "height": null, "toilets:wheelchair": null, "landuse": null, "type": null }, "geometry": { "type": "Point", "coordinates": [ -2.0843929, 12.0307806 ] } },
{ "type": "Feature", "properties": { "element": "node", "id": 8350218203, "amenity": "hospital", "name": "CSPS de Napabtega-Gounghin", "name:fr": null, "healthcare": null, "operator": "Public", "Observation": null, "description": null, "name:en": null, "website": null, "opening_hours": null, "addr:city": null, "addr:street": null, "healthcare:speciality": null, "created_by": null, "health_facility:type": null, "id:uuid": null, "is_in:health_admin3": null, "operator:type": null, "source": null, "survey:date": null, "addr:housenumber": null, "emergency": null, "phone": null, "barrier": null, "addr:postcode": null, "short_name": null, "natural": null, "wheelchair": null, "check_date": null, "denomination": null, "building": null, "healthcare:cholera": null, "designation": null, "wikidata": null, "material": null, "start_date": null, "old_name": null, "internet_access": null, "height": null, "toilets:wheelchair": null, "landuse": null, "type": null }, "geometry": { "type": "Point", "coordinates": [ -1.4029964, 12.2346273 ] } },
{ "type": "Feature", "properties": { "element": "node", "id": 8378542117, "amenity": "hospital", "name": "CMA Kossodo", "name:fr": null, "healthcare": null, "operator": null, "Observation": null, "description": null, "name:en": null, "website": null, "opening_hours": null, "addr:city": null, "addr:street": null, "healthcare:speciality": null, "created_by": null, "health_facility:type": null, "id:uuid": null, "is_in:health_admin3": null, "operator:type": null, "source": null, "survey:date": null, "addr:housenumber": null, "emergency": null, "phone": null, "barrier": null, "addr:postcode": null, "short_name": null, "natural": null, "wheelchair": null, "check_date": null, "denomination": null, "building": null, "healthcare:cholera": null, "designation": null, "wikidata": null, "material": null, "start_date": null, "old_name": null, "internet_access": null, "height": null, "toilets:wheelchair": null, "landuse": null, "type": null }, "geometry": { "type": "Point", "coordinates": [ -1.467297, 12.4181127 ] } },
{ "type": "Feature", "properties": { "element": "node", "id": 8379019006, "amenity": "hospital", "name": "CSPS de Nomgomto", "name:fr": null, "healthcare": null, "operator": "Public", "Observation": null, "description": null, "name:en": null, "website": null, "opening_hours": null, "addr:city": null, "addr:street": null, "healthcare:speciality": null, "created_by": null, "health_facility:type": null, "id:uuid": null, "is_in:health_admin3": null, "operator:type": null, "source": null, "survey:date": null, "addr:housenumber": null, "emergency": null, "phone": null, "barrier": null, "addr:postcode": null, "short_name": null, "natural": null, "wheelchair": null, "check_date": null, "denomination": null, "building": null, "healthcare:cholera": null, "designation": null, "wikidata": null, "material": null, "start_date": null, "old_name": null, "internet_access": null, "height": null, "toilets:wheelchair": null, "landuse": null, "type": null }, "geometry": { "type": "Point", "coordinates": [ -1.9797733, 12.1421229 ] } },
{ "type": "Feature", "properties": { "element": "node", "id": 8381902768, "amenity": "hospital", "name": "CSPS de Dapoya (Sakoinsé)", "name:fr": null, "healthcare": null, "operator": null, "Observation": null, "description": null, "name:en": null, "website": null, "opening_hours": null, "addr:city": null, "addr:street": null, "healthcare:speciality": null, "created_by": null, "health_facility:type": null, "id:uuid": null, "is_in:health_admin3": null, "operator:type": null, "source": null, "survey:date": null, "addr:housenumber": null, "emergency": null, "phone": null, "barrier": null, "addr:postcode": null, "short_name": null, "natural": null, "wheelchair": null, "check_date": null, "denomination": null, "building": null, "healthcare:cholera": null, "designation": null, "wikidata": null, "material": null, "start_date": null, "old_name": null, "internet_access": null, "height": null, "toilets:wheelchair": null, "landuse": null, "type": null }, "geometry": { "type": "Point", "coordinates": [ -1.9623497, 12.1866154 ] } },
{ "type": "Feature", "properties": { "element": "node", "id": 8394847727, "amenity": "hospital", "name": "CM de Kokologho", "name:fr": null, "healthcare": null, "operator": "Public", "Observation": null, "description": null, "name:en": null, "website": null, "opening_hours": null, "addr:city": null, "addr:street": null, "healthcare:speciality": null, "created_by": null, "health_facility:type": null, "id:uuid": null, "is_in:health_admin3": null, "operator:type": null, "source": null, "survey:date": null, "addr:housenumber": null, "emergency": null, "phone": null, "barrier": null, "addr:postcode": null, "short_name": null, "natural": null, "wheelchair": null, "check_date": null, "denomination": null, "building": null, "healthcare:cholera": null, "designation": null, "wikidata": null, "material": null, "start_date": null, "old_name": null, "internet_access": null, "height": null, "toilets:wheelchair": null, "landuse": null, "type": null }, "geometry": { "type": "Point", "coordinates": [ -1.8742338, 12.1903409 ] } },
{ "type": "Feature", "properties": { "element": "node", "id": 8406619383, "amenity": "hospital", "name": "CSPS de Nongodoum", "name:fr": null, "healthcare": null, "operator": "Public", "Observation": null, "description": null, "name:en": null, "website": null, "opening_hours": null, "addr:city": null, "addr:street": null, "healthcare:speciality": null, "created_by": null, "health_facility:type": null, "id:uuid": null, "is_in:health_admin3": null, "operator:type": null, "source": null, "survey:date": null, "addr:housenumber": null, "emergency": null, "phone": null, "barrier": null, "addr:postcode": null, "short_name": null, "natural": null, "wheelchair": null, "check_date": null, "denomination": null, "building": null, "healthcare:cholera": null, "designation": null, "wikidata": null, "material": null, "start_date": null, "old_name": null, "internet_access": null, "height": null, "toilets:wheelchair": null, "landuse": null, "type": null }, "geometry": { "type": "Point", "coordinates": [ -2.5202116, 14.1495594 ] } },
{ "type": "Feature", "properties": { "element": "node", "id": 8406701448, "amenity": "hospital", "name": "CSPS de Bani", "name:fr": null, "healthcare": null, "operator": "Public", "Observation": null, "description": null, "name:en": null, "website": null, "opening_hours": null, "addr:city": null, "addr:street": null, "healthcare:speciality": null, "created_by": null, "health_facility:type": null, "id:uuid": null, "is_in:health_admin3": null, "operator:type": null, "source": null, "survey:date": null, "addr:housenumber": null, "emergency": null, "phone": null, "barrier": null, "addr:postcode": null, "short_name": null, "natural": null, "wheelchair": null, "check_date": null, "denomination": null, "building": null, "healthcare:cholera": null, "designation": null, "wikidata": null, "material": null, "start_date": null, "old_name": null, "internet_access": null, "height": null, "toilets:wheelchair": null, "landuse": null, "type": null }, "geometry": { "type": "Point", "coordinates": [ -2.582345, 14.2159164 ] } },
{ "type": "Feature", "properties": { "element": "node", "id": 8412892834, "amenity": "hospital", "name": "CSPS de Madougou", "name:fr": null, "healthcare": null, "operator": "Public", "Observation": null, "description": null, "name:en": null, "website": null, "opening_hours": null, "addr:city": null, "addr:street": null, "healthcare:speciality": null, "created_by": null, "health_facility:type": null, "id:uuid": null, "is_in:health_admin3": null, "operator:type": null, "source": null, "survey:date": null, "addr:housenumber": null, "emergency": null, "phone": null, "barrier": null, "addr:postcode": null, "short_name": null, "natural": null, "wheelchair": null, "check_date": null, "denomination": null, "building": null, "healthcare:cholera": null, "designation": null, "wikidata": null, "material": null, "start_date": null, "old_name": null, "internet_access": null, "height": null, "toilets:wheelchair": null, "landuse": null, "type": null }, "geometry": { "type": "Point", "coordinates": [ -2.5239292, 14.0490748 ] } },
{ "type": "Feature", "properties": { "element": "node", "id": 8412896218, "amenity": "hospital", "name": "CM de Bahn", "name:fr": null, "healthcare": null, "operator": "Public", "Observation": null, "description": null, "name:en": null, "website": null, "opening_hours": null, "addr:city": null, "addr:street": null, "healthcare:speciality": null, "created_by": null, "health_facility:type": null, "id:uuid": null, "is_in:health_admin3": null, "operator:type": null, "source": null, "survey:date": null, "addr:housenumber": null, "emergency": null, "phone": null, "barrier": null, "addr:postcode": null, "short_name": null, "natural": null, "wheelchair": null, "check_date": null, "denomination": null, "building": null, "healthcare:cholera": null, "designation": null, "wikidata": null, "material": null, "start_date": null, "old_name": null, "internet_access": null, "height": null, "toilets:wheelchair": null, "landuse": null, "type": null }, "geometry": { "type": "Point", "coordinates": [ -2.4559955, 14.0762678 ] } },
{ "type": "Feature", "properties": { "element": "node", "id": 8416454828, "amenity": "hospital", "name": "CSPS de Ségué-Mossi", "name:fr": null, "healthcare": null, "operator": "Public", "Observation": null, "description": null, "name:en": null, "website": null, "opening_hours": null, "addr:city": null, "addr:street": null, "healthcare:speciality": null, "created_by": null, "health_facility:type": null, "id:uuid": null, "is_in:health_admin3": null, "operator:type": null, "source": null, "survey:date": null, "addr:housenumber": null, "emergency": null, "phone": null, "barrier": null, "addr:postcode": null, "short_name": null, "natural": null, "wheelchair": null, "check_date": null, "denomination": null, "building": null, "healthcare:cholera": null, "designation": null, "wikidata": null, "material": null, "start_date": null, "old_name": null, "internet_access": null, "height": null, "toilets:wheelchair": null, "landuse": null, "type": null }, "geometry": { "type": "Point", "coordinates": [ -2.3053573, 14.1061564 ] } },
{ "type": "Feature", "properties": { "element": "node", "id": 8423227553, "amenity": "hospital", "name": "CSPS de Kaïn", "name:fr": null, "healthcare": null, "operator": "Public", "Observation": null, "description": null, "name:en": null, "website": null, "opening_hours": null, "addr:city": null, "addr:street": null, "healthcare:speciality": null, "created_by": null, "health_facility:type": null, "id:uuid": null, "is_in:health_admin3": null, "operator:type": null, "source": null, "survey:date": null, "addr:housenumber": null, "emergency": null, "phone": null, "barrier": null, "addr:postcode": null, "short_name": null, "natural": null, "wheelchair": null, "check_date": null, "denomination": null, "building": null, "healthcare:cholera": null, "designation": null, "wikidata": null, "material": null, "start_date": null, "old_name": null, "internet_access": null, "height": null, "toilets:wheelchair": null, "landuse": null, "type": null }, "geometry": { "type": "Point", "coordinates": [ -2.7624969, 14.0431292 ] } },
{ "type": "Feature", "properties": { "element": "node", "id": 8425106548, "amenity": "hospital", "name": "CSPS de Doré", "name:fr": null, "healthcare": null, "operator": "Public", "Observation": null, "description": null, "name:en": null, "website": null, "opening_hours": null, "addr:city": null, "addr:street": null, "healthcare:speciality": null, "created_by": null, "health_facility:type": null, "id:uuid": null, "is_in:health_admin3": null, "operator:type": null, "source": null, "survey:date": null, "addr:housenumber": null, "emergency": null, "phone": null, "barrier": null, "addr:postcode": null, "short_name": null, "natural": null, "wheelchair": null, "check_date": null, "denomination": null, "building": null, "healthcare:cholera": null, "designation": null, "wikidata": null, "material": null, "start_date": null, "old_name": null, "internet_access": null, "height": null, "toilets:wheelchair": null, "landuse": null, "type": null }, "geometry": { "type": "Point", "coordinates": [ -2.6254749, 13.9339657 ] } },
{ "type": "Feature", "properties": { "element": "node", "id": 8425473241, "amenity": "hospital", "name": "CSPS de Baani", "name:fr": null, "healthcare": null, "operator": "Public", "Observation": null, "description": null, "name:en": null, "website": null, "opening_hours": null, "addr:city": null, "addr:street": null, "healthcare:speciality": null, "created_by": null, "health_facility:type": null, "id:uuid": null, "is_in:health_admin3": null, "operator:type": null, "source": null, "survey:date": null, "addr:housenumber": null, "emergency": null, "phone": null, "barrier": null, "addr:postcode": null, "short_name": null, "natural": null, "wheelchair": null, "check_date": null, "denomination": null, "building": null, "healthcare:cholera": null, "designation": null, "wikidata": null, "material": null, "start_date": null, "old_name": null, "internet_access": null, "height": null, "toilets:wheelchair": null, "landuse": null, "type": null }, "geometry": { "type": "Point", "coordinates": [ -2.6158673, 13.9052236 ] } },
{ "type": "Feature", "properties": { "element": "node", "id": 8426390704, "amenity": "hospital", "name": "CSPS de Yensé", "name:fr": null, "healthcare": null, "operator": "Public", "Observation": null, "description": null, "name:en": null, "website": null, "opening_hours": null, "addr:city": null, "addr:street": null, "healthcare:speciality": null, "created_by": null, "health_facility:type": null, "id:uuid": null, "is_in:health_admin3": null, "operator:type": null, "source": null, "survey:date": null, "addr:housenumber": null, "emergency": null, "phone": null, "barrier": null, "addr:postcode": null, "short_name": null, "natural": null, "wheelchair": null, "check_date": null, "denomination": null, "building": null, "healthcare:cholera": null, "designation": null, "wikidata": null, "material": null, "start_date": null, "old_name": null, "internet_access": null, "height": null, "toilets:wheelchair": null, "landuse": null, "type": null }, "geometry": { "type": "Point", "coordinates": [ -2.8423986, 13.9096627 ] } },
{ "type": "Feature", "properties": { "element": "node", "id": 8431911341, "amenity": "hospital", "name": "CSPS de Doubaré", "name:fr": null, "healthcare": null, "operator": "Public", "Observation": null, "description": null, "name:en": null, "website": null, "opening_hours": null, "addr:city": null, "addr:street": null, "healthcare:speciality": null, "created_by": null, "health_facility:type": null, "id:uuid": null, "is_in:health_admin3": null, "operator:type": null, "source": null, "survey:date": null, "addr:housenumber": null, "emergency": null, "phone": null, "barrier": null, "addr:postcode": null, "short_name": null, "natural": null, "wheelchair": null, "check_date": null, "denomination": null, "building": null, "healthcare:cholera": null, "designation": null, "wikidata": null, "material": null, "start_date": null, "old_name": null, "internet_access": null, "height": null, "toilets:wheelchair": null, "landuse": null, "type": null }, "geometry": { "type": "Point", "coordinates": [ -2.8624052, 13.8645361 ] } },
{ "type": "Feature", "properties": { "element": "node", "id": 8432334817, "amenity": "hospital", "name": "CSPS de Nassingré", "name:fr": null, "healthcare": null, "operator": "Public", "Observation": null, "description": null, "name:en": null, "website": null, "opening_hours": null, "addr:city": null, "addr:street": null, "healthcare:speciality": null, "created_by": null, "health_facility:type": null, "id:uuid": null, "is_in:health_admin3": null, "operator:type": null, "source": null, "survey:date": null, "addr:housenumber": null, "emergency": null, "phone": null, "barrier": null, "addr:postcode": null, "short_name": null, "natural": null, "wheelchair": null, "check_date": null, "denomination": null, "building": null, "healthcare:cholera": null, "designation": null, "wikidata": null, "material": null, "start_date": null, "old_name": null, "internet_access": null, "height": null, "toilets:wheelchair": null, "landuse": null, "type": null }, "geometry": { "type": "Point", "coordinates": [ -2.1872436, 14.1636581 ] } },
{ "type": "Feature", "properties": { "element": "node", "id": 8432764268, "amenity": "hospital", "name": "Centre Médical de Sollé", "name:fr": null, "healthcare": "hospital", "operator": "Public", "Observation": null, "description": null, "name:en": null, "website": null, "opening_hours": null, "addr:city": null, "addr:street": null, "healthcare:speciality": null, "created_by": null, "health_facility:type": null, "id:uuid": null, "is_in:health_admin3": null, "operator:type": null, "source": null, "survey:date": null, "addr:housenumber": null, "emergency": null, "phone": null, "barrier": null, "addr:postcode": null, "short_name": null, "natural": null, "wheelchair": null, "check_date": null, "denomination": null, "building": null, "healthcare:cholera": null, "designation": null, "wikidata": null, "material": null, "start_date": null, "old_name": null, "internet_access": null, "height": null, "toilets:wheelchair": null, "landuse": null, "type": null }, "geometry": { "type": "Point", "coordinates": [ -2.1231991, 14.1169478 ] } },
{ "type": "Feature", "properties": { "element": "node", "id": 8434810360, "amenity": "hospital", "name": "Centre Médical d'Ingané", "name:fr": null, "healthcare": null, "operator": "Public", "Observation": null, "description": null, "name:en": null, "website": null, "opening_hours": null, "addr:city": null, "addr:street": null, "healthcare:speciality": null, "created_by": null, "health_facility:type": null, "id:uuid": null, "is_in:health_admin3": null, "operator:type": null, "source": null, "survey:date": null, "addr:housenumber": null, "emergency": null, "phone": null, "barrier": null, "addr:postcode": null, "short_name": null, "natural": null, "wheelchair": null, "check_date": null, "denomination": null, "building": null, "healthcare:cholera": null, "designation": null, "wikidata": null, "material": null, "start_date": null, "old_name": null, "internet_access": null, "height": null, "toilets:wheelchair": null, "landuse": null, "type": null }, "geometry": { "type": "Point", "coordinates": [ -2.2256957, 13.9541168 ] } },
{ "type": "Feature", "properties": { "element": "node", "id": 8435538920, "amenity": "hospital", "name": "CSPS de Dandambara", "name:fr": null, "healthcare": null, "operator": "Public", "Observation": null, "description": null, "name:en": null, "website": null, "opening_hours": null, "addr:city": null, "addr:street": null, "healthcare:speciality": null, "created_by": null, "health_facility:type": null, "id:uuid": null, "is_in:health_admin3": null, "operator:type": null, "source": null, "survey:date": null, "addr:housenumber": null, "emergency": null, "phone": null, "barrier": null, "addr:postcode": null, "short_name": null, "natural": null, "wheelchair": null, "check_date": null, "denomination": null, "building": null, "healthcare:cholera": null, "designation": null, "wikidata": null, "material": null, "start_date": null, "old_name": null, "internet_access": null, "height": null, "toilets:wheelchair": null, "landuse": null, "type": null }, "geometry": { "type": "Point", "coordinates": [ -2.3445658, 13.9552322 ] } },
{ "type": "Feature", "properties": { "element": "node", "id": 8439070104, "amenity": "hospital", "name": "Centre Médical de Toulfé", "name:fr": null, "healthcare": null, "operator": "Public", "Observation": null, "description": null, "name:en": null, "website": null, "opening_hours": null, "addr:city": null, "addr:street": null, "healthcare:speciality": null, "created_by": null, "health_facility:type": null, "id:uuid": null, "is_in:health_admin3": null, "operator:type": null, "source": null, "survey:date": null, "addr:housenumber": null, "emergency": null, "phone": null, "barrier": null, "addr:postcode": null, "short_name": null, "natural": null, "wheelchair": null, "check_date": null, "denomination": null, "building": null, "healthcare:cholera": null, "designation": null, "wikidata": null, "material": null, "start_date": null, "old_name": null, "internet_access": null, "height": null, "toilets:wheelchair": null, "landuse": null, "type": null }, "geometry": { "type": "Point", "coordinates": [ -1.95032, 13.882592 ] } },
{ "type": "Feature", "properties": { "element": "node", "id": 8439073023, "amenity": "hospital", "name": "CSPS de Pellaboukou", "name:fr": null, "healthcare": null, "operator": null, "Observation": null, "description": null, "name:en": null, "website": null, "opening_hours": null, "addr:city": null, "addr:street": null, "healthcare:speciality": null, "created_by": null, "health_facility:type": null, "id:uuid": null, "is_in:health_admin3": null, "operator:type": null, "source": null, "survey:date": null, "addr:housenumber": null, "emergency": null, "phone": null, "barrier": null, "addr:postcode": null, "short_name": null, "natural": null, "wheelchair": null, "check_date": null, "denomination": null, "building": null, "healthcare:cholera": null, "designation": null, "wikidata": null, "material": null, "start_date": null, "old_name": null, "internet_access": null, "height": null, "toilets:wheelchair": null, "landuse": null, "type": null }, "geometry": { "type": "Point", "coordinates": [ -2.0909321, 13.9065606 ] } },
{ "type": "Feature", "properties": { "element": "node", "id": 8441178399, "amenity": "hospital", "name": "Centre Médical de Nogo", "name:fr": null, "healthcare": null, "operator": "Publlic", "Observation": null, "description": null, "name:en": null, "website": null, "opening_hours": null, "addr:city": null, "addr:street": null, "healthcare:speciality": null, "created_by": null, "health_facility:type": null, "id:uuid": null, "is_in:health_admin3": null, "operator:type": null, "source": null, "survey:date": null, "addr:housenumber": null, "emergency": null, "phone": null, "barrier": null, "addr:postcode": null, "short_name": null, "natural": null, "wheelchair": null, "check_date": null, "denomination": null, "building": null, "healthcare:cholera": null, "designation": null, "wikidata": null, "material": null, "start_date": null, "old_name": null, "internet_access": null, "height": null, "toilets:wheelchair": null, "landuse": null, "type": null }, "geometry": { "type": "Point", "coordinates": [ -2.1988159, 13.8383091 ] } },
{ "type": "Feature", "properties": { "element": "node", "id": 8441178877, "amenity": "hospital", "name": "CSPS de Rimassa-Tanghin", "name:fr": null, "healthcare": null, "operator": "Publlic", "Observation": null, "description": null, "name:en": null, "website": null, "opening_hours": null, "addr:city": null, "addr:street": null, "healthcare:speciality": null, "created_by": null, "health_facility:type": null, "id:uuid": null, "is_in:health_admin3": null, "operator:type": null, "source": null, "survey:date": null, "addr:housenumber": null, "emergency": null, "phone": null, "barrier": null, "addr:postcode": null, "short_name": null, "natural": null, "wheelchair": null, "check_date": null, "denomination": null, "building": null, "healthcare:cholera": null, "designation": null, "wikidata": null, "material": null, "start_date": null, "old_name": null, "internet_access": null, "height": null, "toilets:wheelchair": null, "landuse": null, "type": null }, "geometry": { "type": "Point", "coordinates": [ -2.051497, 13.8351682 ] } },
{ "type": "Feature", "properties": { "element": "node", "id": 8442533229, "amenity": "hospital", "name": "CSPS de Silia", "name:fr": null, "healthcare": null, "operator": null, "Observation": null, "description": null, "name:en": null, "website": null, "opening_hours": null, "addr:city": null, "addr:street": null, "healthcare:speciality": null, "created_by": null, "health_facility:type": null, "id:uuid": null, "is_in:health_admin3": null, "operator:type": null, "source": null, "survey:date": null, "addr:housenumber": null, "emergency": null, "phone": null, "barrier": null, "addr:postcode": null, "short_name": null, "natural": null, "wheelchair": null, "check_date": null, "denomination": null, "building": null, "healthcare:cholera": null, "designation": null, "wikidata": null, "material": null, "start_date": null, "old_name": null, "internet_access": null, "height": null, "toilets:wheelchair": null, "landuse": null, "type": null }, "geometry": { "type": "Point", "coordinates": [ -2.1405154, 13.7842103 ] } },
{ "type": "Feature", "properties": { "element": "node", "id": 8443729562, "amenity": "hospital", "name": "CSPS urbain de Titao", "name:fr": null, "healthcare": null, "operator": "Public", "Observation": null, "description": null, "name:en": null, "website": null, "opening_hours": null, "addr:city": null, "addr:street": null, "healthcare:speciality": null, "created_by": null, "health_facility:type": null, "id:uuid": null, "is_in:health_admin3": null, "operator:type": null, "source": null, "survey:date": null, "addr:housenumber": null, "emergency": null, "phone": null, "barrier": null, "addr:postcode": null, "short_name": null, "natural": null, "wheelchair": null, "check_date": null, "denomination": null, "building": null, "healthcare:cholera": null, "designation": null, "wikidata": null, "material": null, "start_date": null, "old_name": null, "internet_access": null, "height": null, "toilets:wheelchair": null, "landuse": null, "type": null }, "geometry": { "type": "Point", "coordinates": [ -2.0664355, 13.7643467 ] } },
{ "type": "Feature", "properties": { "element": "node", "id": 8443729831, "amenity": "hospital", "name": "CSPS de Sala-Foulbé", "name:fr": null, "healthcare": null, "operator": "Public", "Observation": null, "description": null, "name:en": null, "website": null, "opening_hours": null, "addr:city": null, "addr:street": null, "healthcare:speciality": null, "created_by": null, "health_facility:type": null, "id:uuid": null, "is_in:health_admin3": null, "operator:type": null, "source": null, "survey:date": null, "addr:housenumber": null, "emergency": null, "phone": null, "barrier": null, "addr:postcode": null, "short_name": null, "natural": null, "wheelchair": null, "check_date": null, "denomination": null, "building": null, "healthcare:cholera": null, "designation": null, "wikidata": null, "material": null, "start_date": null, "old_name": null, "internet_access": null, "height": null, "toilets:wheelchair": null, "landuse": null, "type": null }, "geometry": { "type": "Point", "coordinates": [ -2.1020579, 13.7866486 ] } },
{ "type": "Feature", "properties": { "element": "node", "id": 8446835734, "amenity": "hospital", "name": "CSPS de You", "name:fr": null, "healthcare": null, "operator": "Public", "Observation": null, "description": null, "name:en": null, "website": null, "opening_hours": null, "addr:city": null, "addr:street": null, "healthcare:speciality": null, "created_by": null, "health_facility:type": null, "id:uuid": null, "is_in:health_admin3": null, "operator:type": null, "source": null, "survey:date": null, "addr:housenumber": null, "emergency": null, "phone": null, "barrier": null, "addr:postcode": null, "short_name": null, "natural": null, "wheelchair": null, "check_date": null, "denomination": null, "building": null, "healthcare:cholera": null, "designation": null, "wikidata": null, "material": null, "start_date": null, "old_name": null, "internet_access": null, "height": null, "toilets:wheelchair": null, "landuse": null, "type": null }, "geometry": { "type": "Point", "coordinates": [ -2.1453582, 13.7062426 ] } },
{ "type": "Feature", "properties": { "element": "node", "id": 8446836809, "amenity": "hospital", "name": "CSPS de Selbonga", "name:fr": null, "healthcare": null, "operator": "Public", "Observation": null, "description": null, "name:en": null, "website": null, "opening_hours": null, "addr:city": null, "addr:street": null, "healthcare:speciality": null, "created_by": null, "health_facility:type": null, "id:uuid": null, "is_in:health_admin3": null, "operator:type": null, "source": null, "survey:date": null, "addr:housenumber": null, "emergency": null, "phone": null, "barrier": null, "addr:postcode": null, "short_name": null, "natural": null, "wheelchair": null, "check_date": null, "denomination": null, "building": null, "healthcare:cholera": null, "designation": null, "wikidata": null, "material": null, "start_date": null, "old_name": null, "internet_access": null, "height": null, "toilets:wheelchair": null, "landuse": null, "type": null }, "geometry": { "type": "Point", "coordinates": [ -2.0208272, 13.752739 ] } },
{ "type": "Feature", "properties": { "element": "node", "id": 8447272851, "amenity": "hospital", "name": "Centre Médical de Rambo", "name:fr": null, "healthcare": null, "operator": "Public", "Observation": null, "description": null, "name:en": null, "website": null, "opening_hours": null, "addr:city": null, "addr:street": null, "healthcare:speciality": null, "created_by": null, "health_facility:type": null, "id:uuid": null, "is_in:health_admin3": null, "operator:type": null, "source": null, "survey:date": null, "addr:housenumber": null, "emergency": null, "phone": null, "barrier": null, "addr:postcode": null, "short_name": null, "natural": null, "wheelchair": null, "check_date": null, "denomination": null, "building": null, "healthcare:cholera": null, "designation": null, "wikidata": null, "material": null, "start_date": null, "old_name": null, "internet_access": null, "height": null, "toilets:wheelchair": null, "landuse": null, "type": null }, "geometry": { "type": "Point", "coordinates": [ -2.1137618, 13.6104185 ] } },
{ "type": "Feature", "properties": { "element": "node", "id": 8451371697, "amenity": "hospital", "name": "Centre Médical de Rounga", "name:fr": null, "healthcare": null, "operator": null, "Observation": null, "description": null, "name:en": null, "website": null, "opening_hours": null, "addr:city": null, "addr:street": null, "healthcare:speciality": null, "created_by": null, "health_facility:type": null, "id:uuid": null, "is_in:health_admin3": null, "operator:type": null, "source": null, "survey:date": null, "addr:housenumber": null, "emergency": null, "phone": null, "barrier": null, "addr:postcode": null, "short_name": null, "natural": null, "wheelchair": null, "check_date": null, "denomination": null, "building": null, "healthcare:cholera": null, "designation": null, "wikidata": null, "material": null, "start_date": null, "old_name": null, "internet_access": null, "height": null, "toilets:wheelchair": null, "landuse": null, "type": null }, "geometry": { "type": "Point", "coordinates": [ -1.8884602, 13.6827147 ] } },
{ "type": "Feature", "properties": { "element": "node", "id": 8451380203, "amenity": "hospital", "name": "CSPS de Doussaré", "name:fr": null, "healthcare": null, "operator": "Public", "Observation": null, "description": null, "name:en": null, "website": null, "opening_hours": null, "addr:city": null, "addr:street": null, "healthcare:speciality": null, "created_by": null, "health_facility:type": null, "id:uuid": null, "is_in:health_admin3": null, "operator:type": null, "source": null, "survey:date": null, "addr:housenumber": null, "emergency": null, "phone": null, "barrier": null, "addr:postcode": null, "short_name": null, "natural": null, "wheelchair": null, "check_date": null, "denomination": null, "building": null, "healthcare:cholera": null, "designation": null, "wikidata": null, "material": null, "start_date": null, "old_name": null, "internet_access": null, "height": null, "toilets:wheelchair": null, "landuse": null, "type": null }, "geometry": { "type": "Point", "coordinates": [ -1.9670396, 13.5965807 ] } },
{ "type": "Feature", "properties": { "element": "node", "id": 8454432381, "amenity": "hospital", "name": "CSPS de Bouna", "name:fr": null, "healthcare": null, "operator": "Public", "Observation": null, "description": null, "name:en": null, "website": null, "opening_hours": null, "addr:city": null, "addr:street": null, "healthcare:speciality": null, "created_by": null, "health_facility:type": null, "id:uuid": null, "is_in:health_admin3": null, "operator:type": null, "source": null, "survey:date": null, "addr:housenumber": null, "emergency": null, "phone": null, "barrier": null, "addr:postcode": null, "short_name": null, "natural": null, "wheelchair": null, "check_date": null, "denomination": null, "building": null, "healthcare:cholera": null, "designation": null, "wikidata": null, "material": null, "start_date": null, "old_name": null, "internet_access": null, "height": null, "toilets:wheelchair": null, "landuse": null, "type": null }, "geometry": { "type": "Point", "coordinates": [ -1.9664884, 13.7737121 ] } },
{ "type": "Feature", "properties": { "element": "node", "id": 8454432745, "amenity": "hospital", "name": "CSPS de Toolo", "name:fr": null, "healthcare": null, "operator": "Public", "Observation": null, "description": null, "name:en": null, "website": null, "opening_hours": null, "addr:city": null, "addr:street": null, "healthcare:speciality": null, "created_by": null, "health_facility:type": null, "id:uuid": null, "is_in:health_admin3": null, "operator:type": null, "source": null, "survey:date": null, "addr:housenumber": null, "emergency": null, "phone": null, "barrier": null, "addr:postcode": null, "short_name": null, "natural": null, "wheelchair": null, "check_date": null, "denomination": null, "building": null, "healthcare:cholera": null, "designation": null, "wikidata": null, "material": null, "start_date": null, "old_name": null, "internet_access": null, "height": null, "toilets:wheelchair": null, "landuse": null, "type": null }, "geometry": { "type": "Point", "coordinates": [ -1.9648965, 13.7407842 ] } },
{ "type": "Feature", "properties": { "element": "node", "id": 8454433504, "amenity": "hospital", "name": "CSPS de Ouindigui", "name:fr": null, "healthcare": null, "operator": "Public", "Observation": null, "description": null, "name:en": null, "website": null, "opening_hours": null, "addr:city": null, "addr:street": null, "healthcare:speciality": null, "created_by": null, "health_facility:type": null, "id:uuid": null, "is_in:health_admin3": null, "operator:type": null, "source": null, "survey:date": null, "addr:housenumber": null, "emergency": null, "phone": null, "barrier": null, "addr:postcode": null, "short_name": null, "natural": null, "wheelchair": null, "check_date": null, "denomination": null, "building": null, "healthcare:cholera": null, "designation": null, "wikidata": null, "material": null, "start_date": null, "old_name": null, "internet_access": null, "height": null, "toilets:wheelchair": null, "landuse": null, "type": null }, "geometry": { "type": "Point", "coordinates": [ -1.9637096, 13.6784928 ] } },
{ "type": "Feature", "properties": { "element": "node", "id": 8457082145, "amenity": "hospital", "name": "CSPS de Ninigui", "name:fr": null, "healthcare": null, "operator": "Public", "Observation": null, "description": null, "name:en": null, "website": null, "opening_hours": null, "addr:city": null, "addr:street": null, "healthcare:speciality": null, "created_by": null, "health_facility:type": null, "id:uuid": null, "is_in:health_admin3": null, "operator:type": null, "source": null, "survey:date": null, "addr:housenumber": null, "emergency": null, "phone": null, "barrier": null, "addr:postcode": null, "short_name": null, "natural": null, "wheelchair": null, "check_date": null, "denomination": null, "building": null, "healthcare:cholera": null, "designation": null, "wikidata": null, "material": null, "start_date": null, "old_name": null, "internet_access": null, "height": null, "toilets:wheelchair": null, "landuse": null, "type": null }, "geometry": { "type": "Point", "coordinates": [ -2.3628397, 13.8851958 ] } },
{ "type": "Feature", "properties": { "element": "node", "id": 8457528708, "amenity": "hospital", "name": "CSPS de Dessé", "name:fr": null, "healthcare": null, "operator": "Public", "Observation": null, "description": null, "name:en": null, "website": null, "opening_hours": null, "addr:city": null, "addr:street": null, "healthcare:speciality": null, "created_by": null, "health_facility:type": null, "id:uuid": null, "is_in:health_admin3": null, "operator:type": null, "source": null, "survey:date": null, "addr:housenumber": null, "emergency": null, "phone": null, "barrier": null, "addr:postcode": null, "short_name": null, "natural": null, "wheelchair": null, "check_date": null, "denomination": null, "building": null, "healthcare:cholera": null, "designation": null, "wikidata": null, "material": null, "start_date": null, "old_name": null, "internet_access": null, "height": null, "toilets:wheelchair": null, "landuse": null, "type": null }, "geometry": { "type": "Point", "coordinates": [ -2.4351078, 13.9831247 ] } },
{ "type": "Feature", "properties": { "element": "node", "id": 8458207966, "amenity": "hospital", "name": "CSPS de Bidi-Mossi", "name:fr": null, "healthcare": null, "operator": "MENA-PLN", "Observation": null, "description": null, "name:en": null, "website": null, "opening_hours": null, "addr:city": null, "addr:street": null, "healthcare:speciality": null, "created_by": null, "health_facility:type": null, "id:uuid": null, "is_in:health_admin3": null, "operator:type": null, "source": null, "survey:date": null, "addr:housenumber": null, "emergency": null, "phone": null, "barrier": null, "addr:postcode": null, "short_name": null, "natural": null, "wheelchair": null, "check_date": null, "denomination": null, "building": null, "healthcare:cholera": null, "designation": null, "wikidata": null, "material": null, "start_date": null, "old_name": null, "internet_access": null, "height": null, "toilets:wheelchair": null, "landuse": null, "type": null }, "geometry": { "type": "Point", "coordinates": [ -2.4948983, 13.9171596 ] } },
{ "type": "Feature", "properties": { "element": "node", "id": 8458208531, "amenity": "hospital", "name": "CSPS de Kéké-Mossi", "name:fr": null, "healthcare": null, "operator": "Public", "Observation": null, "description": null, "name:en": null, "website": null, "opening_hours": null, "addr:city": null, "addr:street": null, "healthcare:speciality": null, "created_by": null, "health_facility:type": null, "id:uuid": null, "is_in:health_admin3": null, "operator:type": null, "source": null, "survey:date": null, "addr:housenumber": null, "emergency": null, "phone": null, "barrier": null, "addr:postcode": null, "short_name": null, "natural": null, "wheelchair": null, "check_date": null, "denomination": null, "building": null, "healthcare:cholera": null, "designation": null, "wikidata": null, "material": null, "start_date": null, "old_name": null, "internet_access": null, "height": null, "toilets:wheelchair": null, "landuse": null, "type": null }, "geometry": { "type": "Point", "coordinates": [ -2.444002, 13.9155311 ] } },
{ "type": "Feature", "properties": { "element": "node", "id": 8461435167, "amenity": "hospital", "name": "CSPS de Mené", "name:fr": null, "healthcare": null, "operator": "MENA-PLN", "Observation": null, "description": null, "name:en": null, "website": null, "opening_hours": null, "addr:city": null, "addr:street": null, "healthcare:speciality": null, "created_by": null, "health_facility:type": null, "id:uuid": null, "is_in:health_admin3": null, "operator:type": null, "source": null, "survey:date": null, "addr:housenumber": null, "emergency": null, "phone": null, "barrier": null, "addr:postcode": null, "short_name": null, "natural": null, "wheelchair": null, "check_date": null, "denomination": null, "building": null, "healthcare:cholera": null, "designation": null, "wikidata": null, "material": null, "start_date": null, "old_name": null, "internet_access": null, "height": null, "toilets:wheelchair": null, "landuse": null, "type": null }, "geometry": { "type": "Point", "coordinates": [ -2.3225369, 13.8586509 ] } },
{ "type": "Feature", "properties": { "element": "node", "id": 8461437363, "amenity": "hospital", "name": "CSPS de Koumbri", "name:fr": null, "healthcare": null, "operator": "Public", "Observation": null, "description": null, "name:en": null, "website": null, "opening_hours": null, "addr:city": null, "addr:street": null, "healthcare:speciality": null, "created_by": null, "health_facility:type": null, "id:uuid": null, "is_in:health_admin3": null, "operator:type": null, "source": null, "survey:date": null, "addr:housenumber": null, "emergency": null, "phone": null, "barrier": null, "addr:postcode": null, "short_name": null, "natural": null, "wheelchair": null, "check_date": null, "denomination": null, "building": null, "healthcare:cholera": null, "designation": null, "wikidata": null, "material": null, "start_date": null, "old_name": null, "internet_access": null, "height": null, "toilets:wheelchair": null, "landuse": null, "type": null }, "geometry": { "type": "Point", "coordinates": [ -2.4131875, 13.8447691 ] } },
{ "type": "Feature", "properties": { "element": "node", "id": 8462499317, "amenity": "hospital", "name": "CSPS de Sabouna", "name:fr": null, "healthcare": null, "operator": "Public", "Observation": null, "description": null, "name:en": null, "website": null, "opening_hours": null, "addr:city": null, "addr:street": null, "healthcare:speciality": null, "created_by": null, "health_facility:type": null, "id:uuid": null, "is_in:health_admin3": null, "operator:type": null, "source": null, "survey:date": null, "addr:housenumber": null, "emergency": null, "phone": null, "barrier": null, "addr:postcode": null, "short_name": null, "natural": null, "wheelchair": null, "check_date": null, "denomination": null, "building": null, "healthcare:cholera": null, "designation": null, "wikidata": null, "material": null, "start_date": null, "old_name": null, "internet_access": null, "height": null, "toilets:wheelchair": null, "landuse": null, "type": null }, "geometry": { "type": "Point", "coordinates": [ -2.3267841, 13.7872725 ] } },
{ "type": "Feature", "properties": { "element": "node", "id": 8462502006, "amenity": "hospital", "name": "CSPS de Derhogo", "name:fr": null, "healthcare": null, "operator": "Public", "Observation": null, "description": null, "name:en": null, "website": null, "opening_hours": null, "addr:city": null, "addr:street": null, "healthcare:speciality": null, "created_by": null, "health_facility:type": null, "id:uuid": null, "is_in:health_admin3": null, "operator:type": null, "source": null, "survey:date": null, "addr:housenumber": null, "emergency": null, "phone": null, "barrier": null, "addr:postcode": null, "short_name": null, "natural": null, "wheelchair": null, "check_date": null, "denomination": null, "building": null, "healthcare:cholera": null, "designation": null, "wikidata": null, "material": null, "start_date": null, "old_name": null, "internet_access": null, "height": null, "toilets:wheelchair": null, "landuse": null, "type": null }, "geometry": { "type": "Point", "coordinates": [ -2.3335393, 13.8365056 ] } },
{ "type": "Feature", "properties": { "element": "node", "id": 8463720789, "amenity": "hospital", "name": "CSPS de Barga-Mossi", "name:fr": null, "healthcare": null, "operator": "Public", "Observation": null, "description": null, "name:en": null, "website": null, "opening_hours": null, "addr:city": null, "addr:street": null, "healthcare:speciality": null, "created_by": null, "health_facility:type": null, "id:uuid": null, "is_in:health_admin3": null, "operator:type": null, "source": null, "survey:date": null, "addr:housenumber": null, "emergency": null, "phone": null, "barrier": null, "addr:postcode": null, "short_name": null, "natural": null, "wheelchair": null, "check_date": null, "denomination": null, "building": null, "healthcare:cholera": null, "designation": null, "wikidata": null, "material": null, "start_date": null, "old_name": null, "internet_access": null, "height": null, "toilets:wheelchair": null, "landuse": null, "type": null }, "geometry": { "type": "Point", "coordinates": [ -2.2676253, 13.7985242 ] } },
{ "type": "Feature", "properties": { "element": "node", "id": 8475738514, "amenity": "hospital", "name": "CSPS de Dinguiri", "name:fr": null, "healthcare": null, "operator": "Public", "Observation": null, "description": null, "name:en": null, "website": null, "opening_hours": null, "addr:city": null, "addr:street": null, "healthcare:speciality": null, "created_by": null, "health_facility:type": null, "id:uuid": null, "is_in:health_admin3": null, "operator:type": null, "source": null, "survey:date": null, "addr:housenumber": null, "emergency": null, "phone": null, "barrier": null, "addr:postcode": null, "short_name": null, "natural": null, "wheelchair": null, "check_date": null, "denomination": null, "building": null, "healthcare:cholera": null, "designation": null, "wikidata": null, "material": null, "start_date": null, "old_name": null, "internet_access": null, "height": null, "toilets:wheelchair": null, "landuse": null, "type": null }, "geometry": { "type": "Point", "coordinates": [ -2.3637933, 13.7685801 ] } },
{ "type": "Feature", "properties": { "element": "node", "id": 8476474070, "amenity": "hospital", "name": "CSPS de Soulou", "name:fr": null, "healthcare": null, "operator": "Public", "Observation": null, "description": null, "name:en": null, "website": null, "opening_hours": null, "addr:city": null, "addr:street": null, "healthcare:speciality": null, "created_by": null, "health_facility:type": null, "id:uuid": null, "is_in:health_admin3": null, "operator:type": null, "source": null, "survey:date": null, "addr:housenumber": null, "emergency": null, "phone": null, "barrier": null, "addr:postcode": null, "short_name": null, "natural": null, "wheelchair": null, "check_date": null, "denomination": null, "building": null, "healthcare:cholera": null, "designation": null, "wikidata": null, "material": null, "start_date": null, "old_name": null, "internet_access": null, "height": null, "toilets:wheelchair": null, "landuse": null, "type": null }, "geometry": { "type": "Point", "coordinates": [ -2.4712881, 13.7634896 ] } },
{ "type": "Feature", "properties": { "element": "node", "id": 8476574834, "amenity": "hospital", "name": "CSPS de Ramdolla-Mossi", "name:fr": null, "healthcare": null, "operator": "Public", "Observation": null, "description": null, "name:en": null, "website": null, "opening_hours": null, "addr:city": null, "addr:street": null, "healthcare:speciality": null, "created_by": null, "health_facility:type": null, "id:uuid": null, "is_in:health_admin3": null, "operator:type": null, "source": null, "survey:date": null, "addr:housenumber": null, "emergency": null, "phone": null, "barrier": null, "addr:postcode": null, "short_name": null, "natural": null, "wheelchair": null, "check_date": null, "denomination": null, "building": null, "healthcare:cholera": null, "designation": null, "wikidata": null, "material": null, "start_date": null, "old_name": null, "internet_access": null, "height": null, "toilets:wheelchair": null, "landuse": null, "type": null }, "geometry": { "type": "Point", "coordinates": [ -2.3003, 13.7447262 ] } },
{ "type": "Feature", "properties": { "element": "node", "id": 8477435862, "amenity": "hospital", "name": "CSPS de Ronga", "name:fr": null, "healthcare": null, "operator": "Public", "Observation": null, "description": null, "name:en": null, "website": null, "opening_hours": null, "addr:city": null, "addr:street": null, "healthcare:speciality": null, "created_by": null, "health_facility:type": null, "id:uuid": null, "is_in:health_admin3": null, "operator:type": null, "source": null, "survey:date": null, "addr:housenumber": null, "emergency": null, "phone": null, "barrier": null, "addr:postcode": null, "short_name": null, "natural": null, "wheelchair": null, "check_date": null, "denomination": null, "building": null, "healthcare:cholera": null, "designation": null, "wikidata": null, "material": null, "start_date": null, "old_name": null, "internet_access": null, "height": null, "toilets:wheelchair": null, "landuse": null, "type": null }, "geometry": { "type": "Point", "coordinates": [ -2.3965162, 13.7301902 ] } },
{ "type": "Feature", "properties": { "element": "node", "id": 8477437178, "amenity": "hospital", "name": "CSPS de Lemnogo-Mossi", "name:fr": null, "healthcare": null, "operator": "Public", "Observation": null, "description": null, "name:en": null, "website": null, "opening_hours": null, "addr:city": null, "addr:street": null, "healthcare:speciality": null, "created_by": null, "health_facility:type": null, "id:uuid": null, "is_in:health_admin3": null, "operator:type": null, "source": null, "survey:date": null, "addr:housenumber": null, "emergency": null, "phone": null, "barrier": null, "addr:postcode": null, "short_name": null, "natural": null, "wheelchair": null, "check_date": null, "denomination": null, "building": null, "healthcare:cholera": null, "designation": null, "wikidata": null, "material": null, "start_date": null, "old_name": null, "internet_access": null, "height": null, "toilets:wheelchair": null, "landuse": null, "type": null }, "geometry": { "type": "Point", "coordinates": [ -2.315492, 13.7327228 ] } },
{ "type": "Feature", "properties": { "element": "node", "id": 8480825248, "amenity": "hospital", "name": "CSPS de Pogoro-Mossi", "name:fr": null, "healthcare": null, "operator": "Public", "Observation": null, "description": null, "name:en": null, "website": null, "opening_hours": null, "addr:city": null, "addr:street": null, "healthcare:speciality": null, "created_by": null, "health_facility:type": null, "id:uuid": null, "is_in:health_admin3": null, "operator:type": null, "source": null, "survey:date": null, "addr:housenumber": null, "emergency": null, "phone": null, "barrier": null, "addr:postcode": null, "short_name": null, "natural": null, "wheelchair": null, "check_date": null, "denomination": null, "building": null, "healthcare:cholera": null, "designation": null, "wikidata": null, "material": null, "start_date": null, "old_name": null, "internet_access": null, "height": null, "toilets:wheelchair": null, "landuse": null, "type": null }, "geometry": { "type": "Point", "coordinates": [ -2.4258354, 13.7552648 ] } },
{ "type": "Feature", "properties": { "element": "node", "id": 8481228177, "amenity": "hospital", "name": "CSPS de Rim", "name:fr": null, "healthcare": null, "operator": "Public", "Observation": null, "description": null, "name:en": null, "website": null, "opening_hours": null, "addr:city": null, "addr:street": null, "healthcare:speciality": null, "created_by": null, "health_facility:type": null, "id:uuid": null, "is_in:health_admin3": null, "operator:type": null, "source": null, "survey:date": null, "addr:housenumber": null, "emergency": null, "phone": null, "barrier": null, "addr:postcode": null, "short_name": null, "natural": null, "wheelchair": null, "check_date": null, "denomination": null, "building": null, "healthcare:cholera": null, "designation": null, "wikidata": null, "material": null, "start_date": null, "old_name": null, "internet_access": null, "height": null, "toilets:wheelchair": null, "landuse": null, "type": null }, "geometry": { "type": "Point", "coordinates": [ -2.5212657, 13.7156716 ] } },
{ "type": "Feature", "properties": { "element": "node", "id": 8482837425, "amenity": "hospital", "name": "Centre médical de Thiou", "name:fr": null, "healthcare": null, "operator": "Public", "Observation": null, "description": null, "name:en": null, "website": null, "opening_hours": null, "addr:city": null, "addr:street": null, "healthcare:speciality": null, "created_by": null, "health_facility:type": null, "id:uuid": null, "is_in:health_admin3": null, "operator:type": null, "source": null, "survey:date": null, "addr:housenumber": null, "emergency": null, "phone": null, "barrier": null, "addr:postcode": null, "short_name": null, "natural": null, "wheelchair": null, "check_date": null, "denomination": null, "building": null, "healthcare:cholera": null, "designation": null, "wikidata": null, "material": null, "start_date": null, "old_name": null, "internet_access": null, "height": null, "toilets:wheelchair": null, "landuse": null, "type": null }, "geometry": { "type": "Point", "coordinates": [ -2.6520208, 13.7974145 ] } },
{ "type": "Feature", "properties": { "element": "node", "id": 8482837660, "amenity": "hospital", "name": "CSPS de Sim", "name:fr": null, "healthcare": null, "operator": "Public", "Observation": null, "description": null, "name:en": null, "website": null, "opening_hours": null, "addr:city": null, "addr:street": null, "healthcare:speciality": null, "created_by": null, "health_facility:type": null, "id:uuid": null, "is_in:health_admin3": null, "operator:type": null, "source": null, "survey:date": null, "addr:housenumber": null, "emergency": null, "phone": null, "barrier": null, "addr:postcode": null, "short_name": null, "natural": null, "wheelchair": null, "check_date": null, "denomination": null, "building": null, "healthcare:cholera": null, "designation": null, "wikidata": null, "material": null, "start_date": null, "old_name": null, "internet_access": null, "height": null, "toilets:wheelchair": null, "landuse": null, "type": null }, "geometry": { "type": "Point", "coordinates": [ -2.5814867, 13.7954062 ] } },
{ "type": "Feature", "properties": { "element": "node", "id": 8482838724, "amenity": "hospital", "name": "CSPS de Pétossiré", "name:fr": null, "healthcare": null, "operator": "Public", "Observation": null, "description": null, "name:en": null, "website": null, "opening_hours": null, "addr:city": null, "addr:street": null, "healthcare:speciality": null, "created_by": null, "health_facility:type": null, "id:uuid": null, "is_in:health_admin3": null, "operator:type": null, "source": null, "survey:date": null, "addr:housenumber": null, "emergency": null, "phone": null, "barrier": null, "addr:postcode": null, "short_name": null, "natural": null, "wheelchair": null, "check_date": null, "denomination": null, "building": null, "healthcare:cholera": null, "designation": null, "wikidata": null, "material": null, "start_date": null, "old_name": null, "internet_access": null, "height": null, "toilets:wheelchair": null, "landuse": null, "type": null }, "geometry": { "type": "Point", "coordinates": [ -2.6475079, 13.8518136 ] } },
{ "type": "Feature", "properties": { "element": "node", "id": 8483613498, "amenity": "hospital", "name": "Dispensaire du Secteur 6", "name:fr": null, "healthcare": null, "operator": "Public", "Observation": null, "description": null, "name:en": null, "website": null, "opening_hours": null, "addr:city": null, "addr:street": null, "healthcare:speciality": null, "created_by": null, "health_facility:type": null, "id:uuid": null, "is_in:health_admin3": null, "operator:type": null, "source": null, "survey:date": null, "addr:housenumber": null, "emergency": null, "phone": null, "barrier": null, "addr:postcode": null, "short_name": null, "natural": null, "wheelchair": null, "check_date": null, "denomination": null, "building": null, "healthcare:cholera": null, "designation": null, "wikidata": null, "material": null, "start_date": null, "old_name": null, "internet_access": null, "height": null, "toilets:wheelchair": null, "landuse": null, "type": null }, "geometry": { "type": "Point", "coordinates": [ -2.7048147, 13.7945349 ] } },
{ "type": "Feature", "properties": { "element": "node", "id": 8483813254, "amenity": "hospital", "name": "CSPS de Kalo", "name:fr": null, "healthcare": null, "operator": "Public", "Observation": null, "description": null, "name:en": null, "website": null, "opening_hours": null, "addr:city": null, "addr:street": null, "healthcare:speciality": null, "created_by": null, "health_facility:type": null, "id:uuid": null, "is_in:health_admin3": null, "operator:type": null, "source": null, "survey:date": null, "addr:housenumber": null, "emergency": null, "phone": null, "barrier": null, "addr:postcode": null, "short_name": null, "natural": null, "wheelchair": null, "check_date": null, "denomination": null, "building": null, "healthcare:cholera": null, "designation": null, "wikidata": null, "material": null, "start_date": null, "old_name": null, "internet_access": null, "height": null, "toilets:wheelchair": null, "landuse": null, "type": null }, "geometry": { "type": "Point", "coordinates": [ -2.6758441, 13.7287246 ] } },
{ "type": "Feature", "properties": { "element": "node", "id": 8483813477, "amenity": "hospital", "name": "Maternité Bokinda", "name:fr": null, "healthcare": null, "operator": null, "Observation": null, "description": null, "name:en": null, "website": null, "opening_hours": null, "addr:city": null, "addr:street": null, "healthcare:speciality": null, "created_by": null, "health_facility:type": null, "id:uuid": null, "is_in:health_admin3": null, "operator:type": null, "source": null, "survey:date": null, "addr:housenumber": null, "emergency": null, "phone": null, "barrier": null, "addr:postcode": null, "short_name": null, "natural": null, "wheelchair": null, "check_date": null, "denomination": null, "building": null, "healthcare:cholera": null, "designation": null, "wikidata": null, "material": null, "start_date": null, "old_name": null, "internet_access": null, "height": null, "toilets:wheelchair": null, "landuse": null, "type": null }, "geometry": { "type": "Point", "coordinates": [ -2.814572, 13.6854185 ] } },
{ "type": "Feature", "properties": { "element": "node", "id": 8483902542, "amenity": "hospital", "name": "Dispensaire de Noden", "name:fr": null, "healthcare": null, "operator": "Public", "Observation": null, "description": null, "name:en": null, "website": null, "opening_hours": null, "addr:city": null, "addr:street": null, "healthcare:speciality": null, "created_by": null, "health_facility:type": null, "id:uuid": null, "is_in:health_admin3": null, "operator:type": null, "source": null, "survey:date": null, "addr:housenumber": null, "emergency": null, "phone": null, "barrier": null, "addr:postcode": null, "short_name": null, "natural": null, "wheelchair": null, "check_date": null, "denomination": null, "building": null, "healthcare:cholera": null, "designation": null, "wikidata": null, "material": null, "start_date": null, "old_name": null, "internet_access": null, "height": null, "toilets:wheelchair": null, "landuse": null, "type": null }, "geometry": { "type": "Point", "coordinates": [ -2.5702617, 13.7345623 ] } },
{ "type": "Feature", "properties": { "element": "node", "id": 8484111614, "amenity": "hospital", "name": "CSPS Wouro-Narain", "name:fr": null, "healthcare": null, "operator": "Public", "Observation": null, "description": null, "name:en": null, "website": null, "opening_hours": null, "addr:city": null, "addr:street": null, "healthcare:speciality": null, "created_by": null, "health_facility:type": null, "id:uuid": null, "is_in:health_admin3": null, "operator:type": null, "source": null, "survey:date": null, "addr:housenumber": null, "emergency": null, "phone": null, "barrier": null, "addr:postcode": null, "short_name": null, "natural": null, "wheelchair": null, "check_date": null, "denomination": null, "building": null, "healthcare:cholera": null, "designation": null, "wikidata": null, "material": null, "start_date": null, "old_name": null, "internet_access": null, "height": null, "toilets:wheelchair": null, "landuse": null, "type": null }, "geometry": { "type": "Point", "coordinates": [ -2.541149, 13.6649431 ] } },
{ "type": "Feature", "properties": { "element": "node", "id": 8485590703, "amenity": "hospital", "name": "CSPS de Birgondogo", "name:fr": null, "healthcare": null, "operator": "Public", "Observation": null, "description": null, "name:en": null, "website": null, "opening_hours": null, "addr:city": null, "addr:street": null, "healthcare:speciality": null, "created_by": null, "health_facility:type": null, "id:uuid": null, "is_in:health_admin3": null, "operator:type": null, "source": null, "survey:date": null, "addr:housenumber": null, "emergency": null, "phone": null, "barrier": null, "addr:postcode": null, "short_name": null, "natural": null, "wheelchair": null, "check_date": null, "denomination": null, "building": null, "healthcare:cholera": null, "designation": null, "wikidata": null, "material": null, "start_date": null, "old_name": null, "internet_access": null, "height": null, "toilets:wheelchair": null, "landuse": null, "type": null }, "geometry": { "type": "Point", "coordinates": [ -2.858972, 13.6306288 ] } },
{ "type": "Feature", "properties": { "element": "node", "id": 8486701903, "amenity": "hospital", "name": "CSPS de Douma", "name:fr": null, "healthcare": null, "operator": "Public", "Observation": null, "description": null, "name:en": null, "website": null, "opening_hours": null, "addr:city": null, "addr:street": null, "healthcare:speciality": null, "created_by": null, "health_facility:type": null, "id:uuid": null, "is_in:health_admin3": null, "operator:type": null, "source": null, "survey:date": null, "addr:housenumber": null, "emergency": null, "phone": null, "barrier": null, "addr:postcode": null, "short_name": null, "natural": null, "wheelchair": null, "check_date": null, "denomination": null, "building": null, "healthcare:cholera": null, "designation": null, "wikidata": null, "material": null, "start_date": null, "old_name": null, "internet_access": null, "height": null, "toilets:wheelchair": null, "landuse": null, "type": null }, "geometry": { "type": "Point", "coordinates": [ -2.7570292, 13.6069565 ] } },
{ "type": "Feature", "properties": { "element": "node", "id": 8491506710, "amenity": "hospital", "name": "CSPS de Tougué-Mossi", "name:fr": null, "healthcare": null, "operator": "Public", "Observation": null, "description": null, "name:en": null, "website": null, "opening_hours": null, "addr:city": null, "addr:street": null, "healthcare:speciality": null, "created_by": null, "health_facility:type": null, "id:uuid": null, "is_in:health_admin3": null, "operator:type": null, "source": null, "survey:date": null, "addr:housenumber": null, "emergency": null, "phone": null, "barrier": null, "addr:postcode": null, "short_name": null, "natural": null, "wheelchair": null, "check_date": null, "denomination": null, "building": null, "healthcare:cholera": null, "designation": null, "wikidata": null, "material": null, "start_date": null, "old_name": null, "internet_access": null, "height": null, "toilets:wheelchair": null, "landuse": null, "type": null }, "geometry": { "type": "Point", "coordinates": [ -2.669321, 13.5257917 ] } },
{ "type": "Feature", "properties": { "element": "node", "id": 8492112408, "amenity": "hospital", "name": "CSPS de Touya", "name:fr": null, "healthcare": "hospital", "operator": "Public", "Observation": null, "description": null, "name:en": null, "website": null, "opening_hours": null, "addr:city": null, "addr:street": null, "healthcare:speciality": null, "created_by": null, "health_facility:type": null, "id:uuid": null, "is_in:health_admin3": null, "operator:type": null, "source": null, "survey:date": null, "addr:housenumber": null, "emergency": null, "phone": null, "barrier": null, "addr:postcode": null, "short_name": null, "natural": null, "wheelchair": null, "check_date": null, "denomination": null, "building": null, "healthcare:cholera": null, "designation": null, "wikidata": null, "material": null, "start_date": null, "old_name": null, "internet_access": null, "height": null, "toilets:wheelchair": null, "landuse": null, "type": null }, "geometry": { "type": "Point", "coordinates": [ -2.6172513, 13.6454238 ] } },
{ "type": "Feature", "properties": { "element": "node", "id": 8492112614, "amenity": "hospital", "name": "CSPS de Pella-Tibitiguia", "name:fr": null, "healthcare": null, "operator": "Public", "Observation": null, "description": null, "name:en": null, "website": null, "opening_hours": null, "addr:city": null, "addr:street": null, "healthcare:speciality": null, "created_by": null, "health_facility:type": null, "id:uuid": null, "is_in:health_admin3": null, "operator:type": null, "source": null, "survey:date": null, "addr:housenumber": null, "emergency": null, "phone": null, "barrier": null, "addr:postcode": null, "short_name": null, "natural": null, "wheelchair": null, "check_date": null, "denomination": null, "building": null, "healthcare:cholera": null, "designation": null, "wikidata": null, "material": null, "start_date": null, "old_name": null, "internet_access": null, "height": null, "toilets:wheelchair": null, "landuse": null, "type": null }, "geometry": { "type": "Point", "coordinates": [ -2.6432003, 13.6219498 ] } },
{ "type": "Feature", "properties": { "element": "node", "id": 8493038527, "amenity": "hospital", "name": "CSPS de Namsiguia", "name:fr": null, "healthcare": null, "operator": "Public", "Observation": null, "description": null, "name:en": null, "website": null, "opening_hours": null, "addr:city": null, "addr:street": null, "healthcare:speciality": null, "created_by": null, "health_facility:type": null, "id:uuid": null, "is_in:health_admin3": null, "operator:type": null, "source": null, "survey:date": null, "addr:housenumber": null, "emergency": null, "phone": null, "barrier": null, "addr:postcode": null, "short_name": null, "natural": null, "wheelchair": null, "check_date": null, "denomination": null, "building": null, "healthcare:cholera": null, "designation": null, "wikidata": null, "material": null, "start_date": null, "old_name": null, "internet_access": null, "height": null, "toilets:wheelchair": null, "landuse": null, "type": null }, "geometry": { "type": "Point", "coordinates": [ -2.5665709, 13.5892757 ] } },
{ "type": "Feature", "properties": { "element": "node", "id": 8493232441, "amenity": "hospital", "name": "CSPS de Bonsomnoré", "name:fr": null, "healthcare": null, "operator": "Public", "Observation": null, "description": null, "name:en": null, "website": null, "opening_hours": null, "addr:city": null, "addr:street": null, "healthcare:speciality": null, "created_by": null, "health_facility:type": null, "id:uuid": null, "is_in:health_admin3": null, "operator:type": null, "source": null, "survey:date": null, "addr:housenumber": null, "emergency": null, "phone": null, "barrier": null, "addr:postcode": null, "short_name": null, "natural": null, "wheelchair": null, "check_date": null, "denomination": null, "building": null, "healthcare:cholera": null, "designation": null, "wikidata": null, "material": null, "start_date": null, "old_name": null, "internet_access": null, "height": null, "toilets:wheelchair": null, "landuse": null, "type": null }, "geometry": { "type": "Point", "coordinates": [ -2.5354144, 13.5898441 ] } },
{ "type": "Feature", "properties": { "element": "node", "id": 8493232590, "amenity": "hospital", "name": "Centre Médical de Tangaye", "name:fr": null, "healthcare": "hospital", "operator": "Public", "Observation": null, "description": null, "name:en": null, "website": null, "opening_hours": null, "addr:city": null, "addr:street": null, "healthcare:speciality": null, "created_by": null, "health_facility:type": null, "id:uuid": null, "is_in:health_admin3": null, "operator:type": null, "source": null, "survey:date": null, "addr:housenumber": null, "emergency": null, "phone": null, "barrier": null, "addr:postcode": null, "short_name": null, "natural": null, "wheelchair": null, "check_date": null, "denomination": null, "building": null, "healthcare:cholera": null, "designation": null, "wikidata": null, "material": null, "start_date": null, "old_name": null, "internet_access": null, "height": null, "toilets:wheelchair": null, "landuse": null, "type": null }, "geometry": { "type": "Point", "coordinates": [ -2.5465724, 13.5408852 ] } },
{ "type": "Feature", "properties": { "element": "node", "id": 8494048576, "amenity": "hospital", "name": "CSPS de Ninga", "name:fr": null, "healthcare": null, "operator": "Public", "Observation": null, "description": null, "name:en": null, "website": null, "opening_hours": null, "addr:city": null, "addr:street": null, "healthcare:speciality": null, "created_by": null, "health_facility:type": null, "id:uuid": null, "is_in:health_admin3": null, "operator:type": null, "source": null, "survey:date": null, "addr:housenumber": null, "emergency": null, "phone": null, "barrier": null, "addr:postcode": null, "short_name": null, "natural": null, "wheelchair": null, "check_date": null, "denomination": null, "building": null, "healthcare:cholera": null, "designation": null, "wikidata": null, "material": null, "start_date": null, "old_name": null, "internet_access": null, "height": null, "toilets:wheelchair": null, "landuse": null, "type": null }, "geometry": { "type": "Point", "coordinates": [ -2.5134109, 13.4185041 ] } },
{ "type": "Feature", "properties": { "element": "node", "id": 8511433727, "amenity": "hospital", "name": "CSPS de Gandafagou-Kelwélé", "name:fr": null, "healthcare": null, "operator": "Public", "Observation": null, "description": null, "name:en": null, "website": null, "opening_hours": null, "addr:city": null, "addr:street": null, "healthcare:speciality": null, "created_by": null, "health_facility:type": null, "id:uuid": null, "is_in:health_admin3": null, "operator:type": null, "source": null, "survey:date": null, "addr:housenumber": null, "emergency": null, "phone": null, "barrier": null, "addr:postcode": null, "short_name": null, "natural": null, "wheelchair": null, "check_date": null, "denomination": null, "building": null, "healthcare:cholera": null, "designation": null, "wikidata": null, "material": null, "start_date": null, "old_name": null, "internet_access": null, "height": null, "toilets:wheelchair": null, "landuse": null, "type": null }, "geometry": { "type": "Point", "coordinates": [ -0.7075426, 14.7394962 ] } },
{ "type": "Feature", "properties": { "element": "node", "id": 8512962152, "amenity": "hospital", "name": "Centre Médical de Déou", "name:fr": null, "healthcare": null, "operator": "Public", "Observation": null, "description": null, "name:en": null, "website": null, "opening_hours": null, "addr:city": null, "addr:street": null, "healthcare:speciality": null, "created_by": null, "health_facility:type": null, "id:uuid": null, "is_in:health_admin3": null, "operator:type": null, "source": null, "survey:date": null, "addr:housenumber": null, "emergency": null, "phone": null, "barrier": null, "addr:postcode": null, "short_name": null, "natural": null, "wheelchair": null, "check_date": null, "denomination": null, "building": null, "healthcare:cholera": null, "designation": null, "wikidata": null, "material": null, "start_date": null, "old_name": null, "internet_access": null, "height": null, "toilets:wheelchair": null, "landuse": null, "type": null }, "geometry": { "type": "Point", "coordinates": [ -0.7192598, 14.5965906 ] } },
{ "type": "Feature", "properties": { "element": "node", "id": 8516746612, "amenity": "hospital", "name": "CSPS de Boukessi", "name:fr": null, "healthcare": null, "operator": "Public", "Observation": null, "description": null, "name:en": null, "website": null, "opening_hours": null, "addr:city": null, "addr:street": null, "healthcare:speciality": null, "created_by": null, "health_facility:type": null, "id:uuid": null, "is_in:health_admin3": null, "operator:type": null, "source": null, "survey:date": null, "addr:housenumber": null, "emergency": null, "phone": null, "barrier": null, "addr:postcode": null, "short_name": null, "natural": null, "wheelchair": null, "check_date": null, "denomination": null, "building": null, "healthcare:cholera": null, "designation": null, "wikidata": null, "material": null, "start_date": null, "old_name": null, "internet_access": null, "height": null, "toilets:wheelchair": null, "landuse": null, "type": null }, "geometry": { "type": "Point", "coordinates": [ -0.6686908, 14.439657 ] } },
{ "type": "Feature", "properties": { "element": "node", "id": 8520302205, "amenity": "hospital", "name": "CSPS de Soukoundou", "name:fr": null, "healthcare": null, "operator": "Public", "Observation": null, "description": null, "name:en": null, "website": null, "opening_hours": null, "addr:city": null, "addr:street": null, "healthcare:speciality": null, "created_by": null, "health_facility:type": null, "id:uuid": null, "is_in:health_admin3": null, "operator:type": null, "source": null, "survey:date": null, "addr:housenumber": null, "emergency": null, "phone": null, "barrier": null, "addr:postcode": null, "short_name": null, "natural": null, "wheelchair": null, "check_date": null, "denomination": null, "building": null, "healthcare:cholera": null, "designation": null, "wikidata": null, "material": null, "start_date": null, "old_name": null, "internet_access": null, "height": null, "toilets:wheelchair": null, "landuse": null, "type": null }, "geometry": { "type": "Point", "coordinates": [ -0.249204, 14.6933814 ] } },
{ "type": "Feature", "properties": { "element": "node", "id": 8520685765, "amenity": "hospital", "name": "CSPS d'Oursi", "name:fr": null, "healthcare": null, "operator": "Public", "Observation": null, "description": null, "name:en": null, "website": null, "opening_hours": null, "addr:city": null, "addr:street": null, "healthcare:speciality": null, "created_by": null, "health_facility:type": null, "id:uuid": null, "is_in:health_admin3": null, "operator:type": null, "source": null, "survey:date": null, "addr:housenumber": null, "emergency": null, "phone": null, "barrier": null, "addr:postcode": null, "short_name": null, "natural": null, "wheelchair": null, "check_date": null, "denomination": null, "building": null, "healthcare:cholera": null, "designation": null, "wikidata": null, "material": null, "start_date": null, "old_name": null, "internet_access": null, "height": null, "toilets:wheelchair": null, "landuse": null, "type": null }, "geometry": { "type": "Point", "coordinates": [ -0.4398367, 14.666 ] } },
{ "type": "Feature", "properties": { "element": "node", "id": 8522163132, "amenity": "hospital", "name": "CSPS de Roba", "name:fr": null, "healthcare": null, "operator": "Public", "Observation": null, "description": null, "name:en": null, "website": null, "opening_hours": null, "addr:city": null, "addr:street": null, "healthcare:speciality": null, "created_by": null, "health_facility:type": null, "id:uuid": null, "is_in:health_admin3": null, "operator:type": null, "source": null, "survey:date": null, "addr:housenumber": null, "emergency": null, "phone": null, "barrier": null, "addr:postcode": null, "short_name": null, "natural": null, "wheelchair": null, "check_date": null, "denomination": null, "building": null, "healthcare:cholera": null, "designation": null, "wikidata": null, "material": null, "start_date": null, "old_name": null, "internet_access": null, "height": null, "toilets:wheelchair": null, "landuse": null, "type": null }, "geometry": { "type": "Point", "coordinates": [ -2.4919197, 13.6625662 ] } },
{ "type": "Feature", "properties": { "element": "node", "id": 8529182748, "amenity": "hospital", "name": "CSPS de Bissigaye", "name:fr": null, "healthcare": null, "operator": "Public", "Observation": null, "description": null, "name:en": null, "website": null, "opening_hours": null, "addr:city": null, "addr:street": null, "healthcare:speciality": null, "created_by": null, "health_facility:type": null, "id:uuid": null, "is_in:health_admin3": null, "operator:type": null, "source": null, "survey:date": null, "addr:housenumber": null, "emergency": null, "phone": null, "barrier": null, "addr:postcode": null, "short_name": null, "natural": null, "wheelchair": null, "check_date": null, "denomination": null, "building": null, "healthcare:cholera": null, "designation": null, "wikidata": null, "material": null, "start_date": null, "old_name": null, "internet_access": null, "height": null, "toilets:wheelchair": null, "landuse": null, "type": null }, "geometry": { "type": "Point", "coordinates": [ -2.4759632, 13.5904606 ] } },
{ "type": "Feature", "properties": { "element": "node", "id": 8529501831, "amenity": "hospital", "name": "CSPS de Bembela", "name:fr": null, "healthcare": null, "operator": "Public", "Observation": null, "description": null, "name:en": null, "website": null, "opening_hours": null, "addr:city": null, "addr:street": null, "healthcare:speciality": null, "created_by": null, "health_facility:type": null, "id:uuid": null, "is_in:health_admin3": null, "operator:type": null, "source": null, "survey:date": null, "addr:housenumber": null, "emergency": null, "phone": null, "barrier": null, "addr:postcode": null, "short_name": null, "natural": null, "wheelchair": null, "check_date": null, "denomination": null, "building": null, "healthcare:cholera": null, "designation": null, "wikidata": null, "material": null, "start_date": null, "old_name": null, "internet_access": null, "height": null, "toilets:wheelchair": null, "landuse": null, "type": null }, "geometry": { "type": "Point", "coordinates": [ -2.4858378, 13.5572881 ] } },
{ "type": "Feature", "properties": { "element": "node", "id": 8563213472, "amenity": "hospital", "name": "CSPS de Soubo", "name:fr": null, "healthcare": null, "operator": "Public", "Observation": null, "description": null, "name:en": null, "website": null, "opening_hours": null, "addr:city": null, "addr:street": null, "healthcare:speciality": null, "created_by": null, "health_facility:type": null, "id:uuid": null, "is_in:health_admin3": null, "operator:type": null, "source": null, "survey:date": null, "addr:housenumber": null, "emergency": null, "phone": null, "barrier": null, "addr:postcode": null, "short_name": null, "natural": null, "wheelchair": null, "check_date": null, "denomination": null, "building": null, "healthcare:cholera": null, "designation": null, "wikidata": null, "material": null, "start_date": null, "old_name": null, "internet_access": null, "height": null, "toilets:wheelchair": null, "landuse": null, "type": null }, "geometry": { "type": "Point", "coordinates": [ -2.4891463, 13.5044262 ] } },
{ "type": "Feature", "properties": { "element": "node", "id": 8563446143, "amenity": "hospital", "name": "CSPS de Sissamba", "name:fr": null, "healthcare": null, "operator": "Public", "Observation": null, "description": null, "name:en": null, "website": null, "opening_hours": null, "addr:city": null, "addr:street": null, "healthcare:speciality": null, "created_by": null, "health_facility:type": null, "id:uuid": null, "is_in:health_admin3": null, "operator:type": null, "source": null, "survey:date": null, "addr:housenumber": null, "emergency": null, "phone": null, "barrier": null, "addr:postcode": null, "short_name": null, "natural": null, "wheelchair": null, "check_date": null, "denomination": null, "building": null, "healthcare:cholera": null, "designation": null, "wikidata": null, "material": null, "start_date": null, "old_name": null, "internet_access": null, "height": null, "toilets:wheelchair": null, "landuse": null, "type": null }, "geometry": { "type": "Point", "coordinates": [ -2.4647127, 13.500634 ] } },
{ "type": "Feature", "properties": { "element": "node", "id": 8564644231, "amenity": "hospital", "name": "CSPS de Somiaga", "name:fr": null, "healthcare": null, "operator": "Public", "Observation": null, "description": null, "name:en": null, "website": null, "opening_hours": null, "addr:city": null, "addr:street": null, "healthcare:speciality": null, "created_by": null, "health_facility:type": null, "id:uuid": null, "is_in:health_admin3": null, "operator:type": null, "source": null, "survey:date": null, "addr:housenumber": null, "emergency": null, "phone": null, "barrier": null, "addr:postcode": null, "short_name": null, "natural": null, "wheelchair": null, "check_date": null, "denomination": null, "building": null, "healthcare:cholera": null, "designation": null, "wikidata": null, "material": null, "start_date": null, "old_name": null, "internet_access": null, "height": null, "toilets:wheelchair": null, "landuse": null, "type": null }, "geometry": { "type": "Point", "coordinates": [ -2.4092808, 13.502371 ] } },
{ "type": "Feature", "properties": { "element": "node", "id": 8567047665, "amenity": "hospital", "name": "CSPS Urbain (Secteur 15)", "name:fr": null, "healthcare": null, "operator": "Public", "Observation": null, "description": null, "name:en": null, "website": null, "opening_hours": null, "addr:city": null, "addr:street": null, "healthcare:speciality": null, "created_by": null, "health_facility:type": null, "id:uuid": null, "is_in:health_admin3": null, "operator:type": null, "source": null, "survey:date": null, "addr:housenumber": null, "emergency": null, "phone": null, "barrier": null, "addr:postcode": null, "short_name": null, "natural": null, "wheelchair": null, "check_date": null, "denomination": null, "building": null, "healthcare:cholera": null, "designation": null, "wikidata": null, "material": null, "start_date": null, "old_name": null, "internet_access": null, "height": null, "toilets:wheelchair": null, "landuse": null, "type": null }, "geometry": { "type": "Point", "coordinates": [ -2.370197, 13.5455464 ] } },
{ "type": "Feature", "properties": { "element": "node", "id": 8567047798, "amenity": "hospital", "name": "Centre Hospitalier Universitaire de Ouahigouya", "name:fr": null, "healthcare": null, "operator": "MENA-PLN", "Observation": null, "description": null, "name:en": null, "website": null, "opening_hours": null, "addr:city": null, "addr:street": null, "healthcare:speciality": null, "created_by": null, "health_facility:type": null, "id:uuid": null, "is_in:health_admin3": null, "operator:type": null, "source": null, "survey:date": null, "addr:housenumber": null, "emergency": null, "phone": null, "barrier": null, "addr:postcode": null, "short_name": null, "natural": null, "wheelchair": null, "check_date": null, "denomination": null, "building": null, "healthcare:cholera": null, "designation": null, "wikidata": null, "material": null, "start_date": null, "old_name": null, "internet_access": null, "height": null, "toilets:wheelchair": null, "landuse": null, "type": null }, "geometry": { "type": "Point", "coordinates": [ -2.393999, 13.5429674 ] } },
{ "type": "Feature", "properties": { "element": "node", "id": 8567523842, "amenity": "hospital", "name": "CSPS Urbain", "name:fr": null, "healthcare": null, "operator": "Public", "Observation": null, "description": null, "name:en": null, "website": null, "opening_hours": null, "addr:city": null, "addr:street": null, "healthcare:speciality": null, "created_by": null, "health_facility:type": null, "id:uuid": null, "is_in:health_admin3": null, "operator:type": null, "source": null, "survey:date": null, "addr:housenumber": null, "emergency": null, "phone": null, "barrier": null, "addr:postcode": null, "short_name": null, "natural": null, "wheelchair": null, "check_date": null, "denomination": null, "building": null, "healthcare:cholera": null, "designation": null, "wikidata": null, "material": null, "start_date": null, "old_name": null, "internet_access": null, "height": null, "toilets:wheelchair": null, "landuse": null, "type": null }, "geometry": { "type": "Point", "coordinates": [ -2.441057, 13.5471005 ] } },
{ "type": "Feature", "properties": { "element": "node", "id": 8569216848, "amenity": "hospital", "name": "CSPS d'Aoréma", "name:fr": null, "healthcare": null, "operator": "Public", "Observation": null, "description": null, "name:en": null, "website": null, "opening_hours": null, "addr:city": null, "addr:street": null, "healthcare:speciality": null, "created_by": null, "health_facility:type": null, "id:uuid": null, "is_in:health_admin3": null, "operator:type": null, "source": null, "survey:date": null, "addr:housenumber": null, "emergency": null, "phone": null, "barrier": null, "addr:postcode": null, "short_name": null, "natural": null, "wheelchair": null, "check_date": null, "denomination": null, "building": null, "healthcare:cholera": null, "designation": null, "wikidata": null, "material": null, "start_date": null, "old_name": null, "internet_access": null, "height": null, "toilets:wheelchair": null, "landuse": null, "type": null }, "geometry": { "type": "Point", "coordinates": [ -2.34424, 13.6752038 ] } },
{ "type": "Feature", "properties": { "element": "node", "id": 8569217029, "amenity": "hospital", "name": "Centre médical de Youba", "name:fr": null, "healthcare": "hospital", "operator": "Public", "Observation": null, "description": null, "name:en": null, "website": null, "opening_hours": null, "addr:city": null, "addr:street": null, "healthcare:speciality": null, "created_by": null, "health_facility:type": null, "id:uuid": null, "is_in:health_admin3": null, "operator:type": null, "source": null, "survey:date": null, "addr:housenumber": null, "emergency": null, "phone": null, "barrier": null, "addr:postcode": null, "short_name": null, "natural": null, "wheelchair": null, "check_date": null, "denomination": null, "building": null, "healthcare:cholera": null, "designation": null, "wikidata": null, "material": null, "start_date": null, "old_name": null, "internet_access": null, "height": null, "toilets:wheelchair": null, "landuse": null, "type": null }, "geometry": { "type": "Point", "coordinates": [ -2.3656721, 13.6673682 ] } },
{ "type": "Feature", "properties": { "element": "node", "id": 8569217207, "amenity": "hospital", "name": "CSPS Bendogo", "name:fr": null, "healthcare": null, "operator": "Public", "Observation": null, "description": null, "name:en": null, "website": null, "opening_hours": null, "addr:city": null, "addr:street": null, "healthcare:speciality": null, "created_by": null, "health_facility:type": null, "id:uuid": null, "is_in:health_admin3": null, "operator:type": null, "source": null, "survey:date": null, "addr:housenumber": null, "emergency": null, "phone": null, "barrier": null, "addr:postcode": null, "short_name": null, "natural": null, "wheelchair": null, "check_date": null, "denomination": null, "building": null, "healthcare:cholera": null, "designation": null, "wikidata": null, "material": null, "start_date": null, "old_name": null, "internet_access": null, "height": null, "toilets:wheelchair": null, "landuse": null, "type": null }, "geometry": { "type": "Point", "coordinates": [ -2.3621008, 13.633053 ] } },
{ "type": "Feature", "properties": { "element": "node", "id": 8569217270, "amenity": "hospital", "name": "CSPS de Kononga", "name:fr": null, "healthcare": null, "operator": "Public", "Observation": null, "description": null, "name:en": null, "website": null, "opening_hours": null, "addr:city": null, "addr:street": null, "healthcare:speciality": null, "created_by": null, "health_facility:type": null, "id:uuid": null, "is_in:health_admin3": null, "operator:type": null, "source": null, "survey:date": null, "addr:housenumber": null, "emergency": null, "phone": null, "barrier": null, "addr:postcode": null, "short_name": null, "natural": null, "wheelchair": null, "check_date": null, "denomination": null, "building": null, "healthcare:cholera": null, "designation": null, "wikidata": null, "material": null, "start_date": null, "old_name": null, "internet_access": null, "height": null, "toilets:wheelchair": null, "landuse": null, "type": null }, "geometry": { "type": "Point", "coordinates": [ -2.3178095, 13.610584 ] } },
{ "type": "Feature", "properties": { "element": "node", "id": 8571233288, "amenity": "hospital", "name": "CSPS de Sodin", "name:fr": null, "healthcare": null, "operator": "Public", "Observation": null, "description": null, "name:en": null, "website": null, "opening_hours": null, "addr:city": null, "addr:street": null, "healthcare:speciality": null, "created_by": null, "health_facility:type": null, "id:uuid": null, "is_in:health_admin3": null, "operator:type": null, "source": null, "survey:date": null, "addr:housenumber": null, "emergency": null, "phone": null, "barrier": null, "addr:postcode": null, "short_name": null, "natural": null, "wheelchair": null, "check_date": null, "denomination": null, "building": null, "healthcare:cholera": null, "designation": null, "wikidata": null, "material": null, "start_date": null, "old_name": null, "internet_access": null, "height": null, "toilets:wheelchair": null, "landuse": null, "type": null }, "geometry": { "type": "Point", "coordinates": [ -2.4245788, 13.702653 ] } },
{ "type": "Feature", "properties": { "element": "node", "id": 8571539729, "amenity": "hospital", "name": "CSPS de Nango-Foulcé", "name:fr": null, "healthcare": null, "operator": "Public", "Observation": null, "description": null, "name:en": null, "website": null, "opening_hours": null, "addr:city": null, "addr:street": null, "healthcare:speciality": null, "created_by": null, "health_facility:type": null, "id:uuid": null, "is_in:health_admin3": null, "operator:type": null, "source": null, "survey:date": null, "addr:housenumber": null, "emergency": null, "phone": null, "barrier": null, "addr:postcode": null, "short_name": null, "natural": null, "wheelchair": null, "check_date": null, "denomination": null, "building": null, "healthcare:cholera": null, "designation": null, "wikidata": null, "material": null, "start_date": null, "old_name": null, "internet_access": null, "height": null, "toilets:wheelchair": null, "landuse": null, "type": null }, "geometry": { "type": "Point", "coordinates": [ -2.5977999, 13.450899 ] } },
{ "type": "Feature", "properties": { "element": "node", "id": 8571539730, "amenity": "hospital", "name": "Dispensaire de Samni", "name:fr": null, "healthcare": null, "operator": "Public", "Observation": null, "description": null, "name:en": null, "website": null, "opening_hours": null, "addr:city": null, "addr:street": null, "healthcare:speciality": null, "created_by": null, "health_facility:type": null, "id:uuid": null, "is_in:health_admin3": null, "operator:type": null, "source": null, "survey:date": null, "addr:housenumber": null, "emergency": null, "phone": null, "barrier": null, "addr:postcode": null, "short_name": null, "natural": null, "wheelchair": null, "check_date": null, "denomination": null, "building": null, "healthcare:cholera": null, "designation": null, "wikidata": null, "material": null, "start_date": null, "old_name": null, "internet_access": null, "height": null, "toilets:wheelchair": null, "landuse": null, "type": null }, "geometry": { "type": "Point", "coordinates": [ -2.5645982, 13.9309471 ] } },
{ "type": "Feature", "properties": { "element": "node", "id": 8571550090, "amenity": "hospital", "name": "Dispensaire de Goutoula", "name:fr": null, "healthcare": null, "operator": "Public", "Observation": null, "description": null, "name:en": null, "website": null, "opening_hours": null, "addr:city": null, "addr:street": null, "healthcare:speciality": null, "created_by": null, "health_facility:type": null, "id:uuid": null, "is_in:health_admin3": null, "operator:type": null, "source": null, "survey:date": null, "addr:housenumber": null, "emergency": null, "phone": null, "barrier": null, "addr:postcode": null, "short_name": null, "natural": null, "wheelchair": null, "check_date": null, "denomination": null, "building": null, "healthcare:cholera": null, "designation": null, "wikidata": null, "material": null, "start_date": null, "old_name": null, "internet_access": null, "height": null, "toilets:wheelchair": null, "landuse": null, "type": null }, "geometry": { "type": "Point", "coordinates": [ -2.5797701, 13.6083356 ] } },
{ "type": "Feature", "properties": { "element": "node", "id": 8630310501, "amenity": "hospital", "name": "CSPS de Pitmoaga", "name:fr": null, "healthcare": null, "operator": "Public", "Observation": null, "description": null, "name:en": null, "website": null, "opening_hours": null, "addr:city": null, "addr:street": null, "healthcare:speciality": null, "created_by": null, "health_facility:type": null, "id:uuid": null, "is_in:health_admin3": null, "operator:type": null, "source": null, "survey:date": null, "addr:housenumber": null, "emergency": null, "phone": null, "barrier": null, "addr:postcode": null, "short_name": null, "natural": null, "wheelchair": null, "check_date": null, "denomination": null, "building": null, "healthcare:cholera": null, "designation": null, "wikidata": null, "material": null, "start_date": null, "old_name": null, "internet_access": null, "height": null, "toilets:wheelchair": null, "landuse": null, "type": null }, "geometry": { "type": "Point", "coordinates": [ -1.8884924, 12.2488514 ] } },
{ "type": "Feature", "properties": { "element": "node", "id": 8638905750, "amenity": "hospital", "name": "CSPS de Manéga", "name:fr": null, "healthcare": null, "operator": "Public", "Observation": null, "description": null, "name:en": null, "website": null, "opening_hours": null, "addr:city": null, "addr:street": null, "healthcare:speciality": null, "created_by": null, "health_facility:type": null, "id:uuid": null, "is_in:health_admin3": null, "operator:type": null, "source": null, "survey:date": null, "addr:housenumber": null, "emergency": null, "phone": null, "barrier": null, "addr:postcode": null, "short_name": null, "natural": null, "wheelchair": null, "check_date": null, "denomination": null, "building": null, "healthcare:cholera": null, "designation": null, "wikidata": null, "material": null, "start_date": null, "old_name": null, "internet_access": null, "height": null, "toilets:wheelchair": null, "landuse": null, "type": null }, "geometry": { "type": "Point", "coordinates": [ -1.794308, 12.257484 ] } },
{ "type": "Feature", "properties": { "element": "node", "id": 8643568542, "amenity": "hospital", "name": "Maternité de Douré", "name:fr": null, "healthcare": null, "operator": "Public", "Observation": null, "description": null, "name:en": null, "website": null, "opening_hours": null, "addr:city": null, "addr:street": null, "healthcare:speciality": null, "created_by": null, "health_facility:type": null, "id:uuid": null, "is_in:health_admin3": null, "operator:type": null, "source": null, "survey:date": null, "addr:housenumber": null, "emergency": null, "phone": null, "barrier": null, "addr:postcode": null, "short_name": null, "natural": null, "wheelchair": null, "check_date": null, "denomination": null, "building": null, "healthcare:cholera": null, "designation": null, "wikidata": null, "material": null, "start_date": null, "old_name": null, "internet_access": null, "height": null, "toilets:wheelchair": null, "landuse": null, "type": null }, "geometry": { "type": "Point", "coordinates": [ -1.9060475, 12.2106585 ] } },
{ "type": "Feature", "properties": { "element": "node", "id": 8651632643, "amenity": "hospital", "name": "CSPS de Goulouré", "name:fr": null, "healthcare": null, "operator": "Public", "Observation": null, "description": null, "name:en": null, "website": null, "opening_hours": null, "addr:city": null, "addr:street": null, "healthcare:speciality": null, "created_by": null, "health_facility:type": null, "id:uuid": null, "is_in:health_admin3": null, "operator:type": null, "source": null, "survey:date": null, "addr:housenumber": null, "emergency": null, "phone": null, "barrier": null, "addr:postcode": null, "short_name": null, "natural": null, "wheelchair": null, "check_date": null, "denomination": null, "building": null, "healthcare:cholera": null, "designation": null, "wikidata": null, "material": null, "start_date": null, "old_name": null, "internet_access": null, "height": null, "toilets:wheelchair": null, "landuse": null, "type": null }, "geometry": { "type": "Point", "coordinates": [ -1.9391647, 12.2279364 ] } },
{ "type": "Feature", "properties": { "element": "node", "id": 8656043913, "amenity": "hospital", "name": "CSPS de Tanghin", "name:fr": null, "healthcare": null, "operator": "Public", "Observation": null, "description": null, "name:en": null, "website": null, "opening_hours": null, "addr:city": null, "addr:street": null, "healthcare:speciality": null, "created_by": null, "health_facility:type": null, "id:uuid": null, "is_in:health_admin3": null, "operator:type": null, "source": null, "survey:date": null, "addr:housenumber": null, "emergency": null, "phone": null, "barrier": null, "addr:postcode": null, "short_name": null, "natural": null, "wheelchair": null, "check_date": null, "denomination": null, "building": null, "healthcare:cholera": null, "designation": null, "wikidata": null, "material": null, "start_date": null, "old_name": null, "internet_access": null, "height": null, "toilets:wheelchair": null, "landuse": null, "type": null }, "geometry": { "type": "Point", "coordinates": [ -1.9702622, 12.2466156 ] } },
{ "type": "Feature", "properties": { "element": "node", "id": 8677054813, "amenity": "hospital", "name": "CSPS de Tanghin-Wobdo", "name:fr": null, "healthcare": null, "operator": "Public", "Observation": null, "description": null, "name:en": null, "website": null, "opening_hours": null, "addr:city": null, "addr:street": null, "healthcare:speciality": null, "created_by": null, "health_facility:type": null, "id:uuid": null, "is_in:health_admin3": null, "operator:type": null, "source": null, "survey:date": null, "addr:housenumber": null, "emergency": null, "phone": null, "barrier": null, "addr:postcode": null, "short_name": null, "natural": null, "wheelchair": null, "check_date": null, "denomination": null, "building": null, "healthcare:cholera": null, "designation": null, "wikidata": null, "material": null, "start_date": null, "old_name": null, "internet_access": null, "height": null, "toilets:wheelchair": null, "landuse": null, "type": null }, "geometry": { "type": "Point", "coordinates": [ -2.0394284, 12.1568999 ] } },
{ "type": "Feature", "properties": { "element": "node", "id": 8684222436, "amenity": "hospital", "name": "CSPS de Kamsé", "name:fr": null, "healthcare": null, "operator": "Public", "Observation": null, "description": null, "name:en": null, "website": null, "opening_hours": null, "addr:city": null, "addr:street": null, "healthcare:speciality": null, "created_by": null, "health_facility:type": null, "id:uuid": null, "is_in:health_admin3": null, "operator:type": null, "source": null, "survey:date": null, "addr:housenumber": null, "emergency": null, "phone": null, "barrier": null, "addr:postcode": null, "short_name": null, "natural": null, "wheelchair": null, "check_date": null, "denomination": null, "building": null, "healthcare:cholera": null, "designation": null, "wikidata": null, "material": null, "start_date": null, "old_name": null, "internet_access": null, "height": null, "toilets:wheelchair": null, "landuse": null, "type": null }, "geometry": { "type": "Point", "coordinates": [ -2.0926702, 12.0528875 ] } },
{ "type": "Feature", "properties": { "element": "node", "id": 8689854918, "amenity": "hospital", "name": "Madame voyante", "name:fr": null, "healthcare": null, "operator": null, "Observation": null, "description": null, "name:en": null, "website": null, "opening_hours": null, "addr:city": null, "addr:street": null, "healthcare:speciality": null, "created_by": null, "health_facility:type": null, "id:uuid": null, "is_in:health_admin3": null, "operator:type": null, "source": null, "survey:date": null, "addr:housenumber": null, "emergency": null, "phone": null, "barrier": null, "addr:postcode": null, "short_name": null, "natural": null, "wheelchair": null, "check_date": null, "denomination": null, "building": null, "healthcare:cholera": null, "designation": null, "wikidata": null, "material": null, "start_date": null, "old_name": null, "internet_access": null, "height": null, "toilets:wheelchair": null, "landuse": null, "type": null }, "geometry": { "type": "Point", "coordinates": [ -1.4171364, 12.4221601 ] } },
{ "type": "Feature", "properties": { "element": "node", "id": 8706626557, "amenity": "hospital", "name": "CSPS de Koukin", "name:fr": null, "healthcare": null, "operator": "Public", "Observation": null, "description": null, "name:en": null, "website": null, "opening_hours": null, "addr:city": null, "addr:street": null, "healthcare:speciality": null, "created_by": null, "health_facility:type": null, "id:uuid": null, "is_in:health_admin3": null, "operator:type": null, "source": null, "survey:date": null, "addr:housenumber": null, "emergency": null, "phone": null, "barrier": null, "addr:postcode": null, "short_name": null, "natural": null, "wheelchair": null, "check_date": null, "denomination": null, "building": null, "healthcare:cholera": null, "designation": null, "wikidata": null, "material": null, "start_date": null, "old_name": null, "internet_access": null, "height": null, "toilets:wheelchair": null, "landuse": null, "type": null }, "geometry": { "type": "Point", "coordinates": [ -2.1306315, 11.9797342 ] } },
{ "type": "Feature", "properties": { "element": "node", "id": 8724656239, "amenity": "hospital", "name": "CSPS de Nariou", "name:fr": null, "healthcare": null, "operator": "Public", "Observation": null, "description": null, "name:en": null, "website": null, "opening_hours": null, "addr:city": null, "addr:street": null, "healthcare:speciality": null, "created_by": null, "health_facility:type": null, "id:uuid": null, "is_in:health_admin3": null, "operator:type": null, "source": null, "survey:date": null, "addr:housenumber": null, "emergency": null, "phone": null, "barrier": null, "addr:postcode": null, "short_name": null, "natural": null, "wheelchair": null, "check_date": null, "denomination": null, "building": null, "healthcare:cholera": null, "designation": null, "wikidata": null, "material": null, "start_date": null, "old_name": null, "internet_access": null, "height": null, "toilets:wheelchair": null, "landuse": null, "type": null }, "geometry": { "type": "Point", "coordinates": [ -2.1513382, 12.089511 ] } },
{ "type": "Feature", "properties": { "element": "node", "id": 8731009060, "amenity": "hospital", "name": "CSPS du Secteur 1", "name:fr": null, "healthcare": null, "operator": "Public", "Observation": null, "description": null, "name:en": null, "website": null, "opening_hours": null, "addr:city": null, "addr:street": null, "healthcare:speciality": null, "created_by": null, "health_facility:type": null, "id:uuid": null, "is_in:health_admin3": null, "operator:type": null, "source": null, "survey:date": null, "addr:housenumber": null, "emergency": null, "phone": null, "barrier": null, "addr:postcode": null, "short_name": null, "natural": null, "wheelchair": null, "check_date": null, "denomination": null, "building": null, "healthcare:cholera": null, "designation": null, "wikidata": null, "material": null, "start_date": null, "old_name": null, "internet_access": null, "height": null, "toilets:wheelchair": null, "landuse": null, "type": null }, "geometry": { "type": "Point", "coordinates": [ -2.1022283, 12.1919716 ] } },
{ "type": "Feature", "properties": { "element": "node", "id": 8746516228, "amenity": "hospital", "name": "CSPS de Gogo", "name:fr": null, "healthcare": null, "operator": "Public", "Observation": null, "description": null, "name:en": null, "website": null, "opening_hours": null, "addr:city": null, "addr:street": null, "healthcare:speciality": null, "created_by": null, "health_facility:type": null, "id:uuid": null, "is_in:health_admin3": null, "operator:type": null, "source": null, "survey:date": null, "addr:housenumber": null, "emergency": null, "phone": null, "barrier": null, "addr:postcode": null, "short_name": null, "natural": null, "wheelchair": null, "check_date": null, "denomination": null, "building": null, "healthcare:cholera": null, "designation": null, "wikidata": null, "material": null, "start_date": null, "old_name": null, "internet_access": null, "height": null, "toilets:wheelchair": null, "landuse": null, "type": null }, "geometry": { "type": "Point", "coordinates": [ -2.1968566, 12.1289866 ] } },
{ "type": "Feature", "properties": { "element": "node", "id": 8746815360, "amenity": "hospital", "name": "CSPS", "name:fr": null, "healthcare": null, "operator": "Public", "Observation": null, "description": null, "name:en": null, "website": null, "opening_hours": null, "addr:city": null, "addr:street": null, "healthcare:speciality": null, "created_by": null, "health_facility:type": null, "id:uuid": null, "is_in:health_admin3": null, "operator:type": null, "source": null, "survey:date": null, "addr:housenumber": null, "emergency": null, "phone": null, "barrier": null, "addr:postcode": null, "short_name": null, "natural": null, "wheelchair": null, "check_date": null, "denomination": null, "building": null, "healthcare:cholera": null, "designation": null, "wikidata": null, "material": null, "start_date": null, "old_name": null, "internet_access": null, "height": null, "toilets:wheelchair": null, "landuse": null, "type": null }, "geometry": { "type": "Point", "coordinates": [ -2.1876727, 12.1739061 ] } },
{ "type": "Feature", "properties": { "element": "node", "id": 8755584108, "amenity": "hospital", "name": "CSPS de Pig-Poré", "name:fr": null, "healthcare": null, "operator": "Public", "Observation": null, "description": null, "name:en": null, "website": null, "opening_hours": null, "addr:city": null, "addr:street": null, "healthcare:speciality": null, "created_by": null, "health_facility:type": null, "id:uuid": null, "is_in:health_admin3": null, "operator:type": null, "source": null, "survey:date": null, "addr:housenumber": null, "emergency": null, "phone": null, "barrier": null, "addr:postcode": null, "short_name": null, "natural": null, "wheelchair": null, "check_date": null, "denomination": null, "building": null, "healthcare:cholera": null, "designation": null, "wikidata": null, "material": null, "start_date": null, "old_name": null, "internet_access": null, "height": null, "toilets:wheelchair": null, "landuse": null, "type": null }, "geometry": { "type": "Point", "coordinates": [ -2.7406731, 11.6819297 ] } },
{ "type": "Feature", "properties": { "element": "node", "id": 8780827466, "amenity": "hospital", "name": "Centre Médical", "name:fr": null, "healthcare": null, "operator": "Public", "Observation": null, "description": null, "name:en": null, "website": null, "opening_hours": null, "addr:city": null, "addr:street": null, "healthcare:speciality": null, "created_by": null, "health_facility:type": null, "id:uuid": null, "is_in:health_admin3": null, "operator:type": null, "source": null, "survey:date": null, "addr:housenumber": null, "emergency": null, "phone": null, "barrier": null, "addr:postcode": null, "short_name": null, "natural": null, "wheelchair": null, "check_date": null, "denomination": null, "building": null, "healthcare:cholera": null, "designation": null, "wikidata": null, "material": null, "start_date": null, "old_name": null, "internet_access": null, "height": null, "toilets:wheelchair": null, "landuse": null, "type": null }, "geometry": { "type": "Point", "coordinates": [ -2.761825, 11.6031951 ] } },
{ "type": "Feature", "properties": { "element": "node", "id": 8827252442, "amenity": "hospital", "name": "Centre Médical de Thyou", "name:fr": null, "healthcare": null, "operator": "Public", "Observation": null, "description": null, "name:en": null, "website": null, "opening_hours": null, "addr:city": null, "addr:street": null, "healthcare:speciality": null, "created_by": null, "health_facility:type": null, "id:uuid": null, "is_in:health_admin3": null, "operator:type": null, "source": null, "survey:date": null, "addr:housenumber": null, "emergency": null, "phone": null, "barrier": null, "addr:postcode": null, "short_name": null, "natural": null, "wheelchair": null, "check_date": null, "denomination": null, "building": null, "healthcare:cholera": null, "designation": null, "wikidata": null, "material": null, "start_date": null, "old_name": null, "internet_access": null, "height": null, "toilets:wheelchair": null, "landuse": null, "type": null }, "geometry": { "type": "Point", "coordinates": [ -2.1973166, 11.9486877 ] } },
{ "type": "Feature", "properties": { "element": "node", "id": 8832499146, "amenity": "hospital", "name": "CSPS de Sogpelcé", "name:fr": null, "healthcare": null, "operator": "Public", "Observation": null, "description": null, "name:en": null, "website": null, "opening_hours": null, "addr:city": null, "addr:street": null, "healthcare:speciality": null, "created_by": null, "health_facility:type": null, "id:uuid": null, "is_in:health_admin3": null, "operator:type": null, "source": null, "survey:date": null, "addr:housenumber": null, "emergency": null, "phone": null, "barrier": null, "addr:postcode": null, "short_name": null, "natural": null, "wheelchair": null, "check_date": null, "denomination": null, "building": null, "healthcare:cholera": null, "designation": null, "wikidata": null, "material": null, "start_date": null, "old_name": null, "internet_access": null, "height": null, "toilets:wheelchair": null, "landuse": null, "type": null }, "geometry": { "type": "Point", "coordinates": [ -2.1886584, 12.03162 ] } },
{ "type": "Feature", "properties": { "element": "node", "id": 8836976721, "amenity": "hospital", "name": "Centre Médical de Sabou", "name:fr": null, "healthcare": null, "operator": "Publc", "Observation": null, "description": null, "name:en": null, "website": null, "opening_hours": null, "addr:city": null, "addr:street": null, "healthcare:speciality": null, "created_by": null, "health_facility:type": null, "id:uuid": null, "is_in:health_admin3": null, "operator:type": null, "source": null, "survey:date": null, "addr:housenumber": null, "emergency": null, "phone": null, "barrier": null, "addr:postcode": null, "short_name": null, "natural": null, "wheelchair": null, "check_date": null, "denomination": null, "building": null, "healthcare:cholera": null, "designation": null, "wikidata": null, "material": null, "start_date": null, "old_name": null, "internet_access": null, "height": null, "toilets:wheelchair": null, "landuse": null, "type": null }, "geometry": { "type": "Point", "coordinates": [ -2.2236961, 12.0598963 ] } },
{ "type": "Feature", "properties": { "element": "node", "id": 8839898621, "amenity": "hospital", "name": "CSPS de Goumogo", "name:fr": null, "healthcare": null, "operator": "Public", "Observation": null, "description": null, "name:en": null, "website": null, "opening_hours": null, "addr:city": null, "addr:street": null, "healthcare:speciality": null, "created_by": null, "health_facility:type": null, "id:uuid": null, "is_in:health_admin3": null, "operator:type": null, "source": null, "survey:date": null, "addr:housenumber": null, "emergency": null, "phone": null, "barrier": null, "addr:postcode": null, "short_name": null, "natural": null, "wheelchair": null, "check_date": null, "denomination": null, "building": null, "healthcare:cholera": null, "designation": null, "wikidata": null, "material": null, "start_date": null, "old_name": null, "internet_access": null, "height": null, "toilets:wheelchair": null, "landuse": null, "type": null }, "geometry": { "type": "Point", "coordinates": [ -2.2490215, 11.9542442 ] } },
{ "type": "Feature", "properties": { "element": "node", "id": 8848046560, "amenity": "hospital", "name": "CSPS de Moukouan", "name:fr": null, "healthcare": null, "operator": "Public", "Observation": null, "description": null, "name:en": null, "website": null, "opening_hours": null, "addr:city": null, "addr:street": null, "healthcare:speciality": null, "created_by": null, "health_facility:type": null, "id:uuid": null, "is_in:health_admin3": null, "operator:type": null, "source": null, "survey:date": null, "addr:housenumber": null, "emergency": null, "phone": null, "barrier": null, "addr:postcode": null, "short_name": null, "natural": null, "wheelchair": null, "check_date": null, "denomination": null, "building": null, "healthcare:cholera": null, "designation": null, "wikidata": null, "material": null, "start_date": null, "old_name": null, "internet_access": null, "height": null, "toilets:wheelchair": null, "landuse": null, "type": null }, "geometry": { "type": "Point", "coordinates": [ -2.233344, 12.0118279 ] } },
{ "type": "Feature", "properties": { "element": "node", "id": 8867614663, "amenity": "hospital", "name": "CMA de Sabou", "name:fr": null, "healthcare": null, "operator": "Publc", "Observation": "Présence d'une antenne chirurgicale", "description": null, "name:en": null, "website": null, "opening_hours": null, "addr:city": null, "addr:street": null, "healthcare:speciality": null, "created_by": null, "health_facility:type": null, "id:uuid": null, "is_in:health_admin3": null, "operator:type": null, "source": null, "survey:date": null, "addr:housenumber": null, "emergency": null, "phone": null, "barrier": null, "addr:postcode": null, "short_name": null, "natural": null, "wheelchair": null, "check_date": null, "denomination": null, "building": null, "healthcare:cholera": null, "designation": null, "wikidata": null, "material": null, "start_date": null, "old_name": null, "internet_access": null, "height": null, "toilets:wheelchair": null, "landuse": null, "type": null }, "geometry": { "type": "Point", "coordinates": [ -2.2576274, 12.0510526 ] } },
{ "type": "Feature", "properties": { "element": "node", "id": 8872728117, "amenity": "hospital", "name": "Centre Médical Don Orione", "name:fr": null, "healthcare": null, "operator": null, "Observation": null, "description": null, "name:en": null, "website": null, "opening_hours": null, "addr:city": null, "addr:street": null, "healthcare:speciality": null, "created_by": null, "health_facility:type": null, "id:uuid": null, "is_in:health_admin3": null, "operator:type": null, "source": null, "survey:date": null, "addr:housenumber": null, "emergency": null, "phone": null, "barrier": null, "addr:postcode": null, "short_name": null, "natural": null, "wheelchair": null, "check_date": null, "denomination": null, "building": null, "healthcare:cholera": null, "designation": null, "wikidata": null, "material": null, "start_date": null, "old_name": null, "internet_access": null, "height": null, "toilets:wheelchair": null, "landuse": null, "type": null }, "geometry": { "type": "Point", "coordinates": [ -1.5497783, 12.42239 ] } },
{ "type": "Feature", "properties": { "element": "node", "id": 8878444531, "amenity": "hospital", "name": "CSPS de Namanéguéma", "name:fr": null, "healthcare": null, "operator": "Public", "Observation": null, "description": null, "name:en": null, "website": null, "opening_hours": null, "addr:city": null, "addr:street": null, "healthcare:speciality": null, "created_by": null, "health_facility:type": null, "id:uuid": null, "is_in:health_admin3": null, "operator:type": null, "source": null, "survey:date": null, "addr:housenumber": null, "emergency": null, "phone": null, "barrier": null, "addr:postcode": null, "short_name": null, "natural": null, "wheelchair": null, "check_date": null, "denomination": null, "building": null, "healthcare:cholera": null, "designation": null, "wikidata": null, "material": null, "start_date": null, "old_name": null, "internet_access": null, "height": null, "toilets:wheelchair": null, "landuse": null, "type": null }, "geometry": { "type": "Point", "coordinates": [ -2.241848, 12.1235964 ] } },
{ "type": "Feature", "properties": { "element": "node", "id": 8881155617, "amenity": "hospital", "name": "Centre Medical avec Antenne chirurgicale", "name:fr": "CMA de Kongoussi", "healthcare": "hospital", "operator": null, "Observation": null, "description": null, "name:en": null, "website": null, "opening_hours": null, "addr:city": null, "addr:street": null, "healthcare:speciality": null, "created_by": null, "health_facility:type": null, "id:uuid": null, "is_in:health_admin3": null, "operator:type": null, "source": null, "survey:date": null, "addr:housenumber": null, "emergency": null, "phone": null, "barrier": null, "addr:postcode": null, "short_name": null, "natural": null, "wheelchair": null, "check_date": null, "denomination": null, "building": null, "healthcare:cholera": null, "designation": null, "wikidata": null, "material": null, "start_date": null, "old_name": null, "internet_access": null, "height": null, "toilets:wheelchair": null, "landuse": null, "type": null }, "geometry": { "type": "Point", "coordinates": [ -1.5294184, 13.3301439 ] } },
{ "type": "Feature", "properties": { "element": "node", "id": 8898646458, "amenity": "hospital", "name": "CSPS de Zinou", "name:fr": null, "healthcare": null, "operator": "Public", "Observation": null, "description": null, "name:en": null, "website": null, "opening_hours": null, "addr:city": null, "addr:street": null, "healthcare:speciality": null, "created_by": null, "health_facility:type": null, "id:uuid": null, "is_in:health_admin3": null, "operator:type": null, "source": null, "survey:date": null, "addr:housenumber": null, "emergency": null, "phone": null, "barrier": null, "addr:postcode": null, "short_name": null, "natural": null, "wheelchair": null, "check_date": null, "denomination": null, "building": null, "healthcare:cholera": null, "designation": null, "wikidata": null, "material": null, "start_date": null, "old_name": null, "internet_access": null, "height": null, "toilets:wheelchair": null, "landuse": null, "type": null }, "geometry": { "type": "Point", "coordinates": [ -2.2730246, 11.8632009 ] } },
{ "type": "Feature", "properties": { "element": "node", "id": 8933534800, "amenity": "hospital", "name": "CSPS", "name:fr": null, "healthcare": "hospital", "operator": "Public", "Observation": null, "description": null, "name:en": null, "website": null, "opening_hours": null, "addr:city": null, "addr:street": null, "healthcare:speciality": null, "created_by": null, "health_facility:type": null, "id:uuid": null, "is_in:health_admin3": null, "operator:type": null, "source": null, "survey:date": null, "addr:housenumber": null, "emergency": null, "phone": null, "barrier": null, "addr:postcode": null, "short_name": null, "natural": null, "wheelchair": null, "check_date": null, "denomination": null, "building": null, "healthcare:cholera": null, "designation": null, "wikidata": null, "material": null, "start_date": null, "old_name": null, "internet_access": null, "height": null, "toilets:wheelchair": null, "landuse": null, "type": null }, "geometry": { "type": "Point", "coordinates": [ -3.556353, 11.4292418 ] } },
{ "type": "Feature", "properties": { "element": "node", "id": 8937021639, "amenity": "hospital", "name": "CSPS", "name:fr": null, "healthcare": null, "operator": "Public", "Observation": null, "description": null, "name:en": null, "website": null, "opening_hours": null, "addr:city": null, "addr:street": null, "healthcare:speciality": null, "created_by": null, "health_facility:type": null, "id:uuid": null, "is_in:health_admin3": null, "operator:type": null, "source": null, "survey:date": null, "addr:housenumber": null, "emergency": null, "phone": null, "barrier": null, "addr:postcode": null, "short_name": null, "natural": null, "wheelchair": null, "check_date": null, "denomination": null, "building": null, "healthcare:cholera": null, "designation": null, "wikidata": null, "material": null, "start_date": null, "old_name": null, "internet_access": null, "height": null, "toilets:wheelchair": null, "landuse": null, "type": null }, "geometry": { "type": "Point", "coordinates": [ 1.5637064, 11.9700195 ] } },
{ "type": "Feature", "properties": { "element": "node", "id": 8947264144, "amenity": "hospital", "name": "Centre médical", "name:fr": null, "healthcare": null, "operator": "Public", "Observation": null, "description": null, "name:en": null, "website": null, "opening_hours": null, "addr:city": null, "addr:street": null, "healthcare:speciality": null, "created_by": null, "health_facility:type": null, "id:uuid": null, "is_in:health_admin3": null, "operator:type": null, "source": null, "survey:date": null, "addr:housenumber": null, "emergency": null, "phone": null, "barrier": null, "addr:postcode": null, "short_name": null, "natural": null, "wheelchair": null, "check_date": null, "denomination": null, "building": null, "healthcare:cholera": null, "designation": null, "wikidata": null, "material": null, "start_date": null, "old_name": null, "internet_access": null, "height": null, "toilets:wheelchair": null, "landuse": null, "type": null }, "geometry": { "type": "Point", "coordinates": [ 1.6257378, 11.9246342 ] } },
{ "type": "Feature", "properties": { "element": "node", "id": 8968621277, "amenity": "hospital", "name": "CSPS", "name:fr": null, "healthcare": null, "operator": "Public", "Observation": null, "description": null, "name:en": null, "website": null, "opening_hours": null, "addr:city": null, "addr:street": null, "healthcare:speciality": null, "created_by": null, "health_facility:type": null, "id:uuid": null, "is_in:health_admin3": null, "operator:type": null, "source": null, "survey:date": null, "addr:housenumber": null, "emergency": null, "phone": null, "barrier": null, "addr:postcode": null, "short_name": null, "natural": null, "wheelchair": null, "check_date": null, "denomination": null, "building": null, "healthcare:cholera": null, "designation": null, "wikidata": null, "material": null, "start_date": null, "old_name": null, "internet_access": null, "height": null, "toilets:wheelchair": null, "landuse": null, "type": null }, "geometry": { "type": "Point", "coordinates": [ 1.7282613, 11.9734357 ] } },
{ "type": "Feature", "properties": { "element": "node", "id": 8985401860, "amenity": "hospital", "name": "CSPS", "name:fr": null, "healthcare": null, "operator": "Public", "Observation": null, "description": null, "name:en": null, "website": null, "opening_hours": null, "addr:city": null, "addr:street": null, "healthcare:speciality": null, "created_by": null, "health_facility:type": null, "id:uuid": null, "is_in:health_admin3": null, "operator:type": null, "source": null, "survey:date": null, "addr:housenumber": null, "emergency": null, "phone": null, "barrier": null, "addr:postcode": null, "short_name": null, "natural": null, "wheelchair": null, "check_date": null, "denomination": null, "building": null, "healthcare:cholera": null, "designation": null, "wikidata": null, "material": null, "start_date": null, "old_name": null, "internet_access": null, "height": null, "toilets:wheelchair": null, "landuse": null, "type": null }, "geometry": { "type": "Point", "coordinates": [ 1.7783689, 11.8728211 ] } },
{ "type": "Feature", "properties": { "element": "node", "id": 9006508198, "amenity": "hospital", "name": "CSPS", "name:fr": null, "healthcare": null, "operator": "Public", "Observation": null, "description": null, "name:en": null, "website": null, "opening_hours": null, "addr:city": null, "addr:street": null, "healthcare:speciality": null, "created_by": null, "health_facility:type": null, "id:uuid": null, "is_in:health_admin3": null, "operator:type": null, "source": null, "survey:date": null, "addr:housenumber": null, "emergency": null, "phone": null, "barrier": null, "addr:postcode": null, "short_name": null, "natural": null, "wheelchair": null, "check_date": null, "denomination": null, "building": null, "healthcare:cholera": null, "designation": null, "wikidata": null, "material": null, "start_date": null, "old_name": null, "internet_access": null, "height": null, "toilets:wheelchair": null, "landuse": null, "type": null }, "geometry": { "type": "Point", "coordinates": [ 1.9903225, 11.9572067 ] } },
{ "type": "Feature", "properties": { "element": "node", "id": 9041097662, "amenity": "hospital", "name": "CSPS", "name:fr": null, "healthcare": null, "operator": "Public", "Observation": null, "description": null, "name:en": null, "website": null, "opening_hours": null, "addr:city": null, "addr:street": null, "healthcare:speciality": null, "created_by": null, "health_facility:type": null, "id:uuid": null, "is_in:health_admin3": null, "operator:type": null, "source": null, "survey:date": null, "addr:housenumber": null, "emergency": null, "phone": null, "barrier": null, "addr:postcode": null, "short_name": null, "natural": null, "wheelchair": null, "check_date": null, "denomination": null, "building": null, "healthcare:cholera": null, "designation": null, "wikidata": null, "material": null, "start_date": null, "old_name": null, "internet_access": null, "height": null, "toilets:wheelchair": null, "landuse": null, "type": null }, "geometry": { "type": "Point", "coordinates": [ -3.3506477, 10.2243063 ] } },
{ "type": "Feature", "properties": { "element": "node", "id": 9192857948, "amenity": "hospital", "name": "Polyclinique International du Cœur", "name:fr": null, "healthcare": null, "operator": null, "Observation": null, "description": null, "name:en": null, "website": null, "opening_hours": null, "addr:city": null, "addr:street": null, "healthcare:speciality": null, "created_by": null, "health_facility:type": null, "id:uuid": null, "is_in:health_admin3": null, "operator:type": null, "source": null, "survey:date": null, "addr:housenumber": null, "emergency": null, "phone": null, "barrier": null, "addr:postcode": null, "short_name": null, "natural": null, "wheelchair": null, "check_date": null, "denomination": null, "building": null, "healthcare:cholera": null, "designation": null, "wikidata": null, "material": null, "start_date": null, "old_name": null, "internet_access": null, "height": null, "toilets:wheelchair": null, "landuse": null, "type": null }, "geometry": { "type": "Point", "coordinates": [ -1.4937382, 12.3099336 ] } },
{ "type": "Feature", "properties": { "element": "node", "id": 9209544593, "amenity": "hospital", "name": "CSPS", "name:fr": null, "healthcare": null, "operator": "Public", "Observation": null, "description": null, "name:en": null, "website": null, "opening_hours": null, "addr:city": null, "addr:street": null, "healthcare:speciality": null, "created_by": null, "health_facility:type": null, "id:uuid": null, "is_in:health_admin3": null, "operator:type": null, "source": null, "survey:date": null, "addr:housenumber": null, "emergency": null, "phone": null, "barrier": null, "addr:postcode": null, "short_name": null, "natural": null, "wheelchair": null, "check_date": null, "denomination": null, "building": null, "healthcare:cholera": null, "designation": null, "wikidata": null, "material": null, "start_date": null, "old_name": null, "internet_access": null, "height": null, "toilets:wheelchair": null, "landuse": null, "type": null }, "geometry": { "type": "Point", "coordinates": [ 1.8644813, 11.8822244 ] } },
{ "type": "Feature", "properties": { "element": "node", "id": 9279195023, "amenity": "hospital", "name": "Clinique Suka", "name:fr": null, "healthcare": "hospital", "operator": null, "Observation": null, "description": null, "name:en": null, "website": null, "opening_hours": null, "addr:city": null, "addr:street": null, "healthcare:speciality": null, "created_by": null, "health_facility:type": null, "id:uuid": null, "is_in:health_admin3": null, "operator:type": null, "source": null, "survey:date": null, "addr:housenumber": null, "emergency": "yes", "phone": null, "barrier": null, "addr:postcode": null, "short_name": null, "natural": null, "wheelchair": null, "check_date": null, "denomination": null, "building": null, "healthcare:cholera": null, "designation": null, "wikidata": null, "material": null, "start_date": null, "old_name": null, "internet_access": null, "height": null, "toilets:wheelchair": null, "landuse": null, "type": null }, "geometry": { "type": "Point", "coordinates": [ -1.5597021, 12.3368586 ] } },
{ "type": "Feature", "properties": { "element": "node", "id": 9308813620, "amenity": "hospital", "name": "CSPS", "name:fr": null, "healthcare": null, "operator": "Public", "Observation": null, "description": null, "name:en": null, "website": null, "opening_hours": null, "addr:city": null, "addr:street": null, "healthcare:speciality": null, "created_by": null, "health_facility:type": null, "id:uuid": null, "is_in:health_admin3": null, "operator:type": null, "source": null, "survey:date": null, "addr:housenumber": null, "emergency": null, "phone": null, "barrier": null, "addr:postcode": null, "short_name": null, "natural": null, "wheelchair": null, "check_date": null, "denomination": null, "building": null, "healthcare:cholera": null, "designation": null, "wikidata": null, "material": null, "start_date": null, "old_name": null, "internet_access": null, "height": null, "toilets:wheelchair": null, "landuse": null, "type": null }, "geometry": { "type": "Point", "coordinates": [ -1.4638183, 12.2402146 ] } },
{ "type": "Feature", "properties": { "element": "node", "id": 9331672445, "amenity": "hospital", "name": "CSPS", "name:fr": null, "healthcare": null, "operator": "Public", "Observation": null, "description": null, "name:en": null, "website": null, "opening_hours": null, "addr:city": null, "addr:street": null, "healthcare:speciality": null, "created_by": null, "health_facility:type": null, "id:uuid": null, "is_in:health_admin3": null, "operator:type": null, "source": null, "survey:date": null, "addr:housenumber": null, "emergency": null, "phone": null, "barrier": null, "addr:postcode": null, "short_name": null, "natural": null, "wheelchair": null, "check_date": null, "denomination": null, "building": null, "healthcare:cholera": null, "designation": null, "wikidata": null, "material": null, "start_date": null, "old_name": null, "internet_access": null, "height": null, "toilets:wheelchair": null, "landuse": null, "type": null }, "geometry": { "type": "Point", "coordinates": [ -1.4464147, 12.5179956 ] } },
{ "type": "Feature", "properties": { "element": "node", "id": 9332927088, "amenity": "hospital", "name": "CMU", "name:fr": null, "healthcare": null, "operator": null, "Observation": null, "description": null, "name:en": null, "website": null, "opening_hours": null, "addr:city": null, "addr:street": null, "healthcare:speciality": null, "created_by": null, "health_facility:type": null, "id:uuid": null, "is_in:health_admin3": null, "operator:type": null, "source": null, "survey:date": null, "addr:housenumber": null, "emergency": null, "phone": null, "barrier": null, "addr:postcode": null, "short_name": null, "natural": null, "wheelchair": null, "check_date": null, "denomination": null, "building": null, "healthcare:cholera": null, "designation": null, "wikidata": null, "material": null, "start_date": null, "old_name": null, "internet_access": null, "height": null, "toilets:wheelchair": null, "landuse": null, "type": null }, "geometry": { "type": "Point", "coordinates": [ -3.4635261, 12.4730745 ] } },
{ "type": "Feature", "properties": { "element": "node", "id": 9341065389, "amenity": "hospital", "name": "Centre Hospitalier Régional de Goaua", "name:fr": null, "healthcare": null, "operator": null, "Observation": null, "description": null, "name:en": "Regional hospital center of Goaua", "website": null, "opening_hours": null, "addr:city": null, "addr:street": null, "healthcare:speciality": null, "created_by": null, "health_facility:type": null, "id:uuid": null, "is_in:health_admin3": null, "operator:type": null, "source": null, "survey:date": null, "addr:housenumber": null, "emergency": null, "phone": null, "barrier": null, "addr:postcode": null, "short_name": null, "natural": null, "wheelchair": null, "check_date": null, "denomination": null, "building": null, "healthcare:cholera": null, "designation": null, "wikidata": null, "material": null, "start_date": null, "old_name": null, "internet_access": null, "height": null, "toilets:wheelchair": null, "landuse": null, "type": null }, "geometry": { "type": "Point", "coordinates": [ -3.17984, 10.3214791 ] } },
{ "type": "Feature", "properties": { "element": "node", "id": 9360221263, "amenity": "hospital", "name": "CSPS", "name:fr": null, "healthcare": null, "operator": "Public", "Observation": null, "description": null, "name:en": null, "website": null, "opening_hours": null, "addr:city": null, "addr:street": null, "healthcare:speciality": null, "created_by": null, "health_facility:type": null, "id:uuid": null, "is_in:health_admin3": null, "operator:type": null, "source": null, "survey:date": null, "addr:housenumber": null, "emergency": null, "phone": null, "barrier": null, "addr:postcode": null, "short_name": null, "natural": null, "wheelchair": null, "check_date": null, "denomination": null, "building": null, "healthcare:cholera": null, "designation": null, "wikidata": null, "material": null, "start_date": null, "old_name": null, "internet_access": null, "height": null, "toilets:wheelchair": null, "landuse": null, "type": null }, "geometry": { "type": "Point", "coordinates": [ -1.4952108, 12.5182823 ] } },
{ "type": "Feature", "properties": { "element": "node", "id": 9360555017, "amenity": "hospital", "name": "CSPS DE AVV4", "name:fr": null, "healthcare": null, "operator": null, "Observation": null, "description": null, "name:en": "AVV4 CSPS", "website": "http://www.ms.gov.bf", "opening_hours": null, "addr:city": null, "addr:street": null, "healthcare:speciality": null, "created_by": null, "health_facility:type": null, "id:uuid": null, "is_in:health_admin3": null, "operator:type": null, "source": null, "survey:date": null, "addr:housenumber": null, "emergency": null, "phone": null, "barrier": null, "addr:postcode": null, "short_name": null, "natural": null, "wheelchair": null, "check_date": null, "denomination": null, "building": null, "healthcare:cholera": null, "designation": null, "wikidata": null, "material": null, "start_date": null, "old_name": null, "internet_access": null, "height": null, "toilets:wheelchair": null, "landuse": null, "type": null }, "geometry": { "type": "Point", "coordinates": [ -0.8651287, 11.1683631 ] } },
{ "type": "Feature", "properties": { "element": "node", "id": 9366341228, "amenity": "hospital", "name": "CSPS", "name:fr": null, "healthcare": null, "operator": "Public", "Observation": null, "description": null, "name:en": null, "website": null, "opening_hours": null, "addr:city": null, "addr:street": null, "healthcare:speciality": null, "created_by": null, "health_facility:type": null, "id:uuid": null, "is_in:health_admin3": null, "operator:type": null, "source": null, "survey:date": null, "addr:housenumber": null, "emergency": null, "phone": null, "barrier": null, "addr:postcode": null, "short_name": null, "natural": null, "wheelchair": null, "check_date": null, "denomination": null, "building": null, "healthcare:cholera": null, "designation": null, "wikidata": null, "material": null, "start_date": null, "old_name": null, "internet_access": null, "height": null, "toilets:wheelchair": null, "landuse": null, "type": null }, "geometry": { "type": "Point", "coordinates": [ -1.4664052, 12.5341784 ] } },
{ "type": "Feature", "properties": { "element": "node", "id": 9373549390, "amenity": "hospital", "name": "Dispensaire", "name:fr": null, "healthcare": null, "operator": "Public", "Observation": null, "description": null, "name:en": null, "website": null, "opening_hours": null, "addr:city": null, "addr:street": null, "healthcare:speciality": null, "created_by": null, "health_facility:type": null, "id:uuid": null, "is_in:health_admin3": null, "operator:type": null, "source": null, "survey:date": null, "addr:housenumber": null, "emergency": null, "phone": null, "barrier": null, "addr:postcode": null, "short_name": null, "natural": null, "wheelchair": null, "check_date": null, "denomination": null, "building": null, "healthcare:cholera": null, "designation": null, "wikidata": null, "material": null, "start_date": null, "old_name": null, "internet_access": null, "height": null, "toilets:wheelchair": null, "landuse": null, "type": null }, "geometry": { "type": "Point", "coordinates": [ -1.5171392, 12.5293476 ] } },
{ "type": "Feature", "properties": { "element": "node", "id": 9404723666, "amenity": "hospital", "name": "CSPS", "name:fr": null, "healthcare": null, "operator": "Public", "Observation": null, "description": null, "name:en": null, "website": null, "opening_hours": null, "addr:city": null, "addr:street": null, "healthcare:speciality": null, "created_by": null, "health_facility:type": null, "id:uuid": null, "is_in:health_admin3": null, "operator:type": null, "source": null, "survey:date": null, "addr:housenumber": null, "emergency": null, "phone": null, "barrier": null, "addr:postcode": null, "short_name": null, "natural": null, "wheelchair": null, "check_date": null, "denomination": null, "building": null, "healthcare:cholera": null, "designation": null, "wikidata": null, "material": null, "start_date": null, "old_name": null, "internet_access": null, "height": null, "toilets:wheelchair": null, "landuse": null, "type": null }, "geometry": { "type": "Point", "coordinates": [ -1.5012914, 12.4832687 ] } },
{ "type": "Feature", "properties": { "element": "node", "id": 9483932676, "amenity": "hospital", "name": "CSPS", "name:fr": null, "healthcare": "hospital", "operator": "Privé", "Observation": null, "description": null, "name:en": null, "website": null, "opening_hours": null, "addr:city": null, "addr:street": null, "healthcare:speciality": null, "created_by": null, "health_facility:type": null, "id:uuid": null, "is_in:health_admin3": null, "operator:type": null, "source": null, "survey:date": null, "addr:housenumber": null, "emergency": null, "phone": null, "barrier": null, "addr:postcode": null, "short_name": null, "natural": null, "wheelchair": null, "check_date": null, "denomination": null, "building": null, "healthcare:cholera": null, "designation": null, "wikidata": null, "material": null, "start_date": null, "old_name": null, "internet_access": null, "height": null, "toilets:wheelchair": null, "landuse": null, "type": null }, "geometry": { "type": "Point", "coordinates": [ -1.5658776, 12.5069861 ] } },
{ "type": "Feature", "properties": { "element": "node", "id": 9586160848, "amenity": "hospital", "name": "CSPS", "name:fr": null, "healthcare": "hospital", "operator": "Public", "Observation": null, "description": null, "name:en": null, "website": null, "opening_hours": null, "addr:city": null, "addr:street": null, "healthcare:speciality": null, "created_by": null, "health_facility:type": null, "id:uuid": null, "is_in:health_admin3": null, "operator:type": null, "source": null, "survey:date": null, "addr:housenumber": null, "emergency": null, "phone": null, "barrier": null, "addr:postcode": null, "short_name": null, "natural": null, "wheelchair": null, "check_date": null, "denomination": null, "building": null, "healthcare:cholera": null, "designation": null, "wikidata": null, "material": null, "start_date": null, "old_name": null, "internet_access": null, "height": null, "toilets:wheelchair": null, "landuse": null, "type": null }, "geometry": { "type": "Point", "coordinates": [ -1.5804487, 12.5042759 ] } },
{ "type": "Feature", "properties": { "element": "node", "id": 9597326864, "amenity": "hospital", "name": "Centre Médical de Poa", "name:fr": null, "healthcare": null, "operator": "Public", "Observation": null, "description": null, "name:en": null, "website": null, "opening_hours": null, "addr:city": null, "addr:street": null, "healthcare:speciality": null, "created_by": null, "health_facility:type": null, "id:uuid": null, "is_in:health_admin3": null, "operator:type": null, "source": null, "survey:date": null, "addr:housenumber": null, "emergency": null, "phone": null, "barrier": null, "addr:postcode": null, "short_name": null, "natural": null, "wheelchair": null, "check_date": null, "denomination": null, "building": null, "healthcare:cholera": null, "designation": null, "wikidata": null, "material": null, "start_date": null, "old_name": null, "internet_access": null, "height": null, "toilets:wheelchair": null, "landuse": null, "type": null }, "geometry": { "type": "Point", "coordinates": [ -2.1085221, 12.2070749 ] } },
{ "type": "Feature", "properties": { "element": "node", "id": 9625748657, "amenity": "hospital", "name": "CSPS", "name:fr": null, "healthcare": null, "operator": "Public", "Observation": null, "description": null, "name:en": null, "website": null, "opening_hours": null, "addr:city": null, "addr:street": null, "healthcare:speciality": null, "created_by": null, "health_facility:type": null, "id:uuid": null, "is_in:health_admin3": null, "operator:type": null, "source": null, "survey:date": null, "addr:housenumber": null, "emergency": null, "phone": null, "barrier": null, "addr:postcode": null, "short_name": null, "natural": null, "wheelchair": null, "check_date": null, "denomination": null, "building": null, "healthcare:cholera": null, "designation": null, "wikidata": null, "material": null, "start_date": null, "old_name": null, "internet_access": null, "height": null, "toilets:wheelchair": null, "landuse": null, "type": null }, "geometry": { "type": "Point", "coordinates": [ -2.1584058, 12.2003269 ] } },
{ "type": "Feature", "properties": { "element": "node", "id": 9656807614, "amenity": "hospital", "name": "CSPS", "name:fr": null, "healthcare": null, "operator": "Public", "Observation": null, "description": null, "name:en": null, "website": null, "opening_hours": null, "addr:city": null, "addr:street": null, "healthcare:speciality": null, "created_by": null, "health_facility:type": null, "id:uuid": null, "is_in:health_admin3": null, "operator:type": null, "source": null, "survey:date": null, "addr:housenumber": null, "emergency": null, "phone": null, "barrier": null, "addr:postcode": null, "short_name": null, "natural": null, "wheelchair": null, "check_date": null, "denomination": null, "building": null, "healthcare:cholera": null, "designation": null, "wikidata": null, "material": null, "start_date": null, "old_name": null, "internet_access": null, "height": null, "toilets:wheelchair": null, "landuse": null, "type": null }, "geometry": { "type": "Point", "coordinates": [ -2.0706493, 12.2303088 ] } },
{ "type": "Feature", "properties": { "element": "node", "id": 9667625433, "amenity": "hospital", "name": "CSPS", "name:fr": null, "healthcare": null, "operator": "Public", "Observation": null, "description": null, "name:en": null, "website": null, "opening_hours": null, "addr:city": null, "addr:street": null, "healthcare:speciality": null, "created_by": null, "health_facility:type": null, "id:uuid": null, "is_in:health_admin3": null, "operator:type": null, "source": null, "survey:date": null, "addr:housenumber": null, "emergency": null, "phone": null, "barrier": null, "addr:postcode": null, "short_name": null, "natural": null, "wheelchair": null, "check_date": null, "denomination": null, "building": null, "healthcare:cholera": null, "designation": null, "wikidata": null, "material": null, "start_date": null, "old_name": null, "internet_access": null, "height": null, "toilets:wheelchair": null, "landuse": null, "type": null }, "geometry": { "type": "Point", "coordinates": [ -2.082455, 12.26013 ] } },
{ "type": "Feature", "properties": { "element": "node", "id": 9670743909, "amenity": "hospital", "name": "CSPS", "name:fr": null, "healthcare": null, "operator": "Public", "Observation": null, "description": null, "name:en": null, "website": null, "opening_hours": null, "addr:city": null, "addr:street": null, "healthcare:speciality": null, "created_by": null, "health_facility:type": null, "id:uuid": null, "is_in:health_admin3": null, "operator:type": null, "source": null, "survey:date": null, "addr:housenumber": null, "emergency": null, "phone": null, "barrier": null, "addr:postcode": null, "short_name": null, "natural": null, "wheelchair": null, "check_date": null, "denomination": null, "building": null, "healthcare:cholera": null, "designation": null, "wikidata": null, "material": null, "start_date": null, "old_name": null, "internet_access": null, "height": null, "toilets:wheelchair": null, "landuse": null, "type": null }, "geometry": { "type": "Point", "coordinates": [ -2.1090424, 12.2400521 ] } },
{ "type": "Feature", "properties": { "element": "node", "id": 9678410251, "amenity": "hospital", "name": "CSPS", "name:fr": null, "healthcare": null, "operator": "Public", "Observation": null, "description": null, "name:en": null, "website": null, "opening_hours": null, "addr:city": null, "addr:street": null, "healthcare:speciality": null, "created_by": null, "health_facility:type": null, "id:uuid": null, "is_in:health_admin3": null, "operator:type": null, "source": null, "survey:date": null, "addr:housenumber": null, "emergency": null, "phone": null, "barrier": null, "addr:postcode": null, "short_name": null, "natural": null, "wheelchair": null, "check_date": null, "denomination": null, "building": null, "healthcare:cholera": null, "designation": null, "wikidata": null, "material": null, "start_date": null, "old_name": null, "internet_access": null, "height": null, "toilets:wheelchair": null, "landuse": null, "type": null }, "geometry": { "type": "Point", "coordinates": [ -2.1446688, 12.2570856 ] } },
{ "type": "Feature", "properties": { "element": "node", "id": 9704132306, "amenity": "hospital", "name": "CSPS", "name:fr": null, "healthcare": null, "operator": "Public", "Observation": null, "description": null, "name:en": null, "website": null, "opening_hours": null, "addr:city": null, "addr:street": null, "healthcare:speciality": null, "created_by": null, "health_facility:type": null, "id:uuid": null, "is_in:health_admin3": null, "operator:type": null, "source": null, "survey:date": null, "addr:housenumber": null, "emergency": null, "phone": null, "barrier": null, "addr:postcode": null, "short_name": null, "natural": null, "wheelchair": null, "check_date": null, "denomination": null, "building": null, "healthcare:cholera": null, "designation": null, "wikidata": null, "material": null, "start_date": null, "old_name": null, "internet_access": null, "height": null, "toilets:wheelchair": null, "landuse": null, "type": null }, "geometry": { "type": "Point", "coordinates": [ -2.1692272, 12.278339 ] } },
{ "type": "Feature", "properties": { "element": "node", "id": 9767333617, "amenity": "hospital", "name": "CSPS", "name:fr": null, "healthcare": null, "operator": "Public", "Observation": null, "description": null, "name:en": null, "website": null, "opening_hours": null, "addr:city": null, "addr:street": null, "healthcare:speciality": null, "created_by": null, "health_facility:type": null, "id:uuid": null, "is_in:health_admin3": null, "operator:type": null, "source": null, "survey:date": null, "addr:housenumber": null, "emergency": null, "phone": null, "barrier": null, "addr:postcode": null, "short_name": null, "natural": null, "wheelchair": null, "check_date": null, "denomination": null, "building": null, "healthcare:cholera": null, "designation": null, "wikidata": null, "material": null, "start_date": null, "old_name": null, "internet_access": null, "height": null, "toilets:wheelchair": null, "landuse": null, "type": null }, "geometry": { "type": "Point", "coordinates": [ -2.1353656, 12.2962257 ] } },
{ "type": "Feature", "properties": { "element": "node", "id": 9794400324, "amenity": "hospital", "name": "CSPS", "name:fr": null, "healthcare": null, "operator": "Public", "Observation": null, "description": null, "name:en": null, "website": null, "opening_hours": null, "addr:city": null, "addr:street": null, "healthcare:speciality": null, "created_by": null, "health_facility:type": null, "id:uuid": null, "is_in:health_admin3": null, "operator:type": null, "source": null, "survey:date": null, "addr:housenumber": null, "emergency": null, "phone": null, "barrier": null, "addr:postcode": null, "short_name": null, "natural": null, "wheelchair": null, "check_date": null, "denomination": null, "building": null, "healthcare:cholera": null, "designation": null, "wikidata": null, "material": null, "start_date": null, "old_name": null, "internet_access": null, "height": null, "toilets:wheelchair": null, "landuse": null, "type": null }, "geometry": { "type": "Point", "coordinates": [ -2.0595235, 12.3087602 ] } },
{ "type": "Feature", "properties": { "element": "node", "id": 9864220249, "amenity": "hospital", "name": "CSPS", "name:fr": null, "healthcare": null, "operator": "Public", "Observation": null, "description": null, "name:en": null, "website": null, "opening_hours": null, "addr:city": null, "addr:street": null, "healthcare:speciality": null, "created_by": null, "health_facility:type": null, "id:uuid": null, "is_in:health_admin3": null, "operator:type": null, "source": null, "survey:date": null, "addr:housenumber": null, "emergency": null, "phone": null, "barrier": null, "addr:postcode": null, "short_name": null, "natural": null, "wheelchair": null, "check_date": null, "denomination": null, "building": null, "healthcare:cholera": null, "designation": null, "wikidata": null, "material": null, "start_date": null, "old_name": null, "internet_access": null, "height": null, "toilets:wheelchair": null, "landuse": null, "type": null }, "geometry": { "type": "Point", "coordinates": [ -2.1036485, 12.3553901 ] } },
{ "type": "Feature", "properties": { "element": "node", "id": 9959887217, "amenity": "hospital", "name": "CSPS du Secteur 7 de Koudougou", "name:fr": null, "healthcare": null, "operator": null, "Observation": null, "description": null, "name:en": null, "website": null, "opening_hours": "24/7", "addr:city": null, "addr:street": null, "healthcare:speciality": null, "created_by": null, "health_facility:type": null, "id:uuid": null, "is_in:health_admin3": null, "operator:type": null, "source": null, "survey:date": null, "addr:housenumber": null, "emergency": null, "phone": null, "barrier": null, "addr:postcode": null, "short_name": null, "natural": null, "wheelchair": null, "check_date": null, "denomination": null, "building": null, "healthcare:cholera": null, "designation": null, "wikidata": null, "material": null, "start_date": null, "old_name": null, "internet_access": null, "height": null, "toilets:wheelchair": null, "landuse": null, "type": null }, "geometry": { "type": "Point", "coordinates": [ -2.363182, 12.2373948 ] } },
{ "type": "Feature", "properties": { "element": "node", "id": 10217669314, "amenity": "hospital", "name": "CSPS", "name:fr": null, "healthcare": null, "operator": "Public", "Observation": null, "description": null, "name:en": null, "website": null, "opening_hours": null, "addr:city": null, "addr:street": null, "healthcare:speciality": null, "created_by": null, "health_facility:type": null, "id:uuid": null, "is_in:health_admin3": null, "operator:type": null, "source": null, "survey:date": null, "addr:housenumber": null, "emergency": null, "phone": null, "barrier": null, "addr:postcode": null, "short_name": null, "natural": null, "wheelchair": null, "check_date": null, "denomination": null, "building": null, "healthcare:cholera": null, "designation": null, "wikidata": null, "material": null, "start_date": null, "old_name": null, "internet_access": null, "height": null, "toilets:wheelchair": null, "landuse": null, "type": null }, "geometry": { "type": "Point", "coordinates": [ -2.4036536, 11.4269861 ] } },
{ "type": "Feature", "properties": { "element": "node", "id": 10233650537, "amenity": "hospital", "name": "CMA de Dafra", "name:fr": null, "healthcare": "hospital", "operator": "Ministère de la Santé / Médecins Sans Frontières", "Observation": null, "description": null, "name:en": null, "website": null, "opening_hours": null, "addr:city": "Bobo-Dioulasso", "addr:street": null, "healthcare:speciality": "general;gynaecology;surgery;emergency;paediatrics;neonatology", "created_by": null, "health_facility:type": null, "id:uuid": null, "is_in:health_admin3": null, "operator:type": "public", "source": null, "survey:date": null, "addr:housenumber": null, "emergency": "yes", "phone": null, "barrier": null, "addr:postcode": null, "short_name": null, "natural": null, "wheelchair": null, "check_date": null, "denomination": null, "building": null, "healthcare:cholera": null, "designation": null, "wikidata": null, "material": null, "start_date": null, "old_name": null, "internet_access": null, "height": null, "toilets:wheelchair": null, "landuse": null, "type": null }, "geometry": { "type": "Point", "coordinates": [ -4.2549422, 11.1969817 ] } },
{ "type": "Feature", "properties": { "element": "node", "id": 10771539511, "amenity": "hospital", "name": "algado Ouédraogo University Hospital", "name:fr": null, "healthcare": "hospital", "operator": null, "Observation": null, "description": null, "name:en": null, "website": null, "opening_hours": null, "addr:city": null, "addr:street": null, "healthcare:speciality": null, "created_by": null, "health_facility:type": null, "id:uuid": null, "is_in:health_admin3": null, "operator:type": null, "source": null, "survey:date": null, "addr:housenumber": null, "emergency": null, "phone": null, "barrier": null, "addr:postcode": null, "short_name": null, "natural": null, "wheelchair": null, "check_date": null, "denomination": null, "building": null, "healthcare:cholera": null, "designation": null, "wikidata": null, "material": null, "start_date": null, "old_name": null, "internet_access": null, "height": null, "toilets:wheelchair": null, "landuse": null, "type": null }, "geometry": { "type": "Point", "coordinates": [ -1.5066426, 12.3838696 ] } },
{ "type": "Feature", "properties": { "element": "node", "id": 10940362331, "amenity": "hospital", "name": "CSPS", "name:fr": null, "healthcare": "hospital", "operator": "Public", "Observation": null, "description": null, "name:en": null, "website": null, "opening_hours": null, "addr:city": null, "addr:street": null, "healthcare:speciality": null, "created_by": null, "health_facility:type": null, "id:uuid": null, "is_in:health_admin3": null, "operator:type": null, "source": null, "survey:date": null, "addr:housenumber": null, "emergency": null, "phone": null, "barrier": null, "addr:postcode": null, "short_name": null, "natural": null, "wheelchair": null, "check_date": null, "denomination": null, "building": null, "healthcare:cholera": null, "designation": null, "wikidata": null, "material": null, "start_date": null, "old_name": null, "internet_access": null, "height": null, "toilets:wheelchair": null, "landuse": null, "type": null }, "geometry": { "type": "Point", "coordinates": [ -1.579797, 12.2028122 ] } },
{ "type": "Feature", "properties": { "element": "node", "id": 10960884190, "amenity": "hospital", "name": "CSPS", "name:fr": null, "healthcare": null, "operator": "Public", "Observation": null, "description": null, "name:en": null, "website": null, "opening_hours": null, "addr:city": null, "addr:street": null, "healthcare:speciality": null, "created_by": null, "health_facility:type": null, "id:uuid": null, "is_in:health_admin3": null, "operator:type": null, "source": null, "survey:date": null, "addr:housenumber": null, "emergency": null, "phone": null, "barrier": null, "addr:postcode": null, "short_name": null, "natural": null, "wheelchair": null, "check_date": null, "denomination": null, "building": null, "healthcare:cholera": null, "designation": null, "wikidata": null, "material": null, "start_date": null, "old_name": null, "internet_access": null, "height": null, "toilets:wheelchair": null, "landuse": null, "type": null }, "geometry": { "type": "Point", "coordinates": [ -1.6959018, 12.2177536 ] } },
{ "type": "Feature", "properties": { "element": "node", "id": 10968834709, "amenity": "hospital", "name": "CSPS", "name:fr": null, "healthcare": null, "operator": "Public", "Observation": null, "description": null, "name:en": null, "website": null, "opening_hours": null, "addr:city": null, "addr:street": null, "healthcare:speciality": null, "created_by": null, "health_facility:type": null, "id:uuid": null, "is_in:health_admin3": null, "operator:type": null, "source": null, "survey:date": null, "addr:housenumber": null, "emergency": null, "phone": null, "barrier": null, "addr:postcode": null, "short_name": null, "natural": null, "wheelchair": null, "check_date": null, "denomination": null, "building": null, "healthcare:cholera": null, "designation": null, "wikidata": null, "material": null, "start_date": null, "old_name": null, "internet_access": null, "height": null, "toilets:wheelchair": null, "landuse": null, "type": null }, "geometry": { "type": "Point", "coordinates": [ -1.6866669, 12.2432578 ] } },
{ "type": "Feature", "properties": { "element": "node", "id": 10972068215, "amenity": "hospital", "name": "Maternité", "name:fr": null, "healthcare": null, "operator": null, "Observation": null, "description": null, "name:en": null, "website": null, "opening_hours": null, "addr:city": null, "addr:street": null, "healthcare:speciality": null, "created_by": null, "health_facility:type": null, "id:uuid": null, "is_in:health_admin3": null, "operator:type": null, "source": null, "survey:date": null, "addr:housenumber": null, "emergency": null, "phone": null, "barrier": null, "addr:postcode": null, "short_name": null, "natural": null, "wheelchair": null, "check_date": null, "denomination": null, "building": null, "healthcare:cholera": null, "designation": null, "wikidata": null, "material": null, "start_date": null, "old_name": null, "internet_access": null, "height": null, "toilets:wheelchair": null, "landuse": null, "type": null }, "geometry": { "type": "Point", "coordinates": [ -1.5066129, 12.0373059 ] } },
{ "type": "Feature", "properties": { "element": "node", "id": 10973391459, "amenity": "hospital", "name": "Dispensaire", "name:fr": null, "healthcare": null, "operator": "Public", "Observation": null, "description": null, "name:en": null, "website": null, "opening_hours": null, "addr:city": null, "addr:street": null, "healthcare:speciality": null, "created_by": null, "health_facility:type": null, "id:uuid": null, "is_in:health_admin3": null, "operator:type": null, "source": null, "survey:date": null, "addr:housenumber": null, "emergency": null, "phone": null, "barrier": null, "addr:postcode": null, "short_name": null, "natural": null, "wheelchair": null, "check_date": null, "denomination": null, "building": null, "healthcare:cholera": null, "designation": null, "wikidata": null, "material": null, "start_date": null, "old_name": null, "internet_access": null, "height": null, "toilets:wheelchair": null, "landuse": null, "type": null }, "geometry": { "type": "Point", "coordinates": [ -1.5086031, 12.037727 ] } },
{ "type": "Feature", "properties": { "element": "node", "id": 10976186568, "amenity": "hospital", "name": "CSPS", "name:fr": null, "healthcare": null, "operator": "Public", "Observation": null, "description": null, "name:en": null, "website": null, "opening_hours": null, "addr:city": null, "addr:street": null, "healthcare:speciality": null, "created_by": null, "health_facility:type": null, "id:uuid": null, "is_in:health_admin3": null, "operator:type": null, "source": null, "survey:date": null, "addr:housenumber": null, "emergency": null, "phone": null, "barrier": null, "addr:postcode": null, "short_name": null, "natural": null, "wheelchair": null, "check_date": null, "denomination": null, "building": null, "healthcare:cholera": null, "designation": null, "wikidata": null, "material": null, "start_date": null, "old_name": null, "internet_access": null, "height": null, "toilets:wheelchair": null, "landuse": null, "type": null }, "geometry": { "type": "Point", "coordinates": [ -1.5512958, 12.0166813 ] } },
{ "type": "Feature", "properties": { "element": "node", "id": 10983645006, "amenity": "hospital", "name": "CSPS", "name:fr": null, "healthcare": null, "operator": "Public", "Observation": null, "description": null, "name:en": null, "website": null, "opening_hours": null, "addr:city": null, "addr:street": null, "healthcare:speciality": null, "created_by": null, "health_facility:type": null, "id:uuid": null, "is_in:health_admin3": null, "operator:type": null, "source": null, "survey:date": null, "addr:housenumber": null, "emergency": null, "phone": null, "barrier": null, "addr:postcode": null, "short_name": null, "natural": null, "wheelchair": null, "check_date": null, "denomination": null, "building": null, "healthcare:cholera": null, "designation": null, "wikidata": null, "material": null, "start_date": null, "old_name": null, "internet_access": null, "height": null, "toilets:wheelchair": null, "landuse": null, "type": null }, "geometry": { "type": "Point", "coordinates": [ -1.4641817, 11.978278 ] } },
{ "type": "Feature", "properties": { "element": "node", "id": 10996772809, "amenity": "hospital", "name": "CSPS", "name:fr": null, "healthcare": null, "operator": "Public", "Observation": null, "description": null, "name:en": null, "website": null, "opening_hours": null, "addr:city": null, "addr:street": null, "healthcare:speciality": null, "created_by": null, "health_facility:type": null, "id:uuid": null, "is_in:health_admin3": null, "operator:type": null, "source": null, "survey:date": null, "addr:housenumber": null, "emergency": null, "phone": null, "barrier": null, "addr:postcode": null, "short_name": null, "natural": null, "wheelchair": null, "check_date": null, "denomination": null, "building": null, "healthcare:cholera": null, "designation": null, "wikidata": null, "material": null, "start_date": null, "old_name": null, "internet_access": null, "height": null, "toilets:wheelchair": null, "landuse": null, "type": null }, "geometry": { "type": "Point", "coordinates": [ -1.4341584, 12.0925639 ] } },
{ "type": "Feature", "properties": { "element": "node", "id": 11005632539, "amenity": "hospital", "name": "CSPS", "name:fr": null, "healthcare": null, "operator": "Public", "Observation": null, "description": null, "name:en": null, "website": null, "opening_hours": null, "addr:city": null, "addr:street": null, "healthcare:speciality": null, "created_by": null, "health_facility:type": null, "id:uuid": null, "is_in:health_admin3": null, "operator:type": null, "source": null, "survey:date": null, "addr:housenumber": null, "emergency": null, "phone": null, "barrier": null, "addr:postcode": null, "short_name": null, "natural": null, "wheelchair": null, "check_date": null, "denomination": null, "building": null, "healthcare:cholera": null, "designation": null, "wikidata": null, "material": null, "start_date": null, "old_name": null, "internet_access": null, "height": null, "toilets:wheelchair": null, "landuse": null, "type": null }, "geometry": { "type": "Point", "coordinates": [ -1.3816729, 11.9876357 ] } },
{ "type": "Feature", "properties": { "element": "node", "id": 11010704226, "amenity": "hospital", "name": "Dispensaire", "name:fr": null, "healthcare": null, "operator": "Public", "Observation": null, "description": null, "name:en": null, "website": null, "opening_hours": null, "addr:city": null, "addr:street": null, "healthcare:speciality": null, "created_by": null, "health_facility:type": null, "id:uuid": null, "is_in:health_admin3": null, "operator:type": null, "source": null, "survey:date": null, "addr:housenumber": null, "emergency": null, "phone": null, "barrier": null, "addr:postcode": null, "short_name": null, "natural": null, "wheelchair": null, "check_date": null, "denomination": null, "building": null, "healthcare:cholera": null, "designation": null, "wikidata": null, "material": null, "start_date": null, "old_name": null, "internet_access": null, "height": null, "toilets:wheelchair": null, "landuse": null, "type": null }, "geometry": { "type": "Point", "coordinates": [ -1.4204121, 11.9328614 ] } },
{ "type": "Feature", "properties": { "element": "node", "id": 11016391745, "amenity": "hospital", "name": "Dispensaire", "name:fr": null, "healthcare": null, "operator": "Public", "Observation": null, "description": null, "name:en": null, "website": null, "opening_hours": null, "addr:city": null, "addr:street": null, "healthcare:speciality": null, "created_by": null, "health_facility:type": null, "id:uuid": null, "is_in:health_admin3": null, "operator:type": null, "source": null, "survey:date": null, "addr:housenumber": null, "emergency": null, "phone": null, "barrier": null, "addr:postcode": null, "short_name": null, "natural": null, "wheelchair": null, "check_date": null, "denomination": null, "building": null, "healthcare:cholera": null, "designation": null, "wikidata": null, "material": null, "start_date": null, "old_name": null, "internet_access": null, "height": null, "toilets:wheelchair": null, "landuse": null, "type": null }, "geometry": { "type": "Point", "coordinates": [ -1.3675055, 12.1202345 ] } },
{ "type": "Feature", "properties": { "element": "node", "id": 11019642046, "amenity": "hospital", "name": "CSPS", "name:fr": null, "healthcare": null, "operator": "Public", "Observation": null, "description": null, "name:en": null, "website": null, "opening_hours": null, "addr:city": null, "addr:street": null, "healthcare:speciality": null, "created_by": null, "health_facility:type": null, "id:uuid": null, "is_in:health_admin3": null, "operator:type": null, "source": null, "survey:date": null, "addr:housenumber": null, "emergency": null, "phone": null, "barrier": null, "addr:postcode": null, "short_name": null, "natural": null, "wheelchair": null, "check_date": null, "denomination": null, "building": null, "healthcare:cholera": null, "designation": null, "wikidata": null, "material": null, "start_date": null, "old_name": null, "internet_access": null, "height": null, "toilets:wheelchair": null, "landuse": null, "type": null }, "geometry": { "type": "Point", "coordinates": [ -1.3897651, 12.1386511 ] } },
{ "type": "Feature", "properties": { "element": "node", "id": 11064474939, "amenity": "hospital", "name": "CSPS de Koubri", "name:fr": null, "healthcare": null, "operator": "Public", "Observation": null, "description": null, "name:en": null, "website": null, "opening_hours": null, "addr:city": null, "addr:street": null, "healthcare:speciality": null, "created_by": null, "health_facility:type": null, "id:uuid": null, "is_in:health_admin3": null, "operator:type": null, "source": null, "survey:date": null, "addr:housenumber": null, "emergency": null, "phone": null, "barrier": null, "addr:postcode": null, "short_name": null, "natural": null, "wheelchair": null, "check_date": null, "denomination": null, "building": null, "healthcare:cholera": null, "designation": null, "wikidata": null, "material": null, "start_date": null, "old_name": null, "internet_access": null, "height": null, "toilets:wheelchair": null, "landuse": null, "type": null }, "geometry": { "type": "Point", "coordinates": [ -1.3998234, 12.1889933 ] } },
{ "type": "Feature", "properties": { "element": "node", "id": 11131977536, "amenity": "hospital", "name": "CSPS", "name:fr": null, "healthcare": null, "operator": "Public", "Observation": null, "description": null, "name:en": null, "website": null, "opening_hours": null, "addr:city": null, "addr:street": null, "healthcare:speciality": null, "created_by": null, "health_facility:type": null, "id:uuid": null, "is_in:health_admin3": null, "operator:type": null, "source": null, "survey:date": null, "addr:housenumber": null, "emergency": null, "phone": null, "barrier": null, "addr:postcode": null, "short_name": null, "natural": null, "wheelchair": null, "check_date": null, "denomination": null, "building": null, "healthcare:cholera": null, "designation": null, "wikidata": null, "material": null, "start_date": null, "old_name": null, "internet_access": null, "height": null, "toilets:wheelchair": null, "landuse": null, "type": null }, "geometry": { "type": "Point", "coordinates": [ -1.1673886, 12.3568966 ] } },
{ "type": "Feature", "properties": { "element": "node", "id": 11188270552, "amenity": "hospital", "name": "CSPS", "name:fr": null, "healthcare": null, "operator": "Public", "Observation": null, "description": null, "name:en": null, "website": null, "opening_hours": null, "addr:city": null, "addr:street": null, "healthcare:speciality": null, "created_by": null, "health_facility:type": null, "id:uuid": null, "is_in:health_admin3": null, "operator:type": null, "source": null, "survey:date": null, "addr:housenumber": null, "emergency": null, "phone": null, "barrier": null, "addr:postcode": null, "short_name": null, "natural": null, "wheelchair": null, "check_date": null, "denomination": null, "building": null, "healthcare:cholera": null, "designation": null, "wikidata": null, "material": null, "start_date": null, "old_name": null, "internet_access": null, "height": null, "toilets:wheelchair": null, "landuse": null, "type": null }, "geometry": { "type": "Point", "coordinates": [ 1.6623929, 11.8036245 ] } },
{ "type": "Feature", "properties": { "element": "node", "id": 11188270715, "amenity": "hospital", "name": "CSPS", "name:fr": null, "healthcare": null, "operator": "Public", "Observation": null, "description": null, "name:en": null, "website": null, "opening_hours": null, "addr:city": null, "addr:street": null, "healthcare:speciality": null, "created_by": null, "health_facility:type": null, "id:uuid": null, "is_in:health_admin3": null, "operator:type": null, "source": null, "survey:date": null, "addr:housenumber": null, "emergency": null, "phone": null, "barrier": null, "addr:postcode": null, "short_name": null, "natural": null, "wheelchair": null, "check_date": null, "denomination": null, "building": null, "healthcare:cholera": null, "designation": null, "wikidata": null, "material": null, "start_date": null, "old_name": null, "internet_access": null, "height": null, "toilets:wheelchair": null, "landuse": null, "type": null }, "geometry": { "type": "Point", "coordinates": [ 1.5308346, 11.8218081 ] } },
{ "type": "Feature", "properties": { "element": "node", "id": 11188271319, "amenity": "hospital", "name": "Dispensaire", "name:fr": null, "healthcare": null, "operator": "Public", "Observation": null, "description": null, "name:en": null, "website": null, "opening_hours": null, "addr:city": null, "addr:street": null, "healthcare:speciality": null, "created_by": null, "health_facility:type": null, "id:uuid": null, "is_in:health_admin3": null, "operator:type": null, "source": null, "survey:date": null, "addr:housenumber": null, "emergency": null, "phone": null, "barrier": null, "addr:postcode": null, "short_name": null, "natural": null, "wheelchair": null, "check_date": null, "denomination": null, "building": null, "healthcare:cholera": null, "designation": null, "wikidata": null, "material": null, "start_date": null, "old_name": null, "internet_access": null, "height": null, "toilets:wheelchair": null, "landuse": null, "type": null }, "geometry": { "type": "Point", "coordinates": [ 1.6958106, 11.7649168 ] } },
{ "type": "Feature", "properties": { "element": "node", "id": 11205908628, "amenity": "hospital", "name": "Centre médical", "name:fr": null, "healthcare": null, "operator": null, "Observation": null, "description": null, "name:en": null, "website": null, "opening_hours": null, "addr:city": null, "addr:street": null, "healthcare:speciality": null, "created_by": null, "health_facility:type": null, "id:uuid": null, "is_in:health_admin3": null, "operator:type": null, "source": null, "survey:date": null, "addr:housenumber": null, "emergency": null, "phone": null, "barrier": null, "addr:postcode": null, "short_name": null, "natural": null, "wheelchair": null, "check_date": null, "denomination": null, "building": null, "healthcare:cholera": null, "designation": null, "wikidata": null, "material": null, "start_date": null, "old_name": null, "internet_access": null, "height": null, "toilets:wheelchair": null, "landuse": null, "type": null }, "geometry": { "type": "Point", "coordinates": [ 1.695246, 11.8557211 ] } },
{ "type": "Feature", "properties": { "element": "node", "id": 11236663162, "amenity": "hospital", "name": "Dispensaire", "name:fr": null, "healthcare": null, "operator": "Public", "Observation": null, "description": null, "name:en": null, "website": null, "opening_hours": null, "addr:city": null, "addr:street": null, "healthcare:speciality": null, "created_by": null, "health_facility:type": null, "id:uuid": null, "is_in:health_admin3": null, "operator:type": null, "source": null, "survey:date": null, "addr:housenumber": null, "emergency": null, "phone": null, "barrier": null, "addr:postcode": null, "short_name": null, "natural": null, "wheelchair": null, "check_date": null, "denomination": null, "building": null, "healthcare:cholera": null, "designation": null, "wikidata": null, "material": null, "start_date": null, "old_name": null, "internet_access": null, "height": null, "toilets:wheelchair": null, "landuse": null, "type": null }, "geometry": { "type": "Point", "coordinates": [ 1.6471861, 11.7871792 ] } },
{ "type": "Feature", "properties": { "element": "node", "id": 11267100593, "amenity": "hospital", "name": "CSPS", "name:fr": null, "healthcare": null, "operator": "Public", "Observation": null, "description": null, "name:en": null, "website": null, "opening_hours": null, "addr:city": null, "addr:street": null, "healthcare:speciality": null, "created_by": null, "health_facility:type": null, "id:uuid": null, "is_in:health_admin3": null, "operator:type": null, "source": null, "survey:date": null, "addr:housenumber": null, "emergency": null, "phone": null, "barrier": null, "addr:postcode": null, "short_name": null, "natural": null, "wheelchair": null, "check_date": null, "denomination": null, "building": null, "healthcare:cholera": null, "designation": null, "wikidata": null, "material": null, "start_date": null, "old_name": null, "internet_access": null, "height": null, "toilets:wheelchair": null, "landuse": null, "type": null }, "geometry": { "type": "Point", "coordinates": [ 1.5102795, 11.7624931 ] } },
{ "type": "Feature", "properties": { "element": "node", "id": 11272947030, "amenity": "hospital", "name": "CSPS", "name:fr": null, "healthcare": null, "operator": "Public", "Observation": null, "description": null, "name:en": null, "website": null, "opening_hours": null, "addr:city": null, "addr:street": null, "healthcare:speciality": null, "created_by": null, "health_facility:type": null, "id:uuid": null, "is_in:health_admin3": null, "operator:type": null, "source": null, "survey:date": null, "addr:housenumber": null, "emergency": null, "phone": null, "barrier": null, "addr:postcode": null, "short_name": null, "natural": null, "wheelchair": null, "check_date": null, "denomination": null, "building": null, "healthcare:cholera": null, "designation": null, "wikidata": null, "material": null, "start_date": null, "old_name": null, "internet_access": null, "height": null, "toilets:wheelchair": null, "landuse": null, "type": null }, "geometry": { "type": "Point", "coordinates": [ 1.6115946, 11.7181055 ] } },
{ "type": "Feature", "properties": { "element": "node", "id": 11280339485, "amenity": "hospital", "name": "Centre Hospitalier Universitaire  (CHU) Sanousouro", "name:fr": null, "healthcare": "hospital", "operator": null, "Observation": null, "description": null, "name:en": null, "website": null, "opening_hours": null, "addr:city": null, "addr:street": null, "healthcare:speciality": null, "created_by": null, "health_facility:type": null, "id:uuid": null, "is_in:health_admin3": null, "operator:type": null, "source": null, "survey:date": null, "addr:housenumber": null, "emergency": null, "phone": null, "barrier": null, "addr:postcode": null, "short_name": null, "natural": null, "wheelchair": null, "check_date": null, "denomination": null, "building": null, "healthcare:cholera": null, "designation": null, "wikidata": null, "material": null, "start_date": null, "old_name": null, "internet_access": null, "height": null, "toilets:wheelchair": null, "landuse": null, "type": null }, "geometry": { "type": "Point", "coordinates": [ -4.3012048, 11.1702526 ] } },
{ "type": "Feature", "properties": { "element": "node", "id": 11293929310, "amenity": "hospital", "name": "CSPS", "name:fr": null, "healthcare": null, "operator": "Public", "Observation": null, "description": null, "name:en": null, "website": null, "opening_hours": null, "addr:city": null, "addr:street": null, "healthcare:speciality": null, "created_by": null, "health_facility:type": null, "id:uuid": null, "is_in:health_admin3": null, "operator:type": null, "source": null, "survey:date": null, "addr:housenumber": null, "emergency": null, "phone": null, "barrier": null, "addr:postcode": null, "short_name": null, "natural": null, "wheelchair": null, "check_date": null, "denomination": null, "building": null, "healthcare:cholera": null, "designation": null, "wikidata": null, "material": null, "start_date": null, "old_name": null, "internet_access": null, "height": null, "toilets:wheelchair": null, "landuse": null, "type": null }, "geometry": { "type": "Point", "coordinates": [ 1.5265846, 11.5895665 ] } },
{ "type": "Feature", "properties": { "element": "node", "id": 11306996696, "amenity": "hospital", "name": "CSPS", "name:fr": null, "healthcare": null, "operator": "Public", "Observation": null, "description": null, "name:en": null, "website": null, "opening_hours": null, "addr:city": null, "addr:street": null, "healthcare:speciality": null, "created_by": null, "health_facility:type": null, "id:uuid": null, "is_in:health_admin3": null, "operator:type": null, "source": null, "survey:date": null, "addr:housenumber": null, "emergency": null, "phone": null, "barrier": null, "addr:postcode": null, "short_name": null, "natural": null, "wheelchair": null, "check_date": null, "denomination": null, "building": null, "healthcare:cholera": null, "designation": null, "wikidata": null, "material": null, "start_date": null, "old_name": null, "internet_access": null, "height": null, "toilets:wheelchair": null, "landuse": null, "type": null }, "geometry": { "type": "Point", "coordinates": [ 1.5912755, 11.6060931 ] } },
{ "type": "Feature", "properties": { "element": "node", "id": 11332922314, "amenity": "hospital", "name": "CSPS", "name:fr": null, "healthcare": null, "operator": "Public", "Observation": null, "description": null, "name:en": null, "website": null, "opening_hours": null, "addr:city": null, "addr:street": null, "healthcare:speciality": null, "created_by": null, "health_facility:type": null, "id:uuid": null, "is_in:health_admin3": null, "operator:type": null, "source": null, "survey:date": null, "addr:housenumber": null, "emergency": null, "phone": null, "barrier": null, "addr:postcode": null, "short_name": null, "natural": null, "wheelchair": null, "check_date": null, "denomination": null, "building": null, "healthcare:cholera": null, "designation": null, "wikidata": null, "material": null, "start_date": null, "old_name": null, "internet_access": null, "height": null, "toilets:wheelchair": null, "landuse": null, "type": null }, "geometry": { "type": "Point", "coordinates": [ 1.7027199, 11.6575979 ] } },
{ "type": "Feature", "properties": { "element": "node", "id": 11337935870, "amenity": "hospital", "name": "CSPS", "name:fr": null, "healthcare": null, "operator": "Public", "Observation": null, "description": null, "name:en": null, "website": null, "opening_hours": null, "addr:city": null, "addr:street": null, "healthcare:speciality": null, "created_by": null, "health_facility:type": null, "id:uuid": null, "is_in:health_admin3": null, "operator:type": null, "source": null, "survey:date": null, "addr:housenumber": null, "emergency": null, "phone": null, "barrier": null, "addr:postcode": null, "short_name": null, "natural": null, "wheelchair": null, "check_date": null, "denomination": null, "building": null, "healthcare:cholera": null, "designation": null, "wikidata": null, "material": null, "start_date": null, "old_name": null, "internet_access": null, "height": null, "toilets:wheelchair": null, "landuse": null, "type": null }, "geometry": { "type": "Point", "coordinates": [ 1.6661681, 11.6257741 ] } },
{ "type": "Feature", "properties": { "element": "node", "id": 11355728581, "amenity": "hospital", "name": "Dispensaire", "name:fr": null, "healthcare": null, "operator": "Public", "Observation": null, "description": null, "name:en": null, "website": null, "opening_hours": null, "addr:city": null, "addr:street": null, "healthcare:speciality": null, "created_by": null, "health_facility:type": null, "id:uuid": null, "is_in:health_admin3": null, "operator:type": null, "source": null, "survey:date": null, "addr:housenumber": null, "emergency": null, "phone": null, "barrier": null, "addr:postcode": null, "short_name": null, "natural": null, "wheelchair": null, "check_date": null, "denomination": null, "building": null, "healthcare:cholera": null, "designation": null, "wikidata": null, "material": null, "start_date": null, "old_name": null, "internet_access": null, "height": null, "toilets:wheelchair": null, "landuse": null, "type": null }, "geometry": { "type": "Point", "coordinates": [ 1.7217529, 11.6780264 ] } },
{ "type": "Feature", "properties": { "element": "node", "id": 11393841777, "amenity": "hospital", "name": "CSPS", "name:fr": null, "healthcare": null, "operator": "Public", "Observation": null, "description": null, "name:en": null, "website": null, "opening_hours": null, "addr:city": null, "addr:street": null, "healthcare:speciality": null, "created_by": null, "health_facility:type": null, "id:uuid": null, "is_in:health_admin3": null, "operator:type": null, "source": null, "survey:date": null, "addr:housenumber": null, "emergency": null, "phone": null, "barrier": null, "addr:postcode": null, "short_name": null, "natural": null, "wheelchair": null, "check_date": null, "denomination": null, "building": null, "healthcare:cholera": null, "designation": null, "wikidata": null, "material": null, "start_date": null, "old_name": null, "internet_access": null, "height": null, "toilets:wheelchair": null, "landuse": null, "type": null }, "geometry": { "type": "Point", "coordinates": [ 1.7716205, 11.7197824 ] } },
{ "type": "Feature", "properties": { "element": "node", "id": 11403359554, "amenity": "hospital", "name": "CSPS", "name:fr": null, "healthcare": null, "operator": "Public", "Observation": null, "description": null, "name:en": null, "website": null, "opening_hours": null, "addr:city": null, "addr:street": null, "healthcare:speciality": null, "created_by": null, "health_facility:type": null, "id:uuid": null, "is_in:health_admin3": null, "operator:type": null, "source": null, "survey:date": null, "addr:housenumber": null, "emergency": null, "phone": null, "barrier": null, "addr:postcode": null, "short_name": null, "natural": null, "wheelchair": null, "check_date": null, "denomination": null, "building": null, "healthcare:cholera": null, "designation": null, "wikidata": null, "material": null, "start_date": null, "old_name": null, "internet_access": null, "height": null, "toilets:wheelchair": null, "landuse": null, "type": null }, "geometry": { "type": "Point", "coordinates": [ 1.8102162, 11.6557722 ] } },
{ "type": "Feature", "properties": { "element": "node", "id": 11403361802, "amenity": "hospital", "name": "CSPS", "name:fr": null, "healthcare": null, "operator": null, "Observation": null, "description": null, "name:en": null, "website": null, "opening_hours": null, "addr:city": null, "addr:street": null, "healthcare:speciality": null, "created_by": null, "health_facility:type": null, "id:uuid": null, "is_in:health_admin3": null, "operator:type": null, "source": null, "survey:date": null, "addr:housenumber": null, "emergency": null, "phone": null, "barrier": null, "addr:postcode": null, "short_name": null, "natural": null, "wheelchair": null, "check_date": null, "denomination": null, "building": null, "healthcare:cholera": null, "designation": null, "wikidata": null, "material": null, "start_date": null, "old_name": null, "internet_access": null, "height": null, "toilets:wheelchair": null, "landuse": null, "type": null }, "geometry": { "type": "Point", "coordinates": [ 1.8246035, 11.6098739 ] } },
{ "type": "Feature", "properties": { "element": "node", "id": 11546105832, "amenity": "hospital", "name": "CSPS", "name:fr": null, "healthcare": null, "operator": "Public", "Observation": null, "description": null, "name:en": null, "website": null, "opening_hours": null, "addr:city": null, "addr:street": null, "healthcare:speciality": null, "created_by": null, "health_facility:type": null, "id:uuid": null, "is_in:health_admin3": null, "operator:type": null, "source": null, "survey:date": null, "addr:housenumber": null, "emergency": null, "phone": null, "barrier": null, "addr:postcode": null, "short_name": null, "natural": null, "wheelchair": null, "check_date": null, "denomination": null, "building": null, "healthcare:cholera": null, "designation": null, "wikidata": null, "material": null, "start_date": null, "old_name": null, "internet_access": null, "height": null, "toilets:wheelchair": null, "landuse": null, "type": null }, "geometry": { "type": "Point", "coordinates": [ 1.9142255, 11.8370962 ] } },
{ "type": "Feature", "properties": { "element": "node", "id": 11551887037, "amenity": "hospital", "name": "Dispensaire", "name:fr": null, "healthcare": null, "operator": "Public", "Observation": null, "description": null, "name:en": null, "website": null, "opening_hours": null, "addr:city": null, "addr:street": null, "healthcare:speciality": null, "created_by": null, "health_facility:type": null, "id:uuid": null, "is_in:health_admin3": null, "operator:type": null, "source": null, "survey:date": null, "addr:housenumber": null, "emergency": null, "phone": null, "barrier": null, "addr:postcode": null, "short_name": null, "natural": null, "wheelchair": null, "check_date": null, "denomination": null, "building": null, "healthcare:cholera": null, "designation": null, "wikidata": null, "material": null, "start_date": null, "old_name": null, "internet_access": null, "height": null, "toilets:wheelchair": null, "landuse": null, "type": null }, "geometry": { "type": "Point", "coordinates": [ 1.8769415, 11.8027844 ] } },
{ "type": "Feature", "properties": { "element": "node", "id": 11583873607, "amenity": "hospital", "name": "CSPS", "name:fr": null, "healthcare": null, "operator": "Public", "Observation": null, "description": null, "name:en": null, "website": null, "opening_hours": null, "addr:city": null, "addr:street": null, "healthcare:speciality": null, "created_by": null, "health_facility:type": null, "id:uuid": null, "is_in:health_admin3": null, "operator:type": null, "source": null, "survey:date": null, "addr:housenumber": null, "emergency": null, "phone": null, "barrier": null, "addr:postcode": null, "short_name": null, "natural": null, "wheelchair": null, "check_date": null, "denomination": null, "building": null, "healthcare:cholera": null, "designation": null, "wikidata": null, "material": null, "start_date": null, "old_name": null, "internet_access": null, "height": null, "toilets:wheelchair": null, "landuse": null, "type": null }, "geometry": { "type": "Point", "coordinates": [ 1.8208753, 11.7341045 ] } },
{ "type": "Feature", "properties": { "element": "node", "id": 11610000316, "amenity": "hospital", "name": "CSPS", "name:fr": null, "healthcare": null, "operator": "Public", "Observation": null, "description": null, "name:en": null, "website": null, "opening_hours": null, "addr:city": null, "addr:street": null, "healthcare:speciality": null, "created_by": null, "health_facility:type": null, "id:uuid": null, "is_in:health_admin3": null, "operator:type": null, "source": null, "survey:date": null, "addr:housenumber": null, "emergency": null, "phone": null, "barrier": null, "addr:postcode": null, "short_name": null, "natural": null, "wheelchair": null, "check_date": null, "denomination": null, "building": null, "healthcare:cholera": null, "designation": null, "wikidata": null, "material": null, "start_date": null, "old_name": null, "internet_access": null, "height": null, "toilets:wheelchair": null, "landuse": null, "type": null }, "geometry": { "type": "Point", "coordinates": [ 1.7398632, 11.8156122 ] } },
{ "type": "Feature", "properties": { "element": "node", "id": 11616149099, "amenity": "hospital", "name": "Centre Médical", "name:fr": null, "healthcare": null, "operator": "Public", "Observation": null, "description": null, "name:en": null, "website": null, "opening_hours": null, "addr:city": null, "addr:street": null, "healthcare:speciality": null, "created_by": null, "health_facility:type": null, "id:uuid": null, "is_in:health_admin3": null, "operator:type": null, "source": null, "survey:date": null, "addr:housenumber": null, "emergency": null, "phone": null, "barrier": null, "addr:postcode": null, "short_name": null, "natural": null, "wheelchair": null, "check_date": null, "denomination": null, "building": null, "healthcare:cholera": null, "designation": null, "wikidata": null, "material": null, "start_date": null, "old_name": null, "internet_access": null, "height": null, "toilets:wheelchair": null, "landuse": null, "type": null }, "geometry": { "type": "Point", "coordinates": [ 1.7389821, 11.7924935 ] } },
{ "type": "Feature", "properties": { "element": "node", "id": 11640999644, "amenity": "hospital", "name": "CSPS", "name:fr": null, "healthcare": null, "operator": "Public", "Observation": null, "description": null, "name:en": null, "website": null, "opening_hours": null, "addr:city": null, "addr:street": null, "healthcare:speciality": null, "created_by": null, "health_facility:type": null, "id:uuid": null, "is_in:health_admin3": null, "operator:type": null, "source": null, "survey:date": null, "addr:housenumber": null, "emergency": null, "phone": null, "barrier": null, "addr:postcode": null, "short_name": null, "natural": null, "wheelchair": null, "check_date": null, "denomination": null, "building": null, "healthcare:cholera": null, "designation": null, "wikidata": null, "material": null, "start_date": null, "old_name": null, "internet_access": null, "height": null, "toilets:wheelchair": null, "landuse": null, "type": null }, "geometry": { "type": "Point", "coordinates": [ 1.7963639, 11.8252288 ] } },
{ "type": "Feature", "properties": { "element": "node", "id": 11728321888, "amenity": "hospital", "name": "Dispensaire", "name:fr": null, "healthcare": null, "operator": "Public", "Observation": null, "description": null, "name:en": null, "website": null, "opening_hours": null, "addr:city": null, "addr:street": null, "healthcare:speciality": null, "created_by": null, "health_facility:type": null, "id:uuid": null, "is_in:health_admin3": null, "operator:type": null, "source": null, "survey:date": null, "addr:housenumber": null, "emergency": null, "phone": null, "barrier": null, "addr:postcode": null, "short_name": null, "natural": null, "wheelchair": null, "check_date": null, "denomination": null, "building": null, "healthcare:cholera": null, "designation": null, "wikidata": null, "material": null, "start_date": null, "old_name": null, "internet_access": null, "height": null, "toilets:wheelchair": null, "landuse": null, "type": null }, "geometry": { "type": "Point", "coordinates": [ 2.0160153, 11.6269944 ] } },
{ "type": "Feature", "properties": { "element": "node", "id": 11821856845, "amenity": "hospital", "name": "CSPS", "name:fr": null, "healthcare": null, "operator": "Public", "Observation": null, "description": null, "name:en": null, "website": null, "opening_hours": null, "addr:city": null, "addr:street": null, "healthcare:speciality": null, "created_by": null, "health_facility:type": null, "id:uuid": null, "is_in:health_admin3": null, "operator:type": null, "source": null, "survey:date": null, "addr:housenumber": null, "emergency": null, "phone": null, "barrier": null, "addr:postcode": null, "short_name": null, "natural": null, "wheelchair": null, "check_date": null, "denomination": null, "building": null, "healthcare:cholera": null, "designation": null, "wikidata": null, "material": null, "start_date": null, "old_name": null, "internet_access": null, "height": null, "toilets:wheelchair": null, "landuse": null, "type": null }, "geometry": { "type": "Point", "coordinates": [ 1.4958358, 11.9329545 ] } },
{ "type": "Feature", "properties": { "element": "node", "id": 11848053368, "amenity": "hospital", "name": "CSPS", "name:fr": null, "healthcare": null, "operator": "Public", "Observation": null, "description": null, "name:en": null, "website": null, "opening_hours": null, "addr:city": null, "addr:street": null, "healthcare:speciality": null, "created_by": null, "health_facility:type": null, "id:uuid": null, "is_in:health_admin3": null, "operator:type": null, "source": null, "survey:date": null, "addr:housenumber": null, "emergency": null, "phone": null, "barrier": null, "addr:postcode": null, "short_name": null, "natural": null, "wheelchair": null, "check_date": null, "denomination": null, "building": null, "healthcare:cholera": null, "designation": null, "wikidata": null, "material": null, "start_date": null, "old_name": null, "internet_access": null, "height": null, "toilets:wheelchair": null, "landuse": null, "type": null }, "geometry": { "type": "Point", "coordinates": [ -1.5589133, 12.5949259 ] } },
{ "type": "Feature", "properties": { "element": "node", "id": 11859004852, "amenity": "hospital", "name": "CSPS", "name:fr": null, "healthcare": null, "operator": "Public", "Observation": null, "description": null, "name:en": null, "website": null, "opening_hours": null, "addr:city": null, "addr:street": null, "healthcare:speciality": null, "created_by": null, "health_facility:type": null, "id:uuid": null, "is_in:health_admin3": null, "operator:type": null, "source": null, "survey:date": null, "addr:housenumber": null, "emergency": null, "phone": null, "barrier": null, "addr:postcode": null, "short_name": null, "natural": null, "wheelchair": null, "check_date": null, "denomination": null, "building": null, "healthcare:cholera": null, "designation": null, "wikidata": null, "material": null, "start_date": null, "old_name": null, "internet_access": null, "height": null, "toilets:wheelchair": null, "landuse": null, "type": null }, "geometry": { "type": "Point", "coordinates": [ -1.563811, 12.6787245 ] } },
{ "type": "Feature", "properties": { "element": "node", "id": 11861824024, "amenity": "hospital", "name": "CSPS", "name:fr": null, "healthcare": null, "operator": "Public", "Observation": null, "description": null, "name:en": null, "website": null, "opening_hours": null, "addr:city": null, "addr:street": null, "healthcare:speciality": null, "created_by": null, "health_facility:type": null, "id:uuid": null, "is_in:health_admin3": null, "operator:type": null, "source": null, "survey:date": null, "addr:housenumber": null, "emergency": null, "phone": null, "barrier": null, "addr:postcode": null, "short_name": null, "natural": null, "wheelchair": null, "check_date": null, "denomination": null, "building": null, "healthcare:cholera": null, "designation": null, "wikidata": null, "material": null, "start_date": null, "old_name": null, "internet_access": null, "height": null, "toilets:wheelchair": null, "landuse": null, "type": null }, "geometry": { "type": "Point", "coordinates": [ -1.554713, 12.6074511 ] } },
{ "type": "Feature", "properties": { "element": "node", "id": 11869421328, "amenity": "hospital", "name": "CSPS", "name:fr": null, "healthcare": null, "operator": "Public", "Observation": null, "description": null, "name:en": null, "website": null, "opening_hours": null, "addr:city": null, "addr:street": null, "healthcare:speciality": null, "created_by": null, "health_facility:type": null, "id:uuid": null, "is_in:health_admin3": null, "operator:type": null, "source": null, "survey:date": null, "addr:housenumber": null, "emergency": null, "phone": null, "barrier": null, "addr:postcode": null, "short_name": null, "natural": null, "wheelchair": null, "check_date": null, "denomination": null, "building": null, "healthcare:cholera": null, "designation": null, "wikidata": null, "material": null, "start_date": null, "old_name": null, "internet_access": null, "height": null, "toilets:wheelchair": null, "landuse": null, "type": null }, "geometry": { "type": "Point", "coordinates": [ -1.5881574, 12.6157682 ] } },
{ "type": "Feature", "properties": { "element": "node", "id": 11878387637, "amenity": "hospital", "name": "CSPS", "name:fr": null, "healthcare": null, "operator": "Public", "Observation": null, "description": null, "name:en": null, "website": null, "opening_hours": null, "addr:city": null, "addr:street": null, "healthcare:speciality": null, "created_by": null, "health_facility:type": null, "id:uuid": null, "is_in:health_admin3": null, "operator:type": null, "source": null, "survey:date": null, "addr:housenumber": null, "emergency": null, "phone": null, "barrier": null, "addr:postcode": null, "short_name": null, "natural": null, "wheelchair": null, "check_date": null, "denomination": null, "building": null, "healthcare:cholera": null, "designation": null, "wikidata": null, "material": null, "start_date": null, "old_name": null, "internet_access": null, "height": null, "toilets:wheelchair": null, "landuse": null, "type": null }, "geometry": { "type": "Point", "coordinates": [ -1.7687921, 12.5974493 ] } },
{ "type": "Feature", "properties": { "element": "node", "id": 11878388234, "amenity": "hospital", "name": "CSPS", "name:fr": null, "healthcare": null, "operator": "Public", "Observation": null, "description": null, "name:en": null, "website": null, "opening_hours": null, "addr:city": null, "addr:street": null, "healthcare:speciality": null, "created_by": null, "health_facility:type": null, "id:uuid": null, "is_in:health_admin3": null, "operator:type": null, "source": null, "survey:date": null, "addr:housenumber": null, "emergency": null, "phone": null, "barrier": null, "addr:postcode": null, "short_name": null, "natural": null, "wheelchair": null, "check_date": null, "denomination": null, "building": null, "healthcare:cholera": null, "designation": null, "wikidata": null, "material": null, "start_date": null, "old_name": null, "internet_access": null, "height": null, "toilets:wheelchair": null, "landuse": null, "type": null }, "geometry": { "type": "Point", "coordinates": [ -1.7946875, 12.6726979 ] } },
{ "type": "Feature", "properties": { "element": "node", "id": 11883254174, "amenity": "hospital", "name": "Centre Médical", "name:fr": null, "healthcare": null, "operator": "Public", "Observation": null, "description": null, "name:en": null, "website": null, "opening_hours": null, "addr:city": null, "addr:street": null, "healthcare:speciality": null, "created_by": null, "health_facility:type": null, "id:uuid": null, "is_in:health_admin3": null, "operator:type": null, "source": null, "survey:date": null, "addr:housenumber": null, "emergency": null, "phone": null, "barrier": null, "addr:postcode": null, "short_name": null, "natural": null, "wheelchair": null, "check_date": null, "denomination": null, "building": null, "healthcare:cholera": null, "designation": null, "wikidata": null, "material": null, "start_date": null, "old_name": null, "internet_access": null, "height": null, "toilets:wheelchair": null, "landuse": null, "type": null }, "geometry": { "type": "Point", "coordinates": [ -1.5381382, 12.6661923 ] } },
{ "type": "Feature", "properties": { "element": "node", "id": 11888617791, "amenity": "hospital", "name": "CSPS", "name:fr": null, "healthcare": null, "operator": "Public", "Observation": null, "description": null, "name:en": null, "website": null, "opening_hours": null, "addr:city": null, "addr:street": null, "healthcare:speciality": null, "created_by": null, "health_facility:type": null, "id:uuid": null, "is_in:health_admin3": null, "operator:type": null, "source": null, "survey:date": null, "addr:housenumber": null, "emergency": null, "phone": null, "barrier": null, "addr:postcode": null, "short_name": null, "natural": null, "wheelchair": null, "check_date": null, "denomination": null, "building": null, "healthcare:cholera": null, "designation": null, "wikidata": null, "material": null, "start_date": null, "old_name": null, "internet_access": null, "height": null, "toilets:wheelchair": null, "landuse": null, "type": null }, "geometry": { "type": "Point", "coordinates": [ -1.6027004, 12.6022487 ] } },
{ "type": "Feature", "properties": { "element": "node", "id": 11888625419, "amenity": "hospital", "name": "CSPS", "name:fr": null, "healthcare": null, "operator": "Public", "Observation": null, "description": null, "name:en": null, "website": null, "opening_hours": null, "addr:city": null, "addr:street": null, "healthcare:speciality": null, "created_by": null, "health_facility:type": null, "id:uuid": null, "is_in:health_admin3": null, "operator:type": null, "source": null, "survey:date": null, "addr:housenumber": null, "emergency": null, "phone": null, "barrier": null, "addr:postcode": null, "short_name": null, "natural": null, "wheelchair": null, "check_date": null, "denomination": null, "building": null, "healthcare:cholera": null, "designation": null, "wikidata": null, "material": null, "start_date": null, "old_name": null, "internet_access": null, "height": null, "toilets:wheelchair": null, "landuse": null, "type": null }, "geometry": { "type": "Point", "coordinates": [ -1.6328658, 12.6224491 ] } },
{ "type": "Feature", "properties": { "element": "node", "id": 11892069517, "amenity": "hospital", "name": "Dispensaire", "name:fr": null, "healthcare": null, "operator": "Public", "Observation": null, "description": null, "name:en": null, "website": null, "opening_hours": null, "addr:city": null, "addr:street": null, "healthcare:speciality": null, "created_by": null, "health_facility:type": null, "id:uuid": null, "is_in:health_admin3": null, "operator:type": null, "source": null, "survey:date": null, "addr:housenumber": null, "emergency": null, "phone": null, "barrier": null, "addr:postcode": null, "short_name": null, "natural": null, "wheelchair": null, "check_date": null, "denomination": null, "building": null, "healthcare:cholera": null, "designation": null, "wikidata": null, "material": null, "start_date": null, "old_name": null, "internet_access": null, "height": null, "toilets:wheelchair": null, "landuse": null, "type": null }, "geometry": { "type": "Point", "coordinates": [ -1.6722983, 12.5931615 ] } },
{ "type": "Feature", "properties": { "element": "node", "id": 11896417197, "amenity": "hospital", "name": "CMA de Dafra - Médecins Sans Frontières", "name:fr": null, "healthcare": "hospital", "operator": "Ministère de la Santé / Médecins Sans Frontières", "Observation": null, "description": null, "name:en": null, "website": null, "opening_hours": null, "addr:city": "Bobo-Dioulasso", "addr:street": null, "healthcare:speciality": "general;gynaecology;surgery;emergency;paediatrics;neonatology", "created_by": null, "health_facility:type": null, "id:uuid": null, "is_in:health_admin3": null, "operator:type": "public", "source": null, "survey:date": null, "addr:housenumber": null, "emergency": "yes", "phone": null, "barrier": null, "addr:postcode": null, "short_name": null, "natural": null, "wheelchair": null, "check_date": null, "denomination": null, "building": null, "healthcare:cholera": null, "designation": null, "wikidata": null, "material": null, "start_date": null, "old_name": null, "internet_access": null, "height": null, "toilets:wheelchair": null, "landuse": null, "type": null }, "geometry": { "type": "Point", "coordinates": [ -4.2549201, 11.1969569 ] } },
{ "type": "Feature", "properties": { "element": "node", "id": 11899169991, "amenity": "hospital", "name": "CSPS", "name:fr": null, "healthcare": null, "operator": "Public", "Observation": null, "description": null, "name:en": null, "website": null, "opening_hours": null, "addr:city": null, "addr:street": null, "healthcare:speciality": null, "created_by": null, "health_facility:type": null, "id:uuid": null, "is_in:health_admin3": null, "operator:type": null, "source": null, "survey:date": null, "addr:housenumber": null, "emergency": null, "phone": null, "barrier": null, "addr:postcode": null, "short_name": null, "natural": null, "wheelchair": null, "check_date": null, "denomination": null, "building": null, "healthcare:cholera": null, "designation": null, "wikidata": null, "material": null, "start_date": null, "old_name": null, "internet_access": null, "height": null, "toilets:wheelchair": null, "landuse": null, "type": null }, "geometry": { "type": "Point", "coordinates": [ -1.6719952, 12.6678462 ] } },
{ "type": "Feature", "properties": { "element": "node", "id": 11907150734, "amenity": "hospital", "name": "CSPS", "name:fr": null, "healthcare": null, "operator": "Public", "Observation": null, "description": null, "name:en": null, "website": null, "opening_hours": null, "addr:city": null, "addr:street": null, "healthcare:speciality": null, "created_by": null, "health_facility:type": null, "id:uuid": null, "is_in:health_admin3": null, "operator:type": null, "source": null, "survey:date": null, "addr:housenumber": null, "emergency": null, "phone": null, "barrier": null, "addr:postcode": null, "short_name": null, "natural": null, "wheelchair": null, "check_date": null, "denomination": null, "building": null, "healthcare:cholera": null, "designation": null, "wikidata": null, "material": null, "start_date": null, "old_name": null, "internet_access": null, "height": null, "toilets:wheelchair": null, "landuse": null, "type": null }, "geometry": { "type": "Point", "coordinates": [ -1.7429182, 12.673797 ] } },
{ "type": "Feature", "properties": { "element": "node", "id": 11907524410, "amenity": "hospital", "name": "CSPS", "name:fr": null, "healthcare": null, "operator": "Public", "Observation": null, "description": null, "name:en": null, "website": null, "opening_hours": null, "addr:city": null, "addr:street": null, "healthcare:speciality": null, "created_by": null, "health_facility:type": null, "id:uuid": null, "is_in:health_admin3": null, "operator:type": null, "source": null, "survey:date": null, "addr:housenumber": null, "emergency": null, "phone": null, "barrier": null, "addr:postcode": null, "short_name": null, "natural": null, "wheelchair": null, "check_date": null, "denomination": null, "building": null, "healthcare:cholera": null, "designation": null, "wikidata": null, "material": null, "start_date": null, "old_name": null, "internet_access": null, "height": null, "toilets:wheelchair": null, "landuse": null, "type": null }, "geometry": { "type": "Point", "coordinates": [ -1.7247476, 12.6260218 ] } },
{ "type": "Feature", "properties": { "element": "node", "id": 11927971347, "amenity": "hospital", "name": "CSPS", "name:fr": null, "healthcare": null, "operator": "Public", "Observation": null, "description": null, "name:en": null, "website": null, "opening_hours": null, "addr:city": null, "addr:street": null, "healthcare:speciality": null, "created_by": null, "health_facility:type": null, "id:uuid": null, "is_in:health_admin3": null, "operator:type": null, "source": null, "survey:date": null, "addr:housenumber": null, "emergency": null, "phone": null, "barrier": null, "addr:postcode": null, "short_name": null, "natural": null, "wheelchair": null, "check_date": null, "denomination": null, "building": null, "healthcare:cholera": null, "designation": null, "wikidata": null, "material": null, "start_date": null, "old_name": null, "internet_access": null, "height": null, "toilets:wheelchair": null, "landuse": null, "type": null }, "geometry": { "type": "Point", "coordinates": [ -1.8160459, 12.6312643 ] } },
{ "type": "Feature", "properties": { "element": "node", "id": 11932963070, "amenity": "hospital", "name": "CSPS", "name:fr": null, "healthcare": null, "operator": "Public", "Observation": null, "description": null, "name:en": null, "website": null, "opening_hours": null, "addr:city": null, "addr:street": null, "healthcare:speciality": null, "created_by": null, "health_facility:type": null, "id:uuid": null, "is_in:health_admin3": null, "operator:type": null, "source": null, "survey:date": null, "addr:housenumber": null, "emergency": null, "phone": null, "barrier": null, "addr:postcode": null, "short_name": null, "natural": null, "wheelchair": null, "check_date": null, "denomination": null, "building": null, "healthcare:cholera": null, "designation": null, "wikidata": null, "material": null, "start_date": null, "old_name": null, "internet_access": null, "height": null, "toilets:wheelchair": null, "landuse": null, "type": null }, "geometry": { "type": "Point", "coordinates": [ -1.8562026, 12.6260572 ] } },
{ "type": "Feature", "properties": { "element": "node", "id": 11964737085, "amenity": "hospital", "name": "CSPS", "name:fr": null, "healthcare": null, "operator": "Public", "Observation": null, "description": null, "name:en": null, "website": null, "opening_hours": null, "addr:city": null, "addr:street": null, "healthcare:speciality": null, "created_by": null, "health_facility:type": null, "id:uuid": null, "is_in:health_admin3": null, "operator:type": null, "source": null, "survey:date": null, "addr:housenumber": null, "emergency": null, "phone": null, "barrier": null, "addr:postcode": null, "short_name": null, "natural": null, "wheelchair": null, "check_date": null, "denomination": null, "building": null, "healthcare:cholera": null, "designation": null, "wikidata": null, "material": null, "start_date": null, "old_name": null, "internet_access": null, "height": null, "toilets:wheelchair": null, "landuse": null, "type": null }, "geometry": { "type": "Point", "coordinates": [ -1.6407448, 12.5509218 ] } },
{ "type": "Feature", "properties": { "element": "node", "id": 11973892161, "amenity": "hospital", "name": "CSPS", "name:fr": null, "healthcare": null, "operator": "Public", "Observation": null, "description": null, "name:en": null, "website": null, "opening_hours": null, "addr:city": null, "addr:street": null, "healthcare:speciality": null, "created_by": null, "health_facility:type": null, "id:uuid": null, "is_in:health_admin3": null, "operator:type": null, "source": null, "survey:date": null, "addr:housenumber": null, "emergency": null, "phone": null, "barrier": null, "addr:postcode": null, "short_name": null, "natural": null, "wheelchair": null, "check_date": null, "denomination": null, "building": null, "healthcare:cholera": null, "designation": null, "wikidata": null, "material": null, "start_date": null, "old_name": null, "internet_access": null, "height": null, "toilets:wheelchair": null, "landuse": null, "type": null }, "geometry": { "type": "Point", "coordinates": [ -1.6530159, 12.5469762 ] } },
{ "type": "Feature", "properties": { "element": "node", "id": 11980325329, "amenity": "hospital", "name": "CSPS", "name:fr": null, "healthcare": null, "operator": "Public", "Observation": null, "description": null, "name:en": null, "website": null, "opening_hours": null, "addr:city": null, "addr:street": null, "healthcare:speciality": null, "created_by": null, "health_facility:type": null, "id:uuid": null, "is_in:health_admin3": null, "operator:type": null, "source": null, "survey:date": null, "addr:housenumber": null, "emergency": null, "phone": null, "barrier": null, "addr:postcode": null, "short_name": null, "natural": null, "wheelchair": null, "check_date": null, "denomination": null, "building": null, "healthcare:cholera": null, "designation": null, "wikidata": null, "material": null, "start_date": null, "old_name": null, "internet_access": null, "height": null, "toilets:wheelchair": null, "landuse": null, "type": null }, "geometry": { "type": "Point", "coordinates": [ -1.8269974, 12.4992429 ] } },
{ "type": "Feature", "properties": { "element": "node", "id": 11990844787, "amenity": "hospital", "name": "Centre Médical", "name:fr": null, "healthcare": null, "operator": "Public", "Observation": null, "description": null, "name:en": null, "website": null, "opening_hours": null, "addr:city": null, "addr:street": null, "healthcare:speciality": null, "created_by": null, "health_facility:type": null, "id:uuid": null, "is_in:health_admin3": null, "operator:type": null, "source": null, "survey:date": null, "addr:housenumber": null, "emergency": null, "phone": null, "barrier": null, "addr:postcode": null, "short_name": null, "natural": null, "wheelchair": null, "check_date": null, "denomination": null, "building": null, "healthcare:cholera": null, "designation": null, "wikidata": null, "material": null, "start_date": null, "old_name": null, "internet_access": null, "height": null, "toilets:wheelchair": null, "landuse": null, "type": null }, "geometry": { "type": "Point", "coordinates": [ -1.7723179, 12.5294995 ] } },
{ "type": "Feature", "properties": { "element": "node", "id": 11991817915, "amenity": "hospital", "name": "Dispensaire", "name:fr": null, "healthcare": null, "operator": "Public", "Observation": null, "description": null, "name:en": null, "website": null, "opening_hours": null, "addr:city": null, "addr:street": null, "healthcare:speciality": null, "created_by": null, "health_facility:type": null, "id:uuid": null, "is_in:health_admin3": null, "operator:type": null, "source": null, "survey:date": null, "addr:housenumber": null, "emergency": null, "phone": null, "barrier": null, "addr:postcode": null, "short_name": null, "natural": null, "wheelchair": null, "check_date": null, "denomination": null, "building": null, "healthcare:cholera": null, "designation": null, "wikidata": null, "material": null, "start_date": null, "old_name": null, "internet_access": null, "height": null, "toilets:wheelchair": null, "landuse": null, "type": null }, "geometry": { "type": "Point", "coordinates": [ -1.6851273, 12.5367914 ] } },
{ "type": "Feature", "properties": { "element": "node", "id": 11992888825, "amenity": "hospital", "name": "CSPS", "name:fr": null, "healthcare": null, "operator": "Public", "Observation": null, "description": null, "name:en": null, "website": null, "opening_hours": null, "addr:city": null, "addr:street": null, "healthcare:speciality": null, "created_by": null, "health_facility:type": null, "id:uuid": null, "is_in:health_admin3": null, "operator:type": null, "source": null, "survey:date": null, "addr:housenumber": null, "emergency": null, "phone": null, "barrier": null, "addr:postcode": null, "short_name": null, "natural": null, "wheelchair": null, "check_date": null, "denomination": null, "building": null, "healthcare:cholera": null, "designation": null, "wikidata": null, "material": null, "start_date": null, "old_name": null, "internet_access": null, "height": null, "toilets:wheelchair": null, "landuse": null, "type": null }, "geometry": { "type": "Point", "coordinates": [ -1.686502, 12.5279075 ] } },
{ "type": "Feature", "properties": { "element": "node", "id": 12003122332, "amenity": "hospital", "name": "CSPS", "name:fr": null, "healthcare": null, "operator": "Public", "Observation": null, "description": null, "name:en": null, "website": null, "opening_hours": null, "addr:city": null, "addr:street": null, "healthcare:speciality": null, "created_by": null, "health_facility:type": null, "id:uuid": null, "is_in:health_admin3": null, "operator:type": null, "source": null, "survey:date": null, "addr:housenumber": null, "emergency": null, "phone": null, "barrier": null, "addr:postcode": null, "short_name": null, "natural": null, "wheelchair": null, "check_date": null, "denomination": null, "building": null, "healthcare:cholera": null, "designation": null, "wikidata": null, "material": null, "start_date": null, "old_name": null, "internet_access": null, "height": null, "toilets:wheelchair": null, "landuse": null, "type": null }, "geometry": { "type": "Point", "coordinates": [ -1.6707547, 12.4506953 ] } },
{ "type": "Feature", "properties": { "element": "node", "id": 12012254857, "amenity": "hospital", "name": "CSPS", "name:fr": null, "healthcare": null, "operator": "Public", "Observation": null, "description": null, "name:en": null, "website": null, "opening_hours": null, "addr:city": null, "addr:street": null, "healthcare:speciality": null, "created_by": null, "health_facility:type": null, "id:uuid": null, "is_in:health_admin3": null, "operator:type": null, "source": null, "survey:date": null, "addr:housenumber": null, "emergency": null, "phone": null, "barrier": null, "addr:postcode": null, "short_name": null, "natural": null, "wheelchair": null, "check_date": null, "denomination": null, "building": null, "healthcare:cholera": null, "designation": null, "wikidata": null, "material": null, "start_date": null, "old_name": null, "internet_access": null, "height": null, "toilets:wheelchair": null, "landuse": null, "type": null }, "geometry": { "type": "Point", "coordinates": [ -1.7350674, 12.4608521 ] } },
{ "type": "Feature", "properties": { "element": "node", "id": 12040285649, "amenity": "hospital", "name": "CSPS", "name:fr": null, "healthcare": null, "operator": "Public", "Observation": null, "description": null, "name:en": null, "website": null, "opening_hours": null, "addr:city": null, "addr:street": null, "healthcare:speciality": null, "created_by": null, "health_facility:type": null, "id:uuid": null, "is_in:health_admin3": null, "operator:type": null, "source": null, "survey:date": null, "addr:housenumber": null, "emergency": null, "phone": null, "barrier": null, "addr:postcode": null, "short_name": null, "natural": null, "wheelchair": null, "check_date": null, "denomination": null, "building": null, "healthcare:cholera": null, "designation": null, "wikidata": null, "material": null, "start_date": null, "old_name": null, "internet_access": null, "height": null, "toilets:wheelchair": null, "landuse": null, "type": null }, "geometry": { "type": "Point", "coordinates": [ -1.7777118, 12.4596827 ] } },
{ "type": "Feature", "properties": { "element": "node", "id": 12050116106, "amenity": "hospital", "name": "CSPS", "name:fr": null, "healthcare": null, "operator": "Public", "Observation": null, "description": null, "name:en": null, "website": null, "opening_hours": null, "addr:city": null, "addr:street": null, "healthcare:speciality": null, "created_by": null, "health_facility:type": null, "id:uuid": null, "is_in:health_admin3": null, "operator:type": null, "source": null, "survey:date": null, "addr:housenumber": null, "emergency": null, "phone": null, "barrier": null, "addr:postcode": null, "short_name": null, "natural": null, "wheelchair": null, "check_date": null, "denomination": null, "building": null, "healthcare:cholera": null, "designation": null, "wikidata": null, "material": null, "start_date": null, "old_name": null, "internet_access": null, "height": null, "toilets:wheelchair": null, "landuse": null, "type": null }, "geometry": { "type": "Point", "coordinates": [ -1.8114017, 12.4155416 ] } },
{ "type": "Feature", "properties": { "element": "node", "id": 12053724274, "amenity": "hospital", "name": "Dispensaire", "name:fr": null, "healthcare": null, "operator": "Public", "Observation": null, "description": null, "name:en": null, "website": null, "opening_hours": null, "addr:city": null, "addr:street": null, "healthcare:speciality": null, "created_by": null, "health_facility:type": null, "id:uuid": null, "is_in:health_admin3": null, "operator:type": null, "source": null, "survey:date": null, "addr:housenumber": null, "emergency": null, "phone": null, "barrier": null, "addr:postcode": null, "short_name": null, "natural": null, "wheelchair": null, "check_date": null, "denomination": null, "building": null, "healthcare:cholera": null, "designation": null, "wikidata": null, "material": null, "start_date": null, "old_name": null, "internet_access": null, "height": null, "toilets:wheelchair": null, "landuse": null, "type": null }, "geometry": { "type": "Point", "coordinates": [ -1.7455669, 12.4169784 ] } },
{ "type": "Feature", "properties": { "element": "node", "id": 12097805775, "amenity": "hospital", "name": "CSPS", "name:fr": null, "healthcare": null, "operator": "Public", "Observation": null, "description": null, "name:en": null, "website": null, "opening_hours": null, "addr:city": null, "addr:street": null, "healthcare:speciality": null, "created_by": null, "health_facility:type": null, "id:uuid": null, "is_in:health_admin3": null, "operator:type": null, "source": null, "survey:date": null, "addr:housenumber": null, "emergency": null, "phone": null, "barrier": null, "addr:postcode": null, "short_name": null, "natural": null, "wheelchair": null, "check_date": null, "denomination": null, "building": null, "healthcare:cholera": null, "designation": null, "wikidata": null, "material": null, "start_date": null, "old_name": null, "internet_access": null, "height": null, "toilets:wheelchair": null, "landuse": null, "type": null }, "geometry": { "type": "Point", "coordinates": [ -1.8877991, 12.5553581 ] } },
{ "type": "Feature", "properties": { "element": "node", "id": 12098622676, "amenity": "hospital", "name": "CSPS", "name:fr": null, "healthcare": null, "operator": "Public", "Observation": null, "description": null, "name:en": null, "website": null, "opening_hours": null, "addr:city": null, "addr:street": null, "healthcare:speciality": null, "created_by": null, "health_facility:type": null, "id:uuid": null, "is_in:health_admin3": null, "operator:type": null, "source": null, "survey:date": null, "addr:housenumber": null, "emergency": null, "phone": null, "barrier": null, "addr:postcode": null, "short_name": null, "natural": null, "wheelchair": null, "check_date": null, "denomination": null, "building": null, "healthcare:cholera": null, "designation": null, "wikidata": null, "material": null, "start_date": null, "old_name": null, "internet_access": null, "height": null, "toilets:wheelchair": null, "landuse": null, "type": null }, "geometry": { "type": "Point", "coordinates": [ -1.8581741, 12.5679991 ] } },
{ "type": "Feature", "properties": { "element": "node", "id": 12142220491, "amenity": "hospital", "name": "Dispensaire", "name:fr": null, "healthcare": null, "operator": "Public", "Observation": null, "description": null, "name:en": null, "website": null, "opening_hours": null, "addr:city": null, "addr:street": null, "healthcare:speciality": null, "created_by": null, "health_facility:type": null, "id:uuid": null, "is_in:health_admin3": null, "operator:type": null, "source": null, "survey:date": null, "addr:housenumber": null, "emergency": null, "phone": null, "barrier": null, "addr:postcode": null, "short_name": null, "natural": null, "wheelchair": null, "check_date": null, "denomination": null, "building": null, "healthcare:cholera": null, "designation": null, "wikidata": null, "material": null, "start_date": null, "old_name": null, "internet_access": null, "height": null, "toilets:wheelchair": null, "landuse": null, "type": null }, "geometry": { "type": "Point", "coordinates": [ -1.8714617, 12.6127986 ] } },
{ "type": "Feature", "properties": { "element": "node", "id": 12160353014, "amenity": "hospital", "name": "CSPS", "name:fr": null, "healthcare": null, "operator": "Public", "Observation": null, "description": null, "name:en": null, "website": null, "opening_hours": null, "addr:city": null, "addr:street": null, "healthcare:speciality": null, "created_by": null, "health_facility:type": null, "id:uuid": null, "is_in:health_admin3": null, "operator:type": null, "source": null, "survey:date": null, "addr:housenumber": null, "emergency": null, "phone": null, "barrier": null, "addr:postcode": null, "short_name": null, "natural": null, "wheelchair": null, "check_date": null, "denomination": null, "building": null, "healthcare:cholera": null, "designation": null, "wikidata": null, "material": null, "start_date": null, "old_name": null, "internet_access": null, "height": null, "toilets:wheelchair": null, "landuse": null, "type": null }, "geometry": { "type": "Point", "coordinates": [ -1.943754, 12.4397969 ] } },
{ "type": "Feature", "properties": { "element": "node", "id": 12168937692, "amenity": "hospital", "name": "CSPS", "name:fr": null, "healthcare": null, "operator": "Public", "Observation": null, "description": null, "name:en": null, "website": null, "opening_hours": null, "addr:city": null, "addr:street": null, "healthcare:speciality": null, "created_by": null, "health_facility:type": null, "id:uuid": null, "is_in:health_admin3": null, "operator:type": null, "source": null, "survey:date": null, "addr:housenumber": null, "emergency": null, "phone": null, "barrier": null, "addr:postcode": null, "short_name": null, "natural": null, "wheelchair": null, "check_date": null, "denomination": null, "building": null, "healthcare:cholera": null, "designation": null, "wikidata": null, "material": null, "start_date": null, "old_name": null, "internet_access": null, "height": null, "toilets:wheelchair": null, "landuse": null, "type": null }, "geometry": { "type": "Point", "coordinates": [ -1.9104221, 12.3179175 ] } },
{ "type": "Feature", "properties": { "element": "node", "id": 12180940401, "amenity": "hospital", "name": "CSPS", "name:fr": null, "healthcare": null, "operator": "Public", "Observation": null, "description": null, "name:en": null, "website": null, "opening_hours": null, "addr:city": null, "addr:street": null, "healthcare:speciality": null, "created_by": null, "health_facility:type": null, "id:uuid": null, "is_in:health_admin3": null, "operator:type": null, "source": null, "survey:date": null, "addr:housenumber": null, "emergency": null, "phone": null, "barrier": null, "addr:postcode": null, "short_name": null, "natural": null, "wheelchair": null, "check_date": null, "denomination": null, "building": null, "healthcare:cholera": null, "designation": null, "wikidata": null, "material": null, "start_date": null, "old_name": null, "internet_access": null, "height": null, "toilets:wheelchair": null, "landuse": null, "type": null }, "geometry": { "type": "Point", "coordinates": [ -1.8350078, 12.3043995 ] } },
{ "type": "Feature", "properties": { "element": "node", "id": 12208987818, "amenity": "hospital", "name": "CSPS", "name:fr": null, "healthcare": null, "operator": "Public", "Observation": null, "description": null, "name:en": null, "website": null, "opening_hours": null, "addr:city": null, "addr:street": null, "healthcare:speciality": null, "created_by": null, "health_facility:type": null, "id:uuid": null, "is_in:health_admin3": null, "operator:type": null, "source": null, "survey:date": null, "addr:housenumber": null, "emergency": null, "phone": null, "barrier": null, "addr:postcode": null, "short_name": null, "natural": null, "wheelchair": null, "check_date": null, "denomination": null, "building": null, "healthcare:cholera": null, "designation": null, "wikidata": null, "material": null, "start_date": null, "old_name": null, "internet_access": null, "height": null, "toilets:wheelchair": null, "landuse": null, "type": null }, "geometry": { "type": "Point", "coordinates": [ -1.1185697, 12.2533676 ] } },
{ "type": "Feature", "properties": { "element": "node", "id": 12219011573, "amenity": "hospital", "name": "CSPS", "name:fr": null, "healthcare": null, "operator": "Public", "Observation": null, "description": null, "name:en": null, "website": null, "opening_hours": null, "addr:city": null, "addr:street": null, "healthcare:speciality": null, "created_by": null, "health_facility:type": null, "id:uuid": null, "is_in:health_admin3": null, "operator:type": null, "source": null, "survey:date": null, "addr:housenumber": null, "emergency": null, "phone": null, "barrier": null, "addr:postcode": null, "short_name": null, "natural": null, "wheelchair": null, "check_date": null, "denomination": null, "building": null, "healthcare:cholera": null, "designation": null, "wikidata": null, "material": null, "start_date": null, "old_name": null, "internet_access": null, "height": null, "toilets:wheelchair": null, "landuse": null, "type": null }, "geometry": { "type": "Point", "coordinates": [ -1.4128241, 11.8169381 ] } },
{ "type": "Feature", "properties": { "element": "node", "id": 12219407758, "amenity": "hospital", "name": "CSPS", "name:fr": null, "healthcare": null, "operator": "Public", "Observation": null, "description": null, "name:en": null, "website": null, "opening_hours": null, "addr:city": null, "addr:street": null, "healthcare:speciality": null, "created_by": null, "health_facility:type": null, "id:uuid": null, "is_in:health_admin3": null, "operator:type": null, "source": null, "survey:date": null, "addr:housenumber": null, "emergency": null, "phone": null, "barrier": null, "addr:postcode": null, "short_name": null, "natural": null, "wheelchair": null, "check_date": null, "denomination": null, "building": null, "healthcare:cholera": null, "designation": null, "wikidata": null, "material": null, "start_date": null, "old_name": null, "internet_access": null, "height": null, "toilets:wheelchair": null, "landuse": null, "type": null }, "geometry": { "type": "Point", "coordinates": [ -1.4045146, 11.8985117 ] } },
{ "type": "Feature", "properties": { "element": "node", "id": 12222294442, "amenity": "hospital", "name": "CSPS", "name:fr": null, "healthcare": null, "operator": "Public", "Observation": null, "description": null, "name:en": null, "website": null, "opening_hours": null, "addr:city": null, "addr:street": null, "healthcare:speciality": null, "created_by": null, "health_facility:type": null, "id:uuid": null, "is_in:health_admin3": null, "operator:type": null, "source": null, "survey:date": null, "addr:housenumber": null, "emergency": null, "phone": null, "barrier": null, "addr:postcode": null, "short_name": null, "natural": null, "wheelchair": null, "check_date": null, "denomination": null, "building": null, "healthcare:cholera": null, "designation": null, "wikidata": null, "material": null, "start_date": null, "old_name": null, "internet_access": null, "height": null, "toilets:wheelchair": null, "landuse": null, "type": null }, "geometry": { "type": "Point", "coordinates": [ -1.3584839, 11.9005825 ] } },
{ "type": "Feature", "properties": { "element": "node", "id": 12222557451, "amenity": "hospital", "name": "CSPS", "name:fr": null, "healthcare": null, "operator": "Public", "Observation": null, "description": null, "name:en": null, "website": null, "opening_hours": null, "addr:city": null, "addr:street": null, "healthcare:speciality": null, "created_by": null, "health_facility:type": null, "id:uuid": null, "is_in:health_admin3": null, "operator:type": null, "source": null, "survey:date": null, "addr:housenumber": null, "emergency": null, "phone": null, "barrier": null, "addr:postcode": null, "short_name": null, "natural": null, "wheelchair": null, "check_date": null, "denomination": null, "building": null, "healthcare:cholera": null, "designation": null, "wikidata": null, "material": null, "start_date": null, "old_name": null, "internet_access": null, "height": null, "toilets:wheelchair": null, "landuse": null, "type": null }, "geometry": { "type": "Point", "coordinates": [ -1.2473103, 12.0009061 ] } },
{ "type": "Feature", "properties": { "element": "node", "id": 12222558021, "amenity": "hospital", "name": "CSPS", "name:fr": null, "healthcare": null, "operator": "Public", "Observation": null, "description": null, "name:en": null, "website": null, "opening_hours": null, "addr:city": null, "addr:street": null, "healthcare:speciality": null, "created_by": null, "health_facility:type": null, "id:uuid": null, "is_in:health_admin3": null, "operator:type": null, "source": null, "survey:date": null, "addr:housenumber": null, "emergency": null, "phone": null, "barrier": null, "addr:postcode": null, "short_name": null, "natural": null, "wheelchair": null, "check_date": null, "denomination": null, "building": null, "healthcare:cholera": null, "designation": null, "wikidata": null, "material": null, "start_date": null, "old_name": null, "internet_access": null, "height": null, "toilets:wheelchair": null, "landuse": null, "type": null }, "geometry": { "type": "Point", "coordinates": [ -1.3122681, 11.9520006 ] } },
{ "type": "Feature", "properties": { "element": "node", "id": 12229587084, "amenity": "hospital", "name": "CSPS", "name:fr": null, "healthcare": null, "operator": "Public", "Observation": null, "description": null, "name:en": null, "website": null, "opening_hours": null, "addr:city": null, "addr:street": null, "healthcare:speciality": null, "created_by": null, "health_facility:type": null, "id:uuid": null, "is_in:health_admin3": null, "operator:type": null, "source": null, "survey:date": null, "addr:housenumber": null, "emergency": null, "phone": null, "barrier": null, "addr:postcode": null, "short_name": null, "natural": null, "wheelchair": null, "check_date": null, "denomination": null, "building": null, "healthcare:cholera": null, "designation": null, "wikidata": null, "material": null, "start_date": null, "old_name": null, "internet_access": null, "height": null, "toilets:wheelchair": null, "landuse": null, "type": null }, "geometry": { "type": "Point", "coordinates": [ -1.4273161, 11.8813464 ] } },
{ "type": "Feature", "properties": { "element": "node", "id": 12231836601, "amenity": "hospital", "name": "Dispensaire", "name:fr": null, "healthcare": null, "operator": "Public", "Observation": null, "description": null, "name:en": null, "website": null, "opening_hours": null, "addr:city": null, "addr:street": null, "healthcare:speciality": null, "created_by": null, "health_facility:type": null, "id:uuid": null, "is_in:health_admin3": null, "operator:type": null, "source": null, "survey:date": null, "addr:housenumber": null, "emergency": null, "phone": null, "barrier": null, "addr:postcode": null, "short_name": null, "natural": null, "wheelchair": null, "check_date": null, "denomination": null, "building": null, "healthcare:cholera": null, "designation": null, "wikidata": null, "material": null, "start_date": null, "old_name": null, "internet_access": null, "height": null, "toilets:wheelchair": null, "landuse": null, "type": null }, "geometry": { "type": "Point", "coordinates": [ -1.2393442, 12.0860385 ] } },
{ "type": "Feature", "properties": { "element": "node", "id": 12231947089, "amenity": "hospital", "name": "CSPS", "name:fr": null, "healthcare": null, "operator": "Public", "Observation": null, "description": null, "name:en": null, "website": null, "opening_hours": null, "addr:city": null, "addr:street": null, "healthcare:speciality": null, "created_by": null, "health_facility:type": null, "id:uuid": null, "is_in:health_admin3": null, "operator:type": null, "source": null, "survey:date": null, "addr:housenumber": null, "emergency": null, "phone": null, "barrier": null, "addr:postcode": null, "short_name": null, "natural": null, "wheelchair": null, "check_date": null, "denomination": null, "building": null, "healthcare:cholera": null, "designation": null, "wikidata": null, "material": null, "start_date": null, "old_name": null, "internet_access": null, "height": null, "toilets:wheelchair": null, "landuse": null, "type": null }, "geometry": { "type": "Point", "coordinates": [ -1.3003323, 12.1088162 ] } },
{ "type": "Feature", "properties": { "element": "node", "id": 12232119010, "amenity": "hospital", "name": "CSPS Nitaoré", "name:fr": null, "healthcare": null, "operator": "Public", "Observation": null, "description": null, "name:en": null, "website": null, "opening_hours": null, "addr:city": null, "addr:street": null, "healthcare:speciality": null, "created_by": null, "health_facility:type": null, "id:uuid": null, "is_in:health_admin3": null, "operator:type": null, "source": null, "survey:date": null, "addr:housenumber": null, "emergency": null, "phone": null, "barrier": null, "addr:postcode": null, "short_name": null, "natural": null, "wheelchair": null, "check_date": null, "denomination": null, "building": null, "healthcare:cholera": null, "designation": null, "wikidata": null, "material": null, "start_date": null, "old_name": null, "internet_access": null, "height": null, "toilets:wheelchair": null, "landuse": null, "type": null }, "geometry": { "type": "Point", "coordinates": [ -1.4704863, 11.8687041 ] } },
{ "type": "Feature", "properties": { "element": "node", "id": 12258390332, "amenity": "hospital", "name": "CSPS", "name:fr": null, "healthcare": null, "operator": "Public", "Observation": null, "description": null, "name:en": null, "website": null, "opening_hours": null, "addr:city": null, "addr:street": null, "healthcare:speciality": null, "created_by": null, "health_facility:type": null, "id:uuid": null, "is_in:health_admin3": null, "operator:type": null, "source": null, "survey:date": null, "addr:housenumber": null, "emergency": null, "phone": null, "barrier": null, "addr:postcode": null, "short_name": null, "natural": null, "wheelchair": null, "check_date": null, "denomination": null, "building": null, "healthcare:cholera": null, "designation": null, "wikidata": null, "material": null, "start_date": null, "old_name": null, "internet_access": null, "height": null, "toilets:wheelchair": null, "landuse": null, "type": null }, "geometry": { "type": "Point", "coordinates": [ -1.2821925, 11.9072121 ] } },
{ "type": "Feature", "properties": { "element": "node", "id": 12347865523, "amenity": "hospital", "name": "CSPS", "name:fr": null, "healthcare": null, "operator": "Public", "Observation": null, "description": null, "name:en": null, "website": null, "opening_hours": null, "addr:city": null, "addr:street": null, "healthcare:speciality": null, "created_by": null, "health_facility:type": null, "id:uuid": null, "is_in:health_admin3": null, "operator:type": null, "source": null, "survey:date": null, "addr:housenumber": null, "emergency": null, "phone": null, "barrier": null, "addr:postcode": null, "short_name": null, "natural": null, "wheelchair": null, "check_date": null, "denomination": null, "building": null, "healthcare:cholera": null, "designation": null, "wikidata": null, "material": null, "start_date": null, "old_name": null, "internet_access": null, "height": null, "toilets:wheelchair": null, "landuse": null, "type": null }, "geometry": { "type": "Point", "coordinates": [ 1.8957773, 12.0383946 ] } },
{ "type": "Feature", "properties": { "element": "node", "id": 12360018254, "amenity": "hospital", "name": "Centre Médical", "name:fr": null, "healthcare": "hospital", "operator": null, "Observation": null, "description": null, "name:en": null, "website": null, "opening_hours": null, "addr:city": null, "addr:street": null, "healthcare:speciality": null, "created_by": null, "health_facility:type": null, "id:uuid": null, "is_in:health_admin3": null, "operator:type": null, "source": null, "survey:date": null, "addr:housenumber": null, "emergency": null, "phone": null, "barrier": null, "addr:postcode": null, "short_name": null, "natural": null, "wheelchair": null, "check_date": null, "denomination": null, "building": null, "healthcare:cholera": null, "designation": null, "wikidata": null, "material": null, "start_date": null, "old_name": null, "internet_access": null, "height": null, "toilets:wheelchair": null, "landuse": null, "type": null }, "geometry": { "type": "Point", "coordinates": [ 1.7968896, 12.0703409 ] } },
{ "type": "Feature", "properties": { "element": "node", "id": 12368535652, "amenity": "hospital", "name": "CSPS", "name:fr": null, "healthcare": null, "operator": "Public", "Observation": null, "description": null, "name:en": null, "website": null, "opening_hours": null, "addr:city": null, "addr:street": null, "healthcare:speciality": null, "created_by": null, "health_facility:type": null, "id:uuid": null, "is_in:health_admin3": null, "operator:type": null, "source": null, "survey:date": null, "addr:housenumber": null, "emergency": null, "phone": null, "barrier": null, "addr:postcode": null, "short_name": null, "natural": null, "wheelchair": null, "check_date": null, "denomination": null, "building": null, "healthcare:cholera": null, "designation": null, "wikidata": null, "material": null, "start_date": null, "old_name": null, "internet_access": null, "height": null, "toilets:wheelchair": null, "landuse": null, "type": null }, "geometry": { "type": "Point", "coordinates": [ 1.881748, 12.0759447 ] } },
{ "type": "Feature", "properties": { "element": "node", "id": 12466207292, "amenity": "hospital", "name": "CSPS", "name:fr": null, "healthcare": null, "operator": "Public", "Observation": null, "description": null, "name:en": null, "website": null, "opening_hours": null, "addr:city": null, "addr:street": null, "healthcare:speciality": null, "created_by": null, "health_facility:type": null, "id:uuid": null, "is_in:health_admin3": null, "operator:type": null, "source": null, "survey:date": null, "addr:housenumber": null, "emergency": null, "phone": null, "barrier": null, "addr:postcode": null, "short_name": null, "natural": null, "wheelchair": null, "check_date": null, "denomination": null, "building": null, "healthcare:cholera": null, "designation": null, "wikidata": null, "material": null, "start_date": null, "old_name": null, "internet_access": null, "height": null, "toilets:wheelchair": null, "landuse": null, "type": null }, "geometry": { "type": "Point", "coordinates": [ -1.5586638, 11.8479734 ] } },
{ "type": "Feature", "properties": { "element": "node", "id": 12476503099, "amenity": "hospital", "name": "CSPS", "name:fr": null, "healthcare": null, "operator": "Public", "Observation": null, "description": null, "name:en": null, "website": null, "opening_hours": null, "addr:city": null, "addr:street": null, "healthcare:speciality": null, "created_by": null, "health_facility:type": null, "id:uuid": null, "is_in:health_admin3": null, "operator:type": null, "source": null, "survey:date": null, "addr:housenumber": null, "emergency": null, "phone": null, "barrier": null, "addr:postcode": null, "short_name": null, "natural": null, "wheelchair": null, "check_date": null, "denomination": null, "building": null, "healthcare:cholera": null, "designation": null, "wikidata": null, "material": null, "start_date": null, "old_name": null, "internet_access": null, "height": null, "toilets:wheelchair": null, "landuse": null, "type": null }, "geometry": { "type": "Point", "coordinates": [ -0.3773975, 11.6206116 ] } },
{ "type": "Feature", "properties": { "element": "node", "id": 12496915531, "amenity": "hospital", "name": "CSPS", "name:fr": null, "healthcare": null, "operator": "Public", "Observation": null, "description": null, "name:en": null, "website": null, "opening_hours": null, "addr:city": null, "addr:street": null, "healthcare:speciality": null, "created_by": null, "health_facility:type": null, "id:uuid": null, "is_in:health_admin3": null, "operator:type": null, "source": null, "survey:date": null, "addr:housenumber": null, "emergency": null, "phone": null, "barrier": null, "addr:postcode": null, "short_name": null, "natural": null, "wheelchair": null, "check_date": null, "denomination": null, "building": null, "healthcare:cholera": null, "designation": null, "wikidata": null, "material": null, "start_date": null, "old_name": null, "internet_access": null, "height": null, "toilets:wheelchair": null, "landuse": null, "type": null }, "geometry": { "type": "Point", "coordinates": [ -0.257704, 11.7467846 ] } },
{ "type": "Feature", "properties": { "element": "node", "id": 12521459656, "amenity": "hospital", "name": "CSPS", "name:fr": null, "healthcare": null, "operator": "Public", "Observation": null, "description": null, "name:en": null, "website": null, "opening_hours": null, "addr:city": null, "addr:street": null, "healthcare:speciality": null, "created_by": null, "health_facility:type": null, "id:uuid": null, "is_in:health_admin3": null, "operator:type": null, "source": null, "survey:date": null, "addr:housenumber": null, "emergency": null, "phone": null, "barrier": null, "addr:postcode": null, "short_name": null, "natural": null, "wheelchair": null, "check_date": null, "denomination": null, "building": null, "healthcare:cholera": null, "designation": null, "wikidata": null, "material": null, "start_date": null, "old_name": null, "internet_access": null, "height": null, "toilets:wheelchair": null, "landuse": null, "type": null }, "geometry": { "type": "Point", "coordinates": [ -0.1653086, 11.8538469 ] } },
{ "type": "Feature", "properties": { "element": "node", "id": 12526685600, "amenity": "hospital", "name": "CSPS", "name:fr": null, "healthcare": null, "operator": "Public", "Observation": null, "description": null, "name:en": null, "website": null, "opening_hours": null, "addr:city": null, "addr:street": null, "healthcare:speciality": null, "created_by": null, "health_facility:type": null, "id:uuid": null, "is_in:health_admin3": null, "operator:type": null, "source": null, "survey:date": null, "addr:housenumber": null, "emergency": null, "phone": null, "barrier": null, "addr:postcode": null, "short_name": null, "natural": null, "wheelchair": null, "check_date": null, "denomination": null, "building": null, "healthcare:cholera": null, "designation": null, "wikidata": null, "material": null, "start_date": null, "old_name": null, "internet_access": null, "height": null, "toilets:wheelchair": null, "landuse": null, "type": null }, "geometry": { "type": "Point", "coordinates": [ -0.1092437, 11.8483645 ] } },
{ "type": "Feature", "properties": { "element": "node", "id": 12535927630, "amenity": "hospital", "name": "Centre Médical", "name:fr": null, "healthcare": null, "operator": "Public", "Observation": null, "description": null, "name:en": null, "website": null, "opening_hours": null, "addr:city": null, "addr:street": null, "healthcare:speciality": null, "created_by": null, "health_facility:type": null, "id:uuid": null, "is_in:health_admin3": null, "operator:type": null, "source": null, "survey:date": null, "addr:housenumber": null, "emergency": null, "phone": null, "barrier": null, "addr:postcode": null, "short_name": null, "natural": null, "wheelchair": null, "check_date": null, "denomination": null, "building": null, "healthcare:cholera": null, "designation": null, "wikidata": null, "material": null, "start_date": null, "old_name": null, "internet_access": null, "height": null, "toilets:wheelchair": null, "landuse": null, "type": null }, "geometry": { "type": "Point", "coordinates": [ -0.0550953, 11.8641564 ] } },
{ "type": "Feature", "properties": { "element": "node", "id": 12565289367, "amenity": "hospital", "name": "CSPS", "name:fr": null, "healthcare": null, "operator": "Public", "Observation": null, "description": null, "name:en": null, "website": null, "opening_hours": null, "addr:city": null, "addr:street": null, "healthcare:speciality": null, "created_by": null, "health_facility:type": null, "id:uuid": null, "is_in:health_admin3": null, "operator:type": null, "source": null, "survey:date": null, "addr:housenumber": null, "emergency": null, "phone": null, "barrier": null, "addr:postcode": null, "short_name": null, "natural": null, "wheelchair": null, "check_date": null, "denomination": null, "building": null, "healthcare:cholera": null, "designation": null, "wikidata": null, "material": null, "start_date": null, "old_name": null, "internet_access": null, "height": null, "toilets:wheelchair": null, "landuse": null, "type": null }, "geometry": { "type": "Point", "coordinates": [ -0.4406615, 11.7244072 ] } },
{ "type": "Feature", "properties": { "element": "node", "id": 12573615636, "amenity": "hospital", "name": "CSPS", "name:fr": null, "healthcare": null, "operator": "Public", "Observation": null, "description": null, "name:en": null, "website": null, "opening_hours": null, "addr:city": null, "addr:street": null, "healthcare:speciality": null, "created_by": null, "health_facility:type": null, "id:uuid": null, "is_in:health_admin3": null, "operator:type": null, "source": null, "survey:date": null, "addr:housenumber": null, "emergency": null, "phone": null, "barrier": null, "addr:postcode": null, "short_name": null, "natural": null, "wheelchair": null, "check_date": null, "denomination": null, "building": null, "healthcare:cholera": null, "designation": null, "wikidata": null, "material": null, "start_date": null, "old_name": null, "internet_access": null, "height": null, "toilets:wheelchair": null, "landuse": null, "type": null }, "geometry": { "type": "Point", "coordinates": [ -0.5022115, 11.6769574 ] } },
{ "type": "Feature", "properties": { "element": "node", "id": 12580066249, "amenity": "hospital", "name": "CSPS", "name:fr": null, "healthcare": null, "operator": "Public", "Observation": null, "description": null, "name:en": null, "website": null, "opening_hours": null, "addr:city": null, "addr:street": null, "healthcare:speciality": null, "created_by": null, "health_facility:type": null, "id:uuid": null, "is_in:health_admin3": null, "operator:type": null, "source": null, "survey:date": null, "addr:housenumber": null, "emergency": null, "phone": null, "barrier": null, "addr:postcode": null, "short_name": null, "natural": null, "wheelchair": null, "check_date": null, "denomination": null, "building": null, "healthcare:cholera": null, "designation": null, "wikidata": null, "material": null, "start_date": null, "old_name": null, "internet_access": null, "height": null, "toilets:wheelchair": null, "landuse": null, "type": null }, "geometry": { "type": "Point", "coordinates": [ -0.4330882, 11.7017208 ] } },
{ "type": "Feature", "properties": { "element": "node", "id": 12582840171, "amenity": "hospital", "name": "CSPS", "name:fr": null, "healthcare": null, "operator": "Public", "Observation": null, "description": null, "name:en": null, "website": null, "opening_hours": null, "addr:city": null, "addr:street": null, "healthcare:speciality": null, "created_by": null, "health_facility:type": null, "id:uuid": null, "is_in:health_admin3": null, "operator:type": null, "source": null, "survey:date": null, "addr:housenumber": null, "emergency": null, "phone": null, "barrier": null, "addr:postcode": null, "short_name": null, "natural": null, "wheelchair": null, "check_date": null, "denomination": null, "building": null, "healthcare:cholera": null, "designation": null, "wikidata": null, "material": null, "start_date": null, "old_name": null, "internet_access": null, "height": null, "toilets:wheelchair": null, "landuse": null, "type": null }, "geometry": { "type": "Point", "coordinates": [ -0.5606487, 11.7335622 ] } },
{ "type": "Feature", "properties": { "element": "node", "id": 12588225235, "amenity": "hospital", "name": "CSPS", "name:fr": null, "healthcare": null, "operator": "Public", "Observation": null, "description": null, "name:en": null, "website": null, "opening_hours": null, "addr:city": null, "addr:street": null, "healthcare:speciality": null, "created_by": null, "health_facility:type": null, "id:uuid": null, "is_in:health_admin3": null, "operator:type": null, "source": null, "survey:date": null, "addr:housenumber": null, "emergency": null, "phone": null, "barrier": null, "addr:postcode": null, "short_name": null, "natural": null, "wheelchair": null, "check_date": null, "denomination": null, "building": null, "healthcare:cholera": null, "designation": null, "wikidata": null, "material": null, "start_date": null, "old_name": null, "internet_access": null, "height": null, "toilets:wheelchair": null, "landuse": null, "type": null }, "geometry": { "type": "Point", "coordinates": [ -0.4664227, 11.6753472 ] } },
{ "type": "Feature", "properties": { "element": "node", "id": 12590050931, "amenity": "hospital", "name": "Dispensaire", "name:fr": null, "healthcare": null, "operator": "Public", "Observation": null, "description": null, "name:en": null, "website": null, "opening_hours": null, "addr:city": null, "addr:street": null, "healthcare:speciality": null, "created_by": null, "health_facility:type": null, "id:uuid": null, "is_in:health_admin3": null, "operator:type": null, "source": null, "survey:date": null, "addr:housenumber": null, "emergency": null, "phone": null, "barrier": null, "addr:postcode": null, "short_name": null, "natural": null, "wheelchair": null, "check_date": null, "denomination": null, "building": null, "healthcare:cholera": null, "designation": null, "wikidata": null, "material": null, "start_date": null, "old_name": null, "internet_access": null, "height": null, "toilets:wheelchair": null, "landuse": null, "type": null }, "geometry": { "type": "Point", "coordinates": [ -0.5001542, 11.6163502 ] } },
{ "type": "Feature", "properties": { "element": "node", "id": 12595281601, "amenity": "hospital", "name": "CSPS", "name:fr": null, "healthcare": null, "operator": "Public", "Observation": null, "description": null, "name:en": null, "website": null, "opening_hours": null, "addr:city": null, "addr:street": null, "healthcare:speciality": null, "created_by": null, "health_facility:type": null, "id:uuid": null, "is_in:health_admin3": null, "operator:type": null, "source": null, "survey:date": null, "addr:housenumber": null, "emergency": null, "phone": null, "barrier": null, "addr:postcode": null, "short_name": null, "natural": null, "wheelchair": null, "check_date": null, "denomination": null, "building": null, "healthcare:cholera": null, "designation": null, "wikidata": null, "material": null, "start_date": null, "old_name": null, "internet_access": null, "height": null, "toilets:wheelchair": null, "landuse": null, "type": null }, "geometry": { "type": "Point", "coordinates": [ -0.1982394, 11.7255628 ] } },
{ "type": "Feature", "properties": { "element": "node", "id": 12602110966, "amenity": "hospital", "name": "CSPS", "name:fr": null, "healthcare": null, "operator": "Public", "Observation": null, "description": null, "name:en": null, "website": null, "opening_hours": null, "addr:city": null, "addr:street": null, "healthcare:speciality": null, "created_by": null, "health_facility:type": null, "id:uuid": null, "is_in:health_admin3": null, "operator:type": null, "source": null, "survey:date": null, "addr:housenumber": null, "emergency": null, "phone": null, "barrier": null, "addr:postcode": null, "short_name": null, "natural": null, "wheelchair": null, "check_date": null, "denomination": null, "building": null, "healthcare:cholera": null, "designation": null, "wikidata": null, "material": null, "start_date": null, "old_name": null, "internet_access": null, "height": null, "toilets:wheelchair": null, "landuse": null, "type": null }, "geometry": { "type": "Point", "coordinates": [ -0.0139649, 11.8092876 ] } },
{ "type": "Feature", "properties": { "element": "node", "id": 12604304397, "amenity": "hospital", "name": "CSPS", "name:fr": null, "healthcare": null, "operator": "Public", "Observation": null, "description": null, "name:en": null, "website": null, "opening_hours": null, "addr:city": null, "addr:street": null, "healthcare:speciality": null, "created_by": null, "health_facility:type": null, "id:uuid": null, "is_in:health_admin3": null, "operator:type": null, "source": null, "survey:date": null, "addr:housenumber": null, "emergency": null, "phone": null, "barrier": null, "addr:postcode": null, "short_name": null, "natural": null, "wheelchair": null, "check_date": null, "denomination": null, "building": null, "healthcare:cholera": null, "designation": null, "wikidata": null, "material": null, "start_date": null, "old_name": null, "internet_access": null, "height": null, "toilets:wheelchair": null, "landuse": null, "type": null }, "geometry": { "type": "Point", "coordinates": [ 0.0445703, 11.777241 ] } },
{ "type": "Feature", "properties": { "element": "node", "id": 12662850024, "amenity": "hospital", "name": "CSPS", "name:fr": null, "healthcare": null, "operator": "Public", "Observation": null, "description": null, "name:en": null, "website": null, "opening_hours": null, "addr:city": null, "addr:street": null, "healthcare:speciality": null, "created_by": null, "health_facility:type": null, "id:uuid": null, "is_in:health_admin3": null, "operator:type": null, "source": null, "survey:date": null, "addr:housenumber": null, "emergency": null, "phone": null, "barrier": null, "addr:postcode": null, "short_name": null, "natural": null, "wheelchair": null, "check_date": null, "denomination": null, "building": null, "healthcare:cholera": null, "designation": null, "wikidata": null, "material": null, "start_date": null, "old_name": null, "internet_access": null, "height": null, "toilets:wheelchair": null, "landuse": null, "type": null }, "geometry": { "type": "Point", "coordinates": [ -1.2783998, 12.0560929 ] } },
{ "type": "Feature", "properties": { "element": "node", "id": 12677093181, "amenity": "hospital", "name": "CSPS", "name:fr": null, "healthcare": null, "operator": "Public", "Observation": null, "description": null, "name:en": null, "website": null, "opening_hours": null, "addr:city": null, "addr:street": null, "healthcare:speciality": null, "created_by": null, "health_facility:type": null, "id:uuid": null, "is_in:health_admin3": null, "operator:type": null, "source": null, "survey:date": null, "addr:housenumber": null, "emergency": null, "phone": null, "barrier": null, "addr:postcode": null, "short_name": null, "natural": null, "wheelchair": null, "check_date": null, "denomination": null, "building": null, "healthcare:cholera": null, "designation": null, "wikidata": null, "material": null, "start_date": null, "old_name": null, "internet_access": null, "height": null, "toilets:wheelchair": null, "landuse": null, "type": null }, "geometry": { "type": "Point", "coordinates": [ -1.3171832, 12.0076172 ] } },
{ "type": "Feature", "properties": { "element": "node", "id": 12737362723, "amenity": "hospital", "name": "CSPS", "name:fr": null, "healthcare": null, "operator": "Public", "Observation": null, "description": null, "name:en": null, "website": null, "opening_hours": null, "addr:city": null, "addr:street": null, "healthcare:speciality": null, "created_by": null, "health_facility:type": null, "id:uuid": null, "is_in:health_admin3": null, "operator:type": null, "source": null, "survey:date": null, "addr:housenumber": null, "emergency": null, "phone": null, "barrier": null, "addr:postcode": null, "short_name": null, "natural": null, "wheelchair": null, "check_date": null, "denomination": null, "building": null, "healthcare:cholera": null, "designation": null, "wikidata": null, "material": null, "start_date": null, "old_name": null, "internet_access": null, "height": null, "toilets:wheelchair": null, "landuse": null, "type": null }, "geometry": { "type": "Point", "coordinates": [ -1.5012431, 12.1310976 ] } },
{ "type": "Feature", "properties": { "element": "node", "id": 12749573951, "amenity": "hospital", "name": "Dispensaire", "name:fr": null, "healthcare": null, "operator": "Public", "Observation": null, "description": null, "name:en": null, "website": null, "opening_hours": null, "addr:city": null, "addr:street": null, "healthcare:speciality": null, "created_by": null, "health_facility:type": null, "id:uuid": null, "is_in:health_admin3": null, "operator:type": null, "source": null, "survey:date": null, "addr:housenumber": null, "emergency": null, "phone": null, "barrier": null, "addr:postcode": null, "short_name": null, "natural": null, "wheelchair": null, "check_date": null, "denomination": null, "building": null, "healthcare:cholera": null, "designation": null, "wikidata": null, "material": null, "start_date": null, "old_name": null, "internet_access": null, "height": null, "toilets:wheelchair": null, "landuse": null, "type": null }, "geometry": { "type": "Point", "coordinates": [ -1.2251526, 11.9071202 ] } },
{ "type": "Feature", "properties": { "element": "node", "id": 12752225683, "amenity": "hospital", "name": "CSPS", "name:fr": null, "healthcare": null, "operator": "Public", "Observation": null, "description": null, "name:en": null, "website": null, "opening_hours": null, "addr:city": null, "addr:street": null, "healthcare:speciality": null, "created_by": null, "health_facility:type": null, "id:uuid": null, "is_in:health_admin3": null, "operator:type": null, "source": null, "survey:date": null, "addr:housenumber": null, "emergency": null, "phone": null, "barrier": null, "addr:postcode": null, "short_name": null, "natural": null, "wheelchair": null, "check_date": null, "denomination": null, "building": null, "healthcare:cholera": null, "designation": null, "wikidata": null, "material": null, "start_date": null, "old_name": null, "internet_access": null, "height": null, "toilets:wheelchair": null, "landuse": null, "type": null }, "geometry": { "type": "Point", "coordinates": [ -1.2280279, 12.0419097 ] } },
{ "type": "Feature", "properties": { "element": "node", "id": 12768331977, "amenity": "hospital", "name": "CSPS", "name:fr": null, "healthcare": null, "operator": "Public", "Observation": null, "description": null, "name:en": null, "website": null, "opening_hours": null, "addr:city": null, "addr:street": null, "healthcare:speciality": null, "created_by": null, "health_facility:type": null, "id:uuid": null, "is_in:health_admin3": null, "operator:type": null, "source": null, "survey:date": null, "addr:housenumber": null, "emergency": null, "phone": null, "barrier": null, "addr:postcode": null, "short_name": null, "natural": null, "wheelchair": null, "check_date": null, "denomination": null, "building": null, "healthcare:cholera": null, "designation": null, "wikidata": null, "material": null, "start_date": null, "old_name": null, "internet_access": null, "height": null, "toilets:wheelchair": null, "landuse": null, "type": null }, "geometry": { "type": "Point", "coordinates": [ -1.3547248, 12.6041137 ] } },
{ "type": "Feature", "properties": { "element": "node", "id": 12770976175, "amenity": "hospital", "name": "CSPS", "name:fr": null, "healthcare": null, "operator": "Public", "Observation": null, "description": null, "name:en": null, "website": null, "opening_hours": null, "addr:city": null, "addr:street": null, "healthcare:speciality": null, "created_by": null, "health_facility:type": null, "id:uuid": null, "is_in:health_admin3": null, "operator:type": null, "source": null, "survey:date": null, "addr:housenumber": null, "emergency": null, "phone": null, "barrier": null, "addr:postcode": null, "short_name": null, "natural": null, "wheelchair": null, "check_date": null, "denomination": null, "building": null, "healthcare:cholera": null, "designation": null, "wikidata": null, "material": null, "start_date": null, "old_name": null, "internet_access": null, "height": null, "toilets:wheelchair": null, "landuse": null, "type": null }, "geometry": { "type": "Point", "coordinates": [ -1.3580695, 12.5606269 ] } },
{ "type": "Feature", "properties": { "element": "node", "id": 12786331575, "amenity": "hospital", "name": "CSPS", "name:fr": null, "healthcare": null, "operator": "Public", "Observation": null, "description": null, "name:en": null, "website": null, "opening_hours": null, "addr:city": null, "addr:street": null, "healthcare:speciality": null, "created_by": null, "health_facility:type": null, "id:uuid": null, "is_in:health_admin3": null, "operator:type": null, "source": null, "survey:date": null, "addr:housenumber": null, "emergency": null, "phone": null, "barrier": null, "addr:postcode": null, "short_name": null, "natural": null, "wheelchair": null, "check_date": null, "denomination": null, "building": null, "healthcare:cholera": null, "designation": null, "wikidata": null, "material": null, "start_date": null, "old_name": null, "internet_access": null, "height": null, "toilets:wheelchair": null, "landuse": null, "type": null }, "geometry": { "type": "Point", "coordinates": [ -1.3699549, 12.5316237 ] } },
{ "type": "Feature", "properties": { "element": "node", "id": 12798755008, "amenity": "hospital", "name": "CSPS", "name:fr": null, "healthcare": null, "operator": "Public", "Observation": null, "description": null, "name:en": null, "website": null, "opening_hours": null, "addr:city": null, "addr:street": null, "healthcare:speciality": null, "created_by": null, "health_facility:type": null, "id:uuid": null, "is_in:health_admin3": null, "operator:type": null, "source": null, "survey:date": null, "addr:housenumber": null, "emergency": null, "phone": null, "barrier": null, "addr:postcode": null, "short_name": null, "natural": null, "wheelchair": null, "check_date": null, "denomination": null, "building": null, "healthcare:cholera": null, "designation": null, "wikidata": null, "material": null, "start_date": null, "old_name": null, "internet_access": null, "height": null, "toilets:wheelchair": null, "landuse": null, "type": null }, "geometry": { "type": "Point", "coordinates": [ -1.7917559, 12.8658408 ] } },
{ "type": "Feature", "properties": { "element": "node", "id": 12801030902, "amenity": "hospital", "name": "CSPS", "name:fr": null, "healthcare": null, "operator": "Public", "Observation": null, "description": null, "name:en": null, "website": null, "opening_hours": null, "addr:city": null, "addr:street": null, "healthcare:speciality": null, "created_by": null, "health_facility:type": null, "id:uuid": null, "is_in:health_admin3": null, "operator:type": null, "source": null, "survey:date": null, "addr:housenumber": null, "emergency": null, "phone": null, "barrier": null, "addr:postcode": null, "short_name": null, "natural": null, "wheelchair": null, "check_date": null, "denomination": null, "building": null, "healthcare:cholera": null, "designation": null, "wikidata": null, "material": null, "start_date": null, "old_name": null, "internet_access": null, "height": null, "toilets:wheelchair": null, "landuse": null, "type": null }, "geometry": { "type": "Point", "coordinates": [ -1.7729241, 12.8082495 ] } },
{ "type": "Feature", "properties": { "element": "node", "id": 12802694728, "amenity": "hospital", "name": "CSPS", "name:fr": null, "healthcare": null, "operator": "Public", "Observation": null, "description": null, "name:en": null, "website": null, "opening_hours": null, "addr:city": null, "addr:street": null, "healthcare:speciality": null, "created_by": null, "health_facility:type": null, "id:uuid": null, "is_in:health_admin3": null, "operator:type": null, "source": null, "survey:date": null, "addr:housenumber": null, "emergency": null, "phone": null, "barrier": null, "addr:postcode": null, "short_name": null, "natural": null, "wheelchair": null, "check_date": null, "denomination": null, "building": null, "healthcare:cholera": null, "designation": null, "wikidata": null, "material": null, "start_date": null, "old_name": null, "internet_access": null, "height": null, "toilets:wheelchair": null, "landuse": null, "type": null }, "geometry": { "type": "Point", "coordinates": [ -1.8386918, 12.7881907 ] } },
{ "type": "Feature", "properties": { "element": "node", "id": 12802759675, "amenity": "hospital", "name": "CSPS", "name:fr": null, "healthcare": null, "operator": "Public", "Observation": null, "description": null, "name:en": null, "website": null, "opening_hours": null, "addr:city": null, "addr:street": null, "healthcare:speciality": null, "created_by": null, "health_facility:type": null, "id:uuid": null, "is_in:health_admin3": null, "operator:type": null, "source": null, "survey:date": null, "addr:housenumber": null, "emergency": null, "phone": null, "barrier": null, "addr:postcode": null, "short_name": null, "natural": null, "wheelchair": null, "check_date": null, "denomination": null, "building": null, "healthcare:cholera": null, "designation": null, "wikidata": null, "material": null, "start_date": null, "old_name": null, "internet_access": null, "height": null, "toilets:wheelchair": null, "landuse": null, "type": null }, "geometry": { "type": "Point", "coordinates": [ -1.8464837, 12.8014518 ] } },
{ "type": "Feature", "properties": { "element": "node", "id": 12802759886, "amenity": "hospital", "name": "CSPS", "name:fr": null, "healthcare": null, "operator": "Public", "Observation": null, "description": null, "name:en": null, "website": null, "opening_hours": null, "addr:city": null, "addr:street": null, "healthcare:speciality": null, "created_by": null, "health_facility:type": null, "id:uuid": null, "is_in:health_admin3": null, "operator:type": null, "source": null, "survey:date": null, "addr:housenumber": null, "emergency": null, "phone": null, "barrier": null, "addr:postcode": null, "short_name": null, "natural": null, "wheelchair": null, "check_date": null, "denomination": null, "building": null, "healthcare:cholera": null, "designation": null, "wikidata": null, "material": null, "start_date": null, "old_name": null, "internet_access": null, "height": null, "toilets:wheelchair": null, "landuse": null, "type": null }, "geometry": { "type": "Point", "coordinates": [ -1.8226616, 12.7976279 ] } },
{ "type": "Feature", "properties": { "element": "node", "id": 12803182047, "amenity": "hospital", "name": "CSPS", "name:fr": null, "healthcare": null, "operator": "Public", "Observation": null, "description": null, "name:en": null, "website": null, "opening_hours": null, "addr:city": null, "addr:street": null, "healthcare:speciality": null, "created_by": null, "health_facility:type": null, "id:uuid": null, "is_in:health_admin3": null, "operator:type": null, "source": null, "survey:date": null, "addr:housenumber": null, "emergency": null, "phone": null, "barrier": null, "addr:postcode": null, "short_name": null, "natural": null, "wheelchair": null, "check_date": null, "denomination": null, "building": null, "healthcare:cholera": null, "designation": null, "wikidata": null, "material": null, "start_date": null, "old_name": null, "internet_access": null, "height": null, "toilets:wheelchair": null, "landuse": null, "type": null }, "geometry": { "type": "Point", "coordinates": [ -1.8912135, 12.7219518 ] } },
{ "type": "Feature", "properties": { "element": "node", "id": 12806060443, "amenity": "hospital", "name": "CSPS", "name:fr": null, "healthcare": null, "operator": "Public", "Observation": null, "description": null, "name:en": null, "website": null, "opening_hours": null, "addr:city": null, "addr:street": null, "healthcare:speciality": null, "created_by": null, "health_facility:type": null, "id:uuid": null, "is_in:health_admin3": null, "operator:type": null, "source": null, "survey:date": null, "addr:housenumber": null, "emergency": null, "phone": null, "barrier": null, "addr:postcode": null, "short_name": null, "natural": null, "wheelchair": null, "check_date": null, "denomination": null, "building": null, "healthcare:cholera": null, "designation": null, "wikidata": null, "material": null, "start_date": null, "old_name": null, "internet_access": null, "height": null, "toilets:wheelchair": null, "landuse": null, "type": null }, "geometry": { "type": "Point", "coordinates": [ -1.922366, 12.693339 ] } },
{ "type": "Feature", "properties": { "element": "node", "id": 12806231231, "amenity": "hospital", "name": "Centre Médical", "name:fr": null, "healthcare": null, "operator": "Public", "Observation": null, "description": null, "name:en": null, "website": null, "opening_hours": null, "addr:city": null, "addr:street": null, "healthcare:speciality": null, "created_by": null, "health_facility:type": null, "id:uuid": null, "is_in:health_admin3": null, "operator:type": null, "source": null, "survey:date": null, "addr:housenumber": null, "emergency": null, "phone": null, "barrier": null, "addr:postcode": null, "short_name": null, "natural": null, "wheelchair": null, "check_date": null, "denomination": null, "building": null, "healthcare:cholera": null, "designation": null, "wikidata": null, "material": null, "start_date": null, "old_name": null, "internet_access": null, "height": null, "toilets:wheelchair": null, "landuse": null, "type": null }, "geometry": { "type": "Point", "coordinates": [ -1.9351414, 12.7706023 ] } },
{ "type": "Feature", "properties": { "element": "node", "id": 12814060297, "amenity": "hospital", "name": "CSPS", "name:fr": null, "healthcare": null, "operator": "Public", "Observation": null, "description": null, "name:en": null, "website": null, "opening_hours": null, "addr:city": null, "addr:street": null, "healthcare:speciality": null, "created_by": null, "health_facility:type": null, "id:uuid": null, "is_in:health_admin3": null, "operator:type": null, "source": null, "survey:date": null, "addr:housenumber": null, "emergency": null, "phone": null, "barrier": null, "addr:postcode": null, "short_name": null, "natural": null, "wheelchair": null, "check_date": null, "denomination": null, "building": null, "healthcare:cholera": null, "designation": null, "wikidata": null, "material": null, "start_date": null, "old_name": null, "internet_access": null, "height": null, "toilets:wheelchair": null, "landuse": null, "type": null }, "geometry": { "type": "Point", "coordinates": [ -1.0771255, 12.3687561 ] } },
{ "type": "Feature", "properties": { "element": "node", "id": 12814203276, "amenity": "hospital", "name": "CSPS", "name:fr": null, "healthcare": null, "operator": "Public", "Observation": null, "description": null, "name:en": null, "website": null, "opening_hours": null, "addr:city": null, "addr:street": null, "healthcare:speciality": null, "created_by": null, "health_facility:type": null, "id:uuid": null, "is_in:health_admin3": null, "operator:type": null, "source": null, "survey:date": null, "addr:housenumber": null, "emergency": null, "phone": null, "barrier": null, "addr:postcode": null, "short_name": null, "natural": null, "wheelchair": null, "check_date": null, "denomination": null, "building": null, "healthcare:cholera": null, "designation": null, "wikidata": null, "material": null, "start_date": null, "old_name": null, "internet_access": null, "height": null, "toilets:wheelchair": null, "landuse": null, "type": null }, "geometry": { "type": "Point", "coordinates": [ -1.0200401, 12.5224574 ] } },
{ "type": "Feature", "properties": { "element": "node", "id": 12815177193, "amenity": "hospital", "name": "CSPS", "name:fr": null, "healthcare": null, "operator": "Public", "Observation": null, "description": null, "name:en": null, "website": null, "opening_hours": null, "addr:city": null, "addr:street": null, "healthcare:speciality": null, "created_by": null, "health_facility:type": null, "id:uuid": null, "is_in:health_admin3": null, "operator:type": null, "source": null, "survey:date": null, "addr:housenumber": null, "emergency": null, "phone": null, "barrier": null, "addr:postcode": null, "short_name": null, "natural": null, "wheelchair": null, "check_date": null, "denomination": null, "building": null, "healthcare:cholera": null, "designation": null, "wikidata": null, "material": null, "start_date": null, "old_name": null, "internet_access": null, "height": null, "toilets:wheelchair": null, "landuse": null, "type": null }, "geometry": { "type": "Point", "coordinates": [ -0.9667271, 12.4881475 ] } },
{ "type": "Feature", "properties": { "element": "node", "id": 12815511947, "amenity": "hospital", "name": "CSPS", "name:fr": null, "healthcare": null, "operator": "Public", "Observation": null, "description": null, "name:en": null, "website": null, "opening_hours": null, "addr:city": null, "addr:street": null, "healthcare:speciality": null, "created_by": null, "health_facility:type": null, "id:uuid": null, "is_in:health_admin3": null, "operator:type": null, "source": null, "survey:date": null, "addr:housenumber": null, "emergency": null, "phone": null, "barrier": null, "addr:postcode": null, "short_name": null, "natural": null, "wheelchair": null, "check_date": null, "denomination": null, "building": null, "healthcare:cholera": null, "designation": null, "wikidata": null, "material": null, "start_date": null, "old_name": null, "internet_access": null, "height": null, "toilets:wheelchair": null, "landuse": null, "type": null }, "geometry": { "type": "Point", "coordinates": [ -1.0107154, 12.344375 ] } },
{ "type": "Feature", "properties": { "element": "node", "id": 12818898833, "amenity": "hospital", "name": "Dispensaire", "name:fr": null, "healthcare": null, "operator": "Public", "Observation": null, "description": null, "name:en": null, "website": null, "opening_hours": null, "addr:city": null, "addr:street": null, "healthcare:speciality": null, "created_by": null, "health_facility:type": null, "id:uuid": null, "is_in:health_admin3": null, "operator:type": null, "source": null, "survey:date": null, "addr:housenumber": null, "emergency": null, "phone": null, "barrier": null, "addr:postcode": null, "short_name": null, "natural": null, "wheelchair": null, "check_date": null, "denomination": null, "building": null, "healthcare:cholera": null, "designation": null, "wikidata": null, "material": null, "start_date": null, "old_name": null, "internet_access": null, "height": null, "toilets:wheelchair": null, "landuse": null, "type": null }, "geometry": { "type": "Point", "coordinates": [ -0.9254104, 12.2651387 ] } },
{ "type": "Feature", "properties": { "element": "node", "id": 12819000761, "amenity": "hospital", "name": "CSPS", "name:fr": null, "healthcare": null, "operator": "Public", "Observation": null, "description": null, "name:en": null, "website": null, "opening_hours": null, "addr:city": null, "addr:street": null, "healthcare:speciality": null, "created_by": null, "health_facility:type": null, "id:uuid": null, "is_in:health_admin3": null, "operator:type": null, "source": null, "survey:date": null, "addr:housenumber": null, "emergency": null, "phone": null, "barrier": null, "addr:postcode": null, "short_name": null, "natural": null, "wheelchair": null, "check_date": null, "denomination": null, "building": null, "healthcare:cholera": null, "designation": null, "wikidata": null, "material": null, "start_date": null, "old_name": null, "internet_access": null, "height": null, "toilets:wheelchair": null, "landuse": null, "type": null }, "geometry": { "type": "Point", "coordinates": [ -0.9222105, 12.3026319 ] } },
{ "type": "Feature", "properties": { "element": "node", "id": 12819057769, "amenity": "hospital", "name": "CSPS", "name:fr": null, "healthcare": null, "operator": "Public", "Observation": null, "description": null, "name:en": null, "website": null, "opening_hours": null, "addr:city": null, "addr:street": null, "healthcare:speciality": null, "created_by": null, "health_facility:type": null, "id:uuid": null, "is_in:health_admin3": null, "operator:type": null, "source": null, "survey:date": null, "addr:housenumber": null, "emergency": null, "phone": null, "barrier": null, "addr:postcode": null, "short_name": null, "natural": null, "wheelchair": null, "check_date": null, "denomination": null, "building": null, "healthcare:cholera": null, "designation": null, "wikidata": null, "material": null, "start_date": null, "old_name": null, "internet_access": null, "height": null, "toilets:wheelchair": null, "landuse": null, "type": null }, "geometry": { "type": "Point", "coordinates": [ -0.8915475, 12.271146 ] } },
{ "type": "Feature", "properties": { "element": "node", "id": 12821327978, "amenity": "hospital", "name": "CSPS", "name:fr": null, "healthcare": null, "operator": "Public", "Observation": null, "description": null, "name:en": null, "website": null, "opening_hours": null, "addr:city": null, "addr:street": null, "healthcare:speciality": null, "created_by": null, "health_facility:type": null, "id:uuid": null, "is_in:health_admin3": null, "operator:type": null, "source": null, "survey:date": null, "addr:housenumber": null, "emergency": null, "phone": null, "barrier": null, "addr:postcode": null, "short_name": null, "natural": null, "wheelchair": null, "check_date": null, "denomination": null, "building": null, "healthcare:cholera": null, "designation": null, "wikidata": null, "material": null, "start_date": null, "old_name": null, "internet_access": null, "height": null, "toilets:wheelchair": null, "landuse": null, "type": null }, "geometry": { "type": "Point", "coordinates": [ -0.9124339, 12.3602188 ] } },
{ "type": "Feature", "properties": { "element": "node", "id": 12822775941, "amenity": "hospital", "name": "CSPS", "name:fr": null, "healthcare": null, "operator": "Public", "Observation": null, "description": null, "name:en": null, "website": null, "opening_hours": null, "addr:city": null, "addr:street": null, "healthcare:speciality": null, "created_by": null, "health_facility:type": null, "id:uuid": null, "is_in:health_admin3": null, "operator:type": null, "source": null, "survey:date": null, "addr:housenumber": null, "emergency": null, "phone": null, "barrier": null, "addr:postcode": null, "short_name": null, "natural": null, "wheelchair": null, "check_date": null, "denomination": null, "building": null, "healthcare:cholera": null, "designation": null, "wikidata": null, "material": null, "start_date": null, "old_name": null, "internet_access": null, "height": null, "toilets:wheelchair": null, "landuse": null, "type": null }, "geometry": { "type": "Point", "coordinates": [ -0.8933634, 12.4782301 ] } },
{ "type": "Feature", "properties": { "element": "node", "id": 12823050834, "amenity": "hospital", "name": "Dispensaire", "name:fr": null, "healthcare": null, "operator": "Public", "Observation": null, "description": null, "name:en": null, "website": null, "opening_hours": null, "addr:city": null, "addr:street": null, "healthcare:speciality": null, "created_by": null, "health_facility:type": null, "id:uuid": null, "is_in:health_admin3": null, "operator:type": null, "source": null, "survey:date": null, "addr:housenumber": null, "emergency": null, "phone": null, "barrier": null, "addr:postcode": null, "short_name": null, "natural": null, "wheelchair": null, "check_date": null, "denomination": null, "building": null, "healthcare:cholera": null, "designation": null, "wikidata": null, "material": null, "start_date": null, "old_name": null, "internet_access": null, "height": null, "toilets:wheelchair": null, "landuse": null, "type": null }, "geometry": { "type": "Point", "coordinates": [ -0.9017989, 12.4400942 ] } },
{ "type": "Feature", "properties": { "element": "node", "id": 12823392540, "amenity": "hospital", "name": "CSPS", "name:fr": null, "healthcare": null, "operator": "Public", "Observation": null, "description": null, "name:en": null, "website": null, "opening_hours": null, "addr:city": null, "addr:street": null, "healthcare:speciality": null, "created_by": null, "health_facility:type": null, "id:uuid": null, "is_in:health_admin3": null, "operator:type": null, "source": null, "survey:date": null, "addr:housenumber": null, "emergency": null, "phone": null, "barrier": null, "addr:postcode": null, "short_name": null, "natural": null, "wheelchair": null, "check_date": null, "denomination": null, "building": null, "healthcare:cholera": null, "designation": null, "wikidata": null, "material": null, "start_date": null, "old_name": null, "internet_access": null, "height": null, "toilets:wheelchair": null, "landuse": null, "type": null }, "geometry": { "type": "Point", "coordinates": [ -0.9028074, 12.3845867 ] } },
{ "type": "Feature", "properties": { "element": "node", "id": 12823639397, "amenity": "hospital", "name": "CSPS", "name:fr": null, "healthcare": null, "operator": "Public", "Observation": null, "description": null, "name:en": null, "website": null, "opening_hours": null, "addr:city": null, "addr:street": null, "healthcare:speciality": null, "created_by": null, "health_facility:type": null, "id:uuid": null, "is_in:health_admin3": null, "operator:type": null, "source": null, "survey:date": null, "addr:housenumber": null, "emergency": null, "phone": null, "barrier": null, "addr:postcode": null, "short_name": null, "natural": null, "wheelchair": null, "check_date": null, "denomination": null, "building": null, "healthcare:cholera": null, "designation": null, "wikidata": null, "material": null, "start_date": null, "old_name": null, "internet_access": null, "height": null, "toilets:wheelchair": null, "landuse": null, "type": null }, "geometry": { "type": "Point", "coordinates": [ -0.8669034, 12.4291849 ] } },
{ "type": "Feature", "properties": { "element": "node", "id": 12824354730, "amenity": "hospital", "name": "CSPS", "name:fr": null, "healthcare": null, "operator": "Public", "Observation": null, "description": null, "name:en": null, "website": null, "opening_hours": null, "addr:city": null, "addr:street": null, "healthcare:speciality": null, "created_by": null, "health_facility:type": null, "id:uuid": null, "is_in:health_admin3": null, "operator:type": null, "source": null, "survey:date": null, "addr:housenumber": null, "emergency": null, "phone": null, "barrier": null, "addr:postcode": null, "short_name": null, "natural": null, "wheelchair": null, "check_date": null, "denomination": null, "building": null, "healthcare:cholera": null, "designation": null, "wikidata": null, "material": null, "start_date": null, "old_name": null, "internet_access": null, "height": null, "toilets:wheelchair": null, "landuse": null, "type": null }, "geometry": { "type": "Point", "coordinates": [ -0.7945749, 12.3982092 ] } },
{ "type": "Feature", "properties": { "element": "node", "id": 12825806475, "amenity": "hospital", "name": "CSPS", "name:fr": null, "healthcare": null, "operator": "Public", "Observation": null, "description": null, "name:en": null, "website": null, "opening_hours": null, "addr:city": null, "addr:street": null, "healthcare:speciality": null, "created_by": null, "health_facility:type": null, "id:uuid": null, "is_in:health_admin3": null, "operator:type": null, "source": null, "survey:date": null, "addr:housenumber": null, "emergency": null, "phone": null, "barrier": null, "addr:postcode": null, "short_name": null, "natural": null, "wheelchair": null, "check_date": null, "denomination": null, "building": null, "healthcare:cholera": null, "designation": null, "wikidata": null, "material": null, "start_date": null, "old_name": null, "internet_access": null, "height": null, "toilets:wheelchair": null, "landuse": null, "type": null }, "geometry": { "type": "Point", "coordinates": [ -0.7900943, 12.3639786 ] } },
{ "type": "Feature", "properties": { "element": "node", "id": 12830214702, "amenity": "hospital", "name": "Centre Médical", "name:fr": null, "healthcare": null, "operator": "Public", "Observation": null, "description": null, "name:en": null, "website": null, "opening_hours": null, "addr:city": null, "addr:street": null, "healthcare:speciality": null, "created_by": null, "health_facility:type": null, "id:uuid": null, "is_in:health_admin3": null, "operator:type": null, "source": null, "survey:date": null, "addr:housenumber": null, "emergency": null, "phone": null, "barrier": null, "addr:postcode": null, "short_name": null, "natural": null, "wheelchair": null, "check_date": null, "denomination": null, "building": null, "healthcare:cholera": null, "designation": null, "wikidata": null, "material": null, "start_date": null, "old_name": null, "internet_access": null, "height": null, "toilets:wheelchair": null, "landuse": null, "type": null }, "geometry": { "type": "Point", "coordinates": [ -0.8334616, 12.3348425 ] } },
{ "type": "Feature", "properties": { "element": "node", "id": 12830258200, "amenity": "hospital", "name": "CSPS", "name:fr": null, "healthcare": null, "operator": "Public", "Observation": null, "description": null, "name:en": null, "website": null, "opening_hours": null, "addr:city": null, "addr:street": null, "healthcare:speciality": null, "created_by": null, "health_facility:type": null, "id:uuid": null, "is_in:health_admin3": null, "operator:type": null, "source": null, "survey:date": null, "addr:housenumber": null, "emergency": null, "phone": null, "barrier": null, "addr:postcode": null, "short_name": null, "natural": null, "wheelchair": null, "check_date": null, "denomination": null, "building": null, "healthcare:cholera": null, "designation": null, "wikidata": null, "material": null, "start_date": null, "old_name": null, "internet_access": null, "height": null, "toilets:wheelchair": null, "landuse": null, "type": null }, "geometry": { "type": "Point", "coordinates": [ -0.7646616, 12.3239943 ] } },
{ "type": "Feature", "properties": { "element": "node", "id": 12830583535, "amenity": "hospital", "name": "CSPS", "name:fr": null, "healthcare": null, "operator": "Public", "Observation": null, "description": null, "name:en": null, "website": null, "opening_hours": null, "addr:city": null, "addr:street": null, "healthcare:speciality": null, "created_by": null, "health_facility:type": null, "id:uuid": null, "is_in:health_admin3": null, "operator:type": null, "source": null, "survey:date": null, "addr:housenumber": null, "emergency": null, "phone": null, "barrier": null, "addr:postcode": null, "short_name": null, "natural": null, "wheelchair": null, "check_date": null, "denomination": null, "building": null, "healthcare:cholera": null, "designation": null, "wikidata": null, "material": null, "start_date": null, "old_name": null, "internet_access": null, "height": null, "toilets:wheelchair": null, "landuse": null, "type": null }, "geometry": { "type": "Point", "coordinates": [ -0.8057074, 12.3142331 ] } },
{ "type": "Feature", "properties": { "element": "node", "id": 12833389955, "amenity": "hospital", "name": "Centre Médical", "name:fr": null, "healthcare": null, "operator": "Public", "Observation": null, "description": null, "name:en": null, "website": null, "opening_hours": null, "addr:city": null, "addr:street": null, "healthcare:speciality": null, "created_by": null, "health_facility:type": null, "id:uuid": null, "is_in:health_admin3": null, "operator:type": null, "source": null, "survey:date": null, "addr:housenumber": null, "emergency": null, "phone": null, "barrier": null, "addr:postcode": null, "short_name": null, "natural": null, "wheelchair": null, "check_date": null, "denomination": null, "building": null, "healthcare:cholera": null, "designation": null, "wikidata": null, "material": null, "start_date": null, "old_name": null, "internet_access": null, "height": null, "toilets:wheelchair": null, "landuse": null, "type": null }, "geometry": { "type": "Point", "coordinates": [ -1.3737121, 11.3593669 ] } },
{ "type": "Feature", "properties": { "element": "node", "id": 12833782576, "amenity": "hospital", "name": "Dispensaire", "name:fr": null, "healthcare": null, "operator": "Public", "Observation": null, "description": null, "name:en": null, "website": null, "opening_hours": null, "addr:city": null, "addr:street": null, "healthcare:speciality": null, "created_by": null, "health_facility:type": null, "id:uuid": null, "is_in:health_admin3": null, "operator:type": null, "source": null, "survey:date": null, "addr:housenumber": null, "emergency": null, "phone": null, "barrier": null, "addr:postcode": null, "short_name": null, "natural": null, "wheelchair": null, "check_date": null, "denomination": null, "building": null, "healthcare:cholera": null, "designation": null, "wikidata": null, "material": null, "start_date": null, "old_name": null, "internet_access": null, "height": null, "toilets:wheelchair": null, "landuse": null, "type": null }, "geometry": { "type": "Point", "coordinates": [ -1.6254187, 11.1891322 ] } },
{ "type": "Feature", "properties": { "element": "node", "id": 12833804625, "amenity": "hospital", "name": "CSPS", "name:fr": null, "healthcare": null, "operator": "Public", "Observation": null, "description": null, "name:en": null, "website": null, "opening_hours": null, "addr:city": null, "addr:street": null, "healthcare:speciality": null, "created_by": null, "health_facility:type": null, "id:uuid": null, "is_in:health_admin3": null, "operator:type": null, "source": null, "survey:date": null, "addr:housenumber": null, "emergency": null, "phone": null, "barrier": null, "addr:postcode": null, "short_name": null, "natural": null, "wheelchair": null, "check_date": null, "denomination": null, "building": null, "healthcare:cholera": null, "designation": null, "wikidata": null, "material": null, "start_date": null, "old_name": null, "internet_access": null, "height": null, "toilets:wheelchair": null, "landuse": null, "type": null }, "geometry": { "type": "Point", "coordinates": [ -1.3069533, 11.2138028 ] } },
{ "type": "Feature", "properties": { "element": "node", "id": 12837300120, "amenity": "hospital", "name": "CSPS", "name:fr": null, "healthcare": null, "operator": "Public", "Observation": null, "description": null, "name:en": null, "website": null, "opening_hours": null, "addr:city": null, "addr:street": null, "healthcare:speciality": null, "created_by": null, "health_facility:type": null, "id:uuid": null, "is_in:health_admin3": null, "operator:type": null, "source": null, "survey:date": null, "addr:housenumber": null, "emergency": null, "phone": null, "barrier": null, "addr:postcode": null, "short_name": null, "natural": null, "wheelchair": null, "check_date": null, "denomination": null, "building": null, "healthcare:cholera": null, "designation": null, "wikidata": null, "material": null, "start_date": null, "old_name": null, "internet_access": null, "height": null, "toilets:wheelchair": null, "landuse": null, "type": null }, "geometry": { "type": "Point", "coordinates": [ -1.4635366, 11.3031786 ] } },
{ "type": "Feature", "properties": { "element": "node", "id": 12839836609, "amenity": "hospital", "name": "CSPS", "name:fr": null, "healthcare": null, "operator": "Public", "Observation": null, "description": null, "name:en": null, "website": null, "opening_hours": null, "addr:city": null, "addr:street": null, "healthcare:speciality": null, "created_by": null, "health_facility:type": null, "id:uuid": null, "is_in:health_admin3": null, "operator:type": null, "source": null, "survey:date": null, "addr:housenumber": null, "emergency": null, "phone": null, "barrier": null, "addr:postcode": null, "short_name": null, "natural": null, "wheelchair": null, "check_date": null, "denomination": null, "building": null, "healthcare:cholera": null, "designation": null, "wikidata": null, "material": null, "start_date": null, "old_name": null, "internet_access": null, "height": null, "toilets:wheelchair": null, "landuse": null, "type": null }, "geometry": { "type": "Point", "coordinates": [ -1.5609719, 11.3789284 ] } },
{ "type": "Feature", "properties": { "element": "node", "id": 12840300393, "amenity": "hospital", "name": "CSPS", "name:fr": null, "healthcare": null, "operator": "Public", "Observation": null, "description": null, "name:en": null, "website": null, "opening_hours": null, "addr:city": null, "addr:street": null, "healthcare:speciality": null, "created_by": null, "health_facility:type": null, "id:uuid": null, "is_in:health_admin3": null, "operator:type": null, "source": null, "survey:date": null, "addr:housenumber": null, "emergency": null, "phone": null, "barrier": null, "addr:postcode": null, "short_name": null, "natural": null, "wheelchair": null, "check_date": null, "denomination": null, "building": null, "healthcare:cholera": null, "designation": null, "wikidata": null, "material": null, "start_date": null, "old_name": null, "internet_access": null, "height": null, "toilets:wheelchair": null, "landuse": null, "type": null }, "geometry": { "type": "Point", "coordinates": [ -1.4669001, 11.3780606 ] } },
{ "type": "Feature", "properties": { "element": "node", "id": 12840393386, "amenity": "hospital", "name": "CSPS", "name:fr": null, "healthcare": null, "operator": "Public", "Observation": null, "description": null, "name:en": null, "website": null, "opening_hours": null, "addr:city": null, "addr:street": null, "healthcare:speciality": null, "created_by": null, "health_facility:type": null, "id:uuid": null, "is_in:health_admin3": null, "operator:type": null, "source": null, "survey:date": null, "addr:housenumber": null, "emergency": null, "phone": null, "barrier": null, "addr:postcode": null, "short_name": null, "natural": null, "wheelchair": null, "check_date": null, "denomination": null, "building": null, "healthcare:cholera": null, "designation": null, "wikidata": null, "material": null, "start_date": null, "old_name": null, "internet_access": null, "height": null, "toilets:wheelchair": null, "landuse": null, "type": null }, "geometry": { "type": "Point", "coordinates": [ -1.432317, 11.4358353 ] } },
{ "type": "Feature", "properties": { "element": "node", "id": 12840591071, "amenity": "hospital", "name": "CSPS", "name:fr": null, "healthcare": null, "operator": "Public", "Observation": null, "description": null, "name:en": null, "website": null, "opening_hours": null, "addr:city": null, "addr:street": null, "healthcare:speciality": null, "created_by": null, "health_facility:type": null, "id:uuid": null, "is_in:health_admin3": null, "operator:type": null, "source": null, "survey:date": null, "addr:housenumber": null, "emergency": null, "phone": null, "barrier": null, "addr:postcode": null, "short_name": null, "natural": null, "wheelchair": null, "check_date": null, "denomination": null, "building": null, "healthcare:cholera": null, "designation": null, "wikidata": null, "material": null, "start_date": null, "old_name": null, "internet_access": null, "height": null, "toilets:wheelchair": null, "landuse": null, "type": null }, "geometry": { "type": "Point", "coordinates": [ -1.3733085, 11.4279273 ] } },
{ "type": "Feature", "properties": { "element": "node", "id": 12840605425, "amenity": "hospital", "name": "CSPS", "name:fr": null, "healthcare": null, "operator": "Public", "Observation": null, "description": null, "name:en": null, "website": null, "opening_hours": null, "addr:city": null, "addr:street": null, "healthcare:speciality": null, "created_by": null, "health_facility:type": null, "id:uuid": null, "is_in:health_admin3": null, "operator:type": null, "source": null, "survey:date": null, "addr:housenumber": null, "emergency": null, "phone": null, "barrier": null, "addr:postcode": null, "short_name": null, "natural": null, "wheelchair": null, "check_date": null, "denomination": null, "building": null, "healthcare:cholera": null, "designation": null, "wikidata": null, "material": null, "start_date": null, "old_name": null, "internet_access": null, "height": null, "toilets:wheelchair": null, "landuse": null, "type": null }, "geometry": { "type": "Point", "coordinates": [ -1.3711587, 11.3971225 ] } },
{ "type": "Feature", "properties": { "element": "node", "id": 12843169715, "amenity": "hospital", "name": "CSPS", "name:fr": null, "healthcare": null, "operator": "Public", "Observation": null, "description": null, "name:en": null, "website": null, "opening_hours": null, "addr:city": null, "addr:street": null, "healthcare:speciality": null, "created_by": null, "health_facility:type": null, "id:uuid": null, "is_in:health_admin3": null, "operator:type": null, "source": null, "survey:date": null, "addr:housenumber": null, "emergency": null, "phone": null, "barrier": null, "addr:postcode": null, "short_name": null, "natural": null, "wheelchair": null, "check_date": null, "denomination": null, "building": null, "healthcare:cholera": null, "designation": null, "wikidata": null, "material": null, "start_date": null, "old_name": null, "internet_access": null, "height": null, "toilets:wheelchair": null, "landuse": null, "type": null }, "geometry": { "type": "Point", "coordinates": [ -0.7651015, 11.7655273 ] } },
{ "type": "Feature", "properties": { "element": "node", "id": 12843687686, "amenity": "hospital", "name": "Dispensaire", "name:fr": null, "healthcare": null, "operator": "Public", "Observation": null, "description": null, "name:en": null, "website": null, "opening_hours": null, "addr:city": null, "addr:street": null, "healthcare:speciality": null, "created_by": null, "health_facility:type": null, "id:uuid": null, "is_in:health_admin3": null, "operator:type": null, "source": null, "survey:date": null, "addr:housenumber": null, "emergency": null, "phone": null, "barrier": null, "addr:postcode": null, "short_name": null, "natural": null, "wheelchair": null, "check_date": null, "denomination": null, "building": null, "healthcare:cholera": null, "designation": null, "wikidata": null, "material": null, "start_date": null, "old_name": null, "internet_access": null, "height": null, "toilets:wheelchair": null, "landuse": null, "type": null }, "geometry": { "type": "Point", "coordinates": [ -0.710253, 11.7580763 ] } },
{ "type": "Feature", "properties": { "element": "node", "id": 12846512777, "amenity": "hospital", "name": "CSPS", "name:fr": null, "healthcare": null, "operator": "Public", "Observation": null, "description": null, "name:en": null, "website": null, "opening_hours": null, "addr:city": null, "addr:street": null, "healthcare:speciality": null, "created_by": null, "health_facility:type": null, "id:uuid": null, "is_in:health_admin3": null, "operator:type": null, "source": null, "survey:date": null, "addr:housenumber": null, "emergency": null, "phone": null, "barrier": null, "addr:postcode": null, "short_name": null, "natural": null, "wheelchair": null, "check_date": null, "denomination": null, "building": null, "healthcare:cholera": null, "designation": null, "wikidata": null, "material": null, "start_date": null, "old_name": null, "internet_access": null, "height": null, "toilets:wheelchair": null, "landuse": null, "type": null }, "geometry": { "type": "Point", "coordinates": [ -0.8518696, 11.7431213 ] } },
{ "type": "Feature", "properties": { "element": "node", "id": 12846983187, "amenity": "hospital", "name": "CSPS", "name:fr": null, "healthcare": null, "operator": "Public", "Observation": null, "description": null, "name:en": null, "website": null, "opening_hours": null, "addr:city": null, "addr:street": null, "healthcare:speciality": null, "created_by": null, "health_facility:type": null, "id:uuid": null, "is_in:health_admin3": null, "operator:type": null, "source": null, "survey:date": null, "addr:housenumber": null, "emergency": null, "phone": null, "barrier": null, "addr:postcode": null, "short_name": null, "natural": null, "wheelchair": null, "check_date": null, "denomination": null, "building": null, "healthcare:cholera": null, "designation": null, "wikidata": null, "material": null, "start_date": null, "old_name": null, "internet_access": null, "height": null, "toilets:wheelchair": null, "landuse": null, "type": null }, "geometry": { "type": "Point", "coordinates": [ -0.7798992, 11.7762603 ] } },
{ "type": "Feature", "properties": { "element": "node", "id": 12849177716, "amenity": "hospital", "name": "CSPS", "name:fr": null, "healthcare": null, "operator": "Public", "Observation": null, "description": null, "name:en": null, "website": null, "opening_hours": null, "addr:city": null, "addr:street": null, "healthcare:speciality": null, "created_by": null, "health_facility:type": null, "id:uuid": null, "is_in:health_admin3": null, "operator:type": null, "source": null, "survey:date": null, "addr:housenumber": null, "emergency": null, "phone": null, "barrier": null, "addr:postcode": null, "short_name": null, "natural": null, "wheelchair": null, "check_date": null, "denomination": null, "building": null, "healthcare:cholera": null, "designation": null, "wikidata": null, "material": null, "start_date": null, "old_name": null, "internet_access": null, "height": null, "toilets:wheelchair": null, "landuse": null, "type": null }, "geometry": { "type": "Point", "coordinates": [ -1.0044591, 12.806862 ] } },
{ "type": "Feature", "properties": { "element": "node", "id": 12849378073, "amenity": "hospital", "name": "CSPS", "name:fr": null, "healthcare": null, "operator": "Public", "Observation": null, "description": null, "name:en": null, "website": null, "opening_hours": null, "addr:city": null, "addr:street": null, "healthcare:speciality": null, "created_by": null, "health_facility:type": null, "id:uuid": null, "is_in:health_admin3": null, "operator:type": null, "source": null, "survey:date": null, "addr:housenumber": null, "emergency": null, "phone": null, "barrier": null, "addr:postcode": null, "short_name": null, "natural": null, "wheelchair": null, "check_date": null, "denomination": null, "building": null, "healthcare:cholera": null, "designation": null, "wikidata": null, "material": null, "start_date": null, "old_name": null, "internet_access": null, "height": null, "toilets:wheelchair": null, "landuse": null, "type": null }, "geometry": { "type": "Point", "coordinates": [ -0.9604454, 12.7288367 ] } },
{ "type": "Feature", "properties": { "element": "node", "id": 12849380028, "amenity": "hospital", "name": "CSPS", "name:fr": null, "healthcare": null, "operator": "Public", "Observation": null, "description": null, "name:en": null, "website": null, "opening_hours": null, "addr:city": null, "addr:street": null, "healthcare:speciality": null, "created_by": null, "health_facility:type": null, "id:uuid": null, "is_in:health_admin3": null, "operator:type": null, "source": null, "survey:date": null, "addr:housenumber": null, "emergency": null, "phone": null, "barrier": null, "addr:postcode": null, "short_name": null, "natural": null, "wheelchair": null, "check_date": null, "denomination": null, "building": null, "healthcare:cholera": null, "designation": null, "wikidata": null, "material": null, "start_date": null, "old_name": null, "internet_access": null, "height": null, "toilets:wheelchair": null, "landuse": null, "type": null }, "geometry": { "type": "Point", "coordinates": [ -1.0386211, 12.7624721 ] } },
{ "type": "Feature", "properties": { "element": "node", "id": 12849772172, "amenity": "hospital", "name": "Dispensaire", "name:fr": null, "healthcare": null, "operator": "Public", "Observation": null, "description": null, "name:en": null, "website": null, "opening_hours": null, "addr:city": null, "addr:street": null, "healthcare:speciality": null, "created_by": null, "health_facility:type": null, "id:uuid": null, "is_in:health_admin3": null, "operator:type": null, "source": null, "survey:date": null, "addr:housenumber": null, "emergency": null, "phone": null, "barrier": null, "addr:postcode": null, "short_name": null, "natural": null, "wheelchair": null, "check_date": null, "denomination": null, "building": null, "healthcare:cholera": null, "designation": null, "wikidata": null, "material": null, "start_date": null, "old_name": null, "internet_access": null, "height": null, "toilets:wheelchair": null, "landuse": null, "type": null }, "geometry": { "type": "Point", "coordinates": [ -1.0015985, 12.699959 ] } },
{ "type": "Feature", "properties": { "element": "node", "id": 12850645303, "amenity": "hospital", "name": "CSPS", "name:fr": null, "healthcare": null, "operator": "Public", "Observation": null, "description": null, "name:en": null, "website": null, "opening_hours": null, "addr:city": null, "addr:street": null, "healthcare:speciality": null, "created_by": null, "health_facility:type": null, "id:uuid": null, "is_in:health_admin3": null, "operator:type": null, "source": null, "survey:date": null, "addr:housenumber": null, "emergency": null, "phone": null, "barrier": null, "addr:postcode": null, "short_name": null, "natural": null, "wheelchair": null, "check_date": null, "denomination": null, "building": null, "healthcare:cholera": null, "designation": null, "wikidata": null, "material": null, "start_date": null, "old_name": null, "internet_access": null, "height": null, "toilets:wheelchair": null, "landuse": null, "type": null }, "geometry": { "type": "Point", "coordinates": [ -1.017091, 12.6494198 ] } },
{ "type": "Feature", "properties": { "element": "node", "id": 12851295212, "amenity": "hospital", "name": "CSPS", "name:fr": null, "healthcare": null, "operator": "Public", "Observation": null, "description": null, "name:en": null, "website": null, "opening_hours": null, "addr:city": null, "addr:street": null, "healthcare:speciality": null, "created_by": null, "health_facility:type": null, "id:uuid": null, "is_in:health_admin3": null, "operator:type": null, "source": null, "survey:date": null, "addr:housenumber": null, "emergency": null, "phone": null, "barrier": null, "addr:postcode": null, "short_name": null, "natural": null, "wheelchair": null, "check_date": null, "denomination": null, "building": null, "healthcare:cholera": null, "designation": null, "wikidata": null, "material": null, "start_date": null, "old_name": null, "internet_access": null, "height": null, "toilets:wheelchair": null, "landuse": null, "type": null }, "geometry": { "type": "Point", "coordinates": [ -1.0564296, 12.7327885 ] } },
{ "type": "Feature", "properties": { "element": "node", "id": 12851427548, "amenity": "hospital", "name": "CSPS", "name:fr": null, "healthcare": null, "operator": "Public", "Observation": null, "description": null, "name:en": null, "website": null, "opening_hours": null, "addr:city": null, "addr:street": null, "healthcare:speciality": null, "created_by": null, "health_facility:type": null, "id:uuid": null, "is_in:health_admin3": null, "operator:type": null, "source": null, "survey:date": null, "addr:housenumber": null, "emergency": null, "phone": null, "barrier": null, "addr:postcode": null, "short_name": null, "natural": null, "wheelchair": null, "check_date": null, "denomination": null, "building": null, "healthcare:cholera": null, "designation": null, "wikidata": null, "material": null, "start_date": null, "old_name": null, "internet_access": null, "height": null, "toilets:wheelchair": null, "landuse": null, "type": null }, "geometry": { "type": "Point", "coordinates": [ -1.0712394, 12.8176337 ] } },
{ "type": "Feature", "properties": { "element": "node", "id": 12853221891, "amenity": "hospital", "name": "CSPS", "name:fr": null, "healthcare": null, "operator": "Public", "Observation": null, "description": null, "name:en": null, "website": null, "opening_hours": null, "addr:city": null, "addr:street": null, "healthcare:speciality": null, "created_by": null, "health_facility:type": null, "id:uuid": null, "is_in:health_admin3": null, "operator:type": null, "source": null, "survey:date": null, "addr:housenumber": null, "emergency": null, "phone": null, "barrier": null, "addr:postcode": null, "short_name": null, "natural": null, "wheelchair": null, "check_date": null, "denomination": null, "building": null, "healthcare:cholera": null, "designation": null, "wikidata": null, "material": null, "start_date": null, "old_name": null, "internet_access": null, "height": null, "toilets:wheelchair": null, "landuse": null, "type": null }, "geometry": { "type": "Point", "coordinates": [ -1.0836768, 12.756369 ] } },
{ "type": "Feature", "properties": { "element": "node", "id": 12857795484, "amenity": "hospital", "name": "Dispensaire", "name:fr": null, "healthcare": null, "operator": "Public", "Observation": null, "description": null, "name:en": null, "website": null, "opening_hours": null, "addr:city": null, "addr:street": null, "healthcare:speciality": null, "created_by": null, "health_facility:type": null, "id:uuid": null, "is_in:health_admin3": null, "operator:type": null, "source": null, "survey:date": null, "addr:housenumber": null, "emergency": null, "phone": null, "barrier": null, "addr:postcode": null, "short_name": null, "natural": null, "wheelchair": null, "check_date": null, "denomination": null, "building": null, "healthcare:cholera": null, "designation": null, "wikidata": null, "material": null, "start_date": null, "old_name": null, "internet_access": null, "height": null, "toilets:wheelchair": null, "landuse": null, "type": null }, "geometry": { "type": "Point", "coordinates": [ -1.1768004, 12.7999871 ] } },
{ "type": "Feature", "properties": { "element": "node", "id": 12860748020, "amenity": "hospital", "name": "CSPS", "name:fr": null, "healthcare": null, "operator": "Public", "Observation": null, "description": null, "name:en": null, "website": null, "opening_hours": null, "addr:city": null, "addr:street": null, "healthcare:speciality": null, "created_by": null, "health_facility:type": null, "id:uuid": null, "is_in:health_admin3": null, "operator:type": null, "source": null, "survey:date": null, "addr:housenumber": null, "emergency": null, "phone": null, "barrier": null, "addr:postcode": null, "short_name": null, "natural": null, "wheelchair": null, "check_date": null, "denomination": null, "building": null, "healthcare:cholera": null, "designation": null, "wikidata": null, "material": null, "start_date": null, "old_name": null, "internet_access": null, "height": null, "toilets:wheelchair": null, "landuse": null, "type": null }, "geometry": { "type": "Point", "coordinates": [ -1.1455473, 12.8302813 ] } },
{ "type": "Feature", "properties": { "element": "node", "id": 12860748217, "amenity": "hospital", "name": "CSPS (construction)", "name:fr": null, "healthcare": null, "operator": "Public", "Observation": null, "description": null, "name:en": null, "website": null, "opening_hours": null, "addr:city": null, "addr:street": null, "healthcare:speciality": null, "created_by": null, "health_facility:type": null, "id:uuid": null, "is_in:health_admin3": null, "operator:type": null, "source": null, "survey:date": null, "addr:housenumber": null, "emergency": null, "phone": null, "barrier": null, "addr:postcode": null, "short_name": null, "natural": null, "wheelchair": null, "check_date": null, "denomination": null, "building": null, "healthcare:cholera": null, "designation": null, "wikidata": null, "material": null, "start_date": null, "old_name": null, "internet_access": null, "height": null, "toilets:wheelchair": null, "landuse": null, "type": null }, "geometry": { "type": "Point", "coordinates": [ -1.1600688, 12.8843769 ] } },
{ "type": "Feature", "properties": { "element": "node", "id": 12862726701, "amenity": "hospital", "name": "Centre Médical", "name:fr": null, "healthcare": null, "operator": "Public", "Observation": null, "description": null, "name:en": null, "website": null, "opening_hours": null, "addr:city": null, "addr:street": null, "healthcare:speciality": null, "created_by": null, "health_facility:type": null, "id:uuid": null, "is_in:health_admin3": null, "operator:type": null, "source": null, "survey:date": null, "addr:housenumber": null, "emergency": null, "phone": null, "barrier": null, "addr:postcode": null, "short_name": null, "natural": null, "wheelchair": null, "check_date": null, "denomination": null, "building": null, "healthcare:cholera": null, "designation": null, "wikidata": null, "material": null, "start_date": null, "old_name": null, "internet_access": null, "height": null, "toilets:wheelchair": null, "landuse": null, "type": null }, "geometry": { "type": "Point", "coordinates": [ -1.0692894, 12.8264918 ] } },
{ "type": "Feature", "properties": { "element": "node", "id": 12862982537, "amenity": "hospital", "name": "CSPS", "name:fr": null, "healthcare": null, "operator": "Public", "Observation": null, "description": null, "name:en": null, "website": null, "opening_hours": null, "addr:city": null, "addr:street": null, "healthcare:speciality": null, "created_by": null, "health_facility:type": null, "id:uuid": null, "is_in:health_admin3": null, "operator:type": null, "source": null, "survey:date": null, "addr:housenumber": null, "emergency": null, "phone": null, "barrier": null, "addr:postcode": null, "short_name": null, "natural": null, "wheelchair": null, "check_date": null, "denomination": null, "building": null, "healthcare:cholera": null, "designation": null, "wikidata": null, "material": null, "start_date": null, "old_name": null, "internet_access": null, "height": null, "toilets:wheelchair": null, "landuse": null, "type": null }, "geometry": { "type": "Point", "coordinates": [ -1.2246376, 12.8620231 ] } },
{ "type": "Feature", "properties": { "element": "node", "id": 12866473452, "amenity": "hospital", "name": "CSPS", "name:fr": null, "healthcare": null, "operator": "Public", "Observation": null, "description": null, "name:en": null, "website": null, "opening_hours": null, "addr:city": null, "addr:street": null, "healthcare:speciality": null, "created_by": null, "health_facility:type": null, "id:uuid": null, "is_in:health_admin3": null, "operator:type": null, "source": null, "survey:date": null, "addr:housenumber": null, "emergency": null, "phone": null, "barrier": null, "addr:postcode": null, "short_name": null, "natural": null, "wheelchair": null, "check_date": null, "denomination": null, "building": null, "healthcare:cholera": null, "designation": null, "wikidata": null, "material": null, "start_date": null, "old_name": null, "internet_access": null, "height": null, "toilets:wheelchair": null, "landuse": null, "type": null }, "geometry": { "type": "Point", "coordinates": [ -1.2800708, 12.850763 ] } },
{ "type": "Feature", "properties": { "element": "node", "id": 12866474041, "amenity": "hospital", "name": "Dispensaire", "name:fr": null, "healthcare": null, "operator": "Public", "Observation": null, "description": null, "name:en": null, "website": null, "opening_hours": null, "addr:city": null, "addr:street": null, "healthcare:speciality": null, "created_by": null, "health_facility:type": null, "id:uuid": null, "is_in:health_admin3": null, "operator:type": null, "source": null, "survey:date": null, "addr:housenumber": null, "emergency": null, "phone": null, "barrier": null, "addr:postcode": null, "short_name": null, "natural": null, "wheelchair": null, "check_date": null, "denomination": null, "building": null, "healthcare:cholera": null, "designation": null, "wikidata": null, "material": null, "start_date": null, "old_name": null, "internet_access": null, "height": null, "toilets:wheelchair": null, "landuse": null, "type": null }, "geometry": { "type": "Point", "coordinates": [ -1.2705034, 12.8328102 ] } },
{ "type": "Feature", "properties": { "element": "node", "id": 12873525914, "amenity": "hospital", "name": "CSPS", "name:fr": null, "healthcare": null, "operator": "Public", "Observation": null, "description": null, "name:en": null, "website": null, "opening_hours": null, "addr:city": null, "addr:street": null, "healthcare:speciality": null, "created_by": null, "health_facility:type": null, "id:uuid": null, "is_in:health_admin3": null, "operator:type": null, "source": null, "survey:date": null, "addr:housenumber": null, "emergency": null, "phone": null, "barrier": null, "addr:postcode": null, "short_name": null, "natural": null, "wheelchair": null, "check_date": null, "denomination": null, "building": null, "healthcare:cholera": null, "designation": null, "wikidata": null, "material": null, "start_date": null, "old_name": null, "internet_access": null, "height": null, "toilets:wheelchair": null, "landuse": null, "type": null }, "geometry": { "type": "Point", "coordinates": [ -1.2964994, 12.8950394 ] } },
{ "type": "Feature", "properties": { "element": "node", "id": 12880619472, "amenity": "hospital", "name": "CSPS", "name:fr": null, "healthcare": null, "operator": "Public", "Observation": null, "description": null, "name:en": null, "website": null, "opening_hours": null, "addr:city": null, "addr:street": null, "healthcare:speciality": null, "created_by": null, "health_facility:type": null, "id:uuid": null, "is_in:health_admin3": null, "operator:type": null, "source": null, "survey:date": null, "addr:housenumber": null, "emergency": null, "phone": null, "barrier": null, "addr:postcode": null, "short_name": null, "natural": null, "wheelchair": null, "check_date": null, "denomination": null, "building": null, "healthcare:cholera": null, "designation": null, "wikidata": null, "material": null, "start_date": null, "old_name": null, "internet_access": null, "height": null, "toilets:wheelchair": null, "landuse": null, "type": null }, "geometry": { "type": "Point", "coordinates": [ -1.2656406, 12.9465527 ] } },
{ "type": "Feature", "properties": { "element": "node", "id": 12884348808, "amenity": "hospital", "name": "CSPS", "name:fr": null, "healthcare": null, "operator": "Public", "Observation": null, "description": null, "name:en": null, "website": null, "opening_hours": null, "addr:city": null, "addr:street": null, "healthcare:speciality": null, "created_by": null, "health_facility:type": null, "id:uuid": null, "is_in:health_admin3": null, "operator:type": null, "source": null, "survey:date": null, "addr:housenumber": null, "emergency": null, "phone": null, "barrier": null, "addr:postcode": null, "short_name": null, "natural": null, "wheelchair": null, "check_date": null, "denomination": null, "building": null, "healthcare:cholera": null, "designation": null, "wikidata": null, "material": null, "start_date": null, "old_name": null, "internet_access": null, "height": null, "toilets:wheelchair": null, "landuse": null, "type": null }, "geometry": { "type": "Point", "coordinates": [ -2.4669832, 11.0330587 ] } },
{ "type": "Feature", "properties": { "element": "node", "id": 12886469663, "amenity": "hospital", "name": "CSPS", "name:fr": null, "healthcare": null, "operator": "Public", "Observation": null, "description": null, "name:en": null, "website": null, "opening_hours": null, "addr:city": null, "addr:street": null, "healthcare:speciality": null, "created_by": null, "health_facility:type": null, "id:uuid": null, "is_in:health_admin3": null, "operator:type": null, "source": null, "survey:date": null, "addr:housenumber": null, "emergency": null, "phone": null, "barrier": null, "addr:postcode": null, "short_name": null, "natural": null, "wheelchair": null, "check_date": null, "denomination": null, "building": null, "healthcare:cholera": null, "designation": null, "wikidata": null, "material": null, "start_date": null, "old_name": null, "internet_access": null, "height": null, "toilets:wheelchair": null, "landuse": null, "type": null }, "geometry": { "type": "Point", "coordinates": [ -2.3767175, 11.0645973 ] } },
{ "type": "Feature", "properties": { "element": "node", "id": 12915151322, "amenity": "hospital", "name": "CSPS", "name:fr": null, "healthcare": null, "operator": "Public", "Observation": null, "description": null, "name:en": null, "website": null, "opening_hours": null, "addr:city": null, "addr:street": null, "healthcare:speciality": null, "created_by": null, "health_facility:type": null, "id:uuid": null, "is_in:health_admin3": null, "operator:type": null, "source": null, "survey:date": null, "addr:housenumber": null, "emergency": null, "phone": null, "barrier": null, "addr:postcode": null, "short_name": null, "natural": null, "wheelchair": null, "check_date": null, "denomination": null, "building": null, "healthcare:cholera": null, "designation": null, "wikidata": null, "material": null, "start_date": null, "old_name": null, "internet_access": null, "height": null, "toilets:wheelchair": null, "landuse": null, "type": null }, "geometry": { "type": "Point", "coordinates": [ -1.6744763, 12.3909003 ] } },
{ "type": "Feature", "properties": { "element": "node", "id": 12918046210, "amenity": "hospital", "name": "CSPS", "name:fr": null, "healthcare": null, "operator": "Public", "Observation": null, "description": null, "name:en": null, "website": null, "opening_hours": null, "addr:city": null, "addr:street": null, "healthcare:speciality": null, "created_by": null, "health_facility:type": null, "id:uuid": null, "is_in:health_admin3": null, "operator:type": null, "source": null, "survey:date": null, "addr:housenumber": null, "emergency": null, "phone": null, "barrier": null, "addr:postcode": null, "short_name": null, "natural": null, "wheelchair": null, "check_date": null, "denomination": null, "building": null, "healthcare:cholera": null, "designation": null, "wikidata": null, "material": null, "start_date": null, "old_name": null, "internet_access": null, "height": null, "toilets:wheelchair": null, "landuse": null, "type": null }, "geometry": { "type": "Point", "coordinates": [ -1.6790709, 12.344692 ] } },
{ "type": "Feature", "properties": { "element": "node", "id": 12918286103, "amenity": "hospital", "name": "CSPS", "name:fr": null, "healthcare": null, "operator": "Public", "Observation": null, "description": null, "name:en": null, "website": null, "opening_hours": null, "addr:city": null, "addr:street": null, "healthcare:speciality": null, "created_by": null, "health_facility:type": null, "id:uuid": null, "is_in:health_admin3": null, "operator:type": null, "source": null, "survey:date": null, "addr:housenumber": null, "emergency": null, "phone": null, "barrier": null, "addr:postcode": null, "short_name": null, "natural": null, "wheelchair": null, "check_date": null, "denomination": null, "building": null, "healthcare:cholera": null, "designation": null, "wikidata": null, "material": null, "start_date": null, "old_name": null, "internet_access": null, "height": null, "toilets:wheelchair": null, "landuse": null, "type": null }, "geometry": { "type": "Point", "coordinates": [ -1.7282291, 12.3999487 ] } },
{ "type": "Feature", "properties": { "element": "node", "id": 12919366974, "amenity": "hospital", "name": "CSPS", "name:fr": null, "healthcare": null, "operator": "Public", "Observation": null, "description": null, "name:en": null, "website": null, "opening_hours": null, "addr:city": null, "addr:street": null, "healthcare:speciality": null, "created_by": null, "health_facility:type": null, "id:uuid": null, "is_in:health_admin3": null, "operator:type": null, "source": null, "survey:date": null, "addr:housenumber": null, "emergency": null, "phone": null, "barrier": null, "addr:postcode": null, "short_name": null, "natural": null, "wheelchair": null, "check_date": null, "denomination": null, "building": null, "healthcare:cholera": null, "designation": null, "wikidata": null, "material": null, "start_date": null, "old_name": null, "internet_access": null, "height": null, "toilets:wheelchair": null, "landuse": null, "type": null }, "geometry": { "type": "Point", "coordinates": [ -1.7152633, 12.3652466 ] } },
{ "type": "Feature", "properties": { "element": "node", "id": 12919795817, "amenity": "hospital", "name": "CSPS", "name:fr": null, "healthcare": null, "operator": "Public", "Observation": null, "description": null, "name:en": null, "website": null, "opening_hours": null, "addr:city": null, "addr:street": null, "healthcare:speciality": null, "created_by": null, "health_facility:type": null, "id:uuid": null, "is_in:health_admin3": null, "operator:type": null, "source": null, "survey:date": null, "addr:housenumber": null, "emergency": null, "phone": null, "barrier": null, "addr:postcode": null, "short_name": null, "natural": null, "wheelchair": null, "check_date": null, "denomination": null, "building": null, "healthcare:cholera": null, "designation": null, "wikidata": null, "material": null, "start_date": null, "old_name": null, "internet_access": null, "height": null, "toilets:wheelchair": null, "landuse": null, "type": null }, "geometry": { "type": "Point", "coordinates": [ -1.7580271, 12.3826742 ] } },
{ "type": "Feature", "properties": { "element": "node", "id": 12922254747, "amenity": "hospital", "name": "CSPS", "name:fr": null, "healthcare": null, "operator": "Public", "Observation": null, "description": null, "name:en": null, "website": null, "opening_hours": null, "addr:city": null, "addr:street": null, "healthcare:speciality": null, "created_by": null, "health_facility:type": null, "id:uuid": null, "is_in:health_admin3": null, "operator:type": null, "source": null, "survey:date": null, "addr:housenumber": null, "emergency": null, "phone": null, "barrier": null, "addr:postcode": null, "short_name": null, "natural": null, "wheelchair": null, "check_date": null, "denomination": null, "building": null, "healthcare:cholera": null, "designation": null, "wikidata": null, "material": null, "start_date": null, "old_name": null, "internet_access": null, "height": null, "toilets:wheelchair": null, "landuse": null, "type": null }, "geometry": { "type": "Point", "coordinates": [ -1.7580539, 12.3462825 ] } },
{ "type": "Feature", "properties": { "element": "node", "id": 12923418339, "amenity": "hospital", "name": "CSPS?", "name:fr": null, "healthcare": null, "operator": "Public", "Observation": null, "description": null, "name:en": null, "website": null, "opening_hours": null, "addr:city": null, "addr:street": null, "healthcare:speciality": null, "created_by": null, "health_facility:type": null, "id:uuid": null, "is_in:health_admin3": null, "operator:type": null, "source": null, "survey:date": null, "addr:housenumber": null, "emergency": null, "phone": null, "barrier": null, "addr:postcode": null, "short_name": null, "natural": null, "wheelchair": null, "check_date": null, "denomination": null, "building": null, "healthcare:cholera": null, "designation": null, "wikidata": null, "material": null, "start_date": null, "old_name": null, "internet_access": null, "height": null, "toilets:wheelchair": null, "landuse": null, "type": null }, "geometry": { "type": "Point", "coordinates": [ -1.7807695, 12.3272619 ] } },
{ "type": "Feature", "properties": { "element": "node", "id": 12945425270, "amenity": "hospital", "name": "CSPS?", "name:fr": null, "healthcare": null, "operator": "Public", "Observation": null, "description": null, "name:en": null, "website": null, "opening_hours": null, "addr:city": null, "addr:street": null, "healthcare:speciality": null, "created_by": null, "health_facility:type": null, "id:uuid": null, "is_in:health_admin3": null, "operator:type": null, "source": null, "survey:date": null, "addr:housenumber": null, "emergency": null, "phone": null, "barrier": null, "addr:postcode": null, "short_name": null, "natural": null, "wheelchair": null, "check_date": null, "denomination": null, "building": null, "healthcare:cholera": null, "designation": null, "wikidata": null, "material": null, "start_date": null, "old_name": null, "internet_access": null, "height": null, "toilets:wheelchair": null, "landuse": null, "type": null }, "geometry": { "type": "Point", "coordinates": [ -1.7745593, 12.2950787 ] } },
{ "type": "Feature", "properties": { "element": "node", "id": 12965266243, "amenity": "hospital", "name": "CSPS", "name:fr": null, "healthcare": null, "operator": "Public", "Observation": null, "description": null, "name:en": null, "website": null, "opening_hours": null, "addr:city": null, "addr:street": null, "healthcare:speciality": null, "created_by": null, "health_facility:type": null, "id:uuid": null, "is_in:health_admin3": null, "operator:type": null, "source": null, "survey:date": null, "addr:housenumber": null, "emergency": null, "phone": null, "barrier": null, "addr:postcode": null, "short_name": null, "natural": null, "wheelchair": null, "check_date": null, "denomination": null, "building": null, "healthcare:cholera": null, "designation": null, "wikidata": null, "material": null, "start_date": null, "old_name": null, "internet_access": null, "height": null, "toilets:wheelchair": null, "landuse": null, "type": null }, "geometry": { "type": "Point", "coordinates": [ -1.6524446, 12.1885712 ] } },
{ "type": "Feature", "properties": { "element": "node", "id": 13001555816, "amenity": "hospital", "name": "CSPS", "name:fr": null, "healthcare": null, "operator": "Public", "Observation": null, "description": null, "name:en": null, "website": null, "opening_hours": null, "addr:city": null, "addr:street": null, "healthcare:speciality": null, "created_by": null, "health_facility:type": null, "id:uuid": null, "is_in:health_admin3": null, "operator:type": null, "source": null, "survey:date": null, "addr:housenumber": null, "emergency": null, "phone": null, "barrier": null, "addr:postcode": null, "short_name": null, "natural": null, "wheelchair": null, "check_date": null, "denomination": null, "building": null, "healthcare:cholera": null, "designation": null, "wikidata": null, "material": null, "start_date": null, "old_name": null, "internet_access": null, "height": null, "toilets:wheelchair": null, "landuse": null, "type": null }, "geometry": { "type": "Point", "coordinates": [ -1.7580432, 12.2324346 ] } },
{ "type": "Feature", "properties": { "element": "node", "id": 13009637702, "amenity": "hospital", "name": "Centre Médical", "name:fr": null, "healthcare": null, "operator": "Public", "Observation": null, "description": null, "name:en": null, "website": null, "opening_hours": null, "addr:city": null, "addr:street": null, "healthcare:speciality": null, "created_by": null, "health_facility:type": null, "id:uuid": null, "is_in:health_admin3": null, "operator:type": null, "source": null, "survey:date": null, "addr:housenumber": null, "emergency": null, "phone": null, "barrier": null, "addr:postcode": null, "short_name": null, "natural": null, "wheelchair": null, "check_date": null, "denomination": null, "building": null, "healthcare:cholera": null, "designation": null, "wikidata": null, "material": null, "start_date": null, "old_name": null, "internet_access": null, "height": null, "toilets:wheelchair": null, "landuse": null, "type": null }, "geometry": { "type": "Point", "coordinates": [ -1.7195454, 12.266731 ] } },
{ "type": "Feature", "properties": { "element": "node", "id": 13011538067, "amenity": "hospital", "name": "CSPS", "name:fr": null, "healthcare": null, "operator": "Public", "Observation": null, "description": null, "name:en": null, "website": null, "opening_hours": null, "addr:city": null, "addr:street": null, "healthcare:speciality": null, "created_by": null, "health_facility:type": null, "id:uuid": null, "is_in:health_admin3": null, "operator:type": null, "source": null, "survey:date": null, "addr:housenumber": null, "emergency": null, "phone": null, "barrier": null, "addr:postcode": null, "short_name": null, "natural": null, "wheelchair": null, "check_date": null, "denomination": null, "building": null, "healthcare:cholera": null, "designation": null, "wikidata": null, "material": null, "start_date": null, "old_name": null, "internet_access": null, "height": null, "toilets:wheelchair": null, "landuse": null, "type": null }, "geometry": { "type": "Point", "coordinates": [ -1.708657, 12.3197034 ] } },
{ "type": "Feature", "properties": { "element": "node", "id": 13016314946, "amenity": "hospital", "name": "CSPS", "name:fr": null, "healthcare": null, "operator": "Public", "Observation": null, "description": null, "name:en": null, "website": null, "opening_hours": null, "addr:city": null, "addr:street": null, "healthcare:speciality": null, "created_by": null, "health_facility:type": null, "id:uuid": null, "is_in:health_admin3": null, "operator:type": null, "source": null, "survey:date": null, "addr:housenumber": null, "emergency": null, "phone": null, "barrier": null, "addr:postcode": null, "short_name": null, "natural": null, "wheelchair": null, "check_date": null, "denomination": null, "building": null, "healthcare:cholera": null, "designation": null, "wikidata": null, "material": null, "start_date": null, "old_name": null, "internet_access": null, "height": null, "toilets:wheelchair": null, "landuse": null, "type": null }, "geometry": { "type": "Point", "coordinates": [ -1.6800298, 12.3000978 ] } },
{ "type": "Feature", "properties": { "element": "node", "id": 13017460472, "amenity": "hospital", "name": "CSPS", "name:fr": null, "healthcare": null, "operator": "Public", "Observation": null, "description": null, "name:en": null, "website": null, "opening_hours": null, "addr:city": null, "addr:street": null, "healthcare:speciality": null, "created_by": null, "health_facility:type": null, "id:uuid": null, "is_in:health_admin3": null, "operator:type": null, "source": null, "survey:date": null, "addr:housenumber": null, "emergency": null, "phone": null, "barrier": null, "addr:postcode": null, "short_name": null, "natural": null, "wheelchair": null, "check_date": null, "denomination": null, "building": null, "healthcare:cholera": null, "designation": null, "wikidata": null, "material": null, "start_date": null, "old_name": null, "internet_access": null, "height": null, "toilets:wheelchair": null, "landuse": null, "type": null }, "geometry": { "type": "Point", "coordinates": [ -1.7082533, 12.2944371 ] } },
{ "type": "Feature", "properties": { "element": "node", "id": 13022678821, "amenity": "hospital", "name": "CSPS", "name:fr": null, "healthcare": null, "operator": "Public", "Observation": null, "description": null, "name:en": null, "website": null, "opening_hours": null, "addr:city": null, "addr:street": null, "healthcare:speciality": null, "created_by": null, "health_facility:type": null, "id:uuid": null, "is_in:health_admin3": null, "operator:type": null, "source": null, "survey:date": null, "addr:housenumber": null, "emergency": null, "phone": null, "barrier": null, "addr:postcode": null, "short_name": null, "natural": null, "wheelchair": null, "check_date": null, "denomination": null, "building": null, "healthcare:cholera": null, "designation": null, "wikidata": null, "material": null, "start_date": null, "old_name": null, "internet_access": null, "height": null, "toilets:wheelchair": null, "landuse": null, "type": null }, "geometry": { "type": "Point", "coordinates": [ -1.716198, 12.2763301 ] } },
{ "type": "Feature", "properties": { "element": "node", "id": 13022678838, "amenity": "hospital", "name": "CSPS", "name:fr": null, "healthcare": null, "operator": "Public", "Observation": null, "description": null, "name:en": null, "website": null, "opening_hours": null, "addr:city": null, "addr:street": null, "healthcare:speciality": null, "created_by": null, "health_facility:type": null, "id:uuid": null, "is_in:health_admin3": null, "operator:type": null, "source": null, "survey:date": null, "addr:housenumber": null, "emergency": null, "phone": null, "barrier": null, "addr:postcode": null, "short_name": null, "natural": null, "wheelchair": null, "check_date": null, "denomination": null, "building": null, "healthcare:cholera": null, "designation": null, "wikidata": null, "material": null, "start_date": null, "old_name": null, "internet_access": null, "height": null, "toilets:wheelchair": null, "landuse": null, "type": null }, "geometry": { "type": "Point", "coordinates": [ -1.6758227, 12.2638466 ] } },
{ "type": "Feature", "properties": { "element": "node", "id": 13027170272, "amenity": "hospital", "name": "CSPS", "name:fr": null, "healthcare": null, "operator": "Public", "Observation": null, "description": null, "name:en": null, "website": null, "opening_hours": null, "addr:city": null, "addr:street": null, "healthcare:speciality": null, "created_by": null, "health_facility:type": null, "id:uuid": null, "is_in:health_admin3": null, "operator:type": null, "source": null, "survey:date": null, "addr:housenumber": null, "emergency": null, "phone": null, "barrier": null, "addr:postcode": null, "short_name": null, "natural": null, "wheelchair": null, "check_date": null, "denomination": null, "building": null, "healthcare:cholera": null, "designation": null, "wikidata": null, "material": null, "start_date": null, "old_name": null, "internet_access": null, "height": null, "toilets:wheelchair": null, "landuse": null, "type": null }, "geometry": { "type": "Point", "coordinates": [ -1.6470064, 12.2413719 ] } },
{ "type": "Feature", "properties": { "element": "node", "id": 13033804412, "amenity": "hospital", "name": "Centre Médical", "name:fr": null, "healthcare": null, "operator": "Public", "Observation": null, "description": null, "name:en": null, "website": null, "opening_hours": null, "addr:city": null, "addr:street": null, "healthcare:speciality": null, "created_by": null, "health_facility:type": null, "id:uuid": null, "is_in:health_admin3": null, "operator:type": null, "source": null, "survey:date": null, "addr:housenumber": null, "emergency": null, "phone": null, "barrier": null, "addr:postcode": null, "short_name": null, "natural": null, "wheelchair": null, "check_date": null, "denomination": null, "building": null, "healthcare:cholera": null, "designation": null, "wikidata": null, "material": null, "start_date": null, "old_name": null, "internet_access": null, "height": null, "toilets:wheelchair": null, "landuse": null, "type": null }, "geometry": { "type": "Point", "coordinates": [ -2.0372061, 12.4352708 ] } },
{ "type": "Feature", "properties": { "element": "node", "id": 13037466311, "amenity": "hospital", "name": "CSPS", "name:fr": null, "healthcare": null, "operator": "Public", "Observation": null, "description": null, "name:en": null, "website": null, "opening_hours": null, "addr:city": null, "addr:street": null, "healthcare:speciality": null, "created_by": null, "health_facility:type": null, "id:uuid": null, "is_in:health_admin3": null, "operator:type": null, "source": null, "survey:date": null, "addr:housenumber": null, "emergency": null, "phone": null, "barrier": null, "addr:postcode": null, "short_name": null, "natural": null, "wheelchair": null, "check_date": null, "denomination": null, "building": null, "healthcare:cholera": null, "designation": null, "wikidata": null, "material": null, "start_date": null, "old_name": null, "internet_access": null, "height": null, "toilets:wheelchair": null, "landuse": null, "type": null }, "geometry": { "type": "Point", "coordinates": [ -1.9791296, 12.5057894 ] } },
{ "type": "Feature", "properties": { "element": "node", "id": 13053646904, "amenity": "hospital", "name": "CSPS", "name:fr": null, "healthcare": null, "operator": "Public", "Observation": null, "description": null, "name:en": null, "website": null, "opening_hours": null, "addr:city": null, "addr:street": null, "healthcare:speciality": null, "created_by": null, "health_facility:type": null, "id:uuid": null, "is_in:health_admin3": null, "operator:type": null, "source": null, "survey:date": null, "addr:housenumber": null, "emergency": null, "phone": null, "barrier": null, "addr:postcode": null, "short_name": null, "natural": null, "wheelchair": null, "check_date": null, "denomination": null, "building": null, "healthcare:cholera": null, "designation": null, "wikidata": null, "material": null, "start_date": null, "old_name": null, "internet_access": null, "height": null, "toilets:wheelchair": null, "landuse": null, "type": null }, "geometry": { "type": "Point", "coordinates": [ -2.1119739, 12.4506177 ] } },
{ "type": "Feature", "properties": { "element": "node", "id": 13058427679, "amenity": "hospital", "name": "CSPS", "name:fr": null, "healthcare": null, "operator": "Public", "Observation": null, "description": null, "name:en": null, "website": null, "opening_hours": null, "addr:city": null, "addr:street": null, "healthcare:speciality": null, "created_by": null, "health_facility:type": null, "id:uuid": null, "is_in:health_admin3": null, "operator:type": null, "source": null, "survey:date": null, "addr:housenumber": null, "emergency": null, "phone": null, "barrier": null, "addr:postcode": null, "short_name": null, "natural": null, "wheelchair": null, "check_date": null, "denomination": null, "building": null, "healthcare:cholera": null, "designation": null, "wikidata": null, "material": null, "start_date": null, "old_name": null, "internet_access": null, "height": null, "toilets:wheelchair": null, "landuse": null, "type": null }, "geometry": { "type": "Point", "coordinates": [ -2.0914391, 12.3963493 ] } },
{ "type": "Feature", "properties": { "element": "node", "id": 13058779791, "amenity": "hospital", "name": "CSPS", "name:fr": null, "healthcare": null, "operator": "Public", "Observation": null, "description": null, "name:en": null, "website": null, "opening_hours": null, "addr:city": null, "addr:street": null, "healthcare:speciality": null, "created_by": null, "health_facility:type": null, "id:uuid": null, "is_in:health_admin3": null, "operator:type": null, "source": null, "survey:date": null, "addr:housenumber": null, "emergency": null, "phone": null, "barrier": null, "addr:postcode": null, "short_name": null, "natural": null, "wheelchair": null, "check_date": null, "denomination": null, "building": null, "healthcare:cholera": null, "designation": null, "wikidata": null, "material": null, "start_date": null, "old_name": null, "internet_access": null, "height": null, "toilets:wheelchair": null, "landuse": null, "type": null }, "geometry": { "type": "Point", "coordinates": [ -2.1098417, 12.3790982 ] } },
{ "type": "Feature", "properties": { "element": "node", "id": 13062060680, "amenity": "hospital", "name": "CSPS", "name:fr": null, "healthcare": null, "operator": "Public", "Observation": null, "description": null, "name:en": null, "website": null, "opening_hours": null, "addr:city": null, "addr:street": null, "healthcare:speciality": null, "created_by": null, "health_facility:type": null, "id:uuid": null, "is_in:health_admin3": null, "operator:type": null, "source": null, "survey:date": null, "addr:housenumber": null, "emergency": null, "phone": null, "barrier": null, "addr:postcode": null, "short_name": null, "natural": null, "wheelchair": null, "check_date": null, "denomination": null, "building": null, "healthcare:cholera": null, "designation": null, "wikidata": null, "material": null, "start_date": null, "old_name": null, "internet_access": null, "height": null, "toilets:wheelchair": null, "landuse": null, "type": null }, "geometry": { "type": "Point", "coordinates": [ -2.076467, 12.3705285 ] } },
{ "type": "Feature", "properties": { "element": "node", "id": 13076217899, "amenity": "hospital", "name": "CSPS", "name:fr": null, "healthcare": null, "operator": "Public", "Observation": null, "description": null, "name:en": null, "website": null, "opening_hours": null, "addr:city": null, "addr:street": null, "healthcare:speciality": null, "created_by": null, "health_facility:type": null, "id:uuid": null, "is_in:health_admin3": null, "operator:type": null, "source": null, "survey:date": null, "addr:housenumber": null, "emergency": null, "phone": null, "barrier": null, "addr:postcode": null, "short_name": null, "natural": null, "wheelchair": null, "check_date": null, "denomination": null, "building": null, "healthcare:cholera": null, "designation": null, "wikidata": null, "material": null, "start_date": null, "old_name": null, "internet_access": null, "height": null, "toilets:wheelchair": null, "landuse": null, "type": null }, "geometry": { "type": "Point", "coordinates": [ -2.2054247, 12.3592185 ] } },
{ "type": "Feature", "properties": { "element": "node", "id": 13077981112, "amenity": "hospital", "name": "CSPS", "name:fr": null, "healthcare": null, "operator": "Public", "Observation": null, "description": null, "name:en": null, "website": null, "opening_hours": null, "addr:city": null, "addr:street": null, "healthcare:speciality": null, "created_by": null, "health_facility:type": null, "id:uuid": null, "is_in:health_admin3": null, "operator:type": null, "source": null, "survey:date": null, "addr:housenumber": null, "emergency": null, "phone": null, "barrier": null, "addr:postcode": null, "short_name": null, "natural": null, "wheelchair": null, "check_date": null, "denomination": null, "building": null, "healthcare:cholera": null, "designation": null, "wikidata": null, "material": null, "start_date": null, "old_name": null, "internet_access": null, "height": null, "toilets:wheelchair": null, "landuse": null, "type": null }, "geometry": { "type": "Point", "coordinates": [ -2.207136, 12.3918642 ] } },
{ "type": "Feature", "properties": { "element": "node", "id": 13081354991, "amenity": "hospital", "name": "CSPS", "name:fr": null, "healthcare": null, "operator": "Public", "Observation": null, "description": null, "name:en": null, "website": null, "opening_hours": null, "addr:city": null, "addr:street": null, "healthcare:speciality": null, "created_by": null, "health_facility:type": null, "id:uuid": null, "is_in:health_admin3": null, "operator:type": null, "source": null, "survey:date": null, "addr:housenumber": null, "emergency": null, "phone": null, "barrier": null, "addr:postcode": null, "short_name": null, "natural": null, "wheelchair": null, "check_date": null, "denomination": null, "building": null, "healthcare:cholera": null, "designation": null, "wikidata": null, "material": null, "start_date": null, "old_name": null, "internet_access": null, "height": null, "toilets:wheelchair": null, "landuse": null, "type": null }, "geometry": { "type": "Point", "coordinates": [ -2.1888274, 12.4604396 ] } },
{ "type": "Feature", "properties": { "element": "node", "id": 13085498323, "amenity": "hospital", "name": "CSPS", "name:fr": null, "healthcare": null, "operator": "Public", "Observation": null, "description": null, "name:en": null, "website": null, "opening_hours": null, "addr:city": null, "addr:street": null, "healthcare:speciality": null, "created_by": null, "health_facility:type": null, "id:uuid": null, "is_in:health_admin3": null, "operator:type": null, "source": null, "survey:date": null, "addr:housenumber": null, "emergency": null, "phone": null, "barrier": null, "addr:postcode": null, "short_name": null, "natural": null, "wheelchair": null, "check_date": null, "denomination": null, "building": null, "healthcare:cholera": null, "designation": null, "wikidata": null, "material": null, "start_date": null, "old_name": null, "internet_access": null, "height": null, "toilets:wheelchair": null, "landuse": null, "type": null }, "geometry": { "type": "Point", "coordinates": [ -2.1606293, 12.4188566 ] } },
{ "type": "Feature", "properties": { "element": "node", "id": 13087182342, "amenity": "hospital", "name": "CSPS", "name:fr": null, "healthcare": null, "operator": "Public", "Observation": null, "description": null, "name:en": null, "website": null, "opening_hours": null, "addr:city": null, "addr:street": null, "healthcare:speciality": null, "created_by": null, "health_facility:type": null, "id:uuid": null, "is_in:health_admin3": null, "operator:type": null, "source": null, "survey:date": null, "addr:housenumber": null, "emergency": null, "phone": null, "barrier": null, "addr:postcode": null, "short_name": null, "natural": null, "wheelchair": null, "check_date": null, "denomination": null, "building": null, "healthcare:cholera": null, "designation": null, "wikidata": null, "material": null, "start_date": null, "old_name": null, "internet_access": null, "height": null, "toilets:wheelchair": null, "landuse": null, "type": null }, "geometry": { "type": "Point", "coordinates": [ -2.1590093, 12.3660746 ] } },
{ "type": "Feature", "properties": { "element": "node", "id": 13090569400, "amenity": "hospital", "name": "CSPS", "name:fr": null, "healthcare": null, "operator": "Public", "Observation": null, "description": null, "name:en": null, "website": null, "opening_hours": null, "addr:city": null, "addr:street": null, "healthcare:speciality": null, "created_by": null, "health_facility:type": null, "id:uuid": null, "is_in:health_admin3": null, "operator:type": null, "source": null, "survey:date": null, "addr:housenumber": null, "emergency": null, "phone": null, "barrier": null, "addr:postcode": null, "short_name": null, "natural": null, "wheelchair": null, "check_date": null, "denomination": null, "building": null, "healthcare:cholera": null, "designation": null, "wikidata": null, "material": null, "start_date": null, "old_name": null, "internet_access": null, "height": null, "toilets:wheelchair": null, "landuse": null, "type": null }, "geometry": { "type": "Point", "coordinates": [ -2.4503723, 12.577383 ] } },
{ "type": "Feature", "properties": { "element": "node", "id": 13101565611, "amenity": "hospital", "name": "CSPS", "name:fr": null, "healthcare": null, "operator": "Public", "Observation": null, "description": null, "name:en": null, "website": null, "opening_hours": null, "addr:city": null, "addr:street": null, "healthcare:speciality": null, "created_by": null, "health_facility:type": null, "id:uuid": null, "is_in:health_admin3": null, "operator:type": null, "source": null, "survey:date": null, "addr:housenumber": null, "emergency": null, "phone": null, "barrier": null, "addr:postcode": null, "short_name": null, "natural": null, "wheelchair": null, "check_date": null, "denomination": null, "building": null, "healthcare:cholera": null, "designation": null, "wikidata": null, "material": null, "start_date": null, "old_name": null, "internet_access": null, "height": null, "toilets:wheelchair": null, "landuse": null, "type": null }, "geometry": { "type": "Point", "coordinates": [ -2.3868388, 12.4962589 ] } },
{ "type": "Feature", "properties": { "element": "node", "id": 13111110605, "amenity": "hospital", "name": "CSPS", "name:fr": null, "healthcare": null, "operator": "Public", "Observation": null, "description": null, "name:en": null, "website": null, "opening_hours": null, "addr:city": null, "addr:street": null, "healthcare:speciality": null, "created_by": null, "health_facility:type": null, "id:uuid": null, "is_in:health_admin3": null, "operator:type": null, "source": null, "survey:date": null, "addr:housenumber": null, "emergency": null, "phone": null, "barrier": null, "addr:postcode": null, "short_name": null, "natural": null, "wheelchair": null, "check_date": null, "denomination": null, "building": null, "healthcare:cholera": null, "designation": null, "wikidata": null, "material": null, "start_date": null, "old_name": null, "internet_access": null, "height": null, "toilets:wheelchair": null, "landuse": null, "type": null }, "geometry": { "type": "Point", "coordinates": [ -2.3668054, 12.5821487 ] } },
{ "type": "Feature", "properties": { "element": "node", "id": 13119019170, "amenity": "hospital", "name": "CSPS", "name:fr": null, "healthcare": null, "operator": "Public", "Observation": null, "description": null, "name:en": null, "website": null, "opening_hours": null, "addr:city": null, "addr:street": null, "healthcare:speciality": null, "created_by": null, "health_facility:type": null, "id:uuid": null, "is_in:health_admin3": null, "operator:type": null, "source": null, "survey:date": null, "addr:housenumber": null, "emergency": null, "phone": null, "barrier": null, "addr:postcode": null, "short_name": null, "natural": null, "wheelchair": null, "check_date": null, "denomination": null, "building": null, "healthcare:cholera": null, "designation": null, "wikidata": null, "material": null, "start_date": null, "old_name": null, "internet_access": null, "height": null, "toilets:wheelchair": null, "landuse": null, "type": null }, "geometry": { "type": "Point", "coordinates": [ -1.2246913, 11.9335056 ] } },
{ "type": "Feature", "properties": { "element": "node", "id": 13142898669, "amenity": "hospital", "name": "CSPS", "name:fr": null, "healthcare": null, "operator": "Public", "Observation": null, "description": null, "name:en": null, "website": null, "opening_hours": null, "addr:city": null, "addr:street": null, "healthcare:speciality": null, "created_by": null, "health_facility:type": null, "id:uuid": null, "is_in:health_admin3": null, "operator:type": null, "source": null, "survey:date": null, "addr:housenumber": null, "emergency": null, "phone": null, "barrier": null, "addr:postcode": null, "short_name": null, "natural": null, "wheelchair": null, "check_date": null, "denomination": null, "building": null, "healthcare:cholera": null, "designation": null, "wikidata": null, "material": null, "start_date": null, "old_name": null, "internet_access": null, "height": null, "toilets:wheelchair": null, "landuse": null, "type": null }, "geometry": { "type": "Point", "coordinates": [ -1.3144366, 12.071495 ] } },
{ "type": "Feature", "properties": { "element": "node", "id": 13175378598, "amenity": "hospital", "name": "CSPS", "name:fr": null, "healthcare": null, "operator": "Public", "Observation": null, "description": null, "name:en": null, "website": null, "opening_hours": null, "addr:city": null, "addr:street": null, "healthcare:speciality": null, "created_by": null, "health_facility:type": null, "id:uuid": null, "is_in:health_admin3": null, "operator:type": null, "source": null, "survey:date": null, "addr:housenumber": null, "emergency": null, "phone": null, "barrier": null, "addr:postcode": null, "short_name": null, "natural": null, "wheelchair": null, "check_date": null, "denomination": null, "building": null, "healthcare:cholera": null, "designation": null, "wikidata": null, "material": null, "start_date": null, "old_name": null, "internet_access": null, "height": null, "toilets:wheelchair": null, "landuse": null, "type": null }, "geometry": { "type": "Point", "coordinates": [ -1.3713947, 11.937232 ] } },
{ "type": "Feature", "properties": { "element": "node", "id": 13189023834, "amenity": "hospital", "name": "CSPS", "name:fr": null, "healthcare": null, "operator": "Public", "Observation": null, "description": null, "name:en": null, "website": null, "opening_hours": null, "addr:city": null, "addr:street": null, "healthcare:speciality": null, "created_by": null, "health_facility:type": null, "id:uuid": null, "is_in:health_admin3": null, "operator:type": null, "source": null, "survey:date": null, "addr:housenumber": null, "emergency": null, "phone": null, "barrier": null, "addr:postcode": null, "short_name": null, "natural": null, "wheelchair": null, "check_date": null, "denomination": null, "building": null, "healthcare:cholera": null, "designation": null, "wikidata": null, "material": null, "start_date": null, "old_name": null, "internet_access": null, "height": null, "toilets:wheelchair": null, "landuse": null, "type": null }, "geometry": { "type": "Point", "coordinates": [ -1.3577181, 11.8537589 ] } },
{ "type": "Feature", "properties": { "element": "node", "id": 13230212270, "amenity": "hospital", "name": "Hôpital de Bittou", "name:fr": null, "healthcare": null, "operator": null, "Observation": null, "description": null, "name:en": null, "website": null, "opening_hours": null, "addr:city": null, "addr:street": null, "healthcare:speciality": null, "created_by": null, "health_facility:type": null, "id:uuid": null, "is_in:health_admin3": null, "operator:type": null, "source": null, "survey:date": null, "addr:housenumber": null, "emergency": null, "phone": null, "barrier": null, "addr:postcode": null, "short_name": null, "natural": null, "wheelchair": null, "check_date": null, "denomination": null, "building": null, "healthcare:cholera": null, "designation": null, "wikidata": null, "material": null, "start_date": null, "old_name": null, "internet_access": null, "height": null, "toilets:wheelchair": null, "landuse": null, "type": null }, "geometry": { "type": "Point", "coordinates": [ -0.3115963, 11.2746799 ] } },
{ "type": "Feature", "properties": { "element": "node", "id": 13230225233, "amenity": "hospital", "name": null, "name:fr": null, "healthcare": null, "operator": null, "Observation": null, "description": null, "name:en": null, "website": null, "opening_hours": null, "addr:city": null, "addr:street": null, "healthcare:speciality": null, "created_by": null, "health_facility:type": null, "id:uuid": null, "is_in:health_admin3": null, "operator:type": null, "source": null, "survey:date": null, "addr:housenumber": null, "emergency": null, "phone": null, "barrier": null, "addr:postcode": null, "short_name": null, "natural": null, "wheelchair": null, "check_date": null, "denomination": null, "building": null, "healthcare:cholera": null, "designation": null, "wikidata": null, "material": null, "start_date": null, "old_name": null, "internet_access": null, "height": null, "toilets:wheelchair": null, "landuse": null, "type": null }, "geometry": { "type": "Point", "coordinates": [ -0.3737332, 11.5455327 ] } },
{ "type": "Feature", "properties": { "element": "node", "id": 13239555152, "amenity": "hospital", "name": "CSPS", "name:fr": null, "healthcare": null, "operator": "Public", "Observation": null, "description": null, "name:en": null, "website": null, "opening_hours": null, "addr:city": null, "addr:street": null, "healthcare:speciality": null, "created_by": null, "health_facility:type": null, "id:uuid": null, "is_in:health_admin3": null, "operator:type": null, "source": null, "survey:date": null, "addr:housenumber": null, "emergency": null, "phone": null, "barrier": null, "addr:postcode": null, "short_name": null, "natural": null, "wheelchair": null, "check_date": null, "denomination": null, "building": null, "healthcare:cholera": null, "designation": null, "wikidata": null, "material": null, "start_date": null, "old_name": null, "internet_access": null, "height": null, "toilets:wheelchair": null, "landuse": null, "type": null }, "geometry": { "type": "Point", "coordinates": [ -0.1192658, 12.232571 ] } },
{ "type": "Feature", "properties": { "element": "node", "id": 13249904966, "amenity": "hospital", "name": "CSPS", "name:fr": null, "healthcare": null, "operator": "Public", "Observation": null, "description": null, "name:en": null, "website": null, "opening_hours": null, "addr:city": null, "addr:street": null, "healthcare:speciality": null, "created_by": null, "health_facility:type": null, "id:uuid": null, "is_in:health_admin3": null, "operator:type": null, "source": null, "survey:date": null, "addr:housenumber": null, "emergency": null, "phone": null, "barrier": null, "addr:postcode": null, "short_name": null, "natural": null, "wheelchair": null, "check_date": null, "denomination": null, "building": null, "healthcare:cholera": null, "designation": null, "wikidata": null, "material": null, "start_date": null, "old_name": null, "internet_access": null, "height": null, "toilets:wheelchair": null, "landuse": null, "type": null }, "geometry": { "type": "Point", "coordinates": [ -0.1313317, 12.19533 ] } },
{ "type": "Feature", "properties": { "element": "node", "id": 13250349357, "amenity": "hospital", "name": "CSPS", "name:fr": null, "healthcare": null, "operator": "Public", "Observation": null, "description": null, "name:en": null, "website": null, "opening_hours": null, "addr:city": null, "addr:street": null, "healthcare:speciality": null, "created_by": null, "health_facility:type": null, "id:uuid": null, "is_in:health_admin3": null, "operator:type": null, "source": null, "survey:date": null, "addr:housenumber": null, "emergency": null, "phone": null, "barrier": null, "addr:postcode": null, "short_name": null, "natural": null, "wheelchair": null, "check_date": null, "denomination": null, "building": null, "healthcare:cholera": null, "designation": null, "wikidata": null, "material": null, "start_date": null, "old_name": null, "internet_access": null, "height": null, "toilets:wheelchair": null, "landuse": null, "type": null }, "geometry": { "type": "Point", "coordinates": [ -0.1557693, 12.2032657 ] } },
{ "type": "Feature", "properties": { "element": "node", "id": 13255767381, "amenity": "hospital", "name": "CSPS", "name:fr": null, "healthcare": null, "operator": "Public", "Observation": null, "description": null, "name:en": null, "website": null, "opening_hours": null, "addr:city": null, "addr:street": null, "healthcare:speciality": null, "created_by": null, "health_facility:type": null, "id:uuid": null, "is_in:health_admin3": null, "operator:type": null, "source": null, "survey:date": null, "addr:housenumber": null, "emergency": null, "phone": null, "barrier": null, "addr:postcode": null, "short_name": null, "natural": null, "wheelchair": null, "check_date": null, "denomination": null, "building": null, "healthcare:cholera": null, "designation": null, "wikidata": null, "material": null, "start_date": null, "old_name": null, "internet_access": null, "height": null, "toilets:wheelchair": null, "landuse": null, "type": null }, "geometry": { "type": "Point", "coordinates": [ -0.1362562, 12.1671192 ] } },
{ "type": "Feature", "properties": { "element": "node", "id": 13256252367, "amenity": "hospital", "name": "CSPS", "name:fr": null, "healthcare": null, "operator": "Public", "Observation": null, "description": null, "name:en": null, "website": null, "opening_hours": null, "addr:city": null, "addr:street": null, "healthcare:speciality": null, "created_by": null, "health_facility:type": null, "id:uuid": null, "is_in:health_admin3": null, "operator:type": null, "source": null, "survey:date": null, "addr:housenumber": null, "emergency": null, "phone": null, "barrier": null, "addr:postcode": null, "short_name": null, "natural": null, "wheelchair": null, "check_date": null, "denomination": null, "building": null, "healthcare:cholera": null, "designation": null, "wikidata": null, "material": null, "start_date": null, "old_name": null, "internet_access": null, "height": null, "toilets:wheelchair": null, "landuse": null, "type": null }, "geometry": { "type": "Point", "coordinates": [ -0.1762077, 12.188254 ] } },
{ "type": "Feature", "properties": { "element": "node", "id": 13261020981, "amenity": "hospital", "name": "Dispensaire", "name:fr": null, "healthcare": null, "operator": "Public", "Observation": null, "description": null, "name:en": null, "website": null, "opening_hours": null, "addr:city": null, "addr:street": null, "healthcare:speciality": null, "created_by": null, "health_facility:type": null, "id:uuid": null, "is_in:health_admin3": null, "operator:type": null, "source": null, "survey:date": null, "addr:housenumber": null, "emergency": null, "phone": null, "barrier": null, "addr:postcode": null, "short_name": null, "natural": null, "wheelchair": null, "check_date": null, "denomination": null, "building": null, "healthcare:cholera": null, "designation": null, "wikidata": null, "material": null, "start_date": null, "old_name": null, "internet_access": null, "height": null, "toilets:wheelchair": null, "landuse": null, "type": null }, "geometry": { "type": "Point", "coordinates": [ -0.1895088, 12.1992074 ] } },
{ "type": "Feature", "properties": { "element": "node", "id": 13271251017, "amenity": "hospital", "name": "CSPS", "name:fr": null, "healthcare": null, "operator": "Public", "Observation": null, "description": null, "name:en": null, "website": null, "opening_hours": null, "addr:city": null, "addr:street": null, "healthcare:speciality": null, "created_by": null, "health_facility:type": null, "id:uuid": null, "is_in:health_admin3": null, "operator:type": null, "source": null, "survey:date": null, "addr:housenumber": null, "emergency": null, "phone": null, "barrier": null, "addr:postcode": null, "short_name": null, "natural": null, "wheelchair": null, "check_date": null, "denomination": null, "building": null, "healthcare:cholera": null, "designation": null, "wikidata": null, "material": null, "start_date": null, "old_name": null, "internet_access": null, "height": null, "toilets:wheelchair": null, "landuse": null, "type": null }, "geometry": { "type": "Point", "coordinates": [ -0.0590891, 12.2410114 ] } },
{ "type": "Feature", "properties": { "element": "node", "id": 13301791740, "amenity": "hospital", "name": "CSPS", "name:fr": null, "healthcare": null, "operator": "Public", "Observation": null, "description": null, "name:en": null, "website": null, "opening_hours": null, "addr:city": null, "addr:street": null, "healthcare:speciality": null, "created_by": null, "health_facility:type": null, "id:uuid": null, "is_in:health_admin3": null, "operator:type": null, "source": null, "survey:date": null, "addr:housenumber": null, "emergency": null, "phone": null, "barrier": null, "addr:postcode": null, "short_name": null, "natural": null, "wheelchair": null, "check_date": null, "denomination": null, "building": null, "healthcare:cholera": null, "designation": null, "wikidata": null, "material": null, "start_date": null, "old_name": null, "internet_access": null, "height": null, "toilets:wheelchair": null, "landuse": null, "type": null }, "geometry": { "type": "Point", "coordinates": [ -2.3123941, 12.5315653 ] } },
{ "type": "Feature", "properties": { "element": "node", "id": 13306859758, "amenity": "hospital", "name": "CSPS", "name:fr": null, "healthcare": null, "operator": "Public", "Observation": null, "description": null, "name:en": null, "website": null, "opening_hours": null, "addr:city": null, "addr:street": null, "healthcare:speciality": null, "created_by": null, "health_facility:type": null, "id:uuid": null, "is_in:health_admin3": null, "operator:type": null, "source": null, "survey:date": null, "addr:housenumber": null, "emergency": null, "phone": null, "barrier": null, "addr:postcode": null, "short_name": null, "natural": null, "wheelchair": null, "check_date": null, "denomination": null, "building": null, "healthcare:cholera": null, "designation": null, "wikidata": null, "material": null, "start_date": null, "old_name": null, "internet_access": null, "height": null, "toilets:wheelchair": null, "landuse": null, "type": null }, "geometry": { "type": "Point", "coordinates": [ 0.0340466, 12.2227736 ] } },
{ "type": "Feature", "properties": { "element": "node", "id": 13327801141, "amenity": "hospital", "name": "CSPS", "name:fr": null, "healthcare": null, "operator": "Public", "Observation": null, "description": null, "name:en": null, "website": null, "opening_hours": null, "addr:city": null, "addr:street": null, "healthcare:speciality": null, "created_by": null, "health_facility:type": null, "id:uuid": null, "is_in:health_admin3": null, "operator:type": null, "source": null, "survey:date": null, "addr:housenumber": null, "emergency": null, "phone": null, "barrier": null, "addr:postcode": null, "short_name": null, "natural": null, "wheelchair": null, "check_date": null, "denomination": null, "building": null, "healthcare:cholera": null, "designation": null, "wikidata": null, "material": null, "start_date": null, "old_name": null, "internet_access": null, "height": null, "toilets:wheelchair": null, "landuse": null, "type": null }, "geometry": { "type": "Point", "coordinates": [ -0.1496351, 12.2747589 ] } },
{ "type": "Feature", "properties": { "element": "node", "id": 13336356583, "amenity": "hospital", "name": "CSPS", "name:fr": null, "healthcare": null, "operator": "Public", "Observation": null, "description": null, "name:en": null, "website": null, "opening_hours": null, "addr:city": null, "addr:street": null, "healthcare:speciality": null, "created_by": null, "health_facility:type": null, "id:uuid": null, "is_in:health_admin3": null, "operator:type": null, "source": null, "survey:date": null, "addr:housenumber": null, "emergency": null, "phone": null, "barrier": null, "addr:postcode": null, "short_name": null, "natural": null, "wheelchair": null, "check_date": null, "denomination": null, "building": null, "healthcare:cholera": null, "designation": null, "wikidata": null, "material": null, "start_date": null, "old_name": null, "internet_access": null, "height": null, "toilets:wheelchair": null, "landuse": null, "type": null }, "geometry": { "type": "Point", "coordinates": [ -0.0920936, 12.299419 ] } },
{ "type": "Feature", "properties": { "element": "node", "id": 13351452749, "amenity": "hospital", "name": "CSPS", "name:fr": null, "healthcare": null, "operator": "Public", "Observation": null, "description": null, "name:en": null, "website": null, "opening_hours": null, "addr:city": null, "addr:street": null, "healthcare:speciality": null, "created_by": null, "health_facility:type": null, "id:uuid": null, "is_in:health_admin3": null, "operator:type": null, "source": null, "survey:date": null, "addr:housenumber": null, "emergency": null, "phone": null, "barrier": null, "addr:postcode": null, "short_name": null, "natural": null, "wheelchair": null, "check_date": null, "denomination": null, "building": null, "healthcare:cholera": null, "designation": null, "wikidata": null, "material": null, "start_date": null, "old_name": null, "internet_access": null, "height": null, "toilets:wheelchair": null, "landuse": null, "type": null }, "geometry": { "type": "Point", "coordinates": [ -0.205657, 12.2810044 ] } },
{ "type": "Feature", "properties": { "element": "node", "id": 13369855680, "amenity": "hospital", "name": "CSPS", "name:fr": null, "healthcare": null, "operator": "Public", "Observation": null, "description": null, "name:en": null, "website": null, "opening_hours": null, "addr:city": null, "addr:street": null, "healthcare:speciality": null, "created_by": null, "health_facility:type": null, "id:uuid": null, "is_in:health_admin3": null, "operator:type": null, "source": null, "survey:date": null, "addr:housenumber": null, "emergency": null, "phone": null, "barrier": null, "addr:postcode": null, "short_name": null, "natural": null, "wheelchair": null, "check_date": null, "denomination": null, "building": null, "healthcare:cholera": null, "designation": null, "wikidata": null, "material": null, "start_date": null, "old_name": null, "internet_access": null, "height": null, "toilets:wheelchair": null, "landuse": null, "type": null }, "geometry": { "type": "Point", "coordinates": [ -0.2336124, 12.1824258 ] } },
{ "type": "Feature", "properties": { "element": "node", "id": 13389191829, "amenity": "hospital", "name": "CSPS", "name:fr": null, "healthcare": null, "operator": "Public", "Observation": null, "description": null, "name:en": null, "website": null, "opening_hours": null, "addr:city": null, "addr:street": null, "healthcare:speciality": null, "created_by": null, "health_facility:type": null, "id:uuid": null, "is_in:health_admin3": null, "operator:type": null, "source": null, "survey:date": null, "addr:housenumber": null, "emergency": null, "phone": null, "barrier": null, "addr:postcode": null, "short_name": null, "natural": null, "wheelchair": null, "check_date": null, "denomination": null, "building": null, "healthcare:cholera": null, "designation": null, "wikidata": null, "material": null, "start_date": null, "old_name": null, "internet_access": null, "height": null, "toilets:wheelchair": null, "landuse": null, "type": null }, "geometry": { "type": "Point", "coordinates": [ -0.2628163, 12.1929626 ] } },
{ "type": "Feature", "properties": { "element": "node", "id": 13395281623, "amenity": "hospital", "name": "CSPS", "name:fr": null, "healthcare": null, "operator": "Public", "Observation": null, "description": null, "name:en": null, "website": null, "opening_hours": null, "addr:city": null, "addr:street": null, "healthcare:speciality": null, "created_by": null, "health_facility:type": null, "id:uuid": null, "is_in:health_admin3": null, "operator:type": null, "source": null, "survey:date": null, "addr:housenumber": null, "emergency": null, "phone": null, "barrier": null, "addr:postcode": null, "short_name": null, "natural": null, "wheelchair": null, "check_date": null, "denomination": null, "building": null, "healthcare:cholera": null, "designation": null, "wikidata": null, "material": null, "start_date": null, "old_name": null, "internet_access": null, "height": null, "toilets:wheelchair": null, "landuse": null, "type": null }, "geometry": { "type": "Point", "coordinates": [ -0.2832225, 12.2217631 ] } },
{ "type": "Feature", "properties": { "element": "node", "id": 13412788998, "amenity": "hospital", "name": "CSPS", "name:fr": null, "healthcare": null, "operator": "Public", "Observation": null, "description": null, "name:en": null, "website": null, "opening_hours": null, "addr:city": null, "addr:street": null, "healthcare:speciality": null, "created_by": null, "health_facility:type": null, "id:uuid": null, "is_in:health_admin3": null, "operator:type": null, "source": null, "survey:date": null, "addr:housenumber": null, "emergency": null, "phone": null, "barrier": null, "addr:postcode": null, "short_name": null, "natural": null, "wheelchair": null, "check_date": null, "denomination": null, "building": null, "healthcare:cholera": null, "designation": null, "wikidata": null, "material": null, "start_date": null, "old_name": null, "internet_access": null, "height": null, "toilets:wheelchair": null, "landuse": null, "type": null }, "geometry": { "type": "Point", "coordinates": [ -2.3651397, 13.4996781 ] } },
{ "type": "Feature", "properties": { "element": "node", "id": 13415362407, "amenity": "hospital", "name": "CSPS", "name:fr": null, "healthcare": null, "operator": "Public", "Observation": null, "description": null, "name:en": null, "website": null, "opening_hours": null, "addr:city": null, "addr:street": null, "healthcare:speciality": null, "created_by": null, "health_facility:type": null, "id:uuid": null, "is_in:health_admin3": null, "operator:type": null, "source": null, "survey:date": null, "addr:housenumber": null, "emergency": null, "phone": null, "barrier": null, "addr:postcode": null, "short_name": null, "natural": null, "wheelchair": null, "check_date": null, "denomination": null, "building": null, "healthcare:cholera": null, "designation": null, "wikidata": null, "material": null, "start_date": null, "old_name": null, "internet_access": null, "height": null, "toilets:wheelchair": null, "landuse": null, "type": null }, "geometry": { "type": "Point", "coordinates": [ -2.3280636, 13.4859696 ] } },
{ "type": "Feature", "properties": { "element": "node", "id": 13423245252, "amenity": "hospital", "name": "CSPS", "name:fr": null, "healthcare": null, "operator": "Public", "Observation": null, "description": null, "name:en": null, "website": null, "opening_hours": null, "addr:city": null, "addr:street": null, "healthcare:speciality": null, "created_by": null, "health_facility:type": null, "id:uuid": null, "is_in:health_admin3": null, "operator:type": null, "source": null, "survey:date": null, "addr:housenumber": null, "emergency": null, "phone": null, "barrier": null, "addr:postcode": null, "short_name": null, "natural": null, "wheelchair": null, "check_date": null, "denomination": null, "building": null, "healthcare:cholera": null, "designation": null, "wikidata": null, "material": null, "start_date": null, "old_name": null, "internet_access": null, "height": null, "toilets:wheelchair": null, "landuse": null, "type": null }, "geometry": { "type": "Point", "coordinates": [ -2.3736973, 13.4298569 ] } },
{ "type": "Feature", "properties": { "element": "node", "id": 13426953943, "amenity": "hospital", "name": "CSPS", "name:fr": null, "healthcare": null, "operator": "Public", "Observation": null, "description": null, "name:en": null, "website": null, "opening_hours": null, "addr:city": null, "addr:street": null, "healthcare:speciality": null, "created_by": null, "health_facility:type": null, "id:uuid": null, "is_in:health_admin3": null, "operator:type": null, "source": null, "survey:date": null, "addr:housenumber": null, "emergency": null, "phone": null, "barrier": null, "addr:postcode": null, "short_name": null, "natural": null, "wheelchair": null, "check_date": null, "denomination": null, "building": null, "healthcare:cholera": null, "designation": null, "wikidata": null, "material": null, "start_date": null, "old_name": null, "internet_access": null, "height": null, "toilets:wheelchair": null, "landuse": null, "type": null }, "geometry": { "type": "Point", "coordinates": [ -2.3070028, 13.4167678 ] } },
{ "type": "Feature", "properties": { "element": "node", "id": 13432283415, "amenity": "hospital", "name": "CSPS", "name:fr": null, "healthcare": null, "operator": "Public", "Observation": null, "description": null, "name:en": null, "website": null, "opening_hours": null, "addr:city": null, "addr:street": null, "healthcare:speciality": null, "created_by": null, "health_facility:type": null, "id:uuid": null, "is_in:health_admin3": null, "operator:type": null, "source": null, "survey:date": null, "addr:housenumber": null, "emergency": null, "phone": null, "barrier": null, "addr:postcode": null, "short_name": null, "natural": null, "wheelchair": null, "check_date": null, "denomination": null, "building": null, "healthcare:cholera": null, "designation": null, "wikidata": null, "material": null, "start_date": null, "old_name": null, "internet_access": null, "height": null, "toilets:wheelchair": null, "landuse": null, "type": null }, "geometry": { "type": "Point", "coordinates": [ -2.3468605, 13.3858883 ] } },
{ "type": "Feature", "properties": { "element": "node", "id": 13442536229, "amenity": "hospital", "name": "CSPS", "name:fr": null, "healthcare": null, "operator": "Public", "Observation": null, "description": null, "name:en": null, "website": null, "opening_hours": null, "addr:city": null, "addr:street": null, "healthcare:speciality": null, "created_by": null, "health_facility:type": null, "id:uuid": null, "is_in:health_admin3": null, "operator:type": null, "source": null, "survey:date": null, "addr:housenumber": null, "emergency": null, "phone": null, "barrier": null, "addr:postcode": null, "short_name": null, "natural": null, "wheelchair": null, "check_date": null, "denomination": null, "building": null, "healthcare:cholera": null, "designation": null, "wikidata": null, "material": null, "start_date": null, "old_name": null, "internet_access": null, "height": null, "toilets:wheelchair": null, "landuse": null, "type": null }, "geometry": { "type": "Point", "coordinates": [ -2.2671828, 13.500664 ] } },
{ "type": "Feature", "properties": { "element": "node", "id": 13442544610, "amenity": "hospital", "name": "CSPS", "name:fr": null, "healthcare": null, "operator": "Public", "Observation": null, "description": null, "name:en": null, "website": null, "opening_hours": null, "addr:city": null, "addr:street": null, "healthcare:speciality": null, "created_by": null, "health_facility:type": null, "id:uuid": null, "is_in:health_admin3": null, "operator:type": null, "source": null, "survey:date": null, "addr:housenumber": null, "emergency": null, "phone": null, "barrier": null, "addr:postcode": null, "short_name": null, "natural": null, "wheelchair": null, "check_date": null, "denomination": null, "building": null, "healthcare:cholera": null, "designation": null, "wikidata": null, "material": null, "start_date": null, "old_name": null, "internet_access": null, "height": null, "toilets:wheelchair": null, "landuse": null, "type": null }, "geometry": { "type": "Point", "coordinates": [ -2.2502822, 13.4495634 ] } },
{ "type": "Feature", "properties": { "element": "node", "id": 13449697790, "amenity": "hospital", "name": "CSPS", "name:fr": null, "healthcare": null, "operator": "Public", "Observation": null, "description": null, "name:en": null, "website": null, "opening_hours": null, "addr:city": null, "addr:street": null, "healthcare:speciality": null, "created_by": null, "health_facility:type": null, "id:uuid": null, "is_in:health_admin3": null, "operator:type": null, "source": null, "survey:date": null, "addr:housenumber": null, "emergency": null, "phone": null, "barrier": null, "addr:postcode": null, "short_name": null, "natural": null, "wheelchair": null, "check_date": null, "denomination": null, "building": null, "healthcare:cholera": null, "designation": null, "wikidata": null, "material": null, "start_date": null, "old_name": null, "internet_access": null, "height": null, "toilets:wheelchair": null, "landuse": null, "type": null }, "geometry": { "type": "Point", "coordinates": [ -2.1949804, 13.4408373 ] } },
{ "type": "Feature", "properties": { "element": "node", "id": 13462131186, "amenity": "hospital", "name": "CSPS", "name:fr": null, "healthcare": null, "operator": "Public", "Observation": null, "description": null, "name:en": null, "website": null, "opening_hours": null, "addr:city": null, "addr:street": null, "healthcare:speciality": null, "created_by": null, "health_facility:type": null, "id:uuid": null, "is_in:health_admin3": null, "operator:type": null, "source": null, "survey:date": null, "addr:housenumber": null, "emergency": null, "phone": null, "barrier": null, "addr:postcode": null, "short_name": null, "natural": null, "wheelchair": null, "check_date": null, "denomination": null, "building": null, "healthcare:cholera": null, "designation": null, "wikidata": null, "material": null, "start_date": null, "old_name": null, "internet_access": null, "height": null, "toilets:wheelchair": null, "landuse": null, "type": null }, "geometry": { "type": "Point", "coordinates": [ -2.1743435, 13.4804948 ] } },
{ "type": "Feature", "properties": { "element": "node", "id": 13468053811, "amenity": "hospital", "name": "CSPS", "name:fr": null, "healthcare": null, "operator": null, "Observation": null, "description": null, "name:en": null, "website": null, "opening_hours": null, "addr:city": null, "addr:street": null, "healthcare:speciality": null, "created_by": null, "health_facility:type": null, "id:uuid": null, "is_in:health_admin3": null, "operator:type": null, "source": null, "survey:date": null, "addr:housenumber": null, "emergency": null, "phone": null, "barrier": null, "addr:postcode": null, "short_name": null, "natural": null, "wheelchair": null, "check_date": null, "denomination": null, "building": null, "healthcare:cholera": null, "designation": null, "wikidata": null, "material": null, "start_date": null, "old_name": null, "internet_access": null, "height": null, "toilets:wheelchair": null, "landuse": null, "type": null }, "geometry": { "type": "Point", "coordinates": [ -2.1631426, 13.4800644 ] } },
{ "type": "Feature", "properties": { "element": "node", "id": 13503945192, "amenity": "hospital", "name": "CSPS", "name:fr": null, "healthcare": null, "operator": "Public", "Observation": null, "description": null, "name:en": null, "website": null, "opening_hours": null, "addr:city": null, "addr:street": null, "healthcare:speciality": null, "created_by": null, "health_facility:type": null, "id:uuid": null, "is_in:health_admin3": null, "operator:type": null, "source": null, "survey:date": null, "addr:housenumber": null, "emergency": null, "phone": null, "barrier": null, "addr:postcode": null, "short_name": null, "natural": null, "wheelchair": null, "check_date": null, "denomination": null, "building": null, "healthcare:cholera": null, "designation": null, "wikidata": null, "material": null, "start_date": null, "old_name": null, "internet_access": null, "height": null, "toilets:wheelchair": null, "landuse": null, "type": null }, "geometry": { "type": "Point", "coordinates": [ -2.0893845, 13.4154607 ] } },
{ "type": "Feature", "properties": { "element": "node", "id": 13514468709, "amenity": "hospital", "name": "CSPS", "name:fr": null, "healthcare": null, "operator": "Public", "Observation": null, "description": null, "name:en": null, "website": null, "opening_hours": null, "addr:city": null, "addr:street": null, "healthcare:speciality": null, "created_by": null, "health_facility:type": null, "id:uuid": null, "is_in:health_admin3": null, "operator:type": null, "source": null, "survey:date": null, "addr:housenumber": null, "emergency": null, "phone": null, "barrier": null, "addr:postcode": null, "short_name": null, "natural": null, "wheelchair": null, "check_date": null, "denomination": null, "building": null, "healthcare:cholera": null, "designation": null, "wikidata": null, "material": null, "start_date": null, "old_name": null, "internet_access": null, "height": null, "toilets:wheelchair": null, "landuse": null, "type": null }, "geometry": { "type": "Point", "coordinates": [ -2.6940885, 13.1111569 ] } },
{ "type": "Feature", "properties": { "element": "node", "id": 13521364003, "amenity": "hospital", "name": "Dispensaire", "name:fr": null, "healthcare": null, "operator": "Public", "Observation": null, "description": null, "name:en": null, "website": null, "opening_hours": null, "addr:city": null, "addr:street": null, "healthcare:speciality": null, "created_by": null, "health_facility:type": null, "id:uuid": null, "is_in:health_admin3": null, "operator:type": null, "source": null, "survey:date": null, "addr:housenumber": null, "emergency": null, "phone": null, "barrier": null, "addr:postcode": null, "short_name": null, "natural": null, "wheelchair": null, "check_date": null, "denomination": null, "building": null, "healthcare:cholera": null, "designation": null, "wikidata": null, "material": null, "start_date": null, "old_name": null, "internet_access": null, "height": null, "toilets:wheelchair": null, "landuse": null, "type": null }, "geometry": { "type": "Point", "coordinates": [ -2.6302546, 13.0966661 ] } },
{ "type": "Feature", "properties": { "element": "node", "id": 13534226587, "amenity": "hospital", "name": "CSPS", "name:fr": null, "healthcare": null, "operator": "Public", "Observation": null, "description": null, "name:en": null, "website": null, "opening_hours": null, "addr:city": null, "addr:street": null, "healthcare:speciality": null, "created_by": null, "health_facility:type": null, "id:uuid": null, "is_in:health_admin3": null, "operator:type": null, "source": null, "survey:date": null, "addr:housenumber": null, "emergency": null, "phone": null, "barrier": null, "addr:postcode": null, "short_name": null, "natural": null, "wheelchair": null, "check_date": null, "denomination": null, "building": null, "healthcare:cholera": null, "designation": null, "wikidata": null, "material": null, "start_date": null, "old_name": null, "internet_access": null, "height": null, "toilets:wheelchair": null, "landuse": null, "type": null }, "geometry": { "type": "Point", "coordinates": [ -2.9105334, 10.4972009 ] } },
{ "type": "Feature", "properties": { "element": "node", "id": 13584838739, "amenity": "hospital", "name": "Masroor Medical Complex", "name:fr": null, "healthcare": null, "operator": null, "Observation": null, "description": null, "name:en": null, "website": null, "opening_hours": null, "addr:city": null, "addr:street": null, "healthcare:speciality": null, "created_by": null, "health_facility:type": null, "id:uuid": null, "is_in:health_admin3": null, "operator:type": null, "source": null, "survey:date": null, "addr:housenumber": null, "emergency": null, "phone": null, "barrier": null, "addr:postcode": null, "short_name": null, "natural": null, "wheelchair": null, "check_date": null, "denomination": null, "building": null, "healthcare:cholera": null, "designation": null, "wikidata": null, "material": null, "start_date": null, "old_name": null, "internet_access": null, "height": null, "toilets:wheelchair": null, "landuse": null, "type": null }, "geometry": { "type": "Point", "coordinates": [ -1.4279115, 12.2341018 ] } },
{ "type": "Feature", "properties": { "element": "node", "id": 13621021738, "amenity": "hospital", "name": "CSPS", "name:fr": null, "healthcare": null, "operator": "Public", "Observation": null, "description": null, "name:en": null, "website": null, "opening_hours": null, "addr:city": null, "addr:street": null, "healthcare:speciality": null, "created_by": null, "health_facility:type": null, "id:uuid": null, "is_in:health_admin3": null, "operator:type": null, "source": null, "survey:date": null, "addr:housenumber": null, "emergency": null, "phone": null, "barrier": null, "addr:postcode": null, "short_name": null, "natural": null, "wheelchair": null, "check_date": null, "denomination": null, "building": null, "healthcare:cholera": null, "designation": null, "wikidata": null, "material": null, "start_date": null, "old_name": null, "internet_access": null, "height": null, "toilets:wheelchair": null, "landuse": null, "type": null }, "geometry": { "type": "Point", "coordinates": [ -1.3445109, 12.198109 ] } },
{ "type": "Feature", "properties": { "element": "node", "id": 13624835371, "amenity": "hospital", "name": "CSPS", "name:fr": null, "healthcare": null, "operator": "Public", "Observation": null, "description": null, "name:en": null, "website": null, "opening_hours": null, "addr:city": null, "addr:street": null, "healthcare:speciality": null, "created_by": null, "health_facility:type": null, "id:uuid": null, "is_in:health_admin3": null, "operator:type": null, "source": null, "survey:date": null, "addr:housenumber": null, "emergency": null, "phone": null, "barrier": null, "addr:postcode": null, "short_name": null, "natural": null, "wheelchair": null, "check_date": null, "denomination": null, "building": null, "healthcare:cholera": null, "designation": null, "wikidata": null, "material": null, "start_date": null, "old_name": null, "internet_access": null, "height": null, "toilets:wheelchair": null, "landuse": null, "type": null }, "geometry": { "type": "Point", "coordinates": [ -1.2603083, 12.2024399 ] } },
{ "type": "Feature", "properties": { "element": "node", "id": 13627055572, "amenity": "hospital", "name": "CSPS", "name:fr": null, "healthcare": null, "operator": "Public", "Observation": null, "description": null, "name:en": null, "website": null, "opening_hours": null, "addr:city": null, "addr:street": null, "healthcare:speciality": null, "created_by": null, "health_facility:type": null, "id:uuid": null, "is_in:health_admin3": null, "operator:type": null, "source": null, "survey:date": null, "addr:housenumber": null, "emergency": null, "phone": null, "barrier": null, "addr:postcode": null, "short_name": null, "natural": null, "wheelchair": null, "check_date": null, "denomination": null, "building": null, "healthcare:cholera": null, "designation": null, "wikidata": null, "material": null, "start_date": null, "old_name": null, "internet_access": null, "height": null, "toilets:wheelchair": null, "landuse": null, "type": null }, "geometry": { "type": "Point", "coordinates": [ -1.1075592, 12.1729504 ] } },
{ "type": "Feature", "properties": { "element": "node", "id": 13627794238, "amenity": "hospital", "name": "CSPS", "name:fr": null, "healthcare": null, "operator": "Public", "Observation": null, "description": null, "name:en": null, "website": null, "opening_hours": null, "addr:city": null, "addr:street": null, "healthcare:speciality": null, "created_by": null, "health_facility:type": null, "id:uuid": null, "is_in:health_admin3": null, "operator:type": null, "source": null, "survey:date": null, "addr:housenumber": null, "emergency": null, "phone": null, "barrier": null, "addr:postcode": null, "short_name": null, "natural": null, "wheelchair": null, "check_date": null, "denomination": null, "building": null, "healthcare:cholera": null, "designation": null, "wikidata": null, "material": null, "start_date": null, "old_name": null, "internet_access": null, "height": null, "toilets:wheelchair": null, "landuse": null, "type": null }, "geometry": { "type": "Point", "coordinates": [ -1.1604966, 12.1956302 ] } },
{ "type": "Feature", "properties": { "element": "node", "id": 13685607112, "amenity": "hospital", "name": "CSPS", "name:fr": null, "healthcare": null, "operator": "Public", "Observation": null, "description": null, "name:en": null, "website": null, "opening_hours": null, "addr:city": null, "addr:street": null, "healthcare:speciality": null, "created_by": null, "health_facility:type": null, "id:uuid": null, "is_in:health_admin3": null, "operator:type": null, "source": null, "survey:date": null, "addr:housenumber": null, "emergency": null, "phone": null, "barrier": null, "addr:postcode": null, "short_name": null, "natural": null, "wheelchair": null, "check_date": null, "denomination": null, "building": null, "healthcare:cholera": null, "designation": null, "wikidata": null, "material": null, "start_date": null, "old_name": null, "internet_access": null, "height": null, "toilets:wheelchair": null, "landuse": null, "type": null }, "geometry": { "type": "Point", "coordinates": [ -1.3242736, 12.1329241 ] } },
{ "type": "Feature", "properties": { "element": "relation", "id": 8176008, "amenity": "hospital", "name": "CMA de Léo", "name:fr": null, "healthcare": "hospital", "operator": "Ministère de la Santé du Burkina Faso", "Observation": null, "description": "Centre Médical avec Antenne chirurgicale", "name:en": null, "website": null, "opening_hours": null, "addr:city": null, "addr:street": null, "healthcare:speciality": null, "created_by": null, "health_facility:type": null, "id:uuid": null, "is_in:health_admin3": null, "operator:type": "public", "source": "https://www.openstreetmap.org/note/1342322", "survey:date": null, "addr:housenumber": null, "emergency": null, "phone": null, "barrier": null, "addr:postcode": null, "short_name": null, "natural": null, "wheelchair": null, "check_date": null, "denomination": null, "building": null, "healthcare:cholera": null, "designation": null, "wikidata": null, "material": null, "start_date": null, "old_name": null, "internet_access": null, "height": null, "toilets:wheelchair": null, "landuse": null, "type": "multipolygon" }, "geometry": { "type": "Polygon", "coordinates": [ [ [ -2.1057634, 11.1087674 ], [ -2.1057634, 11.1088102 ], [ -2.1057621, 11.1089359 ], [ -2.1057875, 11.1102558 ], [ -2.1050443, 11.1106309 ], [ -2.1050694, 11.1102959 ], [ -2.1032985, 11.1098952 ], [ -2.1032462, 11.1078252 ], [ -2.1032918, 11.1077699 ], [ -2.1060316, 11.107737 ], [ -2.1060973, 11.1077778 ], [ -2.1061054, 11.1081936 ], [ -2.105746, 11.1084029 ], [ -2.1057634, 11.1087674 ] ] ] } },
{ "type": "Feature", "properties": { "element": "way", "id": 27570857, "amenity": "hospital", "name": "Mission Catholique", "name:fr": null, "healthcare": null, "operator": null, "Observation": null, "description": null, "name:en": null, "website": null, "opening_hours": null, "addr:city": null, "addr:street": null, "healthcare:speciality": null, "created_by": null, "health_facility:type": null, "id:uuid": null, "is_in:health_admin3": null, "operator:type": null, "source": null, "survey:date": null, "addr:housenumber": null, "emergency": null, "phone": null, "barrier": null, "addr:postcode": null, "short_name": null, "natural": null, "wheelchair": null, "check_date": null, "denomination": null, "building": null, "healthcare:cholera": null, "designation": null, "wikidata": null, "material": null, "start_date": null, "old_name": null, "internet_access": null, "height": null, "toilets:wheelchair": null, "landuse": null, "type": null }, "geometry": { "type": "Polygon", "coordinates": [ [ [ -1.4925621, 12.3611411 ], [ -1.4925428, 12.3614603 ], [ -1.4894237, 12.3613603 ], [ -1.4894992, 12.3589957 ], [ -1.489518, 12.3584065 ], [ -1.4897222, 12.358092 ], [ -1.4932669, 12.3581773 ], [ -1.4931345, 12.3611521 ], [ -1.4925621, 12.3611411 ] ] ] } },
{ "type": "Feature", "properties": { "element": "way", "id": 28811175, "amenity": "hospital", "name": "Hôpital pédiatrique Charles de Gaulles", "name:fr": null, "healthcare": null, "operator": "Gouvernement", "Observation": null, "description": null, "name:en": null, "website": null, "opening_hours": null, "addr:city": null, "addr:street": null, "healthcare:speciality": null, "created_by": null, "health_facility:type": null, "id:uuid": null, "is_in:health_admin3": null, "operator:type": null, "source": null, "survey:date": null, "addr:housenumber": null, "emergency": "yes", "phone": null, "barrier": null, "addr:postcode": null, "short_name": null, "natural": null, "wheelchair": null, "check_date": null, "denomination": null, "building": null, "healthcare:cholera": null, "designation": null, "wikidata": null, "material": null, "start_date": null, "old_name": null, "internet_access": null, "height": null, "toilets:wheelchair": null, "landuse": null, "type": null }, "geometry": { "type": "Polygon", "coordinates": [ [ [ -1.4716799, 12.3760212 ], [ -1.4703066, 12.3751241 ], [ -1.4712336, 12.373548 ], [ -1.4727613, 12.3744702 ], [ -1.4716799, 12.3760212 ] ] ] } },
{ "type": "Feature", "properties": { "element": "way", "id": 30622762, "amenity": "hospital", "name": "CMA de Pissy", "name:fr": null, "healthcare": "hospital", "operator": null, "Observation": null, "description": null, "name:en": null, "website": null, "opening_hours": null, "addr:city": null, "addr:street": null, "healthcare:speciality": "general;paediatrics;vaccination", "created_by": null, "health_facility:type": null, "id:uuid": null, "is_in:health_admin3": null, "operator:type": null, "source": null, "survey:date": null, "addr:housenumber": null, "emergency": "yes", "phone": null, "barrier": null, "addr:postcode": null, "short_name": null, "natural": null, "wheelchair": "yes", "check_date": null, "denomination": null, "building": null, "healthcare:cholera": null, "designation": null, "wikidata": null, "material": null, "start_date": null, "old_name": null, "internet_access": null, "height": null, "toilets:wheelchair": null, "landuse": null, "type": null }, "geometry": { "type": "Polygon", "coordinates": [ [ [ -1.5675717, 12.3358105 ], [ -1.565993, 12.3367831 ], [ -1.5647248, 12.3375644 ], [ -1.5632964, 12.3353188 ], [ -1.5661486, 12.3335859 ], [ -1.5665605, 12.3342298 ], [ -1.5675717, 12.3358105 ] ] ] } },
{ "type": "Feature", "properties": { "element": "way", "id": 30745193, "amenity": "hospital", "name": "maternité de Goughin", "name:fr": null, "healthcare": "hospital", "operator": null, "Observation": null, "description": null, "name:en": null, "website": null, "opening_hours": null, "addr:city": null, "addr:street": null, "healthcare:speciality": null, "created_by": null, "health_facility:type": null, "id:uuid": null, "is_in:health_admin3": null, "operator:type": null, "source": null, "survey:date": null, "addr:housenumber": null, "emergency": null, "phone": null, "barrier": null, "addr:postcode": null, "short_name": null, "natural": null, "wheelchair": null, "check_date": null, "denomination": null, "building": null, "healthcare:cholera": null, "designation": null, "wikidata": null, "material": null, "start_date": null, "old_name": null, "internet_access": null, "height": null, "toilets:wheelchair": null, "landuse": null, "type": null }, "geometry": { "type": "Polygon", "coordinates": [ [ [ -1.5500182, 12.3562288 ], [ -1.5494751, 12.356563 ], [ -1.549078, 12.3559586 ], [ -1.5496565, 12.3556232 ], [ -1.5500182, 12.3562288 ] ] ] } },
{ "type": "Feature", "properties": { "element": "way", "id": 30903048, "amenity": "hospital", "name": "Maternité SMI", "name:fr": null, "healthcare": "hospital", "operator": null, "Observation": null, "description": null, "name:en": null, "website": null, "opening_hours": null, "addr:city": null, "addr:street": null, "healthcare:speciality": null, "created_by": null, "health_facility:type": null, "id:uuid": null, "is_in:health_admin3": null, "operator:type": null, "source": null, "survey:date": null, "addr:housenumber": null, "emergency": null, "phone": null, "barrier": null, "addr:postcode": null, "short_name": null, "natural": null, "wheelchair": null, "check_date": null, "denomination": null, "building": null, "healthcare:cholera": null, "designation": null, "wikidata": null, "material": null, "start_date": null, "old_name": null, "internet_access": null, "height": null, "toilets:wheelchair": null, "landuse": null, "type": null }, "geometry": { "type": "Polygon", "coordinates": [ [ [ -1.5455258, 12.3469762 ], [ -1.5446921, 12.3475043 ], [ -1.5441554, 12.3467523 ], [ -1.544548, 12.3465247 ], [ -1.5455258, 12.3469762 ] ] ] } },
{ "type": "Feature", "properties": { "element": "way", "id": 30916644, "amenity": "hospital", "name": "Maternité Yennenga", "name:fr": null, "healthcare": null, "operator": null, "Observation": null, "description": null, "name:en": null, "website": null, "opening_hours": null, "addr:city": null, "addr:street": null, "healthcare:speciality": null, "created_by": "Potlatch 0.10f", "health_facility:type": null, "id:uuid": null, "is_in:health_admin3": null, "operator:type": null, "source": null, "survey:date": null, "addr:housenumber": null, "emergency": null, "phone": null, "barrier": null, "addr:postcode": null, "short_name": null, "natural": null, "wheelchair": null, "check_date": null, "denomination": null, "building": null, "healthcare:cholera": null, "designation": null, "wikidata": null, "material": null, "start_date": null, "old_name": null, "internet_access": null, "height": null, "toilets:wheelchair": null, "landuse": null, "type": null }, "geometry": { "type": "Polygon", "coordinates": [ [ [ -1.5191163, 12.3536701 ], [ -1.5187464, 12.3537333 ], [ -1.518677, 12.3533437 ], [ -1.518792, 12.3527496 ], [ -1.5189557, 12.3527367 ], [ -1.5191163, 12.3536701 ] ] ] } },
{ "type": "Feature", "properties": { "element": "way", "id": 30947070, "amenity": "hospital", "name": "Centre Médical", "name:fr": null, "healthcare": null, "operator": null, "Observation": null, "description": null, "name:en": null, "website": null, "opening_hours": null, "addr:city": null, "addr:street": null, "healthcare:speciality": null, "created_by": null, "health_facility:type": null, "id:uuid": null, "is_in:health_admin3": null, "operator:type": null, "source": null, "survey:date": null, "addr:housenumber": null, "emergency": null, "phone": null, "barrier": null, "addr:postcode": null, "short_name": null, "natural": null, "wheelchair": null, "check_date": null, "denomination": null, "building": null, "healthcare:cholera": null, "designation": null, "wikidata": null, "material": null, "start_date": null, "old_name": null, "internet_access": null, "height": null, "toilets:wheelchair": null, "landuse": null, "type": null }, "geometry": { "type": "Polygon", "coordinates": [ [ [ -1.547701, 12.3784034 ], [ -1.5471439, 12.3785215 ], [ -1.5467314, 12.3765672 ], [ -1.5472171, 12.3764603 ], [ -1.547701, 12.3784034 ] ] ] } },
{ "type": "Feature", "properties": { "element": "way", "id": 30950120, "amenity": "hospital", "name": "Maternité de Pogbi", "name:fr": null, "healthcare": null, "operator": null, "Observation": null, "description": null, "name:en": null, "website": null, "opening_hours": null, "addr:city": null, "addr:street": null, "healthcare:speciality": null, "created_by": null, "health_facility:type": null, "id:uuid": null, "is_in:health_admin3": null, "operator:type": null, "source": null, "survey:date": null, "addr:housenumber": null, "emergency": null, "phone": null, "barrier": null, "addr:postcode": null, "short_name": null, "natural": null, "wheelchair": null, "check_date": null, "denomination": null, "building": null, "healthcare:cholera": null, "designation": null, "wikidata": null, "material": null, "start_date": null, "old_name": null, "internet_access": null, "height": null, "toilets:wheelchair": null, "landuse": null, "type": null }, "geometry": { "type": "Polygon", "coordinates": [ [ [ -1.536881, 12.3777803 ], [ -1.5361648, 12.3779552 ], [ -1.5359566, 12.377057 ], [ -1.5366616, 12.3768911 ], [ -1.536881, 12.3777803 ] ] ] } },
{ "type": "Feature", "properties": { "element": "way", "id": 30956478, "amenity": "hospital", "name": "Centre médical Paul VI", "name:fr": null, "healthcare": null, "operator": null, "Observation": null, "description": null, "name:en": null, "website": null, "opening_hours": null, "addr:city": null, "addr:street": null, "healthcare:speciality": null, "created_by": null, "health_facility:type": null, "id:uuid": null, "is_in:health_admin3": null, "operator:type": null, "source": null, "survey:date": null, "addr:housenumber": null, "emergency": null, "phone": null, "barrier": null, "addr:postcode": null, "short_name": null, "natural": null, "wheelchair": null, "check_date": null, "denomination": null, "building": null, "healthcare:cholera": null, "designation": null, "wikidata": null, "material": null, "start_date": null, "old_name": null, "internet_access": null, "height": null, "toilets:wheelchair": null, "landuse": null, "type": null }, "geometry": { "type": "Polygon", "coordinates": [ [ [ -1.5591896, 12.4000697 ], [ -1.5578005, 12.4012577 ], [ -1.5558253, 12.4009451 ], [ -1.5563333, 12.3978395 ], [ -1.559509, 12.3983425 ], [ -1.5591896, 12.4000697 ] ] ] } },
{ "type": "Feature", "properties": { "element": "way", "id": 30993411, "amenity": "hospital", "name": "Dispensaire maternité", "name:fr": null, "healthcare": "hospital", "operator": null, "Observation": null, "description": null, "name:en": null, "website": null, "opening_hours": null, "addr:city": null, "addr:street": null, "healthcare:speciality": null, "created_by": null, "health_facility:type": null, "id:uuid": null, "is_in:health_admin3": null, "operator:type": null, "source": null, "survey:date": null, "addr:housenumber": null, "emergency": null, "phone": null, "barrier": null, "addr:postcode": null, "short_name": null, "natural": null, "wheelchair": null, "check_date": "2025-08-17", "denomination": null, "building": null, "healthcare:cholera": null, "designation": null, "wikidata": null, "material": null, "start_date": null, "old_name": null, "internet_access": null, "height": null, "toilets:wheelchair": null, "landuse": null, "type": null }, "geometry": { "type": "Polygon", "coordinates": [ [ [ -1.5762069, 12.3945587 ], [ -1.5753143, 12.394391 ], [ -1.5752027, 12.3951623 ], [ -1.5760438, 12.3953299 ], [ -1.5762069, 12.3945587 ] ] ] } },
{ "type": "Feature", "properties": { "element": "way", "id": 30994284, "amenity": "hospital", "name": "Polyclinique Notre Dame de la Paix", "name:fr": null, "healthcare": null, "operator": null, "Observation": null, "description": null, "name:en": null, "website": null, "opening_hours": null, "addr:city": null, "addr:street": null, "healthcare:speciality": null, "created_by": null, "health_facility:type": null, "id:uuid": null, "is_in:health_admin3": null, "operator:type": null, "source": null, "survey:date": null, "addr:housenumber": null, "emergency": "yes", "phone": null, "barrier": null, "addr:postcode": null, "short_name": null, "natural": null, "wheelchair": null, "check_date": null, "denomination": null, "building": null, "healthcare:cholera": null, "designation": null, "wikidata": null, "material": null, "start_date": null, "old_name": null, "internet_access": null, "height": null, "toilets:wheelchair": null, "landuse": null, "type": null }, "geometry": { "type": "Polygon", "coordinates": [ [ [ -1.5051934, 12.4004115 ], [ -1.5032757, 12.402029 ], [ -1.5025001, 12.4011345 ], [ -1.5025714, 12.4008675 ], [ -1.5043061, 12.3994151 ], [ -1.5051934, 12.4004115 ] ] ] } },
{ "type": "Feature", "properties": { "element": "way", "id": 30994313, "amenity": "hospital", "name": "Institut MédicoPsyco Educatif", "name:fr": null, "healthcare": null, "operator": null, "Observation": null, "description": null, "name:en": null, "website": null, "opening_hours": null, "addr:city": null, "addr:street": null, "healthcare:speciality": null, "created_by": null, "health_facility:type": null, "id:uuid": null, "is_in:health_admin3": null, "operator:type": null, "source": null, "survey:date": null, "addr:housenumber": null, "emergency": null, "phone": null, "barrier": null, "addr:postcode": null, "short_name": null, "natural": null, "wheelchair": null, "check_date": null, "denomination": null, "building": null, "healthcare:cholera": null, "designation": null, "wikidata": null, "material": null, "start_date": null, "old_name": null, "internet_access": null, "height": null, "toilets:wheelchair": null, "landuse": null, "type": null }, "geometry": { "type": "Polygon", "coordinates": [ [ [ -1.5076883, 12.3985071 ], [ -1.5071132, 12.3987166 ], [ -1.5062978, 12.3977778 ], [ -1.5068214, 12.3973502 ], [ -1.5073278, 12.3979119 ], [ -1.5076883, 12.3985071 ] ] ] } },
{ "type": "Feature", "properties": { "element": "way", "id": 31136880, "amenity": "hospital", "name": "District Sanitaire de Nongremasson", "name:fr": null, "healthcare": null, "operator": null, "Observation": null, "description": null, "name:en": null, "website": null, "opening_hours": null, "addr:city": null, "addr:street": null, "healthcare:speciality": null, "created_by": null, "health_facility:type": null, "id:uuid": null, "is_in:health_admin3": null, "operator:type": null, "source": null, "survey:date": null, "addr:housenumber": null, "emergency": "yes", "phone": null, "barrier": null, "addr:postcode": null, "short_name": null, "natural": null, "wheelchair": null, "check_date": null, "denomination": null, "building": null, "healthcare:cholera": null, "designation": null, "wikidata": null, "material": null, "start_date": null, "old_name": null, "internet_access": null, "height": null, "toilets:wheelchair": null, "landuse": null, "type": null }, "geometry": { "type": "Polygon", "coordinates": [ [ [ -1.4680397, 12.4180217 ], [ -1.4666475, 12.4191965 ], [ -1.4656693, 12.4180593 ], [ -1.4670775, 12.4168935 ], [ -1.4680397, 12.4180217 ] ] ] } },
{ "type": "Feature", "properties": { "element": "way", "id": 154490996, "amenity": "hospital", "name": "Hôpital Saint Camille de Ouagadougou", "name:fr": null, "healthcare": "hospital", "operator": "Religieux Camilliens", "Observation": null, "description": null, "name:en": null, "website": null, "opening_hours": null, "addr:city": "Ouagadougou", "addr:street": null, "healthcare:speciality": null, "created_by": null, "health_facility:type": null, "id:uuid": null, "is_in:health_admin3": null, "operator:type": null, "source": null, "survey:date": null, "addr:housenumber": null, "emergency": null, "phone": null, "barrier": null, "addr:postcode": null, "short_name": null, "natural": null, "wheelchair": null, "check_date": null, "denomination": null, "building": null, "healthcare:cholera": null, "designation": null, "wikidata": null, "material": null, "start_date": null, "old_name": null, "internet_access": null, "height": null, "toilets:wheelchair": null, "landuse": null, "type": null }, "geometry": { "type": "Polygon", "coordinates": [ [ [ -1.4963398, 12.3676971 ], [ -1.4941843, 12.3676656 ], [ -1.4942017, 12.366531 ], [ -1.4942378, 12.3665315 ], [ -1.4950655, 12.3665437 ], [ -1.4950659, 12.366518 ], [ -1.4950707, 12.3662073 ], [ -1.4963624, 12.3662262 ], [ -1.4963398, 12.3676971 ] ] ] } },
{ "type": "Feature", "properties": { "element": "way", "id": 157920887, "amenity": "hospital", "name": "Centre Hospitalier Régional de Dori", "name:fr": null, "healthcare": null, "operator": null, "Observation": null, "description": null, "name:en": null, "website": null, "opening_hours": null, "addr:city": null, "addr:street": null, "healthcare:speciality": null, "created_by": null, "health_facility:type": null, "id:uuid": null, "is_in:health_admin3": null, "operator:type": null, "source": null, "survey:date": null, "addr:housenumber": null, "emergency": null, "phone": null, "barrier": null, "addr:postcode": null, "short_name": null, "natural": null, "wheelchair": null, "check_date": null, "denomination": null, "building": null, "healthcare:cholera": null, "designation": null, "wikidata": null, "material": null, "start_date": null, "old_name": null, "internet_access": null, "height": null, "toilets:wheelchair": null, "landuse": null, "type": null }, "geometry": { "type": "Polygon", "coordinates": [ [ [ -0.0349991, 14.036244 ], [ -0.0343944, 14.0362381 ], [ -0.0342688, 14.0361078 ], [ -0.0341867, 14.0360204 ], [ -0.0341146, 14.0338788 ], [ -0.0348743, 14.0338572 ], [ -0.0349735, 14.0339049 ], [ -0.0350909, 14.0361514 ], [ -0.0349991, 14.036244 ] ] ] } },
{ "type": "Feature", "properties": { "element": "way", "id": 204431680, "amenity": "hospital", "name": "Hopital de l'Amitié", "name:fr": null, "healthcare": null, "operator": null, "Observation": null, "description": null, "name:en": null, "website": null, "opening_hours": null, "addr:city": null, "addr:street": null, "healthcare:speciality": null, "created_by": null, "health_facility:type": null, "id:uuid": null, "is_in:health_admin3": null, "operator:type": null, "source": null, "survey:date": null, "addr:housenumber": null, "emergency": "yes", "phone": null, "barrier": null, "addr:postcode": null, "short_name": null, "natural": null, "wheelchair": null, "check_date": null, "denomination": "Centre hospitalier régional (CHR)", "building": null, "healthcare:cholera": null, "designation": null, "wikidata": null, "material": null, "start_date": null, "old_name": null, "internet_access": null, "height": null, "toilets:wheelchair": null, "landuse": null, "type": null }, "geometry": { "type": "Polygon", "coordinates": [ [ [ -2.3584021, 12.263553 ], [ -2.3567552, 12.2619909 ], [ -2.3572895, 12.2593325 ], [ -2.3589278, 12.2593908 ], [ -2.3604728, 12.2608743 ], [ -2.3601603, 12.2611989 ], [ -2.3604406, 12.2614719 ], [ -2.3586113, 12.2633171 ], [ -2.3585255, 12.2633014 ], [ -2.358386, 12.2633958 ], [ -2.3584611, 12.2634901 ], [ -2.3584021, 12.263553 ] ] ] } },
{ "type": "Feature", "properties": { "element": "way", "id": 214800594, "amenity": "hospital", "name": "CHR Banfora", "name:fr": null, "healthcare": null, "operator": null, "Observation": null, "description": null, "name:en": null, "website": null, "opening_hours": null, "addr:city": null, "addr:street": null, "healthcare:speciality": null, "created_by": null, "health_facility:type": null, "id:uuid": null, "is_in:health_admin3": null, "operator:type": null, "source": null, "survey:date": null, "addr:housenumber": null, "emergency": null, "phone": null, "barrier": null, "addr:postcode": null, "short_name": null, "natural": null, "wheelchair": null, "check_date": null, "denomination": null, "building": null, "healthcare:cholera": null, "designation": null, "wikidata": null, "material": null, "start_date": null, "old_name": null, "internet_access": null, "height": null, "toilets:wheelchair": null, "landuse": null, "type": null }, "geometry": { "type": "Polygon", "coordinates": [ [ [ -4.7458892, 10.6428578 ], [ -4.7453757, 10.6430641 ], [ -4.7426149, 10.6441185 ], [ -4.7425479, 10.6440737 ], [ -4.7422575, 10.6433662 ], [ -4.7411799, 10.6407523 ], [ -4.7460119, 10.6407067 ], [ -4.7463148, 10.6415951 ], [ -4.746664, 10.6425382 ], [ -4.7458892, 10.6428578 ] ] ] } },
{ "type": "Feature", "properties": { "element": "way", "id": 215565376, "amenity": "hospital", "name": null, "name:fr": null, "healthcare": null, "operator": null, "Observation": null, "description": null, "name:en": null, "website": null, "opening_hours": null, "addr:city": null, "addr:street": null, "healthcare:speciality": null, "created_by": null, "health_facility:type": null, "id:uuid": null, "is_in:health_admin3": null, "operator:type": null, "source": null, "survey:date": null, "addr:housenumber": null, "emergency": null, "phone": null, "barrier": null, "addr:postcode": null, "short_name": null, "natural": null, "wheelchair": null, "check_date": null, "denomination": null, "building": null, "healthcare:cholera": null, "designation": null, "wikidata": null, "material": null, "start_date": null, "old_name": null, "internet_access": null, "height": null, "toilets:wheelchair": null, "landuse": null, "type": null }, "geometry": { "type": "Polygon", "coordinates": [ [ [ -4.7644927, 10.6384527 ], [ -4.7630186, 10.6387913 ], [ -4.7633548, 10.6364867 ], [ -4.764024, 10.6365731 ], [ -4.7642069, 10.6372879 ], [ -4.7642527, 10.6374775 ], [ -4.7644927, 10.6384527 ] ] ] } },
{ "type": "Feature", "properties": { "element": "way", "id": 215572206, "amenity": "hospital", "name": null, "name:fr": null, "healthcare": null, "operator": null, "Observation": null, "description": null, "name:en": null, "website": null, "opening_hours": null, "addr:city": null, "addr:street": null, "healthcare:speciality": null, "created_by": null, "health_facility:type": null, "id:uuid": null, "is_in:health_admin3": null, "operator:type": null, "source": null, "survey:date": null, "addr:housenumber": null, "emergency": null, "phone": null, "barrier": null, "addr:postcode": null, "short_name": null, "natural": null, "wheelchair": null, "check_date": null, "denomination": null, "building": null, "healthcare:cholera": null, "designation": null, "wikidata": null, "material": null, "start_date": null, "old_name": null, "internet_access": null, "height": null, "toilets:wheelchair": null, "landuse": null, "type": null }, "geometry": { "type": "Polygon", "coordinates": [ [ [ -4.7514892, 10.6344835 ], [ -4.7512377, 10.6345572 ], [ -4.7511089, 10.6341324 ], [ -4.7513604, 10.6340588 ], [ -4.7514892, 10.6344835 ] ] ] } },
{ "type": "Feature", "properties": { "element": "way", "id": 220115628, "amenity": "hospital", "name": "Centre Hospitalier Régional de Kaya", "name:fr": null, "healthcare": "hospital", "operator": null, "Observation": null, "description": null, "name:en": null, "website": null, "opening_hours": null, "addr:city": null, "addr:street": null, "healthcare:speciality": null, "created_by": null, "health_facility:type": null, "id:uuid": null, "is_in:health_admin3": null, "operator:type": null, "source": null, "survey:date": null, "addr:housenumber": null, "emergency": null, "phone": null, "barrier": "wall", "addr:postcode": null, "short_name": null, "natural": null, "wheelchair": null, "check_date": null, "denomination": null, "building": null, "healthcare:cholera": null, "designation": null, "wikidata": null, "material": null, "start_date": null, "old_name": null, "internet_access": null, "height": null, "toilets:wheelchair": null, "landuse": null, "type": null }, "geometry": { "type": "Polygon", "coordinates": [ [ [ -1.1056393, 13.0866036 ], [ -1.1007374, 13.087998 ], [ -1.1007316, 13.0866537 ], [ -1.1007092, 13.0849098 ], [ -1.1047879, 13.0837436 ], [ -1.1056393, 13.0866036 ] ] ] } },
{ "type": "Feature", "properties": { "element": "way", "id": 221045722, "amenity": "hospital", "name": "CMA de Tougan", "name:fr": null, "healthcare": null, "operator": null, "Observation": null, "description": null, "name:en": null, "website": null, "opening_hours": null, "addr:city": null, "addr:street": null, "healthcare:speciality": null, "created_by": null, "health_facility:type": null, "id:uuid": null, "is_in:health_admin3": null, "operator:type": null, "source": null, "survey:date": null, "addr:housenumber": null, "emergency": null, "phone": null, "barrier": null, "addr:postcode": null, "short_name": null, "natural": null, "wheelchair": null, "check_date": null, "denomination": null, "building": null, "healthcare:cholera": null, "designation": null, "wikidata": null, "material": null, "start_date": null, "old_name": null, "internet_access": null, "height": null, "toilets:wheelchair": null, "landuse": null, "type": null }, "geometry": { "type": "Polygon", "coordinates": [ [ [ -3.0727699, 13.0685226 ], [ -3.0722703, 13.069001 ], [ -3.0700755, 13.068221 ], [ -3.070313, 13.0675761 ], [ -3.0715075, 13.067529 ], [ -3.0727699, 13.0685226 ] ] ] } },
{ "type": "Feature", "properties": { "element": "way", "id": 221045726, "amenity": "hospital", "name": "District Sanitaire de Tougan", "name:fr": null, "healthcare": null, "operator": null, "Observation": null, "description": null, "name:en": null, "website": null, "opening_hours": null, "addr:city": null, "addr:street": null, "healthcare:speciality": null, "created_by": null, "health_facility:type": null, "id:uuid": null, "is_in:health_admin3": null, "operator:type": null, "source": null, "survey:date": null, "addr:housenumber": null, "emergency": null, "phone": null, "barrier": null, "addr:postcode": null, "short_name": null, "natural": null, "wheelchair": null, "check_date": null, "denomination": null, "building": null, "healthcare:cholera": null, "designation": null, "wikidata": null, "material": null, "start_date": null, "old_name": null, "internet_access": null, "height": null, "toilets:wheelchair": null, "landuse": null, "type": null }, "geometry": { "type": "Polygon", "coordinates": [ [ [ -3.0771992, 13.0700505 ], [ -3.0762101, 13.070989 ], [ -3.074842, 13.0696439 ], [ -3.0758397, 13.0686908 ], [ -3.0771992, 13.0700505 ] ] ] } },
{ "type": "Feature", "properties": { "element": "way", "id": 231730218, "amenity": "hospital", "name": "Polyclinique Nafi", "name:fr": null, "healthcare": null, "operator": null, "Observation": null, "description": null, "name:en": null, "website": null, "opening_hours": null, "addr:city": null, "addr:street": null, "healthcare:speciality": null, "created_by": null, "health_facility:type": null, "id:uuid": null, "is_in:health_admin3": null, "operator:type": null, "source": null, "survey:date": null, "addr:housenumber": null, "emergency": null, "phone": null, "barrier": null, "addr:postcode": null, "short_name": null, "natural": null, "wheelchair": null, "check_date": null, "denomination": null, "building": null, "healthcare:cholera": null, "designation": null, "wikidata": null, "material": null, "start_date": null, "old_name": null, "internet_access": null, "height": null, "toilets:wheelchair": null, "landuse": null, "type": null }, "geometry": { "type": "Polygon", "coordinates": [ [ [ -1.5559043, 12.3336081 ], [ -1.5550782, 12.3340745 ], [ -1.5547027, 12.3334666 ], [ -1.5548851, 12.3328953 ], [ -1.5559043, 12.3336081 ] ] ] } },
{ "type": "Feature", "properties": { "element": "way", "id": 231895920, "amenity": "hospital", "name": "Clinique Sandof", "name:fr": null, "healthcare": "hospital", "operator": null, "Observation": null, "description": null, "name:en": null, "website": null, "opening_hours": null, "addr:city": null, "addr:street": null, "healthcare:speciality": null, "created_by": null, "health_facility:type": null, "id:uuid": null, "is_in:health_admin3": null, "operator:type": null, "source": "bing 2010", "survey:date": null, "addr:housenumber": null, "emergency": null, "phone": null, "barrier": null, "addr:postcode": null, "short_name": null, "natural": null, "wheelchair": null, "check_date": null, "denomination": null, "building": "yes", "healthcare:cholera": null, "designation": null, "wikidata": null, "material": null, "start_date": null, "old_name": null, "internet_access": null, "height": null, "toilets:wheelchair": null, "landuse": null, "type": null }, "geometry": { "type": "Polygon", "coordinates": [ [ [ -1.4951874, 12.3600695 ], [ -1.4951599, 12.3600322 ], [ -1.4951237, 12.3599987 ], [ -1.4950921, 12.3599896 ], [ -1.495064, 12.3599915 ], [ -1.4950653, 12.3600322 ], [ -1.4950157, 12.3600348 ], [ -1.495017, 12.3600806 ], [ -1.4949473, 12.3600819 ], [ -1.4949466, 12.3601193 ], [ -1.4949768, 12.3601206 ], [ -1.4949755, 12.3601474 ], [ -1.4950043, 12.3601468 ], [ -1.4950083, 12.36019 ], [ -1.4950251, 12.360211 ], [ -1.4950479, 12.3602267 ], [ -1.4950767, 12.3602346 ], [ -1.4951397, 12.3602359 ], [ -1.4951397, 12.3601684 ], [ -1.495302, 12.360173 ], [ -1.495302, 12.3601284 ], [ -1.4953221, 12.3601278 ], [ -1.4953228, 12.3600734 ], [ -1.4951874, 12.3600695 ] ] ] } },
{ "type": "Feature", "properties": { "element": "way", "id": 232007301, "amenity": "hospital", "name": "maternité de Kéra", "name:fr": null, "healthcare": null, "operator": null, "Observation": null, "description": null, "name:en": null, "website": null, "opening_hours": null, "addr:city": null, "addr:street": null, "healthcare:speciality": null, "created_by": null, "health_facility:type": null, "id:uuid": null, "is_in:health_admin3": null, "operator:type": null, "source": null, "survey:date": null, "addr:housenumber": null, "emergency": null, "phone": null, "barrier": null, "addr:postcode": null, "short_name": null, "natural": null, "wheelchair": null, "check_date": null, "denomination": null, "building": "yes", "healthcare:cholera": null, "designation": null, "wikidata": null, "material": null, "start_date": null, "old_name": null, "internet_access": null, "height": null, "toilets:wheelchair": null, "landuse": null, "type": null }, "geometry": { "type": "Polygon", "coordinates": [ [ [ -2.7242036, 12.6958622 ], [ -2.7241909, 12.6957695 ], [ -2.7240515, 12.6957911 ], [ -2.7240705, 12.6958838 ], [ -2.7242036, 12.6958622 ] ] ] } },
{ "type": "Feature", "properties": { "element": "way", "id": 246216289, "amenity": "hospital", "name": "Hôpital Saint Camille", "name:fr": null, "healthcare": null, "operator": null, "Observation": null, "description": null, "name:en": null, "website": null, "opening_hours": null, "addr:city": null, "addr:street": null, "healthcare:speciality": null, "created_by": null, "health_facility:type": null, "id:uuid": null, "is_in:health_admin3": null, "operator:type": null, "source": null, "survey:date": null, "addr:housenumber": null, "emergency": null, "phone": null, "barrier": null, "addr:postcode": null, "short_name": null, "natural": null, "wheelchair": null, "check_date": null, "denomination": null, "building": null, "healthcare:cholera": null, "designation": null, "wikidata": null, "material": null, "start_date": null, "old_name": null, "internet_access": null, "height": null, "toilets:wheelchair": null, "landuse": null, "type": null }, "geometry": { "type": "Polygon", "coordinates": [ [ [ -2.1915522, 12.6873487 ], [ -2.1915138, 12.6873288 ], [ -2.1914785, 12.687314 ], [ -2.1912763, 12.6872874 ], [ -2.1905113, 12.6871914 ], [ -2.1903965, 12.687242 ], [ -2.1901799, 12.6875753 ], [ -2.1897299, 12.6882656 ], [ -2.189249, 12.6889799 ], [ -2.1892381, 12.6890492 ], [ -2.1892627, 12.6891265 ], [ -2.1901916, 12.6903127 ], [ -2.1904839, 12.6906991 ], [ -2.190555, 12.6907311 ], [ -2.1907872, 12.6906592 ], [ -2.191197, 12.6905525 ], [ -2.1914433, 12.6904335 ], [ -2.1921325, 12.6901003 ], [ -2.192289, 12.6900246 ], [ -2.1927407, 12.6898062 ], [ -2.1925937, 12.6894944 ], [ -2.1924647, 12.6892259 ], [ -2.1924933, 12.6892129 ], [ -2.1924182, 12.6890559 ], [ -2.1923924, 12.6890676 ], [ -2.1923791, 12.68904 ], [ -2.1922408, 12.6887707 ], [ -2.1921357, 12.6885573 ], [ -2.1920863, 12.6885592 ], [ -2.1920806, 12.6885459 ], [ -2.1920757, 12.6885336 ], [ -2.1920933, 12.6885261 ], [ -2.1920748, 12.688485 ], [ -2.1920562, 12.6884929 ], [ -2.192047, 12.6884724 ], [ -2.1920386, 12.6884548 ], [ -2.1920741, 12.6884042 ], [ -2.1917615, 12.6877719 ], [ -2.1915522, 12.6873487 ] ] ] } },
{ "type": "Feature", "properties": { "element": "way", "id": 250458402, "amenity": "hospital", "name": "Centre Hospitalier regional de Koudougou", "name:fr": null, "healthcare": "hospital", "operator": null, "Observation": null, "description": null, "name:en": null, "website": null, "opening_hours": null, "addr:city": null, "addr:street": null, "healthcare:speciality": null, "created_by": null, "health_facility:type": null, "id:uuid": null, "is_in:health_admin3": null, "operator:type": null, "source": null, "survey:date": null, "addr:housenumber": null, "emergency": null, "phone": null, "barrier": "wall", "addr:postcode": null, "short_name": null, "natural": null, "wheelchair": null, "check_date": null, "denomination": null, "building": null, "healthcare:cholera": null, "designation": null, "wikidata": null, "material": null, "start_date": null, "old_name": null, "internet_access": null, "height": null, "toilets:wheelchair": null, "landuse": null, "type": null }, "geometry": { "type": "Polygon", "coordinates": [ [ [ -2.3658655, 12.2563638 ], [ -2.3658984, 12.2572471 ], [ -2.3653694, 12.2571425 ], [ -2.3653057, 12.2569169 ], [ -2.3658655, 12.2563638 ] ] ] } },
{ "type": "Feature", "properties": { "element": "way", "id": 251031775, "amenity": "hospital", "name": "Infirmérie de l'université", "name:fr": null, "healthcare": "hospital", "operator": null, "Observation": null, "description": null, "name:en": null, "website": null, "opening_hours": null, "addr:city": null, "addr:street": null, "healthcare:speciality": null, "created_by": null, "health_facility:type": null, "id:uuid": null, "is_in:health_admin3": null, "operator:type": "government", "source": "survey", "survey:date": null, "addr:housenumber": null, "emergency": null, "phone": null, "barrier": null, "addr:postcode": null, "short_name": null, "natural": null, "wheelchair": null, "check_date": null, "denomination": null, "building": "hospital", "healthcare:cholera": "no", "designation": null, "wikidata": null, "material": null, "start_date": null, "old_name": null, "internet_access": null, "height": null, "toilets:wheelchair": null, "landuse": null, "type": null }, "geometry": { "type": "Polygon", "coordinates": [ [ [ -1.500056, 12.3787222 ], [ -1.4999257, 12.3787289 ], [ -1.4999203, 12.3786155 ], [ -1.5000469, 12.3786057 ], [ -1.500056, 12.3787222 ] ] ] } },
{ "type": "Feature", "properties": { "element": "way", "id": 257735566, "amenity": "hospital", "name": "Centre Médical Internationnal (CMI);CMI (Centre Médical International)", "name:fr": null, "healthcare": "hospital", "operator": null, "Observation": null, "description": "Anciennement Centre Médical Français. Permet de se faire soigner par des médecins occidentaux, avec feuille de soins pour se faire rembourser par la Sécu", "name:en": null, "website": null, "opening_hours": null, "addr:city": null, "addr:street": null, "healthcare:speciality": null, "created_by": null, "health_facility:type": null, "id:uuid": null, "is_in:health_admin3": null, "operator:type": null, "source": null, "survey:date": null, "addr:housenumber": null, "emergency": null, "phone": null, "barrier": null, "addr:postcode": null, "short_name": null, "natural": null, "wheelchair": null, "check_date": null, "denomination": null, "building": null, "healthcare:cholera": null, "designation": null, "wikidata": null, "material": null, "start_date": null, "old_name": null, "internet_access": null, "height": null, "toilets:wheelchair": null, "landuse": null, "type": null }, "geometry": { "type": "Polygon", "coordinates": [ [ [ -1.5074454, 12.3731543 ], [ -1.5075187, 12.3731537 ], [ -1.5075201, 12.3733086 ], [ -1.5074673, 12.373309 ], [ -1.5074678, 12.3733545 ], [ -1.5073824, 12.3733552 ], [ -1.5073819, 12.3733041 ], [ -1.5073554, 12.3733043 ], [ -1.5073546, 12.3732124 ], [ -1.5074085, 12.3732119 ], [ -1.5074087, 12.3732342 ], [ -1.5074461, 12.3732339 ], [ -1.5074454, 12.3731543 ] ] ] } },
{ "type": "Feature", "properties": { "element": "way", "id": 263950712, "amenity": "hospital", "name": "Clinique FRANY", "name:fr": null, "healthcare": "hospital", "operator": null, "Observation": null, "description": null, "name:en": null, "website": null, "opening_hours": null, "addr:city": null, "addr:street": null, "healthcare:speciality": null, "created_by": null, "health_facility:type": null, "id:uuid": null, "is_in:health_admin3": null, "operator:type": null, "source": null, "survey:date": null, "addr:housenumber": null, "emergency": null, "phone": null, "barrier": null, "addr:postcode": null, "short_name": null, "natural": null, "wheelchair": null, "check_date": null, "denomination": null, "building": null, "healthcare:cholera": null, "designation": null, "wikidata": null, "material": null, "start_date": null, "old_name": null, "internet_access": null, "height": null, "toilets:wheelchair": null, "landuse": null, "type": null }, "geometry": { "type": "Polygon", "coordinates": [ [ [ -1.4901136, 12.3825717 ], [ -1.4898941, 12.3825675 ], [ -1.4898998, 12.3822848 ], [ -1.4901192, 12.382289 ], [ -1.4901136, 12.3825717 ] ] ] } },
{ "type": "Feature", "properties": { "element": "way", "id": 284100822, "amenity": "hospital", "name": null, "name:fr": null, "healthcare": null, "operator": null, "Observation": null, "description": null, "name:en": null, "website": null, "opening_hours": null, "addr:city": null, "addr:street": null, "healthcare:speciality": null, "created_by": null, "health_facility:type": null, "id:uuid": null, "is_in:health_admin3": null, "operator:type": null, "source": null, "survey:date": null, "addr:housenumber": null, "emergency": null, "phone": null, "barrier": null, "addr:postcode": null, "short_name": null, "natural": null, "wheelchair": null, "check_date": null, "denomination": null, "building": "hospital", "healthcare:cholera": null, "designation": null, "wikidata": null, "material": null, "start_date": null, "old_name": null, "internet_access": null, "height": null, "toilets:wheelchair": null, "landuse": null, "type": null }, "geometry": { "type": "Polygon", "coordinates": [ [ [ -1.5252803, 12.3944754 ], [ -1.5250808, 12.3944804 ], [ -1.525077, 12.3943398 ], [ -1.5252137, 12.3943363 ], [ -1.5252143, 12.394358 ], [ -1.5252772, 12.3943565 ], [ -1.5252803, 12.3944754 ] ] ] } },
{ "type": "Feature", "properties": { "element": "way", "id": 289706443, "amenity": "hospital", "name": "CMA de Gourcy", "name:fr": null, "healthcare": null, "operator": null, "Observation": null, "description": null, "name:en": null, "website": null, "opening_hours": null, "addr:city": null, "addr:street": null, "healthcare:speciality": null, "created_by": null, "health_facility:type": null, "id:uuid": null, "is_in:health_admin3": null, "operator:type": null, "source": null, "survey:date": null, "addr:housenumber": null, "emergency": null, "phone": null, "barrier": "wall", "addr:postcode": null, "short_name": null, "natural": null, "wheelchair": null, "check_date": null, "denomination": null, "building": null, "healthcare:cholera": null, "designation": null, "wikidata": null, "material": null, "start_date": null, "old_name": null, "internet_access": null, "height": null, "toilets:wheelchair": null, "landuse": null, "type": null }, "geometry": { "type": "Polygon", "coordinates": [ [ [ -2.3606928, 13.2193828 ], [ -2.3586684, 13.2192161 ], [ -2.3588836, 13.2167068 ], [ -2.3609079, 13.2168649 ], [ -2.3606928, 13.2193828 ] ] ] } },
{ "type": "Feature", "properties": { "element": "way", "id": 304519070, "amenity": "hospital", "name": "CMA de Sebba", "name:fr": null, "healthcare": null, "operator": null, "Observation": null, "description": null, "name:en": null, "website": null, "opening_hours": null, "addr:city": null, "addr:street": null, "healthcare:speciality": null, "created_by": null, "health_facility:type": null, "id:uuid": null, "is_in:health_admin3": null, "operator:type": null, "source": null, "survey:date": null, "addr:housenumber": null, "emergency": null, "phone": null, "barrier": "wall", "addr:postcode": null, "short_name": null, "natural": null, "wheelchair": null, "check_date": null, "denomination": null, "building": null, "healthcare:cholera": null, "designation": null, "wikidata": null, "material": null, "start_date": null, "old_name": null, "internet_access": null, "height": null, "toilets:wheelchair": null, "landuse": null, "type": null }, "geometry": { "type": "Polygon", "coordinates": [ [ [ 0.5228977, 13.4438629 ], [ 0.5230827, 13.4438413 ], [ 0.5230738, 13.443618 ], [ 0.5228509, 13.4436288 ], [ 0.5227461, 13.4429526 ], [ 0.523027, 13.4429114 ], [ 0.5229155, 13.4423001 ], [ 0.5227662, 13.4423305 ], [ 0.5227328, 13.4421354 ], [ 0.5238605, 13.4419425 ], [ 0.5242215, 13.4439215 ], [ 0.5241881, 13.443967 ], [ 0.5238894, 13.4440103 ], [ 0.5240766, 13.4451396 ], [ 0.5240566, 13.4451787 ], [ 0.5231896, 13.445326 ], [ 0.5231518, 13.4452935 ], [ 0.5228977, 13.4438629 ] ] ] } },
{ "type": "Feature", "properties": { "element": "way", "id": 305365860, "amenity": "hospital", "name": "Boussouma Hospital", "name:fr": null, "healthcare": null, "operator": null, "Observation": null, "description": null, "name:en": null, "website": null, "opening_hours": null, "addr:city": null, "addr:street": null, "healthcare:speciality": null, "created_by": null, "health_facility:type": null, "id:uuid": null, "is_in:health_admin3": null, "operator:type": null, "source": null, "survey:date": null, "addr:housenumber": null, "emergency": "yes", "phone": null, "barrier": null, "addr:postcode": null, "short_name": null, "natural": null, "wheelchair": null, "check_date": null, "denomination": null, "building": null, "healthcare:cholera": null, "designation": null, "wikidata": null, "material": null, "start_date": null, "old_name": null, "internet_access": null, "height": null, "toilets:wheelchair": null, "landuse": null, "type": null }, "geometry": { "type": "Polygon", "coordinates": [ [ [ -1.0844424, 12.9090997 ], [ -1.0840209, 12.9091902 ], [ -1.0839241, 12.9091465 ], [ -1.0837923, 12.9090185 ], [ -1.0838137, 12.9088792 ], [ -1.0838161, 12.9086262 ], [ -1.0837994, 12.9085102 ], [ -1.0841304, 12.9083337 ], [ -1.0843471, 12.9086123 ], [ -1.0845186, 12.908986 ], [ -1.0844424, 12.9090997 ] ] ] } },
{ "type": "Feature", "properties": { "element": "way", "id": 309903689, "amenity": "hospital", "name": "Clinic", "name:fr": null, "healthcare": null, "operator": null, "Observation": null, "description": null, "name:en": null, "website": null, "opening_hours": null, "addr:city": null, "addr:street": null, "healthcare:speciality": null, "created_by": null, "health_facility:type": null, "id:uuid": null, "is_in:health_admin3": null, "operator:type": null, "source": "Bing", "survey:date": null, "addr:housenumber": null, "emergency": "no", "phone": null, "barrier": null, "addr:postcode": null, "short_name": null, "natural": null, "wheelchair": null, "check_date": null, "denomination": null, "building": "yes", "healthcare:cholera": null, "designation": "Clinic", "wikidata": null, "material": null, "start_date": null, "old_name": null, "internet_access": null, "height": null, "toilets:wheelchair": null, "landuse": null, "type": null }, "geometry": { "type": "Polygon", "coordinates": [ [ [ -1.67433, 12.749933 ], [ -1.6742293, 12.7499631 ], [ -1.6741963, 12.7498582 ], [ -1.674297, 12.7498281 ], [ -1.67433, 12.749933 ] ] ] } },
{ "type": "Feature", "properties": { "element": "way", "id": 309903702, "amenity": "hospital", "name": "Maternity Ward", "name:fr": null, "healthcare": "hospital", "operator": null, "Observation": null, "description": null, "name:en": null, "website": null, "opening_hours": null, "addr:city": null, "addr:street": null, "healthcare:speciality": null, "created_by": null, "health_facility:type": null, "id:uuid": null, "is_in:health_admin3": null, "operator:type": null, "source": "Bing", "survey:date": null, "addr:housenumber": null, "emergency": null, "phone": null, "barrier": null, "addr:postcode": null, "short_name": null, "natural": null, "wheelchair": null, "check_date": null, "denomination": null, "building": "hospital", "healthcare:cholera": null, "designation": null, "wikidata": null, "material": null, "start_date": null, "old_name": null, "internet_access": null, "height": null, "toilets:wheelchair": null, "landuse": null, "type": null }, "geometry": { "type": "Polygon", "coordinates": [ [ [ -1.6754599, 12.7502966 ], [ -1.6753616, 12.7503319 ], [ -1.6753157, 12.7502102 ], [ -1.6754141, 12.7501749 ], [ -1.6754599, 12.7502966 ] ] ] } },
{ "type": "Feature", "properties": { "element": "way", "id": 312848842, "amenity": "hospital", "name": null, "name:fr": null, "healthcare": null, "operator": null, "Observation": null, "description": null, "name:en": null, "website": null, "opening_hours": null, "addr:city": null, "addr:street": null, "healthcare:speciality": null, "created_by": null, "health_facility:type": null, "id:uuid": null, "is_in:health_admin3": null, "operator:type": null, "source": null, "survey:date": null, "addr:housenumber": null, "emergency": null, "phone": null, "barrier": "wall", "addr:postcode": null, "short_name": null, "natural": null, "wheelchair": null, "check_date": null, "denomination": null, "building": null, "healthcare:cholera": null, "designation": null, "wikidata": null, "material": null, "start_date": null, "old_name": null, "internet_access": null, "height": null, "toilets:wheelchair": null, "landuse": null, "type": null }, "geometry": { "type": "Polygon", "coordinates": [ [ [ -1.3138842, 12.0724971 ], [ -1.3138063, 12.0724563 ], [ -1.3137434, 12.0704354 ], [ -1.3138453, 12.0703725 ], [ -1.3144821, 12.0706069 ], [ -1.3151825, 12.0708695 ], [ -1.3155515, 12.0719396 ], [ -1.3155193, 12.0720157 ], [ -1.3152737, 12.072088 ], [ -1.3148913, 12.0722006 ], [ -1.3147087, 12.0722543 ], [ -1.3138842, 12.0724971 ] ] ] } },
{ "type": "Feature", "properties": { "element": "way", "id": 313651554, "amenity": "hospital", "name": "CSPS de Kaya", "name:fr": null, "healthcare": "hospital", "operator": null, "Observation": null, "description": null, "name:en": null, "website": null, "opening_hours": null, "addr:city": null, "addr:street": null, "healthcare:speciality": null, "created_by": null, "health_facility:type": null, "id:uuid": null, "is_in:health_admin3": null, "operator:type": null, "source": null, "survey:date": null, "addr:housenumber": null, "emergency": null, "phone": null, "barrier": null, "addr:postcode": null, "short_name": null, "natural": null, "wheelchair": null, "check_date": null, "denomination": null, "building": null, "healthcare:cholera": null, "designation": null, "wikidata": null, "material": null, "start_date": null, "old_name": null, "internet_access": null, "height": null, "toilets:wheelchair": null, "landuse": null, "type": null }, "geometry": { "type": "Polygon", "coordinates": [ [ [ -1.019495, 11.0554937 ], [ -1.0191812, 11.0547672 ], [ -1.0199296, 11.0544302 ], [ -1.0200717, 11.0547198 ], [ -1.0205304, 11.0547646 ], [ -1.0205974, 11.0548146 ], [ -1.0206403, 11.0549014 ], [ -1.020643, 11.0549409 ], [ -1.020643, 11.0550304 ], [ -1.0206242, 11.055091 ], [ -1.0205867, 11.0551278 ], [ -1.0205449, 11.0551455 ], [ -1.0205035, 11.0551515 ], [ -1.0204526, 11.0551463 ], [ -1.0204215, 11.0551244 ], [ -1.0203748, 11.055091 ], [ -1.019495, 11.0554937 ] ] ] } },
{ "type": "Feature", "properties": { "element": "way", "id": 316773993, "amenity": "hospital", "name": null, "name:fr": null, "healthcare": null, "operator": null, "Observation": null, "description": null, "name:en": null, "website": null, "opening_hours": null, "addr:city": null, "addr:street": null, "healthcare:speciality": null, "created_by": null, "health_facility:type": null, "id:uuid": null, "is_in:health_admin3": null, "operator:type": null, "source": null, "survey:date": null, "addr:housenumber": null, "emergency": null, "phone": null, "barrier": "wall", "addr:postcode": null, "short_name": null, "natural": null, "wheelchair": null, "check_date": null, "denomination": null, "building": null, "healthcare:cholera": null, "designation": null, "wikidata": null, "material": null, "start_date": null, "old_name": null, "internet_access": null, "height": null, "toilets:wheelchair": null, "landuse": null, "type": null }, "geometry": { "type": "Polygon", "coordinates": [ [ [ -1.3553805, 12.6052028 ], [ -1.3553435, 12.6052607 ], [ -1.3539004, 12.6053706 ], [ -1.353857, 12.6053337 ], [ -1.3537175, 12.6036271 ], [ -1.353755, 12.6035852 ], [ -1.3543262, 12.6035347 ], [ -1.3551766, 12.6034595 ], [ -1.3552249, 12.6035014 ], [ -1.3553805, 12.6052028 ] ] ] } },
{ "type": "Feature", "properties": { "element": "way", "id": 325972615, "amenity": "hospital", "name": "Centre Medical avec Antenne chirurgical de Dano;CMA de Dano", "name:fr": null, "healthcare": "hospital", "operator": null, "Observation": null, "description": null, "name:en": null, "website": null, "opening_hours": null, "addr:city": null, "addr:street": null, "healthcare:speciality": null, "created_by": null, "health_facility:type": "hospital", "id:uuid": null, "is_in:health_admin3": null, "operator:type": "government", "source": "bing;knowledge", "survey:date": null, "addr:housenumber": null, "emergency": null, "phone": null, "barrier": "wall", "addr:postcode": null, "short_name": null, "natural": null, "wheelchair": null, "check_date": null, "denomination": null, "building": null, "healthcare:cholera": null, "designation": null, "wikidata": null, "material": null, "start_date": null, "old_name": null, "internet_access": null, "height": null, "toilets:wheelchair": null, "landuse": null, "type": null }, "geometry": { "type": "Polygon", "coordinates": [ [ [ -3.0739432, 11.1470425 ], [ -3.0738677, 11.1473873 ], [ -3.0735558, 11.1488126 ], [ -3.0749038, 11.1490976 ], [ -3.075281, 11.147335 ], [ -3.0745853, 11.1471775 ], [ -3.0745114, 11.14721 ], [ -3.0744068, 11.147188 ], [ -3.0743687, 11.14718 ], [ -3.0743101, 11.147115 ], [ -3.0739432, 11.1470425 ] ] ] } },
{ "type": "Feature", "properties": { "element": "way", "id": 331651491, "amenity": "hospital", "name": "CMA de Ouargaye", "name:fr": null, "healthcare": "hospital", "operator": null, "Observation": null, "description": null, "name:en": null, "website": null, "opening_hours": null, "addr:city": null, "addr:street": null, "healthcare:speciality": null, "created_by": null, "health_facility:type": "hospital", "id:uuid": null, "is_in:health_admin3": null, "operator:type": "public", "source": "bing,survey", "survey:date": null, "addr:housenumber": null, "emergency": null, "phone": null, "barrier": "wall", "addr:postcode": null, "short_name": null, "natural": null, "wheelchair": null, "check_date": null, "denomination": null, "building": null, "healthcare:cholera": null, "designation": null, "wikidata": null, "material": null, "start_date": null, "old_name": null, "internet_access": null, "height": "2.5", "toilets:wheelchair": null, "landuse": null, "type": null }, "geometry": { "type": "Polygon", "coordinates": [ [ [ 0.0545122, 11.504631 ], [ 0.0556049, 11.5035509 ], [ 0.0556693, 11.5035626 ], [ 0.0569536, 11.5048803 ], [ 0.0573561, 11.5052731 ], [ 0.0573592, 11.5053199 ], [ 0.0562753, 11.5063586 ], [ 0.056218, 11.5063586 ], [ 0.0545122, 11.504631 ] ] ] } },
{ "type": "Feature", "properties": { "element": "way", "id": 342937156, "amenity": "hospital", "name": "Hôpital Sanousouro", "name:fr": null, "healthcare": "hospital", "operator": null, "Observation": null, "description": null, "name:en": null, "website": null, "opening_hours": null, "addr:city": null, "addr:street": null, "healthcare:speciality": null, "created_by": null, "health_facility:type": null, "id:uuid": null, "is_in:health_admin3": null, "operator:type": null, "source": null, "survey:date": null, "addr:housenumber": null, "emergency": "yes", "phone": null, "barrier": null, "addr:postcode": null, "short_name": null, "natural": null, "wheelchair": null, "check_date": null, "denomination": null, "building": null, "healthcare:cholera": null, "designation": null, "wikidata": null, "material": null, "start_date": null, "old_name": null, "internet_access": null, "height": null, "toilets:wheelchair": null, "landuse": null, "type": null }, "geometry": { "type": "Polygon", "coordinates": [ [ [ -4.3021855, 11.1710649 ], [ -4.3010093, 11.1709172 ], [ -4.3008369, 11.1719648 ], [ -4.3000751, 11.1711859 ], [ -4.3003589, 11.1691658 ], [ -4.3024349, 11.1690237 ], [ -4.3021855, 11.1710649 ] ] ] } },
{ "type": "Feature", "properties": { "element": "way", "id": 343160686, "amenity": "hospital", "name": "Centre Médical avec Antenne chirurgicale du sect22", "name:fr": null, "healthcare": null, "operator": null, "Observation": null, "description": null, "name:en": null, "website": null, "opening_hours": null, "addr:city": null, "addr:street": null, "healthcare:speciality": null, "created_by": null, "health_facility:type": null, "id:uuid": null, "is_in:health_admin3": null, "operator:type": null, "source": null, "survey:date": null, "addr:housenumber": null, "emergency": null, "phone": null, "barrier": "wall", "addr:postcode": null, "short_name": "CMA du 22", "natural": null, "wheelchair": null, "check_date": null, "denomination": null, "building": null, "healthcare:cholera": null, "designation": null, "wikidata": null, "material": null, "start_date": null, "old_name": null, "internet_access": null, "height": null, "toilets:wheelchair": null, "landuse": null, "type": null }, "geometry": { "type": "Polygon", "coordinates": [ [ [ -4.3196061, 11.2043279 ], [ -4.3195256, 11.2043226 ], [ -4.3180933, 11.2017757 ], [ -4.3181309, 11.2016915 ], [ -4.3190623, 11.2011709 ], [ -4.3200621, 11.2006443 ], [ -4.3201479, 11.2006759 ], [ -4.3215587, 11.2031965 ], [ -4.3215426, 11.203286 ], [ -4.3196061, 11.2043279 ] ] ] } },
{ "type": "Feature", "properties": { "element": "way", "id": 343920080, "amenity": "hospital", "name": null, "name:fr": null, "healthcare": null, "operator": null, "Observation": null, "description": null, "name:en": null, "website": null, "opening_hours": null, "addr:city": null, "addr:street": null, "healthcare:speciality": null, "created_by": null, "health_facility:type": null, "id:uuid": null, "is_in:health_admin3": null, "operator:type": null, "source": null, "survey:date": null, "addr:housenumber": null, "emergency": null, "phone": null, "barrier": "wall", "addr:postcode": null, "short_name": null, "natural": null, "wheelchair": null, "check_date": null, "denomination": null, "building": null, "healthcare:cholera": null, "designation": null, "wikidata": null, "material": null, "start_date": null, "old_name": null, "internet_access": null, "height": null, "toilets:wheelchair": null, "landuse": null, "type": null }, "geometry": { "type": "Polygon", "coordinates": [ [ [ -1.363126, 11.8069255 ], [ -1.3644311, 11.8073413 ], [ -1.3640082, 11.8086134 ], [ -1.3634199, 11.808426 ], [ -1.362703, 11.8081976 ], [ -1.363126, 11.8069255 ] ] ] } },
{ "type": "Feature", "properties": { "element": "way", "id": 358441576, "amenity": "hospital", "name": "Siloe", "name:fr": null, "healthcare": null, "operator": "Église des Assemblées de Dieu de Colma", "Observation": null, "description": null, "name:en": null, "website": null, "opening_hours": null, "addr:city": null, "addr:street": null, "healthcare:speciality": null, "created_by": null, "health_facility:type": null, "id:uuid": null, "is_in:health_admin3": null, "operator:type": null, "source": null, "survey:date": null, "addr:housenumber": null, "emergency": null, "phone": null, "barrier": null, "addr:postcode": null, "short_name": null, "natural": null, "wheelchair": null, "check_date": null, "denomination": null, "building": "yes", "healthcare:cholera": null, "designation": null, "wikidata": null, "material": null, "start_date": null, "old_name": null, "internet_access": null, "height": null, "toilets:wheelchair": null, "landuse": null, "type": null }, "geometry": { "type": "Polygon", "coordinates": [ [ [ -4.3025558, 11.204972 ], [ -4.3024045, 11.2049326 ], [ -4.3024403, 11.2048005 ], [ -4.3025916, 11.2048399 ], [ -4.3025558, 11.204972 ] ] ] } },
{ "type": "Feature", "properties": { "element": "way", "id": 360148272, "amenity": "hospital", "name": "Centre Médical Urbain du Secteur 52", "name:fr": null, "healthcare": "hospital", "operator": "Ministère de la santé du Burkina Faso", "Observation": null, "description": null, "name:en": null, "website": null, "opening_hours": null, "addr:city": "Ouagadougou", "addr:street": null, "healthcare:speciality": "general;maternity;vaccination", "created_by": null, "health_facility:type": null, "id:uuid": null, "is_in:health_admin3": null, "operator:type": null, "source": "bing", "survey:date": null, "addr:housenumber": null, "emergency": null, "phone": null, "barrier": null, "addr:postcode": null, "short_name": null, "natural": null, "wheelchair": null, "check_date": null, "denomination": null, "building": null, "healthcare:cholera": null, "designation": null, "wikidata": null, "material": null, "start_date": null, "old_name": null, "internet_access": null, "height": null, "toilets:wheelchair": null, "landuse": null, "type": null }, "geometry": { "type": "Polygon", "coordinates": [ [ [ -1.5251523, 12.3301858 ], [ -1.5236916, 12.3301829 ], [ -1.5236904, 12.3296706 ], [ -1.5239591, 12.329489 ], [ -1.5241983, 12.3295138 ], [ -1.5243709, 12.3295587 ], [ -1.524412, 12.3295707 ], [ -1.5244675, 12.3296001 ], [ -1.5245539, 12.329561 ], [ -1.5251332, 12.3295507 ], [ -1.5251489, 12.3298279 ], [ -1.5251523, 12.3301858 ] ] ] } },
{ "type": "Feature", "properties": { "element": "way", "id": 376374106, "amenity": "hospital", "name": "CMA de Yako", "name:fr": null, "healthcare": null, "operator": null, "Observation": null, "description": null, "name:en": null, "website": null, "opening_hours": null, "addr:city": null, "addr:street": null, "healthcare:speciality": null, "created_by": null, "health_facility:type": null, "id:uuid": null, "is_in:health_admin3": null, "operator:type": null, "source": null, "survey:date": null, "addr:housenumber": null, "emergency": null, "phone": null, "barrier": "wall", "addr:postcode": null, "short_name": null, "natural": null, "wheelchair": null, "check_date": null, "denomination": null, "building": null, "healthcare:cholera": null, "designation": null, "wikidata": null, "material": null, "start_date": null, "old_name": null, "internet_access": null, "height": null, "toilets:wheelchair": null, "landuse": null, "type": null }, "geometry": { "type": "Polygon", "coordinates": [ [ [ -2.2694431, 12.9676468 ], [ -2.2693921, 12.9676889 ], [ -2.2669181, 12.9675576 ], [ -2.2668571, 12.967517 ], [ -2.266613, 12.9664653 ], [ -2.2665991, 12.9663058 ], [ -2.2666078, 12.9662223 ], [ -2.2666157, 12.9661463 ], [ -2.2670097, 12.9652974 ], [ -2.2671613, 12.9649745 ], [ -2.2675646, 12.9641159 ], [ -2.2676201, 12.9640997 ], [ -2.2688685, 12.9649486 ], [ -2.2695815, 12.9653866 ], [ -2.2694431, 12.9676468 ] ] ] } },
{ "type": "Feature", "properties": { "element": "way", "id": 376489745, "amenity": "hospital", "name": "Clinique", "name:fr": null, "healthcare": "hospital", "operator": null, "Observation": null, "description": null, "name:en": null, "website": null, "opening_hours": null, "addr:city": null, "addr:street": null, "healthcare:speciality": null, "created_by": null, "health_facility:type": null, "id:uuid": null, "is_in:health_admin3": null, "operator:type": null, "source": "bing", "survey:date": null, "addr:housenumber": null, "emergency": null, "phone": null, "barrier": null, "addr:postcode": null, "short_name": null, "natural": null, "wheelchair": null, "check_date": null, "denomination": null, "building": "yes", "healthcare:cholera": null, "designation": null, "wikidata": null, "material": null, "start_date": null, "old_name": null, "internet_access": null, "height": null, "toilets:wheelchair": null, "landuse": null, "type": null }, "geometry": { "type": "Polygon", "coordinates": [ [ [ -1.545111, 12.3569566 ], [ -1.5450512, 12.3569933 ], [ -1.5449366, 12.3568154 ], [ -1.5449964, 12.3567787 ], [ -1.545111, 12.3569566 ] ] ] } },
{ "type": "Feature", "properties": { "element": "way", "id": 377151990, "amenity": "hospital", "name": null, "name:fr": null, "healthcare": null, "operator": null, "Observation": null, "description": null, "name:en": null, "website": null, "opening_hours": null, "addr:city": null, "addr:street": null, "healthcare:speciality": null, "created_by": null, "health_facility:type": null, "id:uuid": "urn:tdh_csps_plg_id:niankore", "is_in:health_admin3": null, "operator:type": null, "source": "Bing;Tdh;survey", "survey:date": "2015-10-23", "addr:housenumber": null, "emergency": null, "phone": null, "barrier": null, "addr:postcode": null, "short_name": null, "natural": null, "wheelchair": null, "check_date": null, "denomination": null, "building": null, "healthcare:cholera": null, "designation": null, "wikidata": null, "material": null, "start_date": null, "old_name": null, "internet_access": null, "height": null, "toilets:wheelchair": null, "landuse": null, "type": null }, "geometry": { "type": "Polygon", "coordinates": [ [ [ -2.9639033, 13.229093 ], [ -2.9641637, 13.2279771 ], [ -2.9633018, 13.227747 ], [ -2.9629522, 13.2288345 ], [ -2.9639033, 13.229093 ] ] ] } },
{ "type": "Feature", "properties": { "element": "way", "id": 377333389, "amenity": "hospital", "name": "CHU Yalgado Ouédraogo", "name:fr": null, "healthcare": "hospital", "operator": null, "Observation": null, "description": null, "name:en": null, "website": null, "opening_hours": null, "addr:city": null, "addr:street": null, "healthcare:speciality": null, "created_by": null, "health_facility:type": null, "id:uuid": null, "is_in:health_admin3": null, "operator:type": null, "source": null, "survey:date": null, "addr:housenumber": null, "emergency": "yes", "phone": null, "barrier": null, "addr:postcode": null, "short_name": null, "natural": null, "wheelchair": null, "check_date": null, "denomination": null, "building": null, "healthcare:cholera": null, "designation": null, "wikidata": "Q30261334", "material": null, "start_date": null, "old_name": null, "internet_access": null, "height": null, "toilets:wheelchair": null, "landuse": null, "type": null }, "geometry": { "type": "Polygon", "coordinates": [ [ [ -1.5075172, 12.381356 ], [ -1.5081435, 12.3834818 ], [ -1.5086121, 12.3849658 ], [ -1.5067874, 12.3854096 ], [ -1.5052503, 12.3857737 ], [ -1.5047249, 12.3838595 ], [ -1.5046496, 12.3836398 ], [ -1.5052726, 12.3831405 ], [ -1.5054945, 12.3829636 ], [ -1.5055531, 12.3829723 ], [ -1.5056891, 12.3828688 ], [ -1.5057377, 12.3828319 ], [ -1.5057283, 12.3827793 ], [ -1.5063715, 12.3822742 ], [ -1.5075172, 12.381356 ] ] ] } },
{ "type": "Feature", "properties": { "element": "way", "id": 377704075, "amenity": "hospital", "name": "kawara", "name:fr": null, "healthcare": "hospital", "operator": null, "Observation": null, "description": null, "name:en": null, "website": null, "opening_hours": null, "addr:city": null, "addr:street": null, "healthcare:speciality": null, "created_by": null, "health_facility:type": null, "id:uuid": "urn:tdh_csps_plg_id:kawara", "is_in:health_admin3": null, "operator:type": null, "source": "Bing;Tdh;survey", "survey:date": "2015-10-29", "addr:housenumber": null, "emergency": null, "phone": null, "barrier": null, "addr:postcode": null, "short_name": null, "natural": null, "wheelchair": null, "check_date": null, "denomination": null, "building": null, "healthcare:cholera": null, "designation": null, "wikidata": null, "material": null, "start_date": null, "old_name": null, "internet_access": null, "height": null, "toilets:wheelchair": null, "landuse": null, "type": null }, "geometry": { "type": "Polygon", "coordinates": [ [ [ -2.8959975, 13.0071935 ], [ -2.8959457, 13.0053973 ], [ -2.8946822, 13.0054319 ], [ -2.894734, 13.0072281 ], [ -2.8959975, 13.0071935 ] ] ] } },
{ "type": "Feature", "properties": { "element": "way", "id": 399932197, "amenity": "hospital", "name": "Maternité de Goni", "name:fr": null, "healthcare": null, "operator": null, "Observation": null, "description": null, "name:en": null, "website": null, "opening_hours": null, "addr:city": null, "addr:street": null, "healthcare:speciality": null, "created_by": null, "health_facility:type": null, "id:uuid": null, "is_in:health_admin3": null, "operator:type": null, "source": null, "survey:date": null, "addr:housenumber": null, "emergency": null, "phone": null, "barrier": null, "addr:postcode": null, "short_name": null, "natural": null, "wheelchair": null, "check_date": null, "denomination": null, "building": null, "healthcare:cholera": null, "designation": null, "wikidata": null, "material": null, "start_date": null, "old_name": null, "internet_access": null, "height": null, "toilets:wheelchair": null, "landuse": null, "type": null }, "geometry": { "type": "Polygon", "coordinates": [ [ [ -3.9679894, 12.5714306 ], [ -3.9679838, 12.5713322 ], [ -3.9678653, 12.5713365 ], [ -3.9678686, 12.5714403 ], [ -3.9679894, 12.5714306 ] ] ] } },
{ "type": "Feature", "properties": { "element": "way", "id": 412501968, "amenity": "hospital", "name": "CHR DEDOUGOU", "name:fr": null, "healthcare": "hospital", "operator": null, "Observation": null, "description": null, "name:en": null, "website": null, "opening_hours": null, "addr:city": null, "addr:street": null, "healthcare:speciality": null, "created_by": null, "health_facility:type": null, "id:uuid": null, "is_in:health_admin3": null, "operator:type": null, "source": null, "survey:date": null, "addr:housenumber": null, "emergency": null, "phone": null, "barrier": "wall", "addr:postcode": null, "short_name": null, "natural": null, "wheelchair": null, "check_date": null, "denomination": null, "building": null, "healthcare:cholera": null, "designation": null, "wikidata": null, "material": null, "start_date": null, "old_name": null, "internet_access": null, "height": null, "toilets:wheelchair": null, "landuse": null, "type": null }, "geometry": { "type": "Polygon", "coordinates": [ [ [ -3.4642835, 12.4617564 ], [ -3.4668574, 12.4617321 ], [ -3.4668455, 12.4614209 ], [ -3.4657034, 12.460438 ], [ -3.4650747, 12.4605525 ], [ -3.4646603, 12.4609215 ], [ -3.4642692, 12.4613497 ], [ -3.4642835, 12.4617564 ] ] ] } },
{ "type": "Feature", "properties": { "element": "way", "id": 422817659, "amenity": "hospital", "name": "CSPS de Zogoré", "name:fr": null, "healthcare": "hospital", "operator": null, "Observation": null, "description": null, "name:en": null, "website": null, "opening_hours": null, "addr:city": null, "addr:street": null, "healthcare:speciality": null, "created_by": null, "health_facility:type": null, "id:uuid": null, "is_in:health_admin3": null, "operator:type": null, "source": null, "survey:date": null, "addr:housenumber": null, "emergency": null, "phone": null, "barrier": null, "addr:postcode": null, "short_name": null, "natural": null, "wheelchair": null, "check_date": null, "denomination": null, "building": "yes", "healthcare:cholera": null, "designation": null, "wikidata": null, "material": null, "start_date": null, "old_name": null, "internet_access": null, "height": null, "toilets:wheelchair": null, "landuse": null, "type": null }, "geometry": { "type": "Polygon", "coordinates": [ [ [ -2.5930963, 13.402032 ], [ -2.5930085, 13.4019869 ], [ -2.5929793, 13.4020408 ], [ -2.593067, 13.4020858 ], [ -2.5930963, 13.402032 ] ] ] } },
{ "type": "Feature", "properties": { "element": "way", "id": 436546443, "amenity": "hospital", "name": "CSPS de Belga", "name:fr": null, "healthcare": "hospital", "operator": "MS", "Observation": null, "description": null, "name:en": null, "website": null, "opening_hours": null, "addr:city": null, "addr:street": null, "healthcare:speciality": null, "created_by": null, "health_facility:type": null, "id:uuid": null, "is_in:health_admin3": null, "operator:type": null, "source": null, "survey:date": null, "addr:housenumber": null, "emergency": null, "phone": null, "barrier": null, "addr:postcode": null, "short_name": null, "natural": null, "wheelchair": null, "check_date": null, "denomination": null, "building": null, "healthcare:cholera": null, "designation": null, "wikidata": null, "material": null, "start_date": null, "old_name": null, "internet_access": null, "height": null, "toilets:wheelchair": null, "landuse": null, "type": null }, "geometry": { "type": "Polygon", "coordinates": [ [ [ -0.489459, 12.8781166 ], [ -0.4890835, 12.8780957 ], [ -0.4890459, 12.8776773 ], [ -0.4891371, 12.877442 ], [ -0.4895824, 12.8772171 ], [ -0.4904782, 12.8774734 ], [ -0.490446, 12.8776407 ], [ -0.4899364, 12.8779963 ], [ -0.489459, 12.8781166 ] ] ] } },
{ "type": "Feature", "properties": { "element": "way", "id": 438160937, "amenity": "hospital", "name": "Dispensaire Saint Camille", "name:fr": null, "healthcare": "hospital", "operator": null, "Observation": null, "description": null, "name:en": null, "website": null, "opening_hours": null, "addr:city": null, "addr:street": null, "healthcare:speciality": null, "created_by": null, "health_facility:type": null, "id:uuid": null, "is_in:health_admin3": null, "operator:type": null, "source": null, "survey:date": null, "addr:housenumber": null, "emergency": null, "phone": null, "barrier": null, "addr:postcode": null, "short_name": null, "natural": null, "wheelchair": null, "check_date": null, "denomination": null, "building": null, "healthcare:cholera": null, "designation": null, "wikidata": null, "material": null, "start_date": null, "old_name": null, "internet_access": null, "height": null, "toilets:wheelchair": null, "landuse": null, "type": null }, "geometry": { "type": "Polygon", "coordinates": [ [ [ -0.3164647, 12.0875578 ], [ -0.3170482, 12.0850042 ], [ -0.3159542, 12.0849495 ], [ -0.3150039, 12.0857616 ], [ -0.3154112, 12.0868158 ], [ -0.3164647, 12.0875578 ] ] ] } },
{ "type": "Feature", "properties": { "element": "way", "id": 454523987, "amenity": "hospital", "name": "Centre Hospitalier Universitaire de Ouahigouya", "name:fr": "Centre Hospitalier Universitaire de Ouahigouya", "healthcare": null, "operator": null, "Observation": null, "description": null, "name:en": null, "website": null, "opening_hours": "24/7", "addr:city": null, "addr:street": null, "healthcare:speciality": null, "created_by": null, "health_facility:type": null, "id:uuid": null, "is_in:health_admin3": null, "operator:type": null, "source": "bing", "survey:date": null, "addr:housenumber": null, "emergency": null, "phone": null, "barrier": "wall", "addr:postcode": null, "short_name": null, "natural": null, "wheelchair": null, "check_date": null, "denomination": null, "building": null, "healthcare:cholera": null, "designation": null, "wikidata": null, "material": null, "start_date": null, "old_name": null, "internet_access": null, "height": null, "toilets:wheelchair": null, "landuse": null, "type": null }, "geometry": { "type": "Polygon", "coordinates": [ [ [ -2.3952408, 13.5412179 ], [ -2.3952749, 13.5411887 ], [ -2.3953231, 13.5412239 ], [ -2.3954318, 13.5414286 ], [ -2.3955337, 13.5415733 ], [ -2.3962398, 13.5421998 ], [ -2.396423, 13.5428857 ], [ -2.3965196, 13.5432471 ], [ -2.3966341, 13.5436758 ], [ -2.3966046, 13.5437149 ], [ -2.3950396, 13.544102 ], [ -2.3943315, 13.5442793 ], [ -2.3920355, 13.5448634 ], [ -2.3919953, 13.5448425 ], [ -2.3914408, 13.5427323 ], [ -2.3913382, 13.5423418 ], [ -2.391822, 13.5422192 ], [ -2.3922233, 13.5421176 ], [ -2.3921858, 13.5419715 ], [ -2.3939532, 13.5415356 ], [ -2.394119, 13.5414947 ], [ -2.3952408, 13.5412179 ] ] ] } },
{ "type": "Feature", "properties": { "element": "way", "id": 461732517, "amenity": "hospital", "name": "CMA", "name:fr": null, "healthcare": "hospital", "operator": null, "Observation": null, "description": null, "name:en": null, "website": null, "opening_hours": null, "addr:city": null, "addr:street": null, "healthcare:speciality": null, "created_by": null, "health_facility:type": null, "id:uuid": null, "is_in:health_admin3": null, "operator:type": null, "source": "bing;survey", "survey:date": null, "addr:housenumber": null, "emergency": null, "phone": null, "barrier": "wall", "addr:postcode": null, "short_name": null, "natural": null, "wheelchair": null, "check_date": null, "denomination": null, "building": null, "healthcare:cholera": null, "designation": null, "wikidata": null, "material": null, "start_date": null, "old_name": null, "internet_access": null, "height": null, "toilets:wheelchair": null, "landuse": null, "type": null }, "geometry": { "type": "Polygon", "coordinates": [ [ [ -1.6028272, 12.0531743 ], [ -1.6017382, 12.053333 ], [ -1.60169, 12.0534065 ], [ -1.6019367, 12.055101 ], [ -1.601989, 12.0551324 ], [ -1.6026207, 12.0550446 ], [ -1.6026703, 12.0549974 ], [ -1.6028701, 12.0532307 ], [ -1.6028272, 12.0531743 ] ] ] } },
{ "type": "Feature", "properties": { "element": "way", "id": 467789802, "amenity": "hospital", "name": "CREN - Centro Recupero e Educazione alla Nutrizione", "name:fr": null, "healthcare": null, "operator": null, "Observation": null, "description": null, "name:en": null, "website": null, "opening_hours": null, "addr:city": null, "addr:street": null, "healthcare:speciality": null, "created_by": null, "health_facility:type": null, "id:uuid": null, "is_in:health_admin3": null, "operator:type": null, "source": null, "survey:date": null, "addr:housenumber": null, "emergency": null, "phone": null, "barrier": null, "addr:postcode": null, "short_name": null, "natural": null, "wheelchair": null, "check_date": null, "denomination": null, "building": null, "healthcare:cholera": null, "designation": null, "wikidata": null, "material": null, "start_date": null, "old_name": null, "internet_access": null, "height": null, "toilets:wheelchair": null, "landuse": null, "type": null }, "geometry": { "type": "Polygon", "coordinates": [ [ [ -2.3612162, 12.2556406 ], [ -2.3614758, 12.255578 ], [ -2.361385, 12.2551514 ], [ -2.3618886, 12.2550525 ], [ -2.3618243, 12.2547325 ], [ -2.3606522, 12.255537 ], [ -2.3606635, 12.255585 ], [ -2.3611857, 12.2554938 ], [ -2.3612162, 12.2556406 ] ] ] } },
{ "type": "Feature", "properties": { "element": "way", "id": 476185402, "amenity": "hospital", "name": null, "name:fr": null, "healthcare": null, "operator": null, "Observation": null, "description": null, "name:en": null, "website": null, "opening_hours": null, "addr:city": null, "addr:street": null, "healthcare:speciality": null, "created_by": null, "health_facility:type": null, "id:uuid": null, "is_in:health_admin3": null, "operator:type": null, "source": null, "survey:date": null, "addr:housenumber": null, "emergency": null, "phone": null, "barrier": "fence", "addr:postcode": null, "short_name": null, "natural": null, "wheelchair": null, "check_date": null, "denomination": null, "building": null, "healthcare:cholera": null, "designation": null, "wikidata": null, "material": null, "start_date": null, "old_name": null, "internet_access": null, "height": null, "toilets:wheelchair": null, "landuse": null, "type": null }, "geometry": { "type": "Polygon", "coordinates": [ [ [ -2.218739, 13.6062515 ], [ -2.2170867, 13.6065265 ], [ -2.2171363, 13.6078052 ], [ -2.218802, 13.6075328 ], [ -2.218739, 13.6062515 ] ] ] } },
{ "type": "Feature", "properties": { "element": "way", "id": 498899166, "amenity": "hospital", "name": "Centre de Santé et de Promotion Sociale de Lah", "name:fr": null, "healthcare": "hospital", "operator": null, "Observation": null, "description": null, "name:en": null, "website": null, "opening_hours": null, "addr:city": null, "addr:street": null, "healthcare:speciality": null, "created_by": null, "health_facility:type": null, "id:uuid": null, "is_in:health_admin3": null, "operator:type": null, "source": null, "survey:date": null, "addr:housenumber": null, "emergency": null, "phone": null, "barrier": null, "addr:postcode": null, "short_name": null, "natural": null, "wheelchair": null, "check_date": null, "denomination": null, "building": "yes", "healthcare:cholera": null, "designation": null, "wikidata": null, "material": null, "start_date": null, "old_name": null, "internet_access": null, "height": null, "toilets:wheelchair": null, "landuse": null, "type": null }, "geometry": { "type": "Polygon", "coordinates": [ [ [ -3.502273, 12.0670937 ], [ -3.5021463, 12.0671212 ], [ -3.5021141, 12.0669796 ], [ -3.5022408, 12.0669521 ], [ -3.502273, 12.0670937 ] ] ] } },
{ "type": "Feature", "properties": { "element": "way", "id": 527304671, "amenity": "hospital", "name": null, "name:fr": null, "healthcare": null, "operator": null, "Observation": null, "description": null, "name:en": null, "website": null, "opening_hours": null, "addr:city": null, "addr:street": null, "healthcare:speciality": null, "created_by": null, "health_facility:type": null, "id:uuid": null, "is_in:health_admin3": null, "operator:type": null, "source": null, "survey:date": null, "addr:housenumber": null, "emergency": null, "phone": null, "barrier": "wall", "addr:postcode": null, "short_name": null, "natural": null, "wheelchair": null, "check_date": null, "denomination": null, "building": null, "healthcare:cholera": null, "designation": null, "wikidata": null, "material": null, "start_date": null, "old_name": null, "internet_access": null, "height": null, "toilets:wheelchair": null, "landuse": null, "type": null }, "geometry": { "type": "Polygon", "coordinates": [ [ [ -1.6466323, 12.2419498 ], [ -1.6474141, 12.2418096 ], [ -1.647395, 12.2417122 ], [ -1.6473422, 12.2414431 ], [ -1.6472143, 12.2407913 ], [ -1.6464385, 12.2409374 ], [ -1.6465616, 12.2415807 ], [ -1.6466323, 12.2419498 ] ] ] } },
{ "type": "Feature", "properties": { "element": "way", "id": 542218227, "amenity": "hospital", "name": null, "name:fr": null, "healthcare": "hospital", "operator": null, "Observation": null, "description": null, "name:en": null, "website": null, "opening_hours": null, "addr:city": null, "addr:street": null, "healthcare:speciality": null, "created_by": null, "health_facility:type": null, "id:uuid": null, "is_in:health_admin3": null, "operator:type": null, "source": null, "survey:date": null, "addr:housenumber": null, "emergency": null, "phone": null, "barrier": null, "addr:postcode": null, "short_name": null, "natural": null, "wheelchair": null, "check_date": null, "denomination": null, "building": null, "healthcare:cholera": null, "designation": null, "wikidata": null, "material": null, "start_date": null, "old_name": null, "internet_access": null, "height": null, "toilets:wheelchair": null, "landuse": null, "type": null }, "geometry": { "type": "Polygon", "coordinates": [ [ [ 0.3730547, 12.0348098 ], [ 0.3710913, 12.0338864 ], [ 0.3719657, 12.0321288 ], [ 0.3739774, 12.0330889 ], [ 0.3730547, 12.0348098 ] ] ] } },
{ "type": "Feature", "properties": { "element": "way", "id": 546550839, "amenity": "hospital", "name": null, "name:fr": null, "healthcare": "hospital", "operator": null, "Observation": null, "description": null, "name:en": null, "website": null, "opening_hours": null, "addr:city": null, "addr:street": null, "healthcare:speciality": null, "created_by": null, "health_facility:type": null, "id:uuid": null, "is_in:health_admin3": null, "operator:type": null, "source": null, "survey:date": null, "addr:housenumber": null, "emergency": null, "phone": null, "barrier": null, "addr:postcode": null, "short_name": null, "natural": null, "wheelchair": null, "check_date": null, "denomination": null, "building": null, "healthcare:cholera": null, "designation": null, "wikidata": null, "material": null, "start_date": null, "old_name": null, "internet_access": null, "height": null, "toilets:wheelchair": null, "landuse": null, "type": null }, "geometry": { "type": "Polygon", "coordinates": [ [ [ 0.3523739, 12.0599801 ], [ 0.3521525, 12.059497 ], [ 0.352536, 12.0594889 ], [ 0.3526299, 12.0592679 ], [ 0.3523022, 12.059172 ], [ 0.3527845, 12.0581859 ], [ 0.3537622, 12.0582612 ], [ 0.3537711, 12.0581193 ], [ 0.3544874, 12.0581341 ], [ 0.3544782, 12.058759 ], [ 0.3551409, 12.0587938 ], [ 0.3549386, 12.0595268 ], [ 0.3546421, 12.059496 ], [ 0.3545504, 12.0599187 ], [ 0.3523739, 12.0599801 ] ] ] } },
{ "type": "Feature", "properties": { "element": "way", "id": 555312034, "amenity": "hospital", "name": "CMA de Batié", "name:fr": null, "healthcare": "hospital", "operator": null, "Observation": null, "description": null, "name:en": null, "website": null, "opening_hours": null, "addr:city": null, "addr:street": null, "healthcare:speciality": null, "created_by": null, "health_facility:type": null, "id:uuid": null, "is_in:health_admin3": null, "operator:type": null, "source": null, "survey:date": null, "addr:housenumber": null, "emergency": null, "phone": null, "barrier": "wall", "addr:postcode": null, "short_name": null, "natural": null, "wheelchair": null, "check_date": null, "denomination": null, "building": null, "healthcare:cholera": null, "designation": null, "wikidata": null, "material": null, "start_date": null, "old_name": null, "internet_access": null, "height": null, "toilets:wheelchair": null, "landuse": null, "type": null }, "geometry": { "type": "Polygon", "coordinates": [ [ [ -2.9208398, 9.8768083 ], [ -2.9206601, 9.8770038 ], [ -2.9203436, 9.8768347 ], [ -2.9184446, 9.878008 ], [ -2.9190588, 9.8790834 ], [ -2.9207191, 9.8783938 ], [ -2.920821, 9.8779128 ], [ -2.9207835, 9.87786 ], [ -2.9207956, 9.8778 ], [ -2.920813, 9.8777147 ], [ -2.9208666, 9.8776803 ], [ -2.9209632, 9.8771148 ], [ -2.9210463, 9.8771254 ], [ -2.9210812, 9.8769378 ], [ -2.9210597, 9.8768691 ], [ -2.9209417, 9.8767977 ], [ -2.9208398, 9.8768083 ] ] ] } },
{ "type": "Feature", "properties": { "element": "way", "id": 590488297, "amenity": "hospital", "name": null, "name:fr": null, "healthcare": "hospital", "operator": null, "Observation": null, "description": null, "name:en": null, "website": null, "opening_hours": null, "addr:city": null, "addr:street": null, "healthcare:speciality": null, "created_by": null, "health_facility:type": null, "id:uuid": null, "is_in:health_admin3": null, "operator:type": null, "source": null, "survey:date": null, "addr:housenumber": null, "emergency": null, "phone": null, "barrier": null, "addr:postcode": null, "short_name": null, "natural": null, "wheelchair": null, "check_date": null, "denomination": null, "building": null, "healthcare:cholera": null, "designation": null, "wikidata": null, "material": null, "start_date": null, "old_name": null, "internet_access": null, "height": null, "toilets:wheelchair": null, "landuse": null, "type": null }, "geometry": { "type": "Polygon", "coordinates": [ [ [ -1.6690625, 14.010019 ], [ -1.6691075, 14.0100208 ], [ -1.6691091, 14.0099851 ], [ -1.6690641, 14.0099832 ], [ -1.6690625, 14.010019 ] ] ] } },
{ "type": "Feature", "properties": { "element": "way", "id": 616400984, "amenity": "hospital", "name": "Centre Médical avec Antenne chirurgicale", "name:fr": null, "healthcare": null, "operator": null, "Observation": null, "description": null, "name:en": null, "website": null, "opening_hours": null, "addr:city": null, "addr:street": null, "healthcare:speciality": null, "created_by": null, "health_facility:type": null, "id:uuid": null, "is_in:health_admin3": null, "operator:type": null, "source": "Note 1355216", "survey:date": null, "addr:housenumber": null, "emergency": null, "phone": null, "barrier": null, "addr:postcode": null, "short_name": "CMA", "natural": null, "wheelchair": null, "check_date": null, "denomination": null, "building": null, "healthcare:cholera": null, "designation": null, "wikidata": null, "material": null, "start_date": null, "old_name": null, "internet_access": null, "height": null, "toilets:wheelchair": null, "landuse": null, "type": null }, "geometry": { "type": "Polygon", "coordinates": [ [ [ -1.1366934, 11.1664186 ], [ -1.1378548, 11.166316 ], [ -1.1379352, 11.1667475 ], [ -1.1383456, 11.1682422 ], [ -1.1369401, 11.168479 ], [ -1.1366934, 11.1664186 ] ] ] } },
{ "type": "Feature", "properties": { "element": "way", "id": 617558523, "amenity": "hospital", "name": "Maternité Guimbi Ouattara", "name:fr": null, "healthcare": "hospital", "operator": null, "Observation": null, "description": null, "name:en": null, "website": null, "opening_hours": null, "addr:city": null, "addr:street": null, "healthcare:speciality": null, "created_by": null, "health_facility:type": null, "id:uuid": null, "is_in:health_admin3": null, "operator:type": null, "source": null, "survey:date": null, "addr:housenumber": null, "emergency": null, "phone": null, "barrier": null, "addr:postcode": null, "short_name": null, "natural": null, "wheelchair": "no", "check_date": null, "denomination": null, "building": "yes", "healthcare:cholera": null, "designation": null, "wikidata": null, "material": null, "start_date": null, "old_name": null, "internet_access": null, "height": null, "toilets:wheelchair": "no", "landuse": null, "type": null }, "geometry": { "type": "Polygon", "coordinates": [ [ [ -4.2812408, 11.1730776 ], [ -4.2812301, 11.1729594 ], [ -4.2809255, 11.1729857 ], [ -4.2809361, 11.173104 ], [ -4.2812408, 11.1730776 ] ] ] } },
{ "type": "Feature", "properties": { "element": "way", "id": 623471396, "amenity": "hospital", "name": null, "name:fr": null, "healthcare": null, "operator": null, "Observation": null, "description": null, "name:en": null, "website": null, "opening_hours": null, "addr:city": null, "addr:street": null, "healthcare:speciality": null, "created_by": null, "health_facility:type": null, "id:uuid": null, "is_in:health_admin3": null, "operator:type": null, "source": null, "survey:date": null, "addr:housenumber": null, "emergency": null, "phone": null, "barrier": null, "addr:postcode": null, "short_name": null, "natural": null, "wheelchair": null, "check_date": null, "denomination": null, "building": "hospital", "healthcare:cholera": null, "designation": null, "wikidata": null, "material": null, "start_date": null, "old_name": null, "internet_access": null, "height": null, "toilets:wheelchair": null, "landuse": null, "type": null }, "geometry": { "type": "Polygon", "coordinates": [ [ [ -2.5981224, 13.4511778 ], [ -2.5979697, 13.4511447 ], [ -2.5979931, 13.4510427 ], [ -2.5981458, 13.4510759 ], [ -2.5981224, 13.4511778 ] ] ] } },
{ "type": "Feature", "properties": { "element": "way", "id": 628293380, "amenity": "hospital", "name": null, "name:fr": null, "healthcare": null, "operator": null, "Observation": null, "description": null, "name:en": null, "website": null, "opening_hours": null, "addr:city": null, "addr:street": null, "healthcare:speciality": null, "created_by": null, "health_facility:type": null, "id:uuid": null, "is_in:health_admin3": null, "operator:type": null, "source": null, "survey:date": null, "addr:housenumber": null, "emergency": null, "phone": null, "barrier": null, "addr:postcode": null, "short_name": null, "natural": null, "wheelchair": null, "check_date": null, "denomination": null, "building": "yes", "healthcare:cholera": null, "designation": null, "wikidata": null, "material": null, "start_date": null, "old_name": null, "internet_access": null, "height": null, "toilets:wheelchair": null, "landuse": null, "type": null }, "geometry": { "type": "Polygon", "coordinates": [ [ [ -2.5680106, 13.4311137 ], [ -2.5679343, 13.431113 ], [ -2.567935, 13.43104 ], [ -2.5680114, 13.4310408 ], [ -2.5680106, 13.4311137 ] ] ] } },
{ "type": "Feature", "properties": { "element": "way", "id": 641414608, "amenity": "hospital", "name": "Caisse", "name:fr": null, "healthcare": "hospital", "operator": "Hôpital Saint Camille de Ouagadougou", "Observation": null, "description": null, "name:en": null, "website": null, "opening_hours": null, "addr:city": null, "addr:street": null, "healthcare:speciality": null, "created_by": null, "health_facility:type": null, "id:uuid": null, "is_in:health_admin3": null, "operator:type": null, "source": null, "survey:date": null, "addr:housenumber": null, "emergency": null, "phone": null, "barrier": null, "addr:postcode": null, "short_name": null, "natural": null, "wheelchair": null, "check_date": null, "denomination": null, "building": null, "healthcare:cholera": null, "designation": null, "wikidata": null, "material": null, "start_date": null, "old_name": null, "internet_access": null, "height": null, "toilets:wheelchair": null, "landuse": null, "type": null }, "geometry": { "type": "Polygon", "coordinates": [ [ [ -1.4951055, 12.3671101 ], [ -1.4951091, 12.3670285 ], [ -1.4949233, 12.3670208 ], [ -1.4949198, 12.3671024 ], [ -1.4951055, 12.3671101 ] ] ] } },
{ "type": "Feature", "properties": { "element": "way", "id": 681322199, "amenity": "hospital", "name": null, "name:fr": null, "healthcare": "hospital", "operator": null, "Observation": null, "description": null, "name:en": null, "website": null, "opening_hours": null, "addr:city": null, "addr:street": null, "healthcare:speciality": null, "created_by": null, "health_facility:type": null, "id:uuid": null, "is_in:health_admin3": null, "operator:type": null, "source": null, "survey:date": null, "addr:housenumber": null, "emergency": null, "phone": null, "barrier": null, "addr:postcode": null, "short_name": null, "natural": null, "wheelchair": null, "check_date": null, "denomination": null, "building": null, "healthcare:cholera": null, "designation": null, "wikidata": null, "material": null, "start_date": null, "old_name": null, "internet_access": null, "height": null, "toilets:wheelchair": null, "landuse": null, "type": null }, "geometry": { "type": "Polygon", "coordinates": [ [ [ -4.7018688, 11.4581343 ], [ -4.7001493, 11.4581412 ], [ -4.7001439, 11.4570356 ], [ -4.7018634, 11.4570275 ], [ -4.7018688, 11.4581343 ] ] ] } },
{ "type": "Feature", "properties": { "element": "way", "id": 681323783, "amenity": "hospital", "name": null, "name:fr": null, "healthcare": "hospital", "operator": null, "Observation": null, "description": null, "name:en": null, "website": null, "opening_hours": null, "addr:city": null, "addr:street": null, "healthcare:speciality": null, "created_by": null, "health_facility:type": null, "id:uuid": null, "is_in:health_admin3": null, "operator:type": null, "source": null, "survey:date": null, "addr:housenumber": null, "emergency": null, "phone": null, "barrier": null, "addr:postcode": null, "short_name": null, "natural": null, "wheelchair": null, "check_date": null, "denomination": null, "building": null, "healthcare:cholera": null, "designation": null, "wikidata": null, "material": null, "start_date": null, "old_name": null, "internet_access": null, "height": null, "toilets:wheelchair": null, "landuse": null, "type": null }, "geometry": { "type": "Polygon", "coordinates": [ [ [ -4.7003872, 11.7757907 ], [ -4.7003499, 11.7757965 ], [ -4.7003329, 11.7756922 ], [ -4.7005543, 11.7756574 ], [ -4.7005608, 11.7756976 ], [ -4.7003767, 11.7757264 ], [ -4.7003872, 11.7757907 ] ] ] } },
{ "type": "Feature", "properties": { "element": "way", "id": 697236022, "amenity": "hospital", "name": null, "name:fr": null, "healthcare": null, "operator": null, "Observation": null, "description": null, "name:en": null, "website": null, "opening_hours": null, "addr:city": null, "addr:street": null, "healthcare:speciality": null, "created_by": null, "health_facility:type": null, "id:uuid": null, "is_in:health_admin3": null, "operator:type": null, "source": null, "survey:date": null, "addr:housenumber": null, "emergency": null, "phone": null, "barrier": "wall", "addr:postcode": null, "short_name": null, "natural": null, "wheelchair": null, "check_date": null, "denomination": null, "building": null, "healthcare:cholera": null, "designation": null, "wikidata": null, "material": null, "start_date": null, "old_name": null, "internet_access": null, "height": null, "toilets:wheelchair": null, "landuse": null, "type": null }, "geometry": { "type": "Polygon", "coordinates": [ [ [ -1.6032422, 12.2355396 ], [ -1.6037822, 12.2356297 ], [ -1.6045457, 12.2357571 ], [ -1.604303, 12.2372565 ], [ -1.6040227, 12.2372041 ], [ -1.6040522, 12.2369957 ], [ -1.6036889, 12.2369387 ], [ -1.6030329, 12.2368358 ], [ -1.6032422, 12.2355396 ] ] ] } },
{ "type": "Feature", "properties": { "element": "way", "id": 698916680, "amenity": "hospital", "name": null, "name:fr": null, "healthcare": null, "operator": null, "Observation": null, "description": null, "name:en": null, "website": null, "opening_hours": null, "addr:city": null, "addr:street": null, "healthcare:speciality": null, "created_by": null, "health_facility:type": null, "id:uuid": null, "is_in:health_admin3": null, "operator:type": null, "source": null, "survey:date": null, "addr:housenumber": null, "emergency": null, "phone": null, "barrier": null, "addr:postcode": null, "short_name": null, "natural": "tree_row", "wheelchair": null, "check_date": null, "denomination": null, "building": null, "healthcare:cholera": null, "designation": null, "wikidata": null, "material": null, "start_date": null, "old_name": null, "internet_access": null, "height": null, "toilets:wheelchair": null, "landuse": null, "type": null }, "geometry": { "type": "Polygon", "coordinates": [ [ [ -1.5703529, 12.1995876 ], [ -1.5674803, 12.200146 ], [ -1.5679282, 12.2023691 ], [ -1.5705916, 12.2009665 ], [ -1.5703529, 12.1995876 ] ] ] } },
{ "type": "Feature", "properties": { "element": "way", "id": 706660605, "amenity": "hospital", "name": "Cabinet International de Médecine Préventive et de suivi psycho-nutritionnel - CIMPE - VITRINE SCIENTIFIQUE DU MUNG BEAN;CIMEP - Vitrine scientifique du Mung Bean - Cabinet inernational de médecine préventive", "name:fr": null, "healthcare": "hospital", "operator": "CIMEP", "Observation": null, "description": "Cabinet axé sur la médecine préventive - Sport - Consultation et suivi diététique et nutrition - Consultation et suivi psychologique - Conseils médecin - Promotion des Alicaments (Mung bean) et autres produits de bien-être - Formations", "name:en": null, "website": null, "opening_hours": null, "addr:city": "Ouagadougou", "addr:street": null, "healthcare:speciality": "primary_care;general;community", "created_by": null, "health_facility:type": null, "id:uuid": null, "is_in:health_admin3": null, "operator:type": "private", "source": null, "survey:date": null, "addr:housenumber": null, "emergency": null, "phone": null, "barrier": null, "addr:postcode": "BV 30030", "short_name": null, "natural": null, "wheelchair": null, "check_date": null, "denomination": null, "building": null, "healthcare:cholera": null, "designation": null, "wikidata": null, "material": null, "start_date": null, "old_name": null, "internet_access": null, "height": null, "toilets:wheelchair": null, "landuse": null, "type": null }, "geometry": { "type": "Polygon", "coordinates": [ [ [ -1.5843415, 12.3313396 ], [ -1.5842117, 12.3311515 ], [ -1.5843624, 12.3310534 ], [ -1.5844879, 12.3312455 ], [ -1.5843415, 12.3313396 ] ] ] } },
{ "type": "Feature", "properties": { "element": "way", "id": 710541083, "amenity": "hospital", "name": "CSPS", "name:fr": null, "healthcare": "hospital", "operator": null, "Observation": null, "description": null, "name:en": null, "website": null, "opening_hours": null, "addr:city": null, "addr:street": null, "healthcare:speciality": null, "created_by": null, "health_facility:type": null, "id:uuid": null, "is_in:health_admin3": null, "operator:type": null, "source": null, "survey:date": null, "addr:housenumber": null, "emergency": null, "phone": null, "barrier": null, "addr:postcode": null, "short_name": null, "natural": null, "wheelchair": null, "check_date": null, "denomination": null, "building": "yes", "healthcare:cholera": null, "designation": null, "wikidata": null, "material": null, "start_date": null, "old_name": null, "internet_access": null, "height": null, "toilets:wheelchair": null, "landuse": null, "type": null }, "geometry": { "type": "Polygon", "coordinates": [ [ [ -5.470836, 10.429603 ], [ -5.4707316, 10.4295606 ], [ -5.4707825, 10.4294392 ], [ -5.470887, 10.4294816 ], [ -5.470836, 10.429603 ] ] ] } },
{ "type": "Feature", "properties": { "element": "way", "id": 732729653, "amenity": "hospital", "name": null, "name:fr": null, "healthcare": null, "operator": null, "Observation": null, "description": null, "name:en": null, "website": null, "opening_hours": null, "addr:city": null, "addr:street": null, "healthcare:speciality": null, "created_by": null, "health_facility:type": null, "id:uuid": null, "is_in:health_admin3": null, "operator:type": null, "source": null, "survey:date": null, "addr:housenumber": null, "emergency": null, "phone": null, "barrier": null, "addr:postcode": null, "short_name": null, "natural": null, "wheelchair": null, "check_date": null, "denomination": null, "building": null, "healthcare:cholera": null, "designation": null, "wikidata": null, "material": null, "start_date": null, "old_name": null, "internet_access": null, "height": null, "toilets:wheelchair": null, "landuse": null, "type": null }, "geometry": { "type": "Polygon", "coordinates": [ [ [ -3.9997798, 10.4631196 ], [ -3.9993379, 10.4632624 ], [ -3.9998548, 10.4639131 ], [ -4.0003189, 10.4637051 ], [ -4.0009841, 10.463895 ], [ -4.000953, 10.4637815 ], [ -4.0008904, 10.4635532 ], [ -4.0007071, 10.4628841 ], [ -3.9997771, 10.4630062 ], [ -3.9997798, 10.4631196 ] ] ] } },
{ "type": "Feature", "properties": { "element": "way", "id": 740920880, "amenity": "hospital", "name": null, "name:fr": null, "healthcare": null, "operator": null, "Observation": null, "description": null, "name:en": null, "website": null, "opening_hours": null, "addr:city": null, "addr:street": null, "healthcare:speciality": null, "created_by": null, "health_facility:type": null, "id:uuid": null, "is_in:health_admin3": null, "operator:type": null, "source": null, "survey:date": null, "addr:housenumber": null, "emergency": null, "phone": null, "barrier": null, "addr:postcode": null, "short_name": null, "natural": null, "wheelchair": null, "check_date": null, "denomination": null, "building": null, "healthcare:cholera": null, "designation": null, "wikidata": null, "material": null, "start_date": null, "old_name": null, "internet_access": null, "height": null, "toilets:wheelchair": null, "landuse": null, "type": null }, "geometry": { "type": "Polygon", "coordinates": [ [ [ -4.2000352, 10.374714 ], [ -4.2008838, 10.3744516 ], [ -4.2004707, 10.3737524 ], [ -4.2002711, 10.3737683 ], [ -4.2001542, 10.3737894 ], [ -4.1999582, 10.3738072 ], [ -4.1997427, 10.3738389 ], [ -4.1998351, 10.374011 ], [ -4.1999719, 10.3742748 ], [ -4.2000201, 10.3745994 ], [ -4.2000352, 10.374714 ] ] ] } },
{ "type": "Feature", "properties": { "element": "way", "id": 743622810, "amenity": "hospital", "name": null, "name:fr": null, "healthcare": null, "operator": null, "Observation": "Délimitation approximative", "description": null, "name:en": null, "website": null, "opening_hours": null, "addr:city": null, "addr:street": null, "healthcare:speciality": null, "created_by": null, "health_facility:type": null, "id:uuid": null, "is_in:health_admin3": null, "operator:type": null, "source": null, "survey:date": null, "addr:housenumber": null, "emergency": null, "phone": null, "barrier": null, "addr:postcode": null, "short_name": null, "natural": null, "wheelchair": null, "check_date": null, "denomination": null, "building": null, "healthcare:cholera": null, "designation": null, "wikidata": null, "material": null, "start_date": null, "old_name": null, "internet_access": null, "height": null, "toilets:wheelchair": null, "landuse": null, "type": null }, "geometry": { "type": "Polygon", "coordinates": [ [ [ -3.8424892, 12.734663 ], [ -3.8426641, 12.7339135 ], [ -3.8427231, 12.7336506 ], [ -3.842719, 12.7335384 ], [ -3.8426963, 12.7329154 ], [ -3.841099, 12.7329887 ], [ -3.8408254, 12.7330174 ], [ -3.8408495, 12.7332869 ], [ -3.8408621, 12.7333721 ], [ -3.8410226, 12.7333549 ], [ -3.8412103, 12.7345009 ], [ -3.8415349, 12.7344956 ], [ -3.8417231, 12.7345296 ], [ -3.8418245, 12.7345479 ], [ -3.8420341, 12.7346011 ], [ -3.8421544, 12.7346317 ], [ -3.8424892, 12.734663 ] ] ] } },
{ "type": "Feature", "properties": { "element": "way", "id": 743728575, "amenity": "hospital", "name": "Hôpital National Blaise Compaoré (HNBC)", "name:fr": null, "healthcare": "hospital", "operator": null, "Observation": null, "description": null, "name:en": null, "website": null, "opening_hours": null, "addr:city": null, "addr:street": null, "healthcare:speciality": null, "created_by": null, "health_facility:type": null, "id:uuid": null, "is_in:health_admin3": null, "operator:type": null, "source": null, "survey:date": null, "addr:housenumber": null, "emergency": "yes", "phone": null, "barrier": null, "addr:postcode": null, "short_name": null, "natural": null, "wheelchair": null, "check_date": null, "denomination": null, "building": null, "healthcare:cholera": null, "designation": null, "wikidata": null, "material": null, "start_date": null, "old_name": null, "internet_access": null, "height": null, "toilets:wheelchair": null, "landuse": null, "type": null }, "geometry": { "type": "Polygon", "coordinates": [ [ [ -1.5366623, 12.2608055 ], [ -1.5405211, 12.2607018 ], [ -1.5405877, 12.2632126 ], [ -1.5413758, 12.2631948 ], [ -1.5414039, 12.2643869 ], [ -1.5406206, 12.2644057 ], [ -1.5367587, 12.2645109 ], [ -1.5365437, 12.2645163 ], [ -1.5365075, 12.2629803 ], [ -1.5360649, 12.2630026 ], [ -1.536081, 12.2635439 ], [ -1.5359737, 12.263764 ], [ -1.5359026, 12.2638151 ], [ -1.5357377, 12.2638282 ], [ -1.5356264, 12.2638348 ], [ -1.5356022, 12.2628716 ], [ -1.5365624, 12.2628611 ], [ -1.5365598, 12.2625164 ], [ -1.5365517, 12.2623592 ], [ -1.5365326, 12.2613811 ], [ -1.5365305, 12.2612733 ], [ -1.5365289, 12.2611889 ], [ -1.5365249, 12.2608101 ], [ -1.5366623, 12.2608055 ] ] ] } },
{ "type": "Feature", "properties": { "element": "way", "id": 744491165, "amenity": "hospital", "name": null, "name:fr": null, "healthcare": null, "operator": null, "Observation": null, "description": null, "name:en": null, "website": null, "opening_hours": null, "addr:city": null, "addr:street": null, "healthcare:speciality": null, "created_by": null, "health_facility:type": null, "id:uuid": null, "is_in:health_admin3": null, "operator:type": null, "source": null, "survey:date": null, "addr:housenumber": null, "emergency": null, "phone": null, "barrier": "wall", "addr:postcode": null, "short_name": null, "natural": null, "wheelchair": null, "check_date": null, "denomination": null, "building": null, "healthcare:cholera": null, "designation": null, "wikidata": null, "material": null, "start_date": null, "old_name": null, "internet_access": null, "height": null, "toilets:wheelchair": null, "landuse": null, "type": null }, "geometry": { "type": "Polygon", "coordinates": [ [ [ -3.8586406, 12.7310461 ], [ -3.8589094, 12.7315998 ], [ -3.8590671, 12.7319244 ], [ -3.8591328, 12.7320599 ], [ -3.8592307, 12.7320913 ], [ -3.8595981, 12.7319171 ], [ -3.8597173, 12.7318606 ], [ -3.8600064, 12.7317235 ], [ -3.8606322, 12.7314268 ], [ -3.8606738, 12.7313352 ], [ -3.8601615, 12.7303489 ], [ -3.8600703, 12.7303122 ], [ -3.8591706, 12.7307266 ], [ -3.8591269, 12.7307467 ], [ -3.8586728, 12.7309558 ], [ -3.8586406, 12.7310461 ] ] ] } },
{ "type": "Feature", "properties": { "element": "way", "id": 761249882, "amenity": "hospital", "name": null, "name:fr": null, "healthcare": null, "operator": null, "Observation": null, "description": null, "name:en": null, "website": null, "opening_hours": null, "addr:city": null, "addr:street": null, "healthcare:speciality": null, "created_by": null, "health_facility:type": null, "id:uuid": null, "is_in:health_admin3": null, "operator:type": null, "source": null, "survey:date": null, "addr:housenumber": null, "emergency": null, "phone": null, "barrier": "wall", "addr:postcode": null, "short_name": null, "natural": null, "wheelchair": null, "check_date": null, "denomination": null, "building": null, "healthcare:cholera": null, "designation": null, "wikidata": null, "material": null, "start_date": null, "old_name": null, "internet_access": null, "height": null, "toilets:wheelchair": null, "landuse": null, "type": null }, "geometry": { "type": "Polygon", "coordinates": [ [ [ -1.3584866, 13.3220632 ], [ -1.3585804, 13.3220084 ], [ -1.3594656, 13.3224468 ], [ -1.3594736, 13.3233316 ], [ -1.3594227, 13.3233838 ], [ -1.3593368, 13.3236892 ], [ -1.3585643, 13.3238876 ], [ -1.3583927, 13.3235222 ], [ -1.3584866, 13.3220632 ] ] ] } },
{ "type": "Feature", "properties": { "element": "way", "id": 763826617, "amenity": "hospital", "name": "CSPS de Kamboincin", "name:fr": null, "healthcare": "hospital", "operator": null, "Observation": null, "description": null, "name:en": null, "website": null, "opening_hours": null, "addr:city": null, "addr:street": null, "healthcare:speciality": null, "created_by": null, "health_facility:type": null, "id:uuid": null, "is_in:health_admin3": null, "operator:type": null, "source": null, "survey:date": null, "addr:housenumber": null, "emergency": null, "phone": null, "barrier": null, "addr:postcode": null, "short_name": null, "natural": null, "wheelchair": null, "check_date": null, "denomination": null, "building": null, "healthcare:cholera": null, "designation": null, "wikidata": null, "material": null, "start_date": null, "old_name": null, "internet_access": null, "height": null, "toilets:wheelchair": null, "landuse": null, "type": null }, "geometry": { "type": "Polygon", "coordinates": [ [ [ -1.5547627, 12.4634458 ], [ -1.5538185, 12.46376 ], [ -1.5543657, 12.4653629 ], [ -1.5553313, 12.4650381 ], [ -1.5547627, 12.4634458 ] ] ] } },
{ "type": "Feature", "properties": { "element": "way", "id": 765767622, "amenity": "hospital", "name": "CMA de Boromo", "name:fr": null, "healthcare": "hospital", "operator": null, "Observation": null, "description": null, "name:en": null, "website": null, "opening_hours": null, "addr:city": null, "addr:street": null, "healthcare:speciality": null, "created_by": null, "health_facility:type": null, "id:uuid": null, "is_in:health_admin3": null, "operator:type": null, "source": null, "survey:date": null, "addr:housenumber": null, "emergency": null, "phone": null, "barrier": null, "addr:postcode": null, "short_name": null, "natural": null, "wheelchair": null, "check_date": null, "denomination": null, "building": null, "healthcare:cholera": null, "designation": null, "wikidata": null, "material": null, "start_date": null, "old_name": null, "internet_access": null, "height": null, "toilets:wheelchair": null, "landuse": null, "type": null }, "geometry": { "type": "Polygon", "coordinates": [ [ [ -2.9354632, 11.7431344 ], [ -2.9327279, 11.7426437 ], [ -2.9329848, 11.7423098 ], [ -2.9328722, 11.742126 ], [ -2.9332691, 11.7414327 ], [ -2.9342938, 11.741044 ], [ -2.9352915, 11.7408287 ], [ -2.9357475, 11.7418003 ], [ -2.9354632, 11.7431344 ] ] ] } },
{ "type": "Feature", "properties": { "element": "way", "id": 780303817, "amenity": "hospital", "name": "SHIPRA pôle II", "name:fr": null, "healthcare": null, "operator": null, "Observation": null, "description": null, "name:en": null, "website": null, "opening_hours": null, "addr:city": null, "addr:street": null, "healthcare:speciality": null, "created_by": null, "health_facility:type": null, "id:uuid": null, "is_in:health_admin3": null, "operator:type": null, "source": null, "survey:date": null, "addr:housenumber": null, "emergency": null, "phone": null, "barrier": "wall", "addr:postcode": null, "short_name": null, "natural": null, "wheelchair": null, "check_date": null, "denomination": null, "building": null, "healthcare:cholera": null, "designation": null, "wikidata": null, "material": "brick", "start_date": null, "old_name": null, "internet_access": null, "height": null, "toilets:wheelchair": null, "landuse": null, "type": null }, "geometry": { "type": "Polygon", "coordinates": [ [ [ -1.5365075, 12.4271372 ], [ -1.5364565, 12.4271732 ], [ -1.5357041, 12.4270684 ], [ -1.5356652, 12.4270147 ], [ -1.5358235, 12.4258059 ], [ -1.5366912, 12.425891 ], [ -1.5365075, 12.4271372 ] ] ] } },
{ "type": "Feature", "properties": { "element": "way", "id": 786384762, "amenity": "hospital", "name": "Clinique Nôtre Dame de la Délivarnce", "name:fr": null, "healthcare": "hospital", "operator": null, "Observation": null, "description": null, "name:en": null, "website": null, "opening_hours": null, "addr:city": null, "addr:street": null, "healthcare:speciality": "general", "created_by": null, "health_facility:type": null, "id:uuid": null, "is_in:health_admin3": null, "operator:type": null, "source": null, "survey:date": null, "addr:housenumber": null, "emergency": null, "phone": null, "barrier": null, "addr:postcode": null, "short_name": null, "natural": null, "wheelchair": null, "check_date": null, "denomination": null, "building": null, "healthcare:cholera": null, "designation": null, "wikidata": null, "material": null, "start_date": null, "old_name": null, "internet_access": null, "height": null, "toilets:wheelchair": null, "landuse": null, "type": null }, "geometry": { "type": "Polygon", "coordinates": [ [ [ -3.4750707, 12.4569615 ], [ -3.474832, 12.4565918 ], [ -3.4741115, 12.4570898 ], [ -3.4743619, 12.4574336 ], [ -3.4746539, 12.4572558 ], [ -3.4746902, 12.4572673 ], [ -3.4748145, 12.4571798 ], [ -3.474787, 12.4571484 ], [ -3.4750707, 12.4569615 ] ] ] } },
{ "type": "Feature", "properties": { "element": "way", "id": 787549720, "amenity": "hospital", "name": "CSPS de Pissy", "name:fr": null, "healthcare": "hospital", "operator": null, "Observation": null, "description": null, "name:en": null, "website": null, "opening_hours": null, "addr:city": null, "addr:street": null, "healthcare:speciality": null, "created_by": null, "health_facility:type": null, "id:uuid": null, "is_in:health_admin3": null, "operator:type": null, "source": null, "survey:date": null, "addr:housenumber": null, "emergency": null, "phone": null, "barrier": null, "addr:postcode": null, "short_name": null, "natural": null, "wheelchair": null, "check_date": null, "denomination": null, "building": null, "healthcare:cholera": null, "designation": null, "wikidata": null, "material": null, "start_date": null, "old_name": null, "internet_access": null, "height": null, "toilets:wheelchair": null, "landuse": null, "type": null }, "geometry": { "type": "Polygon", "coordinates": [ [ [ -1.4888285, 12.0763302 ], [ -1.4889066, 12.0761109 ], [ -1.4885423, 12.0759869 ], [ -1.4884551, 12.0762322 ], [ -1.4888205, 12.0763564 ], [ -1.48885, 12.0763459 ], [ -1.4888285, 12.0763302 ] ] ] } },
{ "type": "Feature", "properties": { "element": "way", "id": 787549721, "amenity": "hospital", "name": "CSPS de Koukin", "name:fr": null, "healthcare": "hospital", "operator": null, "Observation": null, "description": null, "name:en": null, "website": null, "opening_hours": null, "addr:city": null, "addr:street": null, "healthcare:speciality": null, "created_by": null, "health_facility:type": null, "id:uuid": null, "is_in:health_admin3": null, "operator:type": null, "source": null, "survey:date": null, "addr:housenumber": null, "emergency": null, "phone": null, "barrier": null, "addr:postcode": null, "short_name": null, "natural": null, "wheelchair": null, "check_date": null, "denomination": null, "building": null, "healthcare:cholera": null, "designation": null, "wikidata": null, "material": null, "start_date": null, "old_name": null, "internet_access": null, "height": null, "toilets:wheelchair": null, "landuse": null, "type": null }, "geometry": { "type": "Polygon", "coordinates": [ [ [ -1.4607445, 12.069116 ], [ -1.4596931, 12.069297 ], [ -1.4594409, 12.0682058 ], [ -1.4599988, 12.0681927 ], [ -1.4603797, 12.068636 ], [ -1.4607445, 12.069116 ] ] ] } },
{ "type": "Feature", "properties": { "element": "way", "id": 787549722, "amenity": "hospital", "name": "Centre médical de niangoloko", "name:fr": null, "healthcare": "hospital", "operator": null, "Observation": null, "description": null, "name:en": null, "website": null, "opening_hours": null, "addr:city": null, "addr:street": null, "healthcare:speciality": null, "created_by": null, "health_facility:type": null, "id:uuid": null, "is_in:health_admin3": null, "operator:type": null, "source": null, "survey:date": null, "addr:housenumber": null, "emergency": null, "phone": null, "barrier": null, "addr:postcode": null, "short_name": null, "natural": null, "wheelchair": null, "check_date": null, "denomination": null, "building": null, "healthcare:cholera": null, "designation": null, "wikidata": null, "material": null, "start_date": null, "old_name": null, "internet_access": null, "height": null, "toilets:wheelchair": null, "landuse": null, "type": null }, "geometry": { "type": "Polygon", "coordinates": [ [ [ -4.9162325, 10.2737437 ], [ -4.9164632, 10.2734177 ], [ -4.9166419, 10.2731562 ], [ -4.9167276, 10.2730735 ], [ -4.9167999, 10.2730037 ], [ -4.9169331, 10.2728812 ], [ -4.9171003, 10.2726507 ], [ -4.9172517, 10.2724338 ], [ -4.9165329, 10.2717696 ], [ -4.9158892, 10.2722869 ], [ -4.9155244, 10.2724399 ], [ -4.9153474, 10.2726141 ], [ -4.9153528, 10.2731261 ], [ -4.9155995, 10.2734217 ], [ -4.9158195, 10.2735906 ], [ -4.9161092, 10.2737543 ], [ -4.9162325, 10.2737437 ] ] ] } },
{ "type": "Feature", "properties": { "element": "way", "id": 787549724, "amenity": "hospital", "name": "CSPS de Bagala", "name:fr": null, "healthcare": "hospital", "operator": null, "Observation": null, "description": null, "name:en": null, "website": null, "opening_hours": null, "addr:city": null, "addr:street": null, "healthcare:speciality": null, "created_by": null, "health_facility:type": null, "id:uuid": null, "is_in:health_admin3": null, "operator:type": null, "source": null, "survey:date": null, "addr:housenumber": null, "emergency": null, "phone": null, "barrier": null, "addr:postcode": null, "short_name": null, "natural": null, "wheelchair": null, "check_date": null, "denomination": null, "building": null, "healthcare:cholera": null, "designation": null, "wikidata": null, "material": null, "start_date": null, "old_name": null, "internet_access": null, "height": null, "toilets:wheelchair": null, "landuse": null, "type": null }, "geometry": { "type": "Polygon", "coordinates": [ [ [ -3.8349151, 12.5942715 ], [ -3.8347515, 12.593905 ], [ -3.8344886, 12.5937506 ], [ -3.8341292, 12.5938527 ], [ -3.8341748, 12.5940254 ], [ -3.8344377, 12.594028 ], [ -3.8346228, 12.5943736 ], [ -3.8349151, 12.5942715 ] ] ] } },
{ "type": "Feature", "properties": { "element": "way", "id": 787549725, "amenity": "hospital", "name": "CSPS de Dara", "name:fr": null, "healthcare": "hospital", "operator": null, "Observation": null, "description": null, "name:en": null, "website": null, "opening_hours": null, "addr:city": null, "addr:street": null, "healthcare:speciality": null, "created_by": null, "health_facility:type": null, "id:uuid": null, "is_in:health_admin3": null, "operator:type": null, "source": null, "survey:date": null, "addr:housenumber": null, "emergency": null, "phone": null, "barrier": null, "addr:postcode": null, "short_name": null, "natural": null, "wheelchair": null, "check_date": null, "denomination": null, "building": null, "healthcare:cholera": null, "designation": null, "wikidata": null, "material": null, "start_date": null, "old_name": null, "internet_access": null, "height": null, "toilets:wheelchair": null, "landuse": null, "type": null }, "geometry": { "type": "Polygon", "coordinates": [ [ [ -3.9184982, 12.6332456 ], [ -3.9186296, 12.6326802 ], [ -3.9179242, 12.6326436 ], [ -3.9181763, 12.6332272 ], [ -3.9184982, 12.6332456 ] ] ] } },
{ "type": "Feature", "properties": { "element": "way", "id": 787549726, "amenity": "hospital", "name": "CSPS de Kéména", "name:fr": null, "healthcare": "hospital", "operator": null, "Observation": null, "description": null, "name:en": null, "website": null, "opening_hours": null, "addr:city": null, "addr:street": null, "healthcare:speciality": null, "created_by": null, "health_facility:type": null, "id:uuid": null, "is_in:health_admin3": null, "operator:type": null, "source": null, "survey:date": null, "addr:housenumber": null, "emergency": null, "phone": null, "barrier": null, "addr:postcode": null, "short_name": null, "natural": null, "wheelchair": null, "check_date": null, "denomination": null, "building": null, "healthcare:cholera": null, "designation": null, "wikidata": null, "material": null, "start_date": null, "old_name": null, "internet_access": null, "height": null, "toilets:wheelchair": null, "landuse": null, "type": null }, "geometry": { "type": "Polygon", "coordinates": [ [ [ -4.0009466, 12.6975072 ], [ -4.000947, 12.6970724 ], [ -4.00013, 12.6970717 ], [ -4.0001295, 12.6975141 ], [ -4.0009654, 12.6975151 ], [ -4.0009466, 12.6975072 ] ] ] } },
{ "type": "Feature", "properties": { "element": "way", "id": 787549728, "amenity": "hospital", "name": "CSPS de Solimana", "name:fr": null, "healthcare": "hospital", "operator": null, "Observation": null, "description": null, "name:en": null, "website": null, "opening_hours": null, "addr:city": null, "addr:street": null, "healthcare:speciality": null, "created_by": null, "health_facility:type": null, "id:uuid": null, "is_in:health_admin3": null, "operator:type": null, "source": null, "survey:date": null, "addr:housenumber": null, "emergency": null, "phone": null, "barrier": null, "addr:postcode": null, "short_name": null, "natural": null, "wheelchair": null, "check_date": null, "denomination": null, "building": null, "healthcare:cholera": null, "designation": null, "wikidata": null, "material": null, "start_date": null, "old_name": null, "internet_access": null, "height": null, "toilets:wheelchair": null, "landuse": null, "type": null }, "geometry": { "type": "Polygon", "coordinates": [ [ [ -3.616161, 12.8900429 ], [ -3.6161449, 12.8896245 ], [ -3.6157989, 12.8895984 ], [ -3.615831, 12.8900638 ], [ -3.616161, 12.8900429 ] ] ] } },
{ "type": "Feature", "properties": { "element": "way", "id": 787549729, "amenity": "hospital", "name": "CSPS de Koro", "name:fr": null, "healthcare": "hospital", "operator": null, "Observation": null, "description": null, "name:en": null, "website": null, "opening_hours": null, "addr:city": null, "addr:street": null, "healthcare:speciality": null, "created_by": null, "health_facility:type": null, "id:uuid": null, "is_in:health_admin3": null, "operator:type": null, "source": null, "survey:date": null, "addr:housenumber": null, "emergency": null, "phone": null, "barrier": null, "addr:postcode": null, "short_name": null, "natural": null, "wheelchair": null, "check_date": null, "denomination": null, "building": null, "healthcare:cholera": null, "designation": null, "wikidata": null, "material": null, "start_date": null, "old_name": null, "internet_access": null, "height": null, "toilets:wheelchair": null, "landuse": null, "type": null }, "geometry": { "type": "Polygon", "coordinates": [ [ [ -3.6075671, 12.8074766 ], [ -3.6072532, 12.8078349 ], [ -3.606867, 12.8076806 ], [ -3.6067651, 12.8073092 ], [ -3.6074303, 12.8070791 ], [ -3.6075778, 12.8073171 ], [ -3.6075671, 12.8074766 ] ] ] } },
{ "type": "Feature", "properties": { "element": "way", "id": 787549730, "amenity": "hospital", "name": "CSPS de Konankoïra", "name:fr": null, "healthcare": "hospital", "operator": null, "Observation": null, "description": null, "name:en": null, "website": null, "opening_hours": null, "addr:city": null, "addr:street": null, "healthcare:speciality": null, "created_by": null, "health_facility:type": null, "id:uuid": null, "is_in:health_admin3": null, "operator:type": null, "source": null, "survey:date": null, "addr:housenumber": null, "emergency": null, "phone": null, "barrier": null, "addr:postcode": null, "short_name": null, "natural": null, "wheelchair": null, "check_date": null, "denomination": null, "building": null, "healthcare:cholera": null, "designation": null, "wikidata": null, "material": null, "start_date": null, "old_name": null, "internet_access": null, "height": null, "toilets:wheelchair": null, "landuse": null, "type": null }, "geometry": { "type": "Polygon", "coordinates": [ [ [ -3.8924057, 12.9050529 ], [ -3.892226, 12.9046712 ], [ -3.8917673, 12.9047915 ], [ -3.8918531, 12.9052255 ], [ -3.8919738, 12.9052516 ], [ -3.8922313, 12.9051366 ], [ -3.8924057, 12.9050529 ] ] ] } },
{ "type": "Feature", "properties": { "element": "way", "id": 787549731, "amenity": "hospital", "name": "CSPS de Toni", "name:fr": null, "healthcare": "hospital", "operator": null, "Observation": null, "description": null, "name:en": null, "website": null, "opening_hours": null, "addr:city": null, "addr:street": null, "healthcare:speciality": null, "created_by": null, "health_facility:type": null, "id:uuid": null, "is_in:health_admin3": null, "operator:type": null, "source": null, "survey:date": null, "addr:housenumber": null, "emergency": null, "phone": null, "barrier": null, "addr:postcode": null, "short_name": null, "natural": null, "wheelchair": null, "check_date": null, "denomination": null, "building": null, "healthcare:cholera": null, "designation": null, "wikidata": null, "material": null, "start_date": null, "old_name": null, "internet_access": null, "height": null, "toilets:wheelchair": null, "landuse": null, "type": null }, "geometry": { "type": "Polygon", "coordinates": [ [ [ -3.9915307, 12.6539827 ], [ -3.9911713, 12.654035 ], [ -3.9910586, 12.6540455 ], [ -3.9910398, 12.6539094 ], [ -3.9910184, 12.6537472 ], [ -3.991241, 12.6536922 ], [ -3.9914127, 12.6536713 ], [ -3.9915307, 12.6539827 ] ] ] } },
{ "type": "Feature", "properties": { "element": "way", "id": 787549732, "amenity": "hospital", "name": "CSPS de Dembo", "name:fr": null, "healthcare": "hospital", "operator": null, "Observation": null, "description": null, "name:en": null, "website": null, "opening_hours": null, "addr:city": null, "addr:street": null, "healthcare:speciality": null, "created_by": null, "health_facility:type": null, "id:uuid": null, "is_in:health_admin3": null, "operator:type": null, "source": null, "survey:date": null, "addr:housenumber": null, "emergency": null, "phone": null, "barrier": null, "addr:postcode": null, "short_name": null, "natural": null, "wheelchair": null, "check_date": null, "denomination": null, "building": null, "healthcare:cholera": null, "designation": null, "wikidata": null, "material": null, "start_date": null, "old_name": null, "internet_access": null, "height": null, "toilets:wheelchair": null, "landuse": null, "type": null }, "geometry": { "type": "Polygon", "coordinates": [ [ [ -3.9669523, 12.8008882 ], [ -3.9669469, 12.8003651 ], [ -3.9669603, 12.800114 ], [ -3.9667055, 12.8001062 ], [ -3.9667189, 12.8002683 ], [ -3.9663622, 12.8002762 ], [ -3.9664534, 12.8006868 ], [ -3.9669523, 12.8008882 ] ] ] } },
{ "type": "Feature", "properties": { "element": "way", "id": 787549733, "amenity": "hospital", "name": "CSPS de Konkuy-Koro", "name:fr": null, "healthcare": "hospital", "operator": null, "Observation": null, "description": null, "name:en": null, "website": null, "opening_hours": null, "addr:city": null, "addr:street": null, "healthcare:speciality": null, "created_by": null, "health_facility:type": null, "id:uuid": null, "is_in:health_admin3": null, "operator:type": null, "source": null, "survey:date": null, "addr:housenumber": null, "emergency": null, "phone": null, "barrier": null, "addr:postcode": null, "short_name": null, "natural": null, "wheelchair": null, "check_date": null, "denomination": null, "building": "hospital", "healthcare:cholera": null, "designation": null, "wikidata": null, "material": null, "start_date": null, "old_name": null, "internet_access": null, "height": null, "toilets:wheelchair": null, "landuse": null, "type": null }, "geometry": { "type": "Polygon", "coordinates": [ [ [ -4.1160187, 12.8451746 ], [ -4.1159999, 12.84507 ], [ -4.1158872, 12.8450883 ], [ -4.1159033, 12.8451851 ], [ -4.1160187, 12.8451746 ] ] ] } },
{ "type": "Feature", "properties": { "element": "way", "id": 787549736, "amenity": "hospital", "name": "CSPS de Lamdamaol", "name:fr": null, "healthcare": "hospital", "operator": null, "Observation": null, "description": null, "name:en": null, "website": null, "opening_hours": null, "addr:city": null, "addr:street": null, "healthcare:speciality": null, "created_by": null, "health_facility:type": null, "id:uuid": null, "is_in:health_admin3": null, "operator:type": null, "source": null, "survey:date": null, "addr:housenumber": null, "emergency": null, "phone": null, "barrier": null, "addr:postcode": null, "short_name": null, "natural": null, "wheelchair": null, "check_date": null, "denomination": null, "building": null, "healthcare:cholera": null, "designation": null, "wikidata": null, "material": null, "start_date": null, "old_name": null, "internet_access": null, "height": null, "toilets:wheelchair": null, "landuse": null, "type": null }, "geometry": { "type": "Polygon", "coordinates": [ [ [ -0.3999898, 13.763513 ], [ -0.4000434, 13.7632291 ], [ -0.3998691, 13.7630076 ], [ -0.3994399, 13.763078 ], [ -0.3995687, 13.7636094 ], [ -0.3999898, 13.763513 ] ] ] } },
{ "type": "Feature", "properties": { "element": "way", "id": 787549737, "amenity": "hospital", "name": "CSPS de Bélogo", "name:fr": null, "healthcare": "hospital", "operator": null, "Observation": null, "description": null, "name:en": null, "website": null, "opening_hours": null, "addr:city": null, "addr:street": null, "healthcare:speciality": null, "created_by": null, "health_facility:type": null, "id:uuid": null, "is_in:health_admin3": null, "operator:type": null, "source": null, "survey:date": null, "addr:housenumber": null, "emergency": null, "phone": null, "barrier": null, "addr:postcode": null, "short_name": null, "natural": null, "wheelchair": null, "check_date": null, "denomination": null, "building": null, "healthcare:cholera": null, "designation": null, "wikidata": null, "material": null, "start_date": null, "old_name": null, "internet_access": null, "height": null, "toilets:wheelchair": null, "landuse": null, "type": null }, "geometry": { "type": "Polygon", "coordinates": [ [ [ -0.5663967, 13.7704049 ], [ -0.5662492, 13.7699386 ], [ -0.5656269, 13.7700637 ], [ -0.5656645, 13.7702643 ], [ -0.5660776, 13.7702174 ], [ -0.566209, 13.7702148 ], [ -0.566268, 13.7704336 ], [ -0.5663967, 13.7704049 ] ] ] } },
{ "type": "Feature", "properties": { "element": "way", "id": 787549738, "amenity": "hospital", "name": "CSPS de Barga-Mossi", "name:fr": null, "healthcare": "hospital", "operator": "MS", "Observation": null, "description": null, "name:en": null, "website": null, "opening_hours": null, "addr:city": null, "addr:street": null, "healthcare:speciality": null, "created_by": null, "health_facility:type": null, "id:uuid": null, "is_in:health_admin3": null, "operator:type": null, "source": null, "survey:date": null, "addr:housenumber": null, "emergency": null, "phone": null, "barrier": null, "addr:postcode": null, "short_name": null, "natural": null, "wheelchair": null, "check_date": null, "denomination": null, "building": null, "healthcare:cholera": null, "designation": null, "wikidata": null, "material": null, "start_date": null, "old_name": null, "internet_access": null, "height": null, "toilets:wheelchair": null, "landuse": null, "type": null }, "geometry": { "type": "Polygon", "coordinates": [ [ [ -0.7358131, 13.6438182 ], [ -0.7356683, 13.6433464 ], [ -0.7355127, 13.643349 ], [ -0.7353974, 13.6429033 ], [ -0.7351184, 13.6429685 ], [ -0.735392, 13.6436618 ], [ -0.7352016, 13.6437087 ], [ -0.7352927, 13.6438938 ], [ -0.7358131, 13.6438182 ] ] ] } },
{ "type": "Feature", "properties": { "element": "way", "id": 787549739, "amenity": "hospital", "name": "CSPS de Pensa", "name:fr": null, "healthcare": "hospital", "operator": "MS", "Observation": null, "description": null, "name:en": null, "website": null, "opening_hours": null, "addr:city": null, "addr:street": null, "healthcare:speciality": null, "created_by": null, "health_facility:type": null, "id:uuid": null, "is_in:health_admin3": null, "operator:type": null, "source": null, "survey:date": null, "addr:housenumber": null, "emergency": null, "phone": null, "barrier": null, "addr:postcode": null, "short_name": null, "natural": null, "wheelchair": null, "check_date": null, "denomination": null, "building": null, "healthcare:cholera": null, "designation": null, "wikidata": null, "material": null, "start_date": null, "old_name": null, "internet_access": null, "height": null, "toilets:wheelchair": null, "landuse": null, "type": null }, "geometry": { "type": "Polygon", "coordinates": [ [ [ -0.8070525, 13.6446992 ], [ -0.8069935, 13.644767 ], [ -0.8069077, 13.6447149 ], [ -0.8067682, 13.6445793 ], [ -0.8067682, 13.644522 ], [ -0.8067951, 13.6444698 ], [ -0.8069399, 13.644303 ], [ -0.8071276, 13.6442717 ], [ -0.8072457, 13.6442874 ], [ -0.807251, 13.6443864 ], [ -0.8071598, 13.6445428 ], [ -0.8070901, 13.6446314 ], [ -0.8070525, 13.6446992 ] ] ] } },
{ "type": "Feature", "properties": { "element": "way", "id": 787549740, "amenity": "hospital", "name": "CSPS de Retkoulga", "name:fr": null, "healthcare": "hospital", "operator": "MS", "Observation": null, "description": null, "name:en": null, "website": null, "opening_hours": null, "addr:city": null, "addr:street": null, "healthcare:speciality": null, "created_by": null, "health_facility:type": null, "id:uuid": null, "is_in:health_admin3": null, "operator:type": null, "source": null, "survey:date": null, "addr:housenumber": null, "emergency": null, "phone": null, "barrier": null, "addr:postcode": null, "short_name": null, "natural": null, "wheelchair": null, "check_date": null, "denomination": null, "building": null, "healthcare:cholera": null, "designation": null, "wikidata": null, "material": null, "start_date": null, "old_name": null, "internet_access": null, "height": null, "toilets:wheelchair": null, "landuse": null, "type": null }, "geometry": { "type": "Polygon", "coordinates": [ [ [ -0.6093416, 13.6443291 ], [ -0.6094623, 13.6441101 ], [ -0.6091672, 13.6440372 ], [ -0.6091485, 13.6440971 ], [ -0.6091324, 13.6441753 ], [ -0.609127, 13.6442431 ], [ -0.6091458, 13.6442952 ], [ -0.6092504, 13.6443082 ], [ -0.6093416, 13.6443291 ] ] ] } },
{ "type": "Feature", "properties": { "element": "way", "id": 787549741, "amenity": "hospital", "name": "CSPS de Bouroum", "name:fr": null, "healthcare": "hospital", "operator": null, "Observation": null, "description": null, "name:en": null, "website": null, "opening_hours": null, "addr:city": null, "addr:street": null, "healthcare:speciality": null, "created_by": null, "health_facility:type": null, "id:uuid": null, "is_in:health_admin3": null, "operator:type": null, "source": null, "survey:date": null, "addr:housenumber": null, "emergency": null, "phone": null, "barrier": null, "addr:postcode": null, "short_name": null, "natural": null, "wheelchair": null, "check_date": null, "denomination": null, "building": null, "healthcare:cholera": null, "designation": null, "wikidata": null, "material": null, "start_date": null, "old_name": null, "internet_access": null, "height": null, "toilets:wheelchair": null, "landuse": null, "type": null }, "geometry": { "type": "Polygon", "coordinates": [ [ [ -0.6494567, 13.610893 ], [ -0.6495371, 13.6107522 ], [ -0.6495103, 13.6106453 ], [ -0.6494004, 13.6105619 ], [ -0.6492153, 13.6105228 ], [ -0.6491455, 13.6105515 ], [ -0.6491268, 13.610601 ], [ -0.6491455, 13.6106505 ], [ -0.6492072, 13.6107626 ], [ -0.6492314, 13.6108486 ], [ -0.6492689, 13.6109216 ], [ -0.6494916, 13.610893 ], [ -0.6494567, 13.610893 ] ] ] } },
{ "type": "Feature", "properties": { "element": "way", "id": 787549742, "amenity": "hospital", "name": "Don Orion", "name:fr": null, "healthcare": "hospital", "operator": null, "Observation": null, "description": null, "name:en": null, "website": null, "opening_hours": null, "addr:city": null, "addr:street": null, "healthcare:speciality": null, "created_by": null, "health_facility:type": null, "id:uuid": null, "is_in:health_admin3": null, "operator:type": null, "source": null, "survey:date": null, "addr:housenumber": null, "emergency": null, "phone": null, "barrier": null, "addr:postcode": null, "short_name": null, "natural": null, "wheelchair": null, "check_date": null, "denomination": null, "building": "hospital", "healthcare:cholera": null, "designation": null, "wikidata": null, "material": null, "start_date": null, "old_name": null, "internet_access": null, "height": null, "toilets:wheelchair": null, "landuse": null, "type": null }, "geometry": { "type": "Polygon", "coordinates": [ [ [ -1.5497178, 12.4215408 ], [ -1.5496588, 12.4214648 ], [ -1.5496373, 12.4214648 ], [ -1.5496105, 12.4214438 ], [ -1.5495864, 12.4214229 ], [ -1.5495301, 12.4214595 ], [ -1.5494845, 12.4214019 ], [ -1.5494657, 12.4214176 ], [ -1.5494308, 12.4213836 ], [ -1.5494415, 12.4213626 ], [ -1.5494603, 12.4213312 ], [ -1.5495193, 12.4212971 ], [ -1.5495676, 12.4212683 ], [ -1.5496052, 12.4213155 ], [ -1.549632, 12.4213443 ], [ -1.5496856, 12.4213207 ], [ -1.5497178, 12.4213495 ], [ -1.5497446, 12.4213941 ], [ -1.5497661, 12.4214176 ], [ -1.549809, 12.4213888 ], [ -1.5498278, 12.4214124 ], [ -1.5497902, 12.4214386 ], [ -1.5498117, 12.4214674 ], [ -1.5497634, 12.4214988 ], [ -1.5497178, 12.4215408 ] ] ] } },
{ "type": "Feature", "properties": { "element": "way", "id": 787549745, "amenity": "hospital", "name": "Don Orion", "name:fr": null, "healthcare": "hospital", "operator": null, "Observation": null, "description": null, "name:en": null, "website": null, "opening_hours": null, "addr:city": null, "addr:street": null, "healthcare:speciality": "general", "created_by": null, "health_facility:type": null, "id:uuid": null, "is_in:health_admin3": null, "operator:type": null, "source": null, "survey:date": null, "addr:housenumber": null, "emergency": null, "phone": null, "barrier": null, "addr:postcode": null, "short_name": null, "natural": null, "wheelchair": null, "check_date": null, "denomination": null, "building": null, "healthcare:cholera": null, "designation": null, "wikidata": null, "material": null, "start_date": null, "old_name": null, "internet_access": null, "height": null, "toilets:wheelchair": null, "landuse": null, "type": null }, "geometry": { "type": "Polygon", "coordinates": [ [ [ -1.549294, 12.4215041 ], [ -1.5494362, 12.4217372 ], [ -1.549463, 12.4217529 ], [ -1.5495032, 12.4217555 ], [ -1.5496105, 12.4216901 ], [ -1.5497285, 12.42158 ], [ -1.5500745, 12.4213102 ], [ -1.5500075, 12.4213181 ], [ -1.5499512, 12.4212971 ], [ -1.549868, 12.4212002 ], [ -1.5498251, 12.4210693 ], [ -1.5498171, 12.4209907 ], [ -1.5497205, 12.4209828 ], [ -1.5494925, 12.4209409 ], [ -1.5493316, 12.4209121 ], [ -1.5492565, 12.4209121 ], [ -1.5492243, 12.4209121 ], [ -1.5491626, 12.4209409 ], [ -1.5490687, 12.4210011 ], [ -1.549058, 12.4211216 ], [ -1.5490982, 12.421229 ], [ -1.549294, 12.4215041 ] ] ] } },
{ "type": "Feature", "properties": { "element": "way", "id": 787549746, "amenity": "hospital", "name": "CSPS de Damkarko 2", "name:fr": null, "healthcare": "hospital", "operator": "MS", "Observation": null, "description": null, "name:en": null, "website": null, "opening_hours": null, "addr:city": null, "addr:street": null, "healthcare:speciality": null, "created_by": null, "health_facility:type": null, "id:uuid": null, "is_in:health_admin3": null, "operator:type": null, "source": null, "survey:date": null, "addr:housenumber": null, "emergency": null, "phone": null, "barrier": null, "addr:postcode": null, "short_name": null, "natural": null, "wheelchair": null, "check_date": null, "denomination": null, "building": null, "healthcare:cholera": null, "designation": null, "wikidata": null, "material": null, "start_date": null, "old_name": null, "internet_access": null, "height": null, "toilets:wheelchair": null, "landuse": null, "type": null }, "geometry": { "type": "Polygon", "coordinates": [ [ [ -0.5839625, 13.4833092 ], [ -0.5843327, 13.4830092 ], [ -0.5841959, 13.4826701 ], [ -0.5829326, 13.4825762 ], [ -0.5829486, 13.4827301 ], [ -0.5830398, 13.4828293 ], [ -0.583823, 13.4832309 ], [ -0.5839035, 13.4833274 ], [ -0.5839625, 13.4833092 ] ] ] } },
{ "type": "Feature", "properties": { "element": "way", "id": 787549747, "amenity": "hospital", "name": "CSPS de Koulwoko", "name:fr": null, "healthcare": "hospital", "operator": "MS", "Observation": null, "description": null, "name:en": null, "website": null, "opening_hours": null, "addr:city": null, "addr:street": null, "healthcare:speciality": null, "created_by": null, "health_facility:type": null, "id:uuid": null, "is_in:health_admin3": null, "operator:type": null, "source": null, "survey:date": null, "addr:housenumber": null, "emergency": null, "phone": null, "barrier": null, "addr:postcode": null, "short_name": null, "natural": null, "wheelchair": null, "check_date": null, "denomination": null, "building": null, "healthcare:cholera": null, "designation": null, "wikidata": null, "material": null, "start_date": null, "old_name": null, "internet_access": null, "height": null, "toilets:wheelchair": null, "landuse": null, "type": null }, "geometry": { "type": "Polygon", "coordinates": [ [ [ -0.7035454, 13.4846222 ], [ -0.7037046, 13.4840046 ], [ -0.7030301, 13.4838401 ], [ -0.7028709, 13.4844577 ], [ -0.7035454, 13.4846222 ] ] ] } },
{ "type": "Feature", "properties": { "element": "way", "id": 787549748, "amenity": "hospital", "name": "CSPS de Pélga", "name:fr": null, "healthcare": "hospital", "operator": "MS", "Observation": null, "description": null, "name:en": null, "website": null, "opening_hours": null, "addr:city": null, "addr:street": null, "healthcare:speciality": null, "created_by": null, "health_facility:type": null, "id:uuid": null, "is_in:health_admin3": null, "operator:type": null, "source": null, "survey:date": null, "addr:housenumber": null, "emergency": null, "phone": null, "barrier": null, "addr:postcode": null, "short_name": null, "natural": null, "wheelchair": null, "check_date": null, "denomination": null, "building": null, "healthcare:cholera": null, "designation": null, "wikidata": null, "material": null, "start_date": null, "old_name": null, "internet_access": null, "height": null, "toilets:wheelchair": null, "landuse": null, "type": null }, "geometry": { "type": "Polygon", "coordinates": [ [ [ -0.6093174, 13.3920958 ], [ -0.6092557, 13.3916835 ], [ -0.6086495, 13.3917801 ], [ -0.6087032, 13.3921897 ], [ -0.6093174, 13.3920958 ] ] ] } },
{ "type": "Feature", "properties": { "element": "way", "id": 787549749, "amenity": "hospital", "name": "CSPS de Pibaoré", "name:fr": null, "healthcare": "hospital", "operator": "MS", "Observation": null, "description": null, "name:en": null, "website": null, "opening_hours": null, "addr:city": null, "addr:street": null, "healthcare:speciality": null, "created_by": null, "health_facility:type": null, "id:uuid": null, "is_in:health_admin3": null, "operator:type": null, "source": null, "survey:date": null, "addr:housenumber": null, "emergency": null, "phone": null, "barrier": null, "addr:postcode": null, "short_name": null, "natural": null, "wheelchair": null, "check_date": null, "denomination": null, "building": null, "healthcare:cholera": null, "designation": null, "wikidata": null, "material": null, "start_date": null, "old_name": null, "internet_access": null, "height": null, "toilets:wheelchair": null, "landuse": null, "type": null }, "geometry": { "type": "Polygon", "coordinates": [ [ [ -0.8128596, 12.8915332 ], [ -0.8128649, 12.8913972 ], [ -0.8126584, 12.891426 ], [ -0.8126664, 12.8914835 ], [ -0.8126906, 12.891528 ], [ -0.8127415, 12.8915567 ], [ -0.8128086, 12.8915829 ], [ -0.8128435, 12.8915933 ], [ -0.8128676, 12.8915986 ], [ -0.8128596, 12.8915332 ] ] ] } },
{ "type": "Feature", "properties": { "element": "way", "id": 787549750, "amenity": "hospital", "name": "CSPS de Soudougou", "name:fr": null, "healthcare": "hospital", "operator": null, "Observation": null, "description": null, "name:en": null, "website": null, "opening_hours": null, "addr:city": null, "addr:street": null, "healthcare:speciality": null, "created_by": null, "health_facility:type": null, "id:uuid": null, "is_in:health_admin3": null, "operator:type": null, "source": null, "survey:date": null, "addr:housenumber": null, "emergency": null, "phone": null, "barrier": null, "addr:postcode": null, "short_name": null, "natural": null, "wheelchair": null, "check_date": null, "denomination": null, "building": null, "healthcare:cholera": null, "designation": null, "wikidata": null, "material": null, "start_date": null, "old_name": null, "internet_access": null, "height": null, "toilets:wheelchair": null, "landuse": null, "type": null }, "geometry": { "type": "Polygon", "coordinates": [ [ [ -0.7415342, 12.8336837 ], [ -0.7417166, 12.8336026 ], [ -0.7413062, 12.8331162 ], [ -0.741317, 12.8332417 ], [ -0.7413143, 12.8333489 ], [ -0.7413196, 12.8333803 ], [ -0.7413304, 12.8334091 ], [ -0.7413679, 12.8334483 ], [ -0.7414377, 12.8335372 ], [ -0.7415342, 12.8336837 ] ] ] } },
{ "type": "Feature", "properties": { "element": "way", "id": 787549751, "amenity": "hospital", "name": "CSPS de Boala", "name:fr": null, "healthcare": "hospital", "operator": "MS", "Observation": null, "description": null, "name:en": null, "website": null, "opening_hours": null, "addr:city": null, "addr:street": null, "healthcare:speciality": null, "created_by": null, "health_facility:type": null, "id:uuid": null, "is_in:health_admin3": null, "operator:type": null, "source": null, "survey:date": null, "addr:housenumber": null, "emergency": null, "phone": null, "barrier": null, "addr:postcode": null, "short_name": null, "natural": null, "wheelchair": null, "check_date": null, "denomination": null, "building": null, "healthcare:cholera": null, "designation": null, "wikidata": null, "material": null, "start_date": null, "old_name": null, "internet_access": null, "height": null, "toilets:wheelchair": null, "landuse": null, "type": null }, "geometry": { "type": "Polygon", "coordinates": [ [ [ -0.7001712, 12.8661624 ], [ -0.6995917, 12.8660924 ], [ -0.699675, 12.8654364 ], [ -0.7002546, 12.8655064 ], [ -0.7001712, 12.8661624 ] ] ] } },
{ "type": "Feature", "properties": { "element": "way", "id": 787549752, "amenity": "hospital", "name": "CSPS de Zaongo", "name:fr": null, "healthcare": "hospital", "operator": "MS", "Observation": null, "description": null, "name:en": null, "website": null, "opening_hours": null, "addr:city": null, "addr:street": null, "healthcare:speciality": null, "created_by": null, "health_facility:type": null, "id:uuid": null, "is_in:health_admin3": null, "operator:type": null, "source": null, "survey:date": null, "addr:housenumber": null, "emergency": null, "phone": null, "barrier": null, "addr:postcode": null, "short_name": null, "natural": null, "wheelchair": null, "check_date": null, "denomination": null, "building": null, "healthcare:cholera": null, "designation": null, "wikidata": null, "material": null, "start_date": null, "old_name": null, "internet_access": null, "height": null, "toilets:wheelchair": null, "landuse": null, "type": null }, "geometry": { "type": "Polygon", "coordinates": [ [ [ -0.5856147, 12.9158204 ], [ -0.5852821, 12.9157524 ], [ -0.5850461, 12.9150779 ], [ -0.5856176, 12.9150774 ], [ -0.5859151, 12.9153707 ], [ -0.5858856, 12.9156687 ], [ -0.5856147, 12.9158204 ] ] ] } },
{ "type": "Feature", "properties": { "element": "way", "id": 787549753, "amenity": "hospital", "name": "CSPS de Tébéré", "name:fr": null, "healthcare": "hospital", "operator": null, "Observation": null, "description": null, "name:en": null, "website": null, "opening_hours": null, "addr:city": null, "addr:street": null, "healthcare:speciality": null, "created_by": null, "health_facility:type": null, "id:uuid": null, "is_in:health_admin3": null, "operator:type": null, "source": null, "survey:date": null, "addr:housenumber": null, "emergency": null, "phone": null, "barrier": null, "addr:postcode": null, "short_name": null, "natural": null, "wheelchair": null, "check_date": null, "denomination": null, "building": null, "healthcare:cholera": null, "designation": null, "wikidata": null, "material": null, "start_date": null, "old_name": null, "internet_access": null, "height": null, "toilets:wheelchair": null, "landuse": null, "type": null }, "geometry": { "type": "Polygon", "coordinates": [ [ [ -0.6954941, 13.0506149 ], [ -0.6954888, 13.0502595 ], [ -0.6952876, 13.0502412 ], [ -0.6952608, 13.0502073 ], [ -0.6952366, 13.0501367 ], [ -0.6949818, 13.0501237 ], [ -0.694955, 13.0503536 ], [ -0.6949765, 13.0504346 ], [ -0.6950248, 13.0505051 ], [ -0.6950382, 13.0505679 ], [ -0.6950301, 13.0506541 ], [ -0.6950382, 13.0507638 ], [ -0.6951079, 13.0507691 ], [ -0.6952554, 13.0507638 ], [ -0.6953842, 13.0506985 ], [ -0.6954941, 13.0506149 ] ] ] } },
{ "type": "Feature", "properties": { "element": "way", "id": 787549754, "amenity": "hospital", "name": "Clinique Lafia", "name:fr": null, "healthcare": "hospital", "operator": null, "Observation": null, "description": null, "name:en": null, "website": null, "opening_hours": null, "addr:city": null, "addr:street": null, "healthcare:speciality": null, "created_by": null, "health_facility:type": null, "id:uuid": null, "is_in:health_admin3": null, "operator:type": null, "source": null, "survey:date": null, "addr:housenumber": null, "emergency": null, "phone": null, "barrier": null, "addr:postcode": null, "short_name": null, "natural": null, "wheelchair": null, "check_date": null, "denomination": null, "building": "hospital", "healthcare:cholera": null, "designation": null, "wikidata": null, "material": null, "start_date": null, "old_name": null, "internet_access": null, "height": null, "toilets:wheelchair": null, "landuse": null, "type": null }, "geometry": { "type": "Polygon", "coordinates": [ [ [ -1.5191853, 12.3211974 ], [ -1.5191853, 12.3210978 ], [ -1.5190378, 12.3211056 ], [ -1.5190405, 12.3212 ], [ -1.5191853, 12.3211974 ] ] ] } },
{ "type": "Feature", "properties": { "element": "way", "id": 787549755, "amenity": "hospital", "name": null, "name:fr": null, "healthcare": "hospital", "operator": null, "Observation": null, "description": null, "name:en": null, "website": null, "opening_hours": null, "addr:city": null, "addr:street": null, "healthcare:speciality": null, "created_by": null, "health_facility:type": null, "id:uuid": null, "is_in:health_admin3": null, "operator:type": null, "source": null, "survey:date": null, "addr:housenumber": null, "emergency": null, "phone": null, "barrier": null, "addr:postcode": null, "short_name": null, "natural": null, "wheelchair": null, "check_date": null, "denomination": null, "building": "hospital", "healthcare:cholera": null, "designation": null, "wikidata": null, "material": null, "start_date": null, "old_name": null, "internet_access": null, "height": null, "toilets:wheelchair": null, "landuse": null, "type": null }, "geometry": { "type": "Polygon", "coordinates": [ [ [ -1.5743657, 12.2959252 ], [ -1.574371, 12.2958505 ], [ -1.5743231, 12.2958476 ], [ -1.574306, 12.2958471 ], [ -1.5742694, 12.2958459 ], [ -1.57427, 12.2958362 ], [ -1.5741964, 12.2958334 ], [ -1.5741807, 12.2958345 ], [ -1.5741795, 12.2959121 ], [ -1.5742204, 12.2959138 ], [ -1.5742221, 12.2959269 ], [ -1.5742968, 12.2959297 ], [ -1.5742998, 12.2959195 ], [ -1.5743365, 12.2959218 ], [ -1.5743657, 12.2959252 ] ] ] } },
{ "type": "Feature", "properties": { "element": "way", "id": 789901388, "amenity": "hospital", "name": "Clinique Nina", "name:fr": null, "healthcare": "hospital", "operator": null, "Observation": null, "description": null, "name:en": null, "website": null, "opening_hours": null, "addr:city": null, "addr:street": null, "healthcare:speciality": null, "created_by": null, "health_facility:type": null, "id:uuid": null, "is_in:health_admin3": null, "operator:type": null, "source": null, "survey:date": null, "addr:housenumber": null, "emergency": null, "phone": null, "barrier": null, "addr:postcode": null, "short_name": null, "natural": null, "wheelchair": null, "check_date": null, "denomination": null, "building": null, "healthcare:cholera": null, "designation": null, "wikidata": null, "material": null, "start_date": null, "old_name": null, "internet_access": null, "height": null, "toilets:wheelchair": null, "landuse": null, "type": null }, "geometry": { "type": "Polygon", "coordinates": [ [ [ -1.4956269, 12.3758524 ], [ -1.4956483, 12.3757031 ], [ -1.4955619, 12.3757152 ], [ -1.495584, 12.3755092 ], [ -1.4952943, 12.3754882 ], [ -1.4952809, 12.3758576 ], [ -1.4956269, 12.3758524 ] ] ] } },
{ "type": "Feature", "properties": { "element": "way", "id": 789907685, "amenity": "hospital", "name": "Clinique des yeux Simignan", "name:fr": null, "healthcare": "hospital", "operator": null, "Observation": null, "description": null, "name:en": null, "website": null, "opening_hours": null, "addr:city": null, "addr:street": null, "healthcare:speciality": null, "created_by": null, "health_facility:type": null, "id:uuid": null, "is_in:health_admin3": null, "operator:type": null, "source": "Microsoft Bing orbital imagery", "survey:date": null, "addr:housenumber": null, "emergency": null, "phone": null, "barrier": null, "addr:postcode": null, "short_name": null, "natural": null, "wheelchair": null, "check_date": null, "denomination": null, "building": null, "healthcare:cholera": null, "designation": null, "wikidata": null, "material": null, "start_date": null, "old_name": null, "internet_access": null, "height": null, "toilets:wheelchair": null, "landuse": null, "type": null }, "geometry": { "type": "Polygon", "coordinates": [ [ [ -1.4984034, 12.3698254 ], [ -1.4986984, 12.3698281 ], [ -1.4987762, 12.369773 ], [ -1.4988406, 12.369739 ], [ -1.4988406, 12.3695975 ], [ -1.4987172, 12.3695058 ], [ -1.4986502, 12.3694534 ], [ -1.4983927, 12.3694639 ], [ -1.4984034, 12.3698254 ] ] ] } },
{ "type": "Feature", "properties": { "element": "way", "id": 789907687, "amenity": "hospital", "name": "Clinique Moussa Koné", "name:fr": null, "healthcare": "hospital", "operator": null, "Observation": null, "description": null, "name:en": null, "website": null, "opening_hours": null, "addr:city": null, "addr:street": null, "healthcare:speciality": null, "created_by": null, "health_facility:type": null, "id:uuid": null, "is_in:health_admin3": null, "operator:type": null, "source": null, "survey:date": null, "addr:housenumber": null, "emergency": null, "phone": null, "barrier": null, "addr:postcode": null, "short_name": null, "natural": null, "wheelchair": null, "check_date": null, "denomination": null, "building": null, "healthcare:cholera": null, "designation": null, "wikidata": null, "material": null, "start_date": null, "old_name": null, "internet_access": null, "height": null, "toilets:wheelchair": null, "landuse": null, "type": null }, "geometry": { "type": "Polygon", "coordinates": [ [ [ -1.4982112, 12.3705316 ], [ -1.4982482, 12.3705078 ], [ -1.4982697, 12.3700545 ], [ -1.4977279, 12.3700205 ], [ -1.4977091, 12.370534 ], [ -1.4978271, 12.3705576 ], [ -1.4980605, 12.3705654 ], [ -1.4981892, 12.3705549 ], [ -1.4982112, 12.3705316 ] ] ] } },
{ "type": "Feature", "properties": { "element": "way", "id": 789907688, "amenity": "hospital", "name": "Clinique Saint Marc", "name:fr": null, "healthcare": "hospital", "operator": null, "Observation": null, "description": null, "name:en": null, "website": null, "opening_hours": null, "addr:city": null, "addr:street": null, "healthcare:speciality": null, "created_by": null, "health_facility:type": null, "id:uuid": null, "is_in:health_admin3": null, "operator:type": null, "source": "Microsoft Bing orbital imagery", "survey:date": null, "addr:housenumber": null, "emergency": null, "phone": null, "barrier": null, "addr:postcode": null, "short_name": null, "natural": null, "wheelchair": null, "check_date": null, "denomination": null, "building": null, "healthcare:cholera": null, "designation": null, "wikidata": null, "material": null, "start_date": null, "old_name": null, "internet_access": null, "height": null, "toilets:wheelchair": null, "landuse": null, "type": null }, "geometry": { "type": "Polygon", "coordinates": [ [ [ -1.4947745, 12.3723217 ], [ -1.4947798, 12.3720911 ], [ -1.4949703, 12.3720833 ], [ -1.4949596, 12.3723322 ], [ -1.4947745, 12.3723217 ] ] ] } },
{ "type": "Feature", "properties": { "element": "way", "id": 789912925, "amenity": "hospital", "name": "Clinique Suka", "name:fr": null, "healthcare": "hospital", "operator": null, "Observation": null, "description": null, "name:en": null, "website": null, "opening_hours": null, "addr:city": null, "addr:street": null, "healthcare:speciality": null, "created_by": null, "health_facility:type": null, "id:uuid": null, "is_in:health_admin3": null, "operator:type": null, "source": null, "survey:date": null, "addr:housenumber": null, "emergency": null, "phone": null, "barrier": null, "addr:postcode": null, "short_name": null, "natural": null, "wheelchair": null, "check_date": null, "denomination": null, "building": null, "healthcare:cholera": null, "designation": null, "wikidata": null, "material": null, "start_date": null, "old_name": null, "internet_access": null, "height": null, "toilets:wheelchair": null, "landuse": null, "type": null }, "geometry": { "type": "Polygon", "coordinates": [ [ [ -1.5595718, 12.3374118 ], [ -1.5602732, 12.3369774 ], [ -1.5602799, 12.3369522 ], [ -1.5602792, 12.3369257 ], [ -1.5597923, 12.3361603 ], [ -1.5597679, 12.3361561 ], [ -1.5597419, 12.3361619 ], [ -1.5590523, 12.3365873 ], [ -1.5590429, 12.3366027 ], [ -1.5590424, 12.3366279 ], [ -1.5595221, 12.3374019 ], [ -1.559547, 12.3374117 ], [ -1.5595718, 12.3374118 ] ] ] } },
{ "type": "Feature", "properties": { "element": "way", "id": 789912926, "amenity": "hospital", "name": "Clinique", "name:fr": null, "healthcare": "hospital", "operator": null, "Observation": null, "description": null, "name:en": null, "website": null, "opening_hours": null, "addr:city": null, "addr:street": null, "healthcare:speciality": null, "created_by": null, "health_facility:type": null, "id:uuid": null, "is_in:health_admin3": null, "operator:type": null, "source": null, "survey:date": null, "addr:housenumber": null, "emergency": null, "phone": null, "barrier": null, "addr:postcode": null, "short_name": null, "natural": null, "wheelchair": null, "check_date": null, "denomination": null, "building": null, "healthcare:cholera": null, "designation": null, "wikidata": null, "material": null, "start_date": null, "old_name": null, "internet_access": null, "height": null, "toilets:wheelchair": null, "landuse": null, "type": null }, "geometry": { "type": "Polygon", "coordinates": [ [ [ -1.5473432, 12.3564886 ], [ -1.5473752, 12.3564618 ], [ -1.5473309, 12.356393 ], [ -1.5472847, 12.3564191 ], [ -1.547302, 12.3564598 ], [ -1.5473432, 12.3564886 ] ] ] } },
{ "type": "Feature", "properties": { "element": "way", "id": 789915442, "amenity": "hospital", "name": "Centre d´accueil du jour ( croix rouge)", "name:fr": null, "healthcare": "hospital", "operator": null, "Observation": null, "description": null, "name:en": null, "website": null, "opening_hours": null, "addr:city": null, "addr:street": null, "healthcare:speciality": null, "created_by": null, "health_facility:type": null, "id:uuid": null, "is_in:health_admin3": null, "operator:type": null, "source": null, "survey:date": null, "addr:housenumber": null, "emergency": null, "phone": null, "barrier": null, "addr:postcode": null, "short_name": null, "natural": null, "wheelchair": null, "check_date": null, "denomination": null, "building": "hospital", "healthcare:cholera": null, "designation": null, "wikidata": null, "material": null, "start_date": null, "old_name": null, "internet_access": null, "height": null, "toilets:wheelchair": null, "landuse": null, "type": null }, "geometry": { "type": "Polygon", "coordinates": [ [ [ -1.5010174, 12.4115923 ], [ -1.5010871, 12.4115346 ], [ -1.5010603, 12.4115058 ], [ -1.5012427, 12.4113618 ], [ -1.5011515, 12.4112491 ], [ -1.5009584, 12.4114037 ], [ -1.5009798, 12.4114377 ], [ -1.5009235, 12.4115032 ], [ -1.5010174, 12.4115923 ] ] ] } },
{ "type": "Feature", "properties": { "element": "way", "id": 789918212, "amenity": "hospital", "name": null, "name:fr": null, "healthcare": "hospital", "operator": null, "Observation": null, "description": null, "name:en": null, "website": null, "opening_hours": null, "addr:city": null, "addr:street": null, "healthcare:speciality": null, "created_by": null, "health_facility:type": null, "id:uuid": null, "is_in:health_admin3": null, "operator:type": null, "source": null, "survey:date": null, "addr:housenumber": null, "emergency": null, "phone": null, "barrier": null, "addr:postcode": null, "short_name": null, "natural": null, "wheelchair": null, "check_date": null, "denomination": null, "building": null, "healthcare:cholera": null, "designation": null, "wikidata": null, "material": null, "start_date": null, "old_name": null, "internet_access": null, "height": null, "toilets:wheelchair": null, "landuse": null, "type": null }, "geometry": { "type": "Polygon", "coordinates": [ [ [ -3.2491289, 10.9640503 ], [ -3.2492657, 10.9641162 ], [ -3.2494078, 10.9637712 ], [ -3.2475946, 10.9629733 ], [ -3.2473693, 10.9635553 ], [ -3.2476644, 10.9637264 ], [ -3.2475812, 10.9639397 ], [ -3.2479648, 10.9640609 ], [ -3.2480318, 10.9639397 ], [ -3.2483135, 10.9640398 ], [ -3.248453, 10.963837 ], [ -3.2491289, 10.9640503 ] ] ] } },
{ "type": "Feature", "properties": { "element": "way", "id": 789918213, "amenity": "hospital", "name": "centre d'essai clinique de Balonghin", "name:fr": "centre d'essai clinique de Balonghin", "healthcare": "hospital", "operator": null, "Observation": null, "description": null, "name:en": null, "website": null, "opening_hours": null, "addr:city": null, "addr:street": null, "healthcare:speciality": null, "created_by": null, "health_facility:type": null, "id:uuid": null, "is_in:health_admin3": null, "operator:type": null, "source": null, "survey:date": null, "addr:housenumber": null, "emergency": null, "phone": null, "barrier": null, "addr:postcode": null, "short_name": null, "natural": null, "wheelchair": null, "check_date": null, "denomination": null, "building": null, "healthcare:cholera": null, "designation": null, "wikidata": null, "material": null, "start_date": null, "old_name": null, "internet_access": null, "height": null, "toilets:wheelchair": null, "landuse": null, "type": null }, "geometry": { "type": "Polygon", "coordinates": [ [ [ -1.5084811, 12.0382621 ], [ -1.5072405, 12.0377624 ], [ -1.5075637, 12.0370082 ], [ -1.5087895, 12.0375368 ], [ -1.5084811, 12.0382621 ] ] ] } },
{ "type": "Feature", "properties": { "element": "way", "id": 789918500, "amenity": "hospital", "name": "Cabinet Médical Sainte Cécile", "name:fr": null, "healthcare": "hospital", "operator": null, "Observation": null, "description": null, "name:en": null, "website": null, "opening_hours": null, "addr:city": null, "addr:street": null, "healthcare:speciality": "general;internal;rheumatology", "created_by": null, "health_facility:type": null, "id:uuid": null, "is_in:health_admin3": null, "operator:type": null, "source": null, "survey:date": null, "addr:housenumber": null, "emergency": null, "phone": null, "barrier": null, "addr:postcode": null, "short_name": null, "natural": null, "wheelchair": null, "check_date": null, "denomination": null, "building": "hospital", "healthcare:cholera": null, "designation": null, "wikidata": null, "material": null, "start_date": null, "old_name": null, "internet_access": null, "height": null, "toilets:wheelchair": null, "landuse": null, "type": null }, "geometry": { "type": "Polygon", "coordinates": [ [ [ -1.534851, 12.3636778 ], [ -1.5348296, 12.3635311 ], [ -1.5347276, 12.3635625 ], [ -1.5347652, 12.3637014 ], [ -1.534851, 12.3636778 ] ] ] } },
{ "type": "Feature", "properties": { "element": "way", "id": 789935623, "amenity": "hospital", "name": "Croix-Rouge burkinabé", "name:fr": null, "healthcare": "hospital", "operator": null, "Observation": null, "description": null, "name:en": null, "website": null, "opening_hours": null, "addr:city": "Ouagadougou", "addr:street": "Avenue de la croix rouge", "healthcare:speciality": null, "created_by": null, "health_facility:type": null, "id:uuid": null, "is_in:health_admin3": null, "operator:type": null, "source": null, "survey:date": null, "addr:housenumber": null, "emergency": null, "phone": null, "barrier": null, "addr:postcode": null, "short_name": null, "natural": null, "wheelchair": null, "check_date": null, "denomination": null, "building": null, "healthcare:cholera": null, "designation": null, "wikidata": null, "material": null, "start_date": null, "old_name": null, "internet_access": null, "height": null, "toilets:wheelchair": null, "landuse": null, "type": null }, "geometry": { "type": "Polygon", "coordinates": [ [ [ -1.4869973, 12.382554 ], [ -1.4870429, 12.3825907 ], [ -1.487582, 12.3824466 ], [ -1.4876285, 12.3824007 ], [ -1.4874893, 12.3818262 ], [ -1.487346, 12.381734 ], [ -1.4868739, 12.3818703 ], [ -1.4868417, 12.3819986 ], [ -1.4869973, 12.382554 ] ] ] } },
{ "type": "Feature", "properties": { "element": "way", "id": 789935624, "amenity": "hospital", "name": "CMA Saint Camille", "name:fr": null, "healthcare": "hospital", "operator": null, "Observation": null, "description": null, "name:en": null, "website": null, "opening_hours": null, "addr:city": null, "addr:street": null, "healthcare:speciality": null, "created_by": null, "health_facility:type": null, "id:uuid": null, "is_in:health_admin3": null, "operator:type": null, "source": null, "survey:date": null, "addr:housenumber": null, "emergency": null, "phone": null, "barrier": null, "addr:postcode": null, "short_name": null, "natural": null, "wheelchair": null, "check_date": null, "denomination": null, "building": null, "healthcare:cholera": null, "designation": null, "wikidata": null, "material": null, "start_date": null, "old_name": null, "internet_access": null, "height": null, "toilets:wheelchair": null, "landuse": null, "type": null }, "geometry": { "type": "Polygon", "coordinates": [ [ [ -0.3653815, 12.1667942 ], [ -0.3649415, 12.1678214 ], [ -0.3648627, 12.1680053 ], [ -0.3645661, 12.1686978 ], [ -0.3645125, 12.168724 ], [ -0.3621038, 12.1677434 ], [ -0.3620765, 12.1676805 ], [ -0.3629192, 12.1656144 ], [ -0.3643349, 12.1661912 ], [ -0.3642491, 12.1663905 ], [ -0.3653815, 12.1667942 ] ] ] } },
{ "type": "Feature", "properties": { "element": "way", "id": 789935625, "amenity": "hospital", "name": "CMA", "name:fr": null, "healthcare": "hospital", "operator": null, "Observation": null, "description": null, "name:en": null, "website": null, "opening_hours": null, "addr:city": null, "addr:street": null, "healthcare:speciality": null, "created_by": null, "health_facility:type": null, "id:uuid": null, "is_in:health_admin3": null, "operator:type": null, "source": "survey bing", "survey:date": null, "addr:housenumber": null, "emergency": null, "phone": null, "barrier": null, "addr:postcode": null, "short_name": null, "natural": null, "wheelchair": null, "check_date": null, "denomination": null, "building": null, "healthcare:cholera": null, "designation": null, "wikidata": null, "material": null, "start_date": null, "old_name": null, "internet_access": null, "height": null, "toilets:wheelchair": null, "landuse": null, "type": null }, "geometry": { "type": "Polygon", "coordinates": [ [ [ -0.3588887, 12.1844989 ], [ -0.3567859, 12.1842918 ], [ -0.3563567, 12.1834476 ], [ -0.3564238, 12.1827974 ], [ -0.3590416, 12.1830831 ], [ -0.3588887, 12.1844989 ] ] ] } },
{ "type": "Feature", "properties": { "element": "way", "id": 789935626, "amenity": "hospital", "name": "Saint Joseph", "name:fr": null, "healthcare": "hospital", "operator": null, "Observation": null, "description": null, "name:en": null, "website": null, "opening_hours": null, "addr:city": null, "addr:street": null, "healthcare:speciality": null, "created_by": null, "health_facility:type": null, "id:uuid": null, "is_in:health_admin3": null, "operator:type": null, "source": null, "survey:date": null, "addr:housenumber": null, "emergency": null, "phone": null, "barrier": null, "addr:postcode": null, "short_name": null, "natural": null, "wheelchair": null, "check_date": null, "denomination": null, "building": null, "healthcare:cholera": null, "designation": null, "wikidata": null, "material": null, "start_date": null, "old_name": null, "internet_access": null, "height": null, "toilets:wheelchair": null, "landuse": null, "type": null }, "geometry": { "type": "Polygon", "coordinates": [ [ [ -4.2537408, 11.1584889 ], [ -4.2539312, 11.1581152 ], [ -4.2538856, 11.1580705 ], [ -4.2530434, 11.1577837 ], [ -4.2528905, 11.1581679 ], [ -4.2529737, 11.1582415 ], [ -4.2537408, 11.1584889 ] ] ] } },
{ "type": "Feature", "properties": { "element": "way", "id": 789935627, "amenity": "hospital", "name": "CMA", "name:fr": null, "healthcare": "hospital", "operator": null, "Observation": null, "description": null, "name:en": null, "website": null, "opening_hours": null, "addr:city": null, "addr:street": null, "healthcare:speciality": null, "created_by": null, "health_facility:type": null, "id:uuid": null, "is_in:health_admin3": null, "operator:type": null, "source": null, "survey:date": null, "addr:housenumber": null, "emergency": null, "phone": null, "barrier": null, "addr:postcode": null, "short_name": null, "natural": null, "wheelchair": null, "check_date": null, "denomination": null, "building": null, "healthcare:cholera": null, "designation": null, "wikidata": null, "material": null, "start_date": null, "old_name": null, "internet_access": null, "height": null, "toilets:wheelchair": null, "landuse": null, "type": null }, "geometry": { "type": "Polygon", "coordinates": [ [ [ -0.4287793, 12.2560076 ], [ -0.4286795, 12.2559333 ], [ -0.4282945, 12.2541458 ], [ -0.4283186, 12.2541235 ], [ -0.4317446, 12.2534202 ], [ -0.4318036, 12.2534727 ], [ -0.432163, 12.2552445 ], [ -0.4321148, 12.2552969 ], [ -0.4287793, 12.2560076 ] ] ] } },
{ "type": "Feature", "properties": { "element": "way", "id": 789935628, "amenity": "hospital", "name": "CSPS de Sikoro", "name:fr": null, "healthcare": "hospital", "operator": null, "Observation": null, "description": null, "name:en": null, "website": null, "opening_hours": null, "addr:city": null, "addr:street": null, "healthcare:speciality": null, "created_by": null, "health_facility:type": null, "id:uuid": null, "is_in:health_admin3": null, "operator:type": null, "source": null, "survey:date": null, "addr:housenumber": null, "emergency": null, "phone": null, "barrier": null, "addr:postcode": null, "short_name": null, "natural": null, "wheelchair": null, "check_date": null, "denomination": null, "building": null, "healthcare:cholera": null, "designation": null, "wikidata": null, "material": null, "start_date": null, "old_name": null, "internet_access": null, "height": null, "toilets:wheelchair": null, "landuse": null, "type": null }, "geometry": { "type": "Polygon", "coordinates": [ [ [ -3.7761218, 12.624481 ], [ -3.7760735, 12.623667 ], [ -3.7753815, 12.6236958 ], [ -3.7753732, 12.6238752 ], [ -3.7755371, 12.6238947 ], [ -3.77558, 12.6242193 ], [ -3.7756524, 12.624324 ], [ -3.7757436, 12.6244287 ], [ -3.7758133, 12.6244889 ], [ -3.7761218, 12.624481 ] ] ] } },
{ "type": "Feature", "properties": { "element": "way", "id": 789939646, "amenity": "hospital", "name": "CSPS de Goni", "name:fr": null, "healthcare": "hospital", "operator": null, "Observation": null, "description": null, "name:en": null, "website": null, "opening_hours": null, "addr:city": null, "addr:street": null, "healthcare:speciality": null, "created_by": null, "health_facility:type": null, "id:uuid": null, "is_in:health_admin3": null, "operator:type": null, "source": null, "survey:date": null, "addr:housenumber": null, "emergency": null, "phone": null, "barrier": null, "addr:postcode": null, "short_name": null, "natural": null, "wheelchair": null, "check_date": null, "denomination": null, "building": null, "healthcare:cholera": null, "designation": null, "wikidata": null, "material": null, "start_date": null, "old_name": null, "internet_access": null, "height": null, "toilets:wheelchair": null, "landuse": null, "type": null }, "geometry": { "type": "Polygon", "coordinates": [ [ [ -3.9684304, 12.5719504 ], [ -3.968063, 12.5705472 ], [ -3.9680415, 12.5705341 ], [ -3.9671966, 12.5707016 ], [ -3.967607, 12.5721651 ], [ -3.9684304, 12.5719504 ] ] ] } },
{ "type": "Feature", "properties": { "element": "way", "id": 789939647, "amenity": "hospital", "name": "Malika", "name:fr": null, "healthcare": "hospital", "operator": null, "Observation": null, "description": null, "name:en": null, "website": null, "opening_hours": null, "addr:city": "Almaty", "addr:street": "N 2 Avenue de Mopti", "healthcare:speciality": null, "created_by": null, "health_facility:type": null, "id:uuid": null, "is_in:health_admin3": null, "operator:type": null, "source": null, "survey:date": null, "addr:housenumber": "85", "emergency": null, "phone": null, "barrier": null, "addr:postcode": null, "short_name": null, "natural": null, "wheelchair": null, "check_date": null, "denomination": null, "building": null, "healthcare:cholera": null, "designation": null, "wikidata": null, "material": null, "start_date": null, "old_name": null, "internet_access": null, "height": null, "toilets:wheelchair": null, "landuse": null, "type": null }, "geometry": { "type": "Polygon", "coordinates": [ [ [ -2.4104624, 13.5681016 ], [ -2.4109479, 13.5679738 ], [ -2.4106689, 13.5667562 ], [ -2.4105214, 13.5667223 ], [ -2.4101432, 13.5668996 ], [ -2.4101003, 13.5669674 ], [ -2.4103497, 13.5680546 ], [ -2.4104624, 13.5681016 ] ] ] } },
{ "type": "Feature", "properties": { "element": "way", "id": 789939648, "amenity": "hospital", "name": null, "name:fr": null, "healthcare": "hospital", "operator": null, "Observation": null, "description": null, "name:en": null, "website": null, "opening_hours": null, "addr:city": null, "addr:street": null, "healthcare:speciality": null, "created_by": null, "health_facility:type": null, "id:uuid": null, "is_in:health_admin3": null, "operator:type": null, "source": null, "survey:date": null, "addr:housenumber": null, "emergency": null, "phone": null, "barrier": null, "addr:postcode": null, "short_name": null, "natural": null, "wheelchair": null, "check_date": null, "denomination": null, "building": null, "healthcare:cholera": null, "designation": null, "wikidata": null, "material": null, "start_date": null, "old_name": null, "internet_access": null, "height": null, "toilets:wheelchair": null, "landuse": null, "type": null }, "geometry": { "type": "Polygon", "coordinates": [ [ [ -2.1230043, 14.1171871 ], [ -2.1228675, 14.1168386 ], [ -2.1228783, 14.1166487 ], [ -2.1233222, 14.1165381 ], [ -2.1234161, 14.1166864 ], [ -2.1234952, 14.1167527 ], [ -2.1235165, 14.1168064 ], [ -2.1235398, 14.116899 ], [ -2.1235529, 14.1170024 ], [ -2.1235408, 14.1170323 ], [ -2.1234549, 14.117061 ], [ -2.1234697, 14.1171299 ], [ -2.1232323, 14.1171962 ], [ -2.123015, 14.1172079 ], [ -2.1230043, 14.1171871 ] ] ] } },
{ "type": "Feature", "properties": { "element": "way", "id": 789939649, "amenity": "hospital", "name": "CSPS de Zinguedessé", "name:fr": null, "healthcare": "hospital", "operator": null, "Observation": null, "description": null, "name:en": null, "website": null, "opening_hours": null, "addr:city": null, "addr:street": null, "healthcare:speciality": null, "created_by": null, "health_facility:type": null, "id:uuid": null, "is_in:health_admin3": null, "operator:type": null, "source": null, "survey:date": null, "addr:housenumber": null, "emergency": null, "phone": null, "barrier": null, "addr:postcode": null, "short_name": null, "natural": null, "wheelchair": null, "check_date": null, "denomination": null, "building": null, "healthcare:cholera": null, "designation": null, "wikidata": null, "material": null, "start_date": null, "old_name": null, "internet_access": null, "height": null, "toilets:wheelchair": null, "landuse": null, "type": null }, "geometry": { "type": "Polygon", "coordinates": [ [ [ -1.5825254, 12.2460146 ], [ -1.5820319, 12.2460997 ], [ -1.5819031, 12.2454051 ], [ -1.5821338, 12.2452478 ], [ -1.5823907, 12.2452224 ], [ -1.5824275, 12.2452963 ], [ -1.58239, 12.2454968 ], [ -1.58239, 12.2456318 ], [ -1.5824101, 12.2457394 ], [ -1.5824318, 12.2458183 ], [ -1.5824476, 12.2458757 ], [ -1.5825254, 12.2460146 ] ] ] } },
{ "type": "Feature", "properties": { "element": "way", "id": 789939650, "amenity": "hospital", "name": "Hopital Saint Camille de Ouagadougou Karpala", "name:fr": null, "healthcare": "hospital", "operator": null, "Observation": null, "description": "CANDAF", "name:en": null, "website": null, "opening_hours": null, "addr:city": null, "addr:street": null, "healthcare:speciality": null, "created_by": null, "health_facility:type": null, "id:uuid": null, "is_in:health_admin3": null, "operator:type": null, "source": null, "survey:date": null, "addr:housenumber": null, "emergency": null, "phone": null, "barrier": null, "addr:postcode": null, "short_name": null, "natural": null, "wheelchair": null, "check_date": null, "denomination": null, "building": null, "healthcare:cholera": null, "designation": null, "wikidata": null, "material": null, "start_date": null, "old_name": null, "internet_access": null, "height": null, "toilets:wheelchair": null, "landuse": null, "type": null }, "geometry": { "type": "Polygon", "coordinates": [ [ [ -1.4705036, 12.3425914 ], [ -1.470458, 12.3422429 ], [ -1.4703963, 12.3419207 ], [ -1.4705734, 12.341656 ], [ -1.4708335, 12.3415617 ], [ -1.4711608, 12.3416193 ], [ -1.4716838, 12.3420097 ], [ -1.471665, 12.342298 ], [ -1.471598, 12.3424499 ], [ -1.4710562, 12.3429478 ], [ -1.4705466, 12.3426334 ], [ -1.4705036, 12.3425914 ] ] ] } },
{ "type": "Feature", "properties": { "element": "way", "id": 789939652, "amenity": "hospital", "name": "Monreé hors Bouls", "name:fr": null, "healthcare": "hospital", "operator": null, "Observation": null, "description": null, "name:en": null, "website": null, "opening_hours": null, "addr:city": null, "addr:street": null, "healthcare:speciality": null, "created_by": null, "health_facility:type": null, "id:uuid": null, "is_in:health_admin3": null, "operator:type": null, "source": null, "survey:date": null, "addr:housenumber": null, "emergency": null, "phone": null, "barrier": null, "addr:postcode": null, "short_name": null, "natural": null, "wheelchair": null, "check_date": null, "denomination": null, "building": null, "healthcare:cholera": null, "designation": null, "wikidata": null, "material": null, "start_date": null, "old_name": null, "internet_access": null, "height": null, "toilets:wheelchair": null, "landuse": null, "type": null }, "geometry": { "type": "Polygon", "coordinates": [ [ [ -0.4151485, 12.5993536 ], [ -0.4151775, 12.5994105 ], [ -0.4152237, 12.5994552 ], [ -0.4152822, 12.599483 ], [ -0.4153468, 12.5994909 ], [ -0.4154115, 12.5994777 ], [ -0.4154683, 12.5994445 ], [ -0.4155108, 12.5993951 ], [ -0.4155343, 12.5993348 ], [ -0.4155364, 12.5992703 ], [ -0.4155166, 12.5992087 ], [ -0.4154774, 12.5991568 ], [ -0.4154228, 12.5991202 ], [ -0.4153591, 12.5991032 ], [ -0.4152941, 12.5991072 ], [ -0.4152339, 12.5991314 ], [ -0.415185, 12.5991733 ], [ -0.4151524, 12.5992283 ], [ -0.4151398, 12.5992906 ], [ -0.4151485, 12.5993536 ] ] ] } },
{ "type": "Feature", "properties": { "element": "way", "id": 789939653, "amenity": "hospital", "name": "mutuelle sante Afrique", "name:fr": "mutuelle sante Afrique", "healthcare": "hospital", "operator": null, "Observation": null, "description": null, "name:en": null, "website": null, "opening_hours": null, "addr:city": null, "addr:street": null, "healthcare:speciality": null, "created_by": null, "health_facility:type": null, "id:uuid": null, "is_in:health_admin3": null, "operator:type": null, "source": null, "survey:date": null, "addr:housenumber": null, "emergency": null, "phone": null, "barrier": null, "addr:postcode": null, "short_name": null, "natural": null, "wheelchair": null, "check_date": null, "denomination": null, "building": null, "healthcare:cholera": null, "designation": null, "wikidata": null, "material": null, "start_date": null, "old_name": null, "internet_access": null, "height": null, "toilets:wheelchair": null, "landuse": null, "type": null }, "geometry": { "type": "Polygon", "coordinates": [ [ [ -0.7724648, 11.4289054 ], [ -0.7725497, 11.4289019 ], [ -0.773753, 11.4278057 ], [ -0.7737389, 11.4277537 ], [ -0.7724329, 11.4267719 ], [ -0.7723454, 11.4267711 ], [ -0.7713074, 11.4277225 ], [ -0.7713074, 11.4277918 ], [ -0.7713464, 11.4278924 ], [ -0.7724648, 11.4289054 ] ] ] } },
{ "type": "Feature", "properties": { "element": "way", "id": 789939654, "amenity": "hospital", "name": "clinique philadelphie", "name:fr": "clinique philadelphie", "healthcare": "hospital", "operator": null, "Observation": null, "description": null, "name:en": null, "website": null, "opening_hours": null, "addr:city": null, "addr:street": null, "healthcare:speciality": null, "created_by": null, "health_facility:type": null, "id:uuid": null, "is_in:health_admin3": null, "operator:type": null, "source": null, "survey:date": null, "addr:housenumber": null, "emergency": null, "phone": null, "barrier": null, "addr:postcode": null, "short_name": null, "natural": null, "wheelchair": null, "check_date": null, "denomination": null, "building": null, "healthcare:cholera": null, "designation": null, "wikidata": null, "material": null, "start_date": null, "old_name": null, "internet_access": null, "height": null, "toilets:wheelchair": null, "landuse": null, "type": null }, "geometry": { "type": "Polygon", "coordinates": [ [ [ -1.5110808, 12.3694875 ], [ -1.5109837, 12.3691401 ], [ -1.5118211, 12.3689321 ], [ -1.5119042, 12.3693329 ], [ -1.511467, 12.3694168 ], [ -1.5111022, 12.3694928 ], [ -1.5110808, 12.3694875 ] ] ] } },
{ "type": "Feature", "properties": { "element": "way", "id": 789944417, "amenity": "hospital", "name": "CSPS DE KOMSILGA", "name:fr": "CSPS DE KOMSILGA", "healthcare": "hospital", "operator": null, "Observation": null, "description": null, "name:en": null, "website": null, "opening_hours": null, "addr:city": null, "addr:street": null, "healthcare:speciality": null, "created_by": null, "health_facility:type": null, "id:uuid": null, "is_in:health_admin3": null, "operator:type": null, "source": null, "survey:date": null, "addr:housenumber": null, "emergency": null, "phone": null, "barrier": null, "addr:postcode": null, "short_name": null, "natural": null, "wheelchair": null, "check_date": null, "denomination": null, "building": null, "healthcare:cholera": null, "designation": null, "wikidata": null, "material": null, "start_date": null, "old_name": null, "internet_access": null, "height": null, "toilets:wheelchair": null, "landuse": null, "type": null }, "geometry": { "type": "Polygon", "coordinates": [ [ [ -1.6358353, 12.1788068 ], [ -1.6358487, 12.1784975 ], [ -1.635323, 12.1784843 ], [ -1.6353337, 12.178799 ], [ -1.6356046, 12.1788304 ], [ -1.6358353, 12.1788068 ] ] ] } },
{ "type": "Feature", "properties": { "element": "way", "id": 789944418, "amenity": "hospital", "name": "CSPS d'Issaogo", "name:fr": null, "healthcare": "hospital", "operator": null, "Observation": null, "description": null, "name:en": null, "website": null, "opening_hours": null, "addr:city": null, "addr:street": null, "healthcare:speciality": null, "created_by": null, "health_facility:type": null, "id:uuid": null, "is_in:health_admin3": null, "operator:type": null, "source": null, "survey:date": null, "addr:housenumber": null, "emergency": null, "phone": null, "barrier": null, "addr:postcode": null, "short_name": null, "natural": null, "wheelchair": null, "check_date": null, "denomination": null, "building": null, "healthcare:cholera": null, "designation": null, "wikidata": null, "material": null, "start_date": null, "old_name": null, "internet_access": null, "height": null, "toilets:wheelchair": null, "landuse": null, "type": null }, "geometry": { "type": "Polygon", "coordinates": [ [ [ -0.7453322, 13.0270922 ], [ -0.7453483, 13.0265042 ], [ -0.7451927, 13.026533 ], [ -0.7450747, 13.0265382 ], [ -0.7449165, 13.0264467 ], [ -0.7446697, 13.026648 ], [ -0.7447984, 13.0269798 ], [ -0.745072, 13.0271418 ], [ -0.7453322, 13.0270922 ] ] ] } },
{ "type": "Feature", "properties": { "element": "way", "id": 789944419, "amenity": "hospital", "name": null, "name:fr": null, "healthcare": "hospital", "operator": null, "Observation": null, "description": null, "name:en": null, "website": null, "opening_hours": null, "addr:city": null, "addr:street": null, "healthcare:speciality": null, "created_by": null, "health_facility:type": null, "id:uuid": null, "is_in:health_admin3": null, "operator:type": null, "source": null, "survey:date": null, "addr:housenumber": null, "emergency": null, "phone": null, "barrier": null, "addr:postcode": null, "short_name": null, "natural": null, "wheelchair": null, "check_date": null, "denomination": null, "building": null, "healthcare:cholera": null, "designation": null, "wikidata": null, "material": null, "start_date": null, "old_name": null, "internet_access": null, "height": null, "toilets:wheelchair": null, "landuse": "healthcare", "type": null }, "geometry": { "type": "Polygon", "coordinates": [ [ [ -3.453005, 12.4552387 ], [ -3.4532511, 12.4547771 ], [ -3.4523336, 12.4542915 ], [ -3.452074, 12.454767 ], [ -3.453005, 12.4552387 ] ] ] } },
{ "type": "Feature", "properties": { "element": "way", "id": 789952247, "amenity": "hospital", "name": "CSPS de Mourdié", "name:fr": null, "healthcare": "hospital", "operator": null, "Observation": null, "description": null, "name:en": null, "website": null, "opening_hours": null, "addr:city": null, "addr:street": null, "healthcare:speciality": null, "created_by": null, "health_facility:type": null, "id:uuid": null, "is_in:health_admin3": null, "operator:type": null, "source": null, "survey:date": null, "addr:housenumber": null, "emergency": null, "phone": null, "barrier": null, "addr:postcode": null, "short_name": null, "natural": null, "wheelchair": null, "check_date": null, "denomination": null, "building": null, "healthcare:cholera": null, "designation": null, "wikidata": null, "material": null, "start_date": null, "old_name": null, "internet_access": null, "height": null, "toilets:wheelchair": null, "landuse": null, "type": null }, "geometry": { "type": "Polygon", "coordinates": [ [ [ -3.75498, 12.7730939 ], [ -3.7555111, 12.7729814 ], [ -3.7552992, 12.772453 ], [ -3.7549782, 12.7723426 ], [ -3.754516, 12.772453 ], [ -3.754642, 12.7728087 ], [ -3.7547306, 12.7728611 ], [ -3.7547976, 12.7729709 ], [ -3.75498, 12.7730939 ] ] ] } },
{ "type": "Feature", "properties": { "element": "way", "id": 789952248, "amenity": "hospital", "name": "CSPS", "name:fr": null, "healthcare": "hospital", "operator": null, "Observation": null, "description": null, "name:en": null, "website": null, "opening_hours": null, "addr:city": null, "addr:street": null, "healthcare:speciality": null, "created_by": null, "health_facility:type": null, "id:uuid": null, "is_in:health_admin3": null, "operator:type": null, "source": null, "survey:date": null, "addr:housenumber": null, "emergency": null, "phone": null, "barrier": null, "addr:postcode": null, "short_name": null, "natural": null, "wheelchair": null, "check_date": null, "denomination": null, "building": "yes", "healthcare:cholera": null, "designation": null, "wikidata": null, "material": null, "start_date": null, "old_name": null, "internet_access": null, "height": null, "toilets:wheelchair": null, "landuse": null, "type": null }, "geometry": { "type": "Polygon", "coordinates": [ [ [ -5.4410005, 10.4645729 ], [ -5.4409844, 10.4644991 ], [ -5.4409093, 10.464507 ], [ -5.440928, 10.4645861 ], [ -5.4410005, 10.4645729 ] ] ] } },
{ "type": "Feature", "properties": { "element": "way", "id": 789952249, "amenity": "hospital", "name": "CSPS", "name:fr": null, "healthcare": "hospital", "operator": null, "Observation": null, "description": null, "name:en": null, "website": null, "opening_hours": null, "addr:city": null, "addr:street": null, "healthcare:speciality": null, "created_by": null, "health_facility:type": null, "id:uuid": null, "is_in:health_admin3": null, "operator:type": null, "source": null, "survey:date": null, "addr:housenumber": null, "emergency": null, "phone": null, "barrier": null, "addr:postcode": null, "short_name": null, "natural": null, "wheelchair": null, "check_date": null, "denomination": null, "building": null, "healthcare:cholera": null, "designation": null, "wikidata": null, "material": null, "start_date": null, "old_name": null, "internet_access": null, "height": null, "toilets:wheelchair": null, "landuse": null, "type": null }, "geometry": { "type": "Polygon", "coordinates": [ [ [ -5.3705308, 10.3341349 ], [ -5.3706542, 10.3338288 ], [ -5.3702277, 10.3337444 ], [ -5.3701553, 10.3338869 ], [ -5.3701446, 10.3340584 ], [ -5.3702706, 10.3341085 ], [ -5.3704235, 10.3341244 ], [ -5.3705308, 10.3341349 ] ] ] } },
{ "type": "Feature", "properties": { "element": "way", "id": 789952250, "amenity": "hospital", "name": "CSPS", "name:fr": null, "healthcare": "hospital", "operator": null, "Observation": null, "description": null, "name:en": null, "website": null, "opening_hours": null, "addr:city": null, "addr:street": null, "healthcare:speciality": null, "created_by": null, "health_facility:type": null, "id:uuid": null, "is_in:health_admin3": null, "operator:type": null, "source": null, "survey:date": null, "addr:housenumber": null, "emergency": null, "phone": null, "barrier": null, "addr:postcode": null, "short_name": null, "natural": null, "wheelchair": null, "check_date": null, "denomination": null, "building": null, "healthcare:cholera": null, "designation": null, "wikidata": null, "material": null, "start_date": null, "old_name": null, "internet_access": null, "height": null, "toilets:wheelchair": null, "landuse": null, "type": null }, "geometry": { "type": "Polygon", "coordinates": [ [ [ -5.4196688, 10.3909199 ], [ -5.419347, 10.3907906 ], [ -5.4193362, 10.3904397 ], [ -5.4195186, 10.3902181 ], [ -5.4198566, 10.3903474 ], [ -5.4196688, 10.3909199 ] ] ] } },
{ "type": "Feature", "properties": { "element": "way", "id": 789952251, "amenity": "hospital", "name": "CSPS", "name:fr": null, "healthcare": "hospital", "operator": null, "Observation": null, "description": null, "name:en": null, "website": null, "opening_hours": null, "addr:city": null, "addr:street": null, "healthcare:speciality": null, "created_by": null, "health_facility:type": null, "id:uuid": null, "is_in:health_admin3": null, "operator:type": null, "source": null, "survey:date": null, "addr:housenumber": null, "emergency": null, "phone": null, "barrier": null, "addr:postcode": null, "short_name": null, "natural": null, "wheelchair": null, "check_date": null, "denomination": null, "building": "yes", "healthcare:cholera": null, "designation": null, "wikidata": null, "material": null, "start_date": null, "old_name": null, "internet_access": null, "height": null, "toilets:wheelchair": null, "landuse": null, "type": null }, "geometry": { "type": "Polygon", "coordinates": [ [ [ -5.2961904, 10.4556584 ], [ -5.2961834, 10.4555206 ], [ -5.2963001, 10.4555321 ], [ -5.2963001, 10.4555689 ], [ -5.2963445, 10.4555849 ], [ -5.2963351, 10.45564 ], [ -5.2962511, 10.4556423 ], [ -5.2961904, 10.4556584 ] ] ] } },
{ "type": "Feature", "properties": { "element": "way", "id": 789952252, "amenity": "hospital", "name": "CSPS", "name:fr": null, "healthcare": "hospital", "operator": null, "Observation": null, "description": null, "name:en": null, "website": null, "opening_hours": null, "addr:city": null, "addr:street": null, "healthcare:speciality": null, "created_by": null, "health_facility:type": null, "id:uuid": null, "is_in:health_admin3": null, "operator:type": null, "source": null, "survey:date": null, "addr:housenumber": null, "emergency": null, "phone": null, "barrier": null, "addr:postcode": null, "short_name": null, "natural": null, "wheelchair": null, "check_date": null, "denomination": null, "building": null, "healthcare:cholera": null, "designation": null, "wikidata": null, "material": null, "start_date": null, "old_name": null, "internet_access": null, "height": null, "toilets:wheelchair": null, "landuse": null, "type": null }, "geometry": { "type": "Polygon", "coordinates": [ [ [ -5.2537957, 10.4178074 ], [ -5.2536857, 10.4174302 ], [ -5.252924, 10.4176386 ], [ -5.2530447, 10.417876 ], [ -5.2533049, 10.4178971 ], [ -5.2537957, 10.4178074 ] ] ] } },
{ "type": "Feature", "properties": { "element": "way", "id": 789952253, "amenity": "hospital", "name": "Dispensaire", "name:fr": null, "healthcare": "hospital", "operator": null, "Observation": null, "description": null, "name:en": null, "website": null, "opening_hours": null, "addr:city": null, "addr:street": null, "healthcare:speciality": null, "created_by": null, "health_facility:type": null, "id:uuid": null, "is_in:health_admin3": null, "operator:type": null, "source": null, "survey:date": null, "addr:housenumber": null, "emergency": null, "phone": null, "barrier": null, "addr:postcode": null, "short_name": null, "natural": null, "wheelchair": null, "check_date": null, "denomination": null, "building": null, "healthcare:cholera": null, "designation": null, "wikidata": null, "material": null, "start_date": null, "old_name": null, "internet_access": null, "height": null, "toilets:wheelchair": null, "landuse": null, "type": null }, "geometry": { "type": "Polygon", "coordinates": [ [ [ -1.7620899, 12.1180245 ], [ -1.7621677, 12.1180481 ], [ -1.7622669, 12.1180508 ], [ -1.7623769, 12.1179668 ], [ -1.7624305, 12.1178042 ], [ -1.7624734, 12.1175263 ], [ -1.7624842, 12.1173401 ], [ -1.762283, 12.1172955 ], [ -1.7621864, 12.1173558 ], [ -1.762106, 12.1173794 ], [ -1.7620497, 12.1173453 ], [ -1.7619772, 12.1173427 ], [ -1.7619397, 12.1174974 ], [ -1.7618485, 12.1175263 ], [ -1.7617948, 12.1175341 ], [ -1.761819, 12.1176705 ], [ -1.7618485, 12.1177597 ], [ -1.7618726, 12.1178069 ], [ -1.761878, 12.1178462 ], [ -1.7618914, 12.1179249 ], [ -1.7619075, 12.1179485 ], [ -1.7619504, 12.1179747 ], [ -1.7620282, 12.1180062 ], [ -1.7620899, 12.1180245 ] ] ] } },
{ "type": "Feature", "properties": { "element": "way", "id": 789952254, "amenity": "hospital", "name": null, "name:fr": null, "healthcare": "hospital", "operator": null, "Observation": null, "description": null, "name:en": null, "website": null, "opening_hours": null, "addr:city": null, "addr:street": null, "healthcare:speciality": null, "created_by": null, "health_facility:type": null, "id:uuid": null, "is_in:health_admin3": null, "operator:type": null, "source": null, "survey:date": null, "addr:housenumber": null, "emergency": null, "phone": null, "barrier": null, "addr:postcode": null, "short_name": null, "natural": null, "wheelchair": null, "check_date": null, "denomination": null, "building": null, "healthcare:cholera": null, "designation": null, "wikidata": null, "material": null, "start_date": null, "old_name": null, "internet_access": null, "height": null, "toilets:wheelchair": null, "landuse": null, "type": null }, "geometry": { "type": "Polygon", "coordinates": [ [ [ -1.7644892, 12.1189722 ], [ -1.7644946, 12.1185972 ], [ -1.7635808, 12.1184874 ], [ -1.7636148, 12.1186758 ], [ -1.7636756, 12.1189496 ], [ -1.7644892, 12.1189722 ] ] ] } },
{ "type": "Feature", "properties": { "element": "way", "id": 805953543, "amenity": "hospital", "name": "Centre hospitalier universitaire", "name:fr": null, "healthcare": "hospital", "operator": null, "Observation": null, "description": null, "name:en": null, "website": null, "opening_hours": null, "addr:city": null, "addr:street": null, "healthcare:speciality": null, "created_by": null, "health_facility:type": null, "id:uuid": null, "is_in:health_admin3": null, "operator:type": null, "source": null, "survey:date": null, "addr:housenumber": null, "emergency": null, "phone": null, "barrier": null, "addr:postcode": null, "short_name": null, "natural": null, "wheelchair": null, "check_date": null, "denomination": null, "building": null, "healthcare:cholera": null, "designation": null, "wikidata": null, "material": null, "start_date": null, "old_name": null, "internet_access": null, "height": null, "toilets:wheelchair": null, "landuse": null, "type": null }, "geometry": { "type": "Polygon", "coordinates": [ [ [ -3.4426757, 12.4807438 ], [ -3.442384, 12.481067 ], [ -3.4418602, 12.4806163 ], [ -3.442152, 12.4802931 ], [ -3.4426757, 12.4807438 ] ] ] } },
{ "type": "Feature", "properties": { "element": "way", "id": 847991684, "amenity": "hospital", "name": null, "name:fr": null, "healthcare": null, "operator": null, "Observation": "Délimitation approximative", "description": null, "name:en": null, "website": null, "opening_hours": null, "addr:city": null, "addr:street": null, "healthcare:speciality": null, "created_by": null, "health_facility:type": null, "id:uuid": null, "is_in:health_admin3": null, "operator:type": null, "source": null, "survey:date": null, "addr:housenumber": null, "emergency": null, "phone": null, "barrier": null, "addr:postcode": null, "short_name": null, "natural": null, "wheelchair": null, "check_date": null, "denomination": null, "building": null, "healthcare:cholera": null, "designation": null, "wikidata": null, "material": null, "start_date": null, "old_name": null, "internet_access": null, "height": null, "toilets:wheelchair": null, "landuse": null, "type": null }, "geometry": { "type": "Polygon", "coordinates": [ [ [ -2.7464238, 12.544976 ], [ -2.747848, 12.5446618 ], [ -2.7477837, 12.543193 ], [ -2.74611, 12.5433265 ], [ -2.7464238, 12.544976 ] ] ] } },
{ "type": "Feature", "properties": { "element": "way", "id": 859609987, "amenity": "hospital", "name": "Centre Hospitalier Régional de Ziniaré", "name:fr": null, "healthcare": "hospital", "operator": null, "Observation": null, "description": null, "name:en": null, "website": null, "opening_hours": null, "addr:city": null, "addr:street": null, "healthcare:speciality": null, "created_by": null, "health_facility:type": null, "id:uuid": null, "is_in:health_admin3": null, "operator:type": null, "source": null, "survey:date": null, "addr:housenumber": null, "emergency": null, "phone": null, "barrier": null, "addr:postcode": null, "short_name": "CHR Ziniaré", "natural": null, "wheelchair": null, "check_date": null, "denomination": null, "building": null, "healthcare:cholera": null, "designation": null, "wikidata": null, "material": null, "start_date": null, "old_name": null, "internet_access": null, "height": null, "toilets:wheelchair": null, "landuse": null, "type": null }, "geometry": { "type": "Polygon", "coordinates": [ [ [ -1.279292, 12.5915648 ], [ -1.2795494, 12.5907256 ], [ -1.2795655, 12.5906702 ], [ -1.2795992, 12.5905541 ], [ -1.2798553, 12.5896766 ], [ -1.2772523, 12.5849397 ], [ -1.276023, 12.5827026 ], [ -1.2719535, 12.5848802 ], [ -1.2764603, 12.5930406 ], [ -1.279292, 12.5915648 ] ] ] } },
{ "type": "Feature", "properties": { "element": "way", "id": 887485830, "amenity": "hospital", "name": null, "name:fr": null, "healthcare": "hospital", "operator": null, "Observation": null, "description": null, "name:en": null, "website": null, "opening_hours": null, "addr:city": null, "addr:street": null, "healthcare:speciality": null, "created_by": null, "health_facility:type": null, "id:uuid": null, "is_in:health_admin3": null, "operator:type": null, "source": null, "survey:date": null, "addr:housenumber": null, "emergency": null, "phone": null, "barrier": null, "addr:postcode": null, "short_name": null, "natural": null, "wheelchair": null, "check_date": null, "denomination": null, "building": null, "healthcare:cholera": null, "designation": null, "wikidata": null, "material": null, "start_date": null, "old_name": null, "internet_access": null, "height": null, "toilets:wheelchair": null, "landuse": null, "type": null }, "geometry": { "type": "Polygon", "coordinates": [ [ [ -1.6307009, 14.1004087 ], [ -1.6303522, 14.1015845 ], [ -1.6302556, 14.1016314 ], [ -1.6292525, 14.1013296 ], [ -1.6291613, 14.1012151 ], [ -1.6293115, 14.0999977 ], [ -1.6294241, 14.0999197 ], [ -1.6306687, 14.1002734 ], [ -1.6307009, 14.1004087 ] ] ] } },
{ "type": "Feature", "properties": { "element": "way", "id": 893350087, "amenity": "hospital", "name": null, "name:fr": null, "healthcare": null, "operator": null, "Observation": null, "description": null, "name:en": null, "website": null, "opening_hours": null, "addr:city": null, "addr:street": null, "healthcare:speciality": null, "created_by": null, "health_facility:type": null, "id:uuid": null, "is_in:health_admin3": null, "operator:type": null, "source": null, "survey:date": null, "addr:housenumber": null, "emergency": null, "phone": null, "barrier": null, "addr:postcode": null, "short_name": null, "natural": null, "wheelchair": null, "check_date": null, "denomination": null, "building": null, "healthcare:cholera": null, "designation": null, "wikidata": null, "material": null, "start_date": null, "old_name": null, "internet_access": null, "height": null, "toilets:wheelchair": null, "landuse": null, "type": null }, "geometry": { "type": "Polygon", "coordinates": [ [ [ -1.9305789, 12.1319486 ], [ -1.9309303, 12.1301182 ], [ -1.9292776, 12.1298931 ], [ -1.9290528, 12.1298625 ], [ -1.9290101, 12.1301073 ], [ -1.9287497, 12.1316024 ], [ -1.9305789, 12.1319486 ] ] ] } },
{ "type": "Feature", "properties": { "element": "way", "id": 899519992, "amenity": "hospital", "name": null, "name:fr": null, "healthcare": null, "operator": null, "Observation": null, "description": null, "name:en": null, "website": null, "opening_hours": null, "addr:city": null, "addr:street": null, "healthcare:speciality": null, "created_by": null, "health_facility:type": null, "id:uuid": null, "is_in:health_admin3": null, "operator:type": null, "source": null, "survey:date": null, "addr:housenumber": null, "emergency": null, "phone": null, "barrier": null, "addr:postcode": null, "short_name": null, "natural": null, "wheelchair": null, "check_date": null, "denomination": null, "building": null, "healthcare:cholera": null, "designation": null, "wikidata": null, "material": null, "start_date": null, "old_name": null, "internet_access": null, "height": null, "toilets:wheelchair": null, "landuse": null, "type": null }, "geometry": { "type": "Polygon", "coordinates": [ [ [ -1.4286692, 12.2340848 ], [ -1.428294, 12.2342828 ], [ -1.4273152, 12.2347995 ], [ -1.4274925, 12.2351211 ], [ -1.4276695, 12.2354419 ], [ -1.4286407, 12.2349404 ], [ -1.4290206, 12.2347427 ], [ -1.4286692, 12.2340848 ] ] ] } },
{ "type": "Feature", "properties": { "element": "way", "id": 902653151, "amenity": "hospital", "name": null, "name:fr": null, "healthcare": null, "operator": null, "Observation": null, "description": null, "name:en": null, "website": null, "opening_hours": null, "addr:city": null, "addr:street": null, "healthcare:speciality": null, "created_by": null, "health_facility:type": null, "id:uuid": null, "is_in:health_admin3": null, "operator:type": null, "source": null, "survey:date": null, "addr:housenumber": null, "emergency": null, "phone": null, "barrier": "wall", "addr:postcode": null, "short_name": null, "natural": null, "wheelchair": null, "check_date": null, "denomination": null, "building": null, "healthcare:cholera": null, "designation": null, "wikidata": null, "material": null, "start_date": null, "old_name": null, "internet_access": null, "height": null, "toilets:wheelchair": null, "landuse": null, "type": null }, "geometry": { "type": "Polygon", "coordinates": [ [ [ -1.8727532, 12.189654 ], [ -1.8754596, 12.189266 ], [ -1.875591, 12.1893656 ], [ -1.8758136, 12.1908731 ], [ -1.87576, 12.1909124 ], [ -1.8746495, 12.191071 ], [ -1.8745101, 12.1909268 ], [ -1.8744667, 12.190933 ], [ -1.874431, 12.1909381 ], [ -1.8728779, 12.1911602 ], [ -1.8721323, 12.1906227 ], [ -1.8720867, 12.1905375 ], [ -1.8727532, 12.189654 ] ] ] } },
{ "type": "Feature", "properties": { "element": "way", "id": 907294769, "amenity": "hospital", "name": null, "name:fr": null, "healthcare": null, "operator": null, "Observation": null, "description": null, "name:en": null, "website": null, "opening_hours": null, "addr:city": null, "addr:street": null, "healthcare:speciality": null, "created_by": null, "health_facility:type": null, "id:uuid": null, "is_in:health_admin3": null, "operator:type": null, "source": null, "survey:date": null, "addr:housenumber": null, "emergency": null, "phone": null, "barrier": "fence", "addr:postcode": null, "short_name": null, "natural": null, "wheelchair": null, "check_date": null, "denomination": null, "building": null, "healthcare:cholera": null, "designation": null, "wikidata": null, "material": null, "start_date": null, "old_name": null, "internet_access": null, "height": null, "toilets:wheelchair": null, "landuse": null, "type": null }, "geometry": { "type": "Polygon", "coordinates": [ [ [ -2.564798, 13.9307441 ], [ -2.5644641, 13.9307076 ], [ -2.5644064, 13.9310539 ], [ -2.5647578, 13.9311229 ], [ -2.564798, 13.9307441 ] ] ] } },
{ "type": "Feature", "properties": { "element": "way", "id": 908881521, "amenity": "hospital", "name": null, "name:fr": null, "healthcare": null, "operator": null, "Observation": null, "description": null, "name:en": null, "website": null, "opening_hours": null, "addr:city": null, "addr:street": null, "healthcare:speciality": null, "created_by": null, "health_facility:type": null, "id:uuid": null, "is_in:health_admin3": null, "operator:type": null, "source": null, "survey:date": null, "addr:housenumber": null, "emergency": null, "phone": null, "barrier": "fence", "addr:postcode": null, "short_name": null, "natural": null, "wheelchair": null, "check_date": null, "denomination": null, "building": null, "healthcare:cholera": null, "designation": null, "wikidata": null, "material": null, "start_date": null, "old_name": null, "internet_access": null, "height": null, "toilets:wheelchair": null, "landuse": null, "type": null }, "geometry": { "type": "Polygon", "coordinates": [ [ [ -2.0900966, 13.9058277 ], [ -2.0914659, 13.9055855 ], [ -2.0916939, 13.9071464 ], [ -2.090342, 13.907218 ], [ -2.0902503, 13.9066983 ], [ -2.0900966, 13.9058277 ] ] ] } },
{ "type": "Feature", "properties": { "element": "way", "id": 909405881, "amenity": "hospital", "name": null, "name:fr": null, "healthcare": null, "operator": null, "Observation": null, "description": null, "name:en": null, "website": null, "opening_hours": null, "addr:city": null, "addr:street": null, "healthcare:speciality": null, "created_by": null, "health_facility:type": null, "id:uuid": null, "is_in:health_admin3": null, "operator:type": null, "source": null, "survey:date": null, "addr:housenumber": null, "emergency": null, "phone": null, "barrier": "wall", "addr:postcode": null, "short_name": null, "natural": null, "wheelchair": null, "check_date": null, "denomination": null, "building": null, "healthcare:cholera": null, "designation": null, "wikidata": null, "material": null, "start_date": null, "old_name": null, "internet_access": null, "height": null, "toilets:wheelchair": null, "landuse": null, "type": null }, "geometry": { "type": "Polygon", "coordinates": [ [ [ -2.0688079, 13.7721999 ], [ -2.0697467, 13.7726128 ], [ -2.0698594, 13.7725711 ], [ -2.0707297, 13.7707775 ], [ -2.0706171, 13.7705951 ], [ -2.069744, 13.7702473 ], [ -2.0688079, 13.7721999 ] ] ] } },
{ "type": "Feature", "properties": { "element": "way", "id": 909405910, "amenity": "hospital", "name": null, "name:fr": null, "healthcare": null, "operator": null, "Observation": null, "description": null, "name:en": null, "website": null, "opening_hours": null, "addr:city": null, "addr:street": null, "healthcare:speciality": null, "created_by": null, "health_facility:type": null, "id:uuid": null, "is_in:health_admin3": null, "operator:type": null, "source": null, "survey:date": null, "addr:housenumber": null, "emergency": null, "phone": null, "barrier": "fence", "addr:postcode": null, "short_name": null, "natural": null, "wheelchair": null, "check_date": null, "denomination": null, "building": null, "healthcare:cholera": null, "designation": null, "wikidata": null, "material": null, "start_date": null, "old_name": null, "internet_access": null, "height": null, "toilets:wheelchair": null, "landuse": null, "type": null }, "geometry": { "type": "Polygon", "coordinates": [ [ [ -2.1018769, 13.7859309 ], [ -2.1012546, 13.7867971 ], [ -2.1017884, 13.7871396 ], [ -2.1024093, 13.7873701 ], [ -2.1025904, 13.7871683 ], [ -2.1025059, 13.7863386 ], [ -2.1018769, 13.7859309 ] ] ] } },
{ "type": "Feature", "properties": { "element": "way", "id": 910503547, "amenity": "hospital", "name": null, "name:fr": null, "healthcare": null, "operator": null, "Observation": null, "description": null, "name:en": null, "website": null, "opening_hours": null, "addr:city": null, "addr:street": null, "healthcare:speciality": null, "created_by": null, "health_facility:type": null, "id:uuid": null, "is_in:health_admin3": null, "operator:type": null, "source": null, "survey:date": null, "addr:housenumber": null, "emergency": null, "phone": null, "barrier": null, "addr:postcode": null, "short_name": null, "natural": null, "wheelchair": null, "check_date": null, "denomination": null, "building": null, "healthcare:cholera": null, "designation": null, "wikidata": null, "material": null, "start_date": null, "old_name": null, "internet_access": null, "height": null, "toilets:wheelchair": null, "landuse": null, "type": null }, "geometry": { "type": "Polygon", "coordinates": [ [ [ -1.9628835, 13.6777136 ], [ -1.964297, 13.6780146 ], [ -1.9641897, 13.6789345 ], [ -1.9637364, 13.6789436 ], [ -1.9627883, 13.6784081 ], [ -1.9628835, 13.6777136 ] ] ] } },
{ "type": "Feature", "properties": { "element": "way", "id": 912575677, "amenity": "hospital", "name": null, "name:fr": null, "healthcare": "hospital", "operator": null, "Observation": null, "description": null, "name:en": null, "website": null, "opening_hours": null, "addr:city": null, "addr:street": null, "healthcare:speciality": null, "created_by": null, "health_facility:type": null, "id:uuid": null, "is_in:health_admin3": null, "operator:type": null, "source": null, "survey:date": null, "addr:housenumber": null, "emergency": null, "phone": null, "barrier": null, "addr:postcode": null, "short_name": null, "natural": null, "wheelchair": null, "check_date": null, "denomination": null, "building": null, "healthcare:cholera": null, "designation": null, "wikidata": null, "material": null, "start_date": null, "old_name": null, "internet_access": null, "height": null, "toilets:wheelchair": null, "landuse": null, "type": null }, "geometry": { "type": "Polygon", "coordinates": [ [ [ -1.5119678, 12.3676953 ], [ -1.5118807, 12.3677104 ], [ -1.5118637, 12.3676176 ], [ -1.5119455, 12.3676044 ], [ -1.5119678, 12.3676953 ] ] ] } },
{ "type": "Feature", "properties": { "element": "way", "id": 913174726, "amenity": "hospital", "name": null, "name:fr": null, "healthcare": null, "operator": null, "Observation": null, "description": null, "name:en": null, "website": null, "opening_hours": null, "addr:city": null, "addr:street": null, "healthcare:speciality": null, "created_by": null, "health_facility:type": null, "id:uuid": null, "is_in:health_admin3": null, "operator:type": null, "source": null, "survey:date": null, "addr:housenumber": null, "emergency": null, "phone": null, "barrier": "fence", "addr:postcode": null, "short_name": null, "natural": null, "wheelchair": null, "check_date": null, "denomination": null, "building": null, "healthcare:cholera": null, "designation": null, "wikidata": null, "material": null, "start_date": null, "old_name": null, "internet_access": null, "height": null, "toilets:wheelchair": null, "landuse": null, "type": null }, "geometry": { "type": "Polygon", "coordinates": [ [ [ -2.6480135, 13.851854 ], [ -2.6471418, 13.8514438 ], [ -2.6469326, 13.8518319 ], [ -2.6472612, 13.8519881 ], [ -2.6478808, 13.852117 ], [ -2.6480135, 13.851854 ] ] ] } },
{ "type": "Feature", "properties": { "element": "way", "id": 914375596, "amenity": "hospital", "name": null, "name:fr": null, "healthcare": null, "operator": null, "Observation": null, "description": null, "name:en": null, "website": null, "opening_hours": null, "addr:city": null, "addr:street": null, "healthcare:speciality": null, "created_by": null, "health_facility:type": null, "id:uuid": null, "is_in:health_admin3": null, "operator:type": null, "source": null, "survey:date": null, "addr:housenumber": null, "emergency": null, "phone": null, "barrier": null, "addr:postcode": null, "short_name": null, "natural": null, "wheelchair": null, "check_date": null, "denomination": null, "building": null, "healthcare:cholera": null, "designation": null, "wikidata": null, "material": null, "start_date": null, "old_name": null, "internet_access": null, "height": null, "toilets:wheelchair": null, "landuse": null, "type": null }, "geometry": { "type": "Polygon", "coordinates": [ [ [ -2.5936291, 13.4027858 ], [ -2.5940596, 13.4020174 ], [ -2.5940555, 13.401716 ], [ -2.5930966, 13.4013494 ], [ -2.5927573, 13.4021778 ], [ -2.5929022, 13.4024179 ], [ -2.5936291, 13.4027858 ] ] ] } },
{ "type": "Feature", "properties": { "element": "way", "id": 914912495, "amenity": "hospital", "name": null, "name:fr": null, "healthcare": "hospital", "operator": null, "Observation": null, "description": null, "name:en": null, "website": null, "opening_hours": null, "addr:city": null, "addr:street": null, "healthcare:speciality": null, "created_by": null, "health_facility:type": null, "id:uuid": null, "is_in:health_admin3": null, "operator:type": null, "source": null, "survey:date": null, "addr:housenumber": null, "emergency": null, "phone": null, "barrier": null, "addr:postcode": null, "short_name": null, "natural": null, "wheelchair": null, "check_date": null, "denomination": null, "building": null, "healthcare:cholera": null, "designation": null, "wikidata": null, "material": null, "start_date": null, "old_name": null, "internet_access": null, "height": null, "toilets:wheelchair": null, "landuse": null, "type": null }, "geometry": { "type": "Polygon", "coordinates": [ [ [ -1.5030901, 12.3595829 ], [ -1.5031893, 12.359632 ], [ -1.503247, 12.3595411 ], [ -1.5031478, 12.3594808 ], [ -1.5030901, 12.3595829 ] ] ] } },
{ "type": "Feature", "properties": { "element": "way", "id": 922835054, "amenity": "hospital", "name": "Hôpital de Ouahigouya", "name:fr": null, "healthcare": "hospital", "operator": "Public", "Observation": null, "description": null, "name:en": null, "website": null, "opening_hours": null, "addr:city": null, "addr:street": null, "healthcare:speciality": null, "created_by": null, "health_facility:type": null, "id:uuid": null, "is_in:health_admin3": null, "operator:type": null, "source": null, "survey:date": null, "addr:housenumber": null, "emergency": null, "phone": null, "barrier": "wall", "addr:postcode": null, "short_name": null, "natural": null, "wheelchair": null, "check_date": null, "denomination": null, "building": null, "healthcare:cholera": null, "designation": null, "wikidata": null, "material": null, "start_date": null, "old_name": null, "internet_access": null, "height": null, "toilets:wheelchair": null, "landuse": null, "type": null }, "geometry": { "type": "Polygon", "coordinates": [ [ [ -2.4109586, 13.5779814 ], [ -2.4138111, 13.5772318 ], [ -2.4142268, 13.578744 ], [ -2.4117659, 13.5793789 ], [ -2.4114789, 13.5789422 ], [ -2.4114937, 13.5788757 ], [ -2.4111946, 13.5783542 ], [ -2.41109, 13.5783229 ], [ -2.410925, 13.5780531 ], [ -2.4109586, 13.5779814 ] ] ] } },
{ "type": "Feature", "properties": { "element": "way", "id": 923110703, "amenity": "hospital", "name": null, "name:fr": null, "healthcare": null, "operator": null, "Observation": null, "description": null, "name:en": null, "website": null, "opening_hours": null, "addr:city": null, "addr:street": null, "healthcare:speciality": null, "created_by": null, "health_facility:type": null, "id:uuid": null, "is_in:health_admin3": null, "operator:type": null, "source": null, "survey:date": null, "addr:housenumber": null, "emergency": null, "phone": null, "barrier": "wall", "addr:postcode": null, "short_name": null, "natural": null, "wheelchair": null, "check_date": null, "denomination": null, "building": null, "healthcare:cholera": null, "designation": null, "wikidata": null, "material": null, "start_date": null, "old_name": null, "internet_access": null, "height": null, "toilets:wheelchair": null, "landuse": null, "type": null }, "geometry": { "type": "Polygon", "coordinates": [ [ [ -2.3433843, 13.6754306 ], [ -2.3442641, 13.6743829 ], [ -2.3451519, 13.6751035 ], [ -2.3442654, 13.6761577 ], [ -2.3433843, 13.6754306 ] ] ] } },
{ "type": "Feature", "properties": { "element": "way", "id": 931938585, "amenity": "hospital", "name": null, "name:fr": null, "healthcare": null, "operator": null, "Observation": null, "description": null, "name:en": null, "website": null, "opening_hours": null, "addr:city": null, "addr:street": null, "healthcare:speciality": null, "created_by": null, "health_facility:type": null, "id:uuid": null, "is_in:health_admin3": null, "operator:type": null, "source": null, "survey:date": null, "addr:housenumber": null, "emergency": null, "phone": null, "barrier": null, "addr:postcode": null, "short_name": null, "natural": "tree_row", "wheelchair": null, "check_date": null, "denomination": null, "building": null, "healthcare:cholera": null, "designation": null, "wikidata": null, "material": null, "start_date": null, "old_name": null, "internet_access": null, "height": null, "toilets:wheelchair": null, "landuse": null, "type": null }, "geometry": { "type": "Polygon", "coordinates": [ [ [ -1.7946714, 12.2571289 ], [ -1.7945198, 12.2571337 ], [ -1.7940652, 12.2571482 ], [ -1.793974, 12.2571512 ], [ -1.7939815, 12.2573529 ], [ -1.7940022, 12.2579126 ], [ -1.7946446, 12.2580056 ], [ -1.7946902, 12.2576596 ], [ -1.79468, 12.2573712 ], [ -1.7946714, 12.2571289 ] ] ] } },
{ "type": "Feature", "properties": { "element": "way", "id": 943618362, "amenity": "hospital", "name": "Centre de Radiothérapie de Bogodogo", "name:fr": null, "healthcare": "hospital", "operator": null, "Observation": null, "description": null, "name:en": null, "website": null, "opening_hours": null, "addr:city": null, "addr:street": null, "healthcare:speciality": "oncology", "created_by": null, "health_facility:type": null, "id:uuid": null, "is_in:health_admin3": null, "operator:type": null, "source": null, "survey:date": null, "addr:housenumber": null, "emergency": null, "phone": null, "barrier": null, "addr:postcode": null, "short_name": null, "natural": null, "wheelchair": null, "check_date": null, "denomination": null, "building": null, "healthcare:cholera": null, "designation": null, "wikidata": null, "material": null, "start_date": "2021-05-09", "old_name": null, "internet_access": null, "height": null, "toilets:wheelchair": null, "landuse": null, "type": null }, "geometry": { "type": "Polygon", "coordinates": [ [ [ -1.4956882, 12.339437 ], [ -1.4956424, 12.3395039 ], [ -1.4953325, 12.339978 ], [ -1.4951695, 12.3400329 ], [ -1.494798, 12.3396998 ], [ -1.4951707, 12.3391634 ], [ -1.4956882, 12.339437 ] ] ] } },
{ "type": "Feature", "properties": { "element": "way", "id": 943627287, "amenity": "hospital", "name": "CHU de Bogodogo", "name:fr": null, "healthcare": "hospital", "operator": null, "Observation": null, "description": null, "name:en": null, "website": null, "opening_hours": null, "addr:city": null, "addr:street": null, "healthcare:speciality": null, "created_by": null, "health_facility:type": null, "id:uuid": null, "is_in:health_admin3": null, "operator:type": "public", "source": null, "survey:date": null, "addr:housenumber": null, "emergency": "yes", "phone": null, "barrier": null, "addr:postcode": null, "short_name": "CHU-B", "natural": null, "wheelchair": null, "check_date": null, "denomination": null, "building": null, "healthcare:cholera": null, "designation": null, "wikidata": null, "material": null, "start_date": null, "old_name": "CMA du secteur 30;Hôpital de District de Bogodogo", "internet_access": null, "height": null, "toilets:wheelchair": null, "landuse": null, "type": null }, "geometry": { "type": "Polygon", "coordinates": [ [ [ -1.4940482, 12.3383902 ], [ -1.4939562, 12.3380388 ], [ -1.4935906, 12.3367194 ], [ -1.4924427, 12.3369397 ], [ -1.4916433, 12.3372561 ], [ -1.49134, 12.3369117 ], [ -1.4925575, 12.3351095 ], [ -1.4935862, 12.3335994 ], [ -1.4943443, 12.3341096 ], [ -1.4943656, 12.3342139 ], [ -1.4944112, 12.3342601 ], [ -1.4944837, 12.3343103 ], [ -1.4945328, 12.3343445 ], [ -1.49454, 12.3343495 ], [ -1.4946361, 12.3343077 ], [ -1.4951023, 12.3345963 ], [ -1.4951165, 12.3346658 ], [ -1.4951731, 12.3347064 ], [ -1.4952233, 12.3347423 ], [ -1.4952518, 12.3347145 ], [ -1.4957073, 12.3350135 ], [ -1.4955329, 12.3352874 ], [ -1.4954738, 12.335286 ], [ -1.4954714, 12.3353821 ], [ -1.4950707, 12.3359918 ], [ -1.4943977, 12.3370161 ], [ -1.4967497, 12.3378387 ], [ -1.496113, 12.3388238 ], [ -1.4956882, 12.339437 ], [ -1.4951707, 12.3391634 ], [ -1.494798, 12.3396998 ], [ -1.4951695, 12.3400329 ], [ -1.4947649, 12.3401454 ], [ -1.4944813, 12.3399589 ], [ -1.4940482, 12.3383902 ] ] ] } },
{ "type": "Feature", "properties": { "element": "way", "id": 945126849, "amenity": "hospital", "name": "Centre de Sante et de Promotion Social (CSPS)", "name:fr": null, "healthcare": "hospital", "operator": null, "Observation": null, "description": null, "name:en": null, "website": null, "opening_hours": null, "addr:city": null, "addr:street": null, "healthcare:speciality": "general;maternity", "created_by": null, "health_facility:type": null, "id:uuid": null, "is_in:health_admin3": null, "operator:type": null, "source": null, "survey:date": null, "addr:housenumber": null, "emergency": null, "phone": null, "barrier": null, "addr:postcode": null, "short_name": null, "natural": null, "wheelchair": null, "check_date": null, "denomination": null, "building": null, "healthcare:cholera": null, "designation": null, "wikidata": null, "material": null, "start_date": null, "old_name": null, "internet_access": "no", "height": null, "toilets:wheelchair": null, "landuse": null, "type": null }, "geometry": { "type": "Polygon", "coordinates": [ [ [ 0.6356524, 13.1686991 ], [ 0.6360536, 13.1687915 ], [ 0.6361308, 13.1684814 ], [ 0.636078, 13.1681608 ], [ 0.6356796, 13.1681159 ], [ 0.635544, 13.1684907 ], [ 0.6356524, 13.1686991 ] ] ] } },
{ "type": "Feature", "properties": { "element": "way", "id": 945129896, "amenity": "hospital", "name": "Centre Medical Urbain", "name:fr": null, "healthcare": "hospital", "operator": null, "Observation": null, "description": null, "name:en": null, "website": null, "opening_hours": null, "addr:city": null, "addr:street": null, "healthcare:speciality": null, "created_by": null, "health_facility:type": null, "id:uuid": null, "is_in:health_admin3": null, "operator:type": null, "source": null, "survey:date": null, "addr:housenumber": null, "emergency": null, "phone": null, "barrier": null, "addr:postcode": null, "short_name": null, "natural": null, "wheelchair": null, "check_date": null, "denomination": null, "building": null, "healthcare:cholera": null, "designation": null, "wikidata": null, "material": null, "start_date": null, "old_name": null, "internet_access": null, "height": null, "toilets:wheelchair": null, "landuse": null, "type": null }, "geometry": { "type": "Polygon", "coordinates": [ [ [ -0.8685627, 14.2280407 ], [ -0.8668042, 14.227879 ], [ -0.8668229, 14.2275229 ], [ -0.8682613, 14.2268529 ], [ -0.8686286, 14.2270581 ], [ -0.8685627, 14.2280407 ] ] ] } },
{ "type": "Feature", "properties": { "element": "way", "id": 954743872, "amenity": "hospital", "name": null, "name:fr": null, "healthcare": null, "operator": null, "Observation": null, "description": null, "name:en": null, "website": null, "opening_hours": null, "addr:city": null, "addr:street": null, "healthcare:speciality": null, "created_by": null, "health_facility:type": null, "id:uuid": null, "is_in:health_admin3": null, "operator:type": null, "source": null, "survey:date": null, "addr:housenumber": null, "emergency": null, "phone": null, "barrier": "wall", "addr:postcode": null, "short_name": null, "natural": null, "wheelchair": null, "check_date": null, "denomination": null, "building": null, "healthcare:cholera": null, "designation": null, "wikidata": null, "material": null, "start_date": null, "old_name": null, "internet_access": null, "height": null, "toilets:wheelchair": null, "landuse": null, "type": null }, "geometry": { "type": "Polygon", "coordinates": [ [ [ -2.2231624, 12.0608012 ], [ -2.2232147, 12.0608235 ], [ -2.2241735, 12.0605415 ], [ -2.2242017, 12.0604838 ], [ -2.2240085, 12.0598013 ], [ -2.2238423, 12.0592143 ], [ -2.2237913, 12.0591736 ], [ -2.2228056, 12.0593494 ], [ -2.2227493, 12.0594149 ], [ -2.2231624, 12.0608012 ] ] ] } },
{ "type": "Feature", "properties": { "element": "way", "id": 956133364, "amenity": "hospital", "name": null, "name:fr": null, "healthcare": null, "operator": null, "Observation": null, "description": null, "name:en": null, "website": null, "opening_hours": null, "addr:city": null, "addr:street": null, "healthcare:speciality": null, "created_by": null, "health_facility:type": null, "id:uuid": null, "is_in:health_admin3": null, "operator:type": null, "source": null, "survey:date": null, "addr:housenumber": null, "emergency": null, "phone": null, "barrier": "wall", "addr:postcode": null, "short_name": null, "natural": null, "wheelchair": null, "check_date": null, "denomination": null, "building": null, "healthcare:cholera": null, "designation": null, "wikidata": null, "material": null, "start_date": null, "old_name": null, "internet_access": null, "height": null, "toilets:wheelchair": null, "landuse": null, "type": null }, "geometry": { "type": "Polygon", "coordinates": [ [ [ -2.2563252, 12.052111 ], [ -2.2555058, 12.0512953 ], [ -2.2566536, 12.0504742 ], [ -2.2574578, 12.0498989 ], [ -2.2577776, 12.0496702 ], [ -2.2585892, 12.0499898 ], [ -2.259166, 12.050217 ], [ -2.2602788, 12.0506552 ], [ -2.260724, 12.0517635 ], [ -2.2563252, 12.052111 ] ] ] } },
{ "type": "Feature", "properties": { "element": "way", "id": 977668516, "amenity": "hospital", "name": "CSPS de Belle Ville", "name:fr": null, "healthcare": "hospital", "operator": null, "Observation": null, "description": null, "name:en": null, "website": null, "opening_hours": null, "addr:city": null, "addr:street": null, "healthcare:speciality": "general;psychiatry", "created_by": null, "health_facility:type": null, "id:uuid": null, "is_in:health_admin3": null, "operator:type": null, "source": null, "survey:date": null, "addr:housenumber": null, "emergency": "yes", "phone": null, "barrier": null, "addr:postcode": null, "short_name": null, "natural": null, "wheelchair": null, "check_date": null, "denomination": null, "building": null, "healthcare:cholera": null, "designation": null, "wikidata": null, "material": null, "start_date": null, "old_name": null, "internet_access": null, "height": null, "toilets:wheelchair": null, "landuse": null, "type": null }, "geometry": { "type": "Polygon", "coordinates": [ [ [ -4.3657264, 11.1735385 ], [ -4.3648259, 11.1736349 ], [ -4.3647498, 11.172848 ], [ -4.3656598, 11.1727609 ], [ -4.3657264, 11.1735385 ] ] ] } },
{ "type": "Feature", "properties": { "element": "way", "id": 983838173, "amenity": "hospital", "name": null, "name:fr": null, "healthcare": null, "operator": null, "Observation": null, "description": null, "name:en": null, "website": null, "opening_hours": null, "addr:city": null, "addr:street": null, "healthcare:speciality": null, "created_by": null, "health_facility:type": null, "id:uuid": null, "is_in:health_admin3": null, "operator:type": null, "source": null, "survey:date": null, "addr:housenumber": null, "emergency": null, "phone": null, "barrier": "wall", "addr:postcode": null, "short_name": null, "natural": null, "wheelchair": null, "check_date": null, "denomination": null, "building": null, "healthcare:cholera": null, "designation": null, "wikidata": null, "material": null, "start_date": null, "old_name": null, "internet_access": null, "height": null, "toilets:wheelchair": null, "landuse": null, "type": null }, "geometry": { "type": "Polygon", "coordinates": [ [ [ 1.8657714, 11.8851798 ], [ 1.8657084, 11.8852244 ], [ 1.8655725, 11.8852119 ], [ 1.86537, 11.8851934 ], [ 1.8640776, 11.8850748 ], [ 1.8640481, 11.8850223 ], [ 1.8640596, 11.8849984 ], [ 1.8641662, 11.8847774 ], [ 1.8653396, 11.8823438 ], [ 1.8654174, 11.8822926 ], [ 1.8659701, 11.8823419 ], [ 1.8665519, 11.8823937 ], [ 1.8665855, 11.8824409 ], [ 1.8658208, 11.8850137 ], [ 1.8657714, 11.8851798 ] ] ] } },
{ "type": "Feature", "properties": { "element": "way", "id": 1005713066, "amenity": "hospital", "name": "Consultation externe", "name:fr": null, "healthcare": "hospital", "operator": null, "Observation": null, "description": null, "name:en": null, "website": null, "opening_hours": null, "addr:city": null, "addr:street": null, "healthcare:speciality": "general", "created_by": null, "health_facility:type": null, "id:uuid": null, "is_in:health_admin3": null, "operator:type": null, "source": null, "survey:date": null, "addr:housenumber": null, "emergency": "no", "phone": null, "barrier": null, "addr:postcode": null, "short_name": null, "natural": null, "wheelchair": null, "check_date": null, "denomination": null, "building": "yes", "healthcare:cholera": null, "designation": null, "wikidata": null, "material": null, "start_date": null, "old_name": null, "internet_access": null, "height": null, "toilets:wheelchair": null, "landuse": null, "type": null }, "geometry": { "type": "Polygon", "coordinates": [ [ [ -1.5647595, 12.3369491 ], [ -1.564671, 12.3368137 ], [ -1.5648958, 12.3366736 ], [ -1.5649842, 12.336809 ], [ -1.5647595, 12.3369491 ] ] ] } },
{ "type": "Feature", "properties": { "element": "way", "id": 1005713067, "amenity": "hospital", "name": "Urgence", "name:fr": null, "healthcare": "hospital", "operator": null, "Observation": null, "description": null, "name:en": null, "website": null, "opening_hours": null, "addr:city": null, "addr:street": null, "healthcare:speciality": "general", "created_by": null, "health_facility:type": null, "id:uuid": null, "is_in:health_admin3": null, "operator:type": null, "source": null, "survey:date": null, "addr:housenumber": null, "emergency": "yes", "phone": null, "barrier": null, "addr:postcode": null, "short_name": null, "natural": null, "wheelchair": null, "check_date": null, "denomination": null, "building": "yes", "healthcare:cholera": null, "designation": null, "wikidata": null, "material": null, "start_date": null, "old_name": null, "internet_access": null, "height": null, "toilets:wheelchair": null, "landuse": null, "type": null }, "geometry": { "type": "Polygon", "coordinates": [ [ [ -1.5650385, 12.3367995 ], [ -1.5653411, 12.3366167 ], [ -1.5652371, 12.3364524 ], [ -1.5649345, 12.3366352 ], [ -1.5650385, 12.3367995 ] ] ] } },
{ "type": "Feature", "properties": { "element": "way", "id": 1005713068, "amenity": "hospital", "name": "Pédiatrie", "name:fr": null, "healthcare": "hospital", "operator": null, "Observation": null, "description": null, "name:en": null, "website": null, "opening_hours": null, "addr:city": null, "addr:street": null, "healthcare:speciality": "paediatrics", "created_by": null, "health_facility:type": null, "id:uuid": null, "is_in:health_admin3": null, "operator:type": null, "source": null, "survey:date": null, "addr:housenumber": null, "emergency": "yes", "phone": null, "barrier": null, "addr:postcode": null, "short_name": null, "natural": null, "wheelchair": null, "check_date": null, "denomination": null, "building": "yes", "healthcare:cholera": null, "designation": null, "wikidata": null, "material": null, "start_date": null, "old_name": null, "internet_access": null, "height": null, "toilets:wheelchair": null, "landuse": null, "type": null }, "geometry": { "type": "Polygon", "coordinates": [ [ [ -1.5654379, 12.3365755 ], [ -1.5657154, 12.3364087 ], [ -1.5656042, 12.3362321 ], [ -1.5653266, 12.3363989 ], [ -1.5654379, 12.3365755 ] ] ] } },
{ "type": "Feature", "properties": { "element": "way", "id": 1005713069, "amenity": "hospital", "name": "Pédiatrie", "name:fr": null, "healthcare": "hospital", "operator": null, "Observation": null, "description": null, "name:en": null, "website": null, "opening_hours": null, "addr:city": null, "addr:street": null, "healthcare:speciality": "paediatrics", "created_by": null, "health_facility:type": null, "id:uuid": null, "is_in:health_admin3": null, "operator:type": null, "source": null, "survey:date": null, "addr:housenumber": null, "emergency": "yes", "phone": null, "barrier": null, "addr:postcode": null, "short_name": null, "natural": null, "wheelchair": null, "check_date": null, "denomination": null, "building": "yes", "healthcare:cholera": null, "designation": null, "wikidata": null, "material": null, "start_date": null, "old_name": null, "internet_access": null, "height": null, "toilets:wheelchair": null, "landuse": null, "type": null }, "geometry": { "type": "Polygon", "coordinates": [ [ [ -1.5658809, 12.3366587 ], [ -1.5658197, 12.3366948 ], [ -1.5658041, 12.3366695 ], [ -1.5656064, 12.336786 ], [ -1.5656271, 12.3368196 ], [ -1.5655566, 12.3368611 ], [ -1.5654421, 12.336676 ], [ -1.5657715, 12.3364817 ], [ -1.5658809, 12.3366587 ] ] ] } },
{ "type": "Feature", "properties": { "element": "way", "id": 1005713070, "amenity": "hospital", "name": "Maternité", "name:fr": null, "healthcare": "hospital", "operator": null, "Observation": null, "description": null, "name:en": null, "website": null, "opening_hours": null, "addr:city": null, "addr:street": null, "healthcare:speciality": "general", "created_by": null, "health_facility:type": null, "id:uuid": null, "is_in:health_admin3": null, "operator:type": null, "source": null, "survey:date": null, "addr:housenumber": null, "emergency": "yes", "phone": null, "barrier": null, "addr:postcode": null, "short_name": null, "natural": null, "wheelchair": null, "check_date": null, "denomination": null, "building": "yes", "healthcare:cholera": null, "designation": null, "wikidata": null, "material": null, "start_date": null, "old_name": null, "internet_access": null, "height": null, "toilets:wheelchair": null, "landuse": null, "type": null }, "geometry": { "type": "Polygon", "coordinates": [ [ [ -1.5641183, 12.3362998 ], [ -1.5644059, 12.3361198 ], [ -1.5642644, 12.3359041 ], [ -1.5639768, 12.3360842 ], [ -1.5641183, 12.3362998 ] ] ] } },
{ "type": "Feature", "properties": { "element": "way", "id": 1005713071, "amenity": "hospital", "name": "Laboratoire", "name:fr": null, "healthcare": "hospital", "operator": null, "Observation": null, "description": null, "name:en": null, "website": null, "opening_hours": null, "addr:city": null, "addr:street": null, "healthcare:speciality": null, "created_by": null, "health_facility:type": null, "id:uuid": null, "is_in:health_admin3": null, "operator:type": null, "source": null, "survey:date": null, "addr:housenumber": null, "emergency": null, "phone": null, "barrier": null, "addr:postcode": null, "short_name": null, "natural": null, "wheelchair": null, "check_date": null, "denomination": null, "building": "yes", "healthcare:cholera": null, "designation": null, "wikidata": null, "material": null, "start_date": null, "old_name": null, "internet_access": null, "height": null, "toilets:wheelchair": null, "landuse": null, "type": null }, "geometry": { "type": "Polygon", "coordinates": [ [ [ -1.5637634, 12.3354986 ], [ -1.563847, 12.3356338 ], [ -1.5637279, 12.3357041 ], [ -1.5636443, 12.3355688 ], [ -1.5637634, 12.3354986 ] ] ] } },
{ "type": "Feature", "properties": { "element": "way", "id": 1005713072, "amenity": "hospital", "name": null, "name:fr": null, "healthcare": "hospital", "operator": null, "Observation": null, "description": null, "name:en": null, "website": null, "opening_hours": null, "addr:city": null, "addr:street": null, "healthcare:speciality": null, "created_by": null, "health_facility:type": null, "id:uuid": null, "is_in:health_admin3": null, "operator:type": null, "source": null, "survey:date": null, "addr:housenumber": null, "emergency": null, "phone": null, "barrier": null, "addr:postcode": null, "short_name": null, "natural": null, "wheelchair": null, "check_date": null, "denomination": null, "building": "yes", "healthcare:cholera": null, "designation": null, "wikidata": null, "material": null, "start_date": null, "old_name": null, "internet_access": null, "height": null, "toilets:wheelchair": null, "landuse": null, "type": null }, "geometry": { "type": "Polygon", "coordinates": [ [ [ -1.5645331, 12.3360165 ], [ -1.5647485, 12.3358884 ], [ -1.5646248, 12.3356901 ], [ -1.5644095, 12.3358182 ], [ -1.5645331, 12.3360165 ] ] ] } },
{ "type": "Feature", "properties": { "element": "way", "id": 1005713073, "amenity": "hospital", "name": null, "name:fr": null, "healthcare": "hospital", "operator": null, "Observation": null, "description": null, "name:en": null, "website": null, "opening_hours": null, "addr:city": null, "addr:street": null, "healthcare:speciality": null, "created_by": null, "health_facility:type": null, "id:uuid": null, "is_in:health_admin3": null, "operator:type": null, "source": null, "survey:date": null, "addr:housenumber": null, "emergency": null, "phone": null, "barrier": null, "addr:postcode": null, "short_name": null, "natural": null, "wheelchair": null, "check_date": null, "denomination": null, "building": "yes", "healthcare:cholera": null, "designation": null, "wikidata": null, "material": null, "start_date": null, "old_name": null, "internet_access": null, "height": null, "toilets:wheelchair": null, "landuse": null, "type": null }, "geometry": { "type": "Polygon", "coordinates": [ [ [ -1.5644178, 12.3353746 ], [ -1.5645618, 12.33559 ], [ -1.5643011, 12.3357563 ], [ -1.5641571, 12.3355408 ], [ -1.5644178, 12.3353746 ] ] ] } },
{ "type": "Feature", "properties": { "element": "way", "id": 1005713074, "amenity": "hospital", "name": "Dépôt pharmaceutique", "name:fr": null, "healthcare": "hospital", "operator": null, "Observation": null, "description": null, "name:en": null, "website": null, "opening_hours": null, "addr:city": null, "addr:street": null, "healthcare:speciality": null, "created_by": null, "health_facility:type": null, "id:uuid": null, "is_in:health_admin3": null, "operator:type": null, "source": null, "survey:date": null, "addr:housenumber": null, "emergency": null, "phone": null, "barrier": null, "addr:postcode": null, "short_name": null, "natural": null, "wheelchair": null, "check_date": null, "denomination": null, "building": "yes", "healthcare:cholera": null, "designation": null, "wikidata": null, "material": null, "start_date": null, "old_name": null, "internet_access": null, "height": null, "toilets:wheelchair": null, "landuse": null, "type": null }, "geometry": { "type": "Polygon", "coordinates": [ [ [ -1.5643686, 12.3366116 ], [ -1.564477, 12.3365444 ], [ -1.5643032, 12.336277 ], [ -1.5641948, 12.3363443 ], [ -1.5643686, 12.3366116 ] ] ] } },
{ "type": "Feature", "properties": { "element": "way", "id": 1005713075, "amenity": "hospital", "name": null, "name:fr": null, "healthcare": "hospital", "operator": null, "Observation": null, "description": null, "name:en": null, "website": null, "opening_hours": null, "addr:city": null, "addr:street": null, "healthcare:speciality": null, "created_by": null, "health_facility:type": null, "id:uuid": null, "is_in:health_admin3": null, "operator:type": null, "source": null, "survey:date": null, "addr:housenumber": null, "emergency": null, "phone": null, "barrier": null, "addr:postcode": null, "short_name": null, "natural": null, "wheelchair": null, "check_date": null, "denomination": null, "building": "yes", "healthcare:cholera": null, "designation": null, "wikidata": null, "material": null, "start_date": null, "old_name": null, "internet_access": null, "height": null, "toilets:wheelchair": null, "landuse": null, "type": null }, "geometry": { "type": "Polygon", "coordinates": [ [ [ -1.5650062, 12.3362444 ], [ -1.5651321, 12.3361677 ], [ -1.5649708, 12.335915 ], [ -1.56487, 12.3359764 ], [ -1.5648449, 12.3359917 ], [ -1.5650062, 12.3362444 ] ] ] } },
{ "type": "Feature", "properties": { "element": "way", "id": 1005713076, "amenity": "hospital", "name": null, "name:fr": null, "healthcare": "hospital", "operator": null, "Observation": null, "description": null, "name:en": null, "website": null, "opening_hours": null, "addr:city": null, "addr:street": null, "healthcare:speciality": null, "created_by": null, "health_facility:type": null, "id:uuid": null, "is_in:health_admin3": null, "operator:type": null, "source": null, "survey:date": null, "addr:housenumber": null, "emergency": null, "phone": null, "barrier": null, "addr:postcode": null, "short_name": null, "natural": null, "wheelchair": null, "check_date": null, "denomination": null, "building": "yes", "healthcare:cholera": null, "designation": null, "wikidata": null, "material": null, "start_date": null, "old_name": null, "internet_access": null, "height": null, "toilets:wheelchair": null, "landuse": null, "type": null }, "geometry": { "type": "Polygon", "coordinates": [ [ [ -1.5651936, 12.3359641 ], [ -1.5650838, 12.3360279 ], [ -1.5649725, 12.3358452 ], [ -1.5650823, 12.3357814 ], [ -1.5651936, 12.3359641 ] ] ] } },
{ "type": "Feature", "properties": { "element": "way", "id": 1005713077, "amenity": "hospital", "name": null, "name:fr": null, "healthcare": "hospital", "operator": null, "Observation": null, "description": null, "name:en": null, "website": null, "opening_hours": null, "addr:city": null, "addr:street": null, "healthcare:speciality": null, "created_by": null, "health_facility:type": null, "id:uuid": null, "is_in:health_admin3": null, "operator:type": null, "source": null, "survey:date": null, "addr:housenumber": null, "emergency": null, "phone": null, "barrier": null, "addr:postcode": null, "short_name": null, "natural": null, "wheelchair": null, "check_date": null, "denomination": null, "building": "yes", "healthcare:cholera": null, "designation": null, "wikidata": null, "material": null, "start_date": null, "old_name": null, "internet_access": null, "height": null, "toilets:wheelchair": null, "landuse": null, "type": null }, "geometry": { "type": "Polygon", "coordinates": [ [ [ -1.5641694, 12.3353642 ], [ -1.5643725, 12.3352388 ], [ -1.5643119, 12.3351452 ], [ -1.5641088, 12.3352706 ], [ -1.5641694, 12.3353642 ] ] ] } },
{ "type": "Feature", "properties": { "element": "way", "id": 1005713078, "amenity": "hospital", "name": null, "name:fr": null, "healthcare": "hospital", "operator": null, "Observation": null, "description": null, "name:en": null, "website": null, "opening_hours": null, "addr:city": null, "addr:street": null, "healthcare:speciality": null, "created_by": null, "health_facility:type": null, "id:uuid": null, "is_in:health_admin3": null, "operator:type": null, "source": null, "survey:date": null, "addr:housenumber": null, "emergency": null, "phone": null, "barrier": null, "addr:postcode": null, "short_name": null, "natural": null, "wheelchair": null, "check_date": null, "denomination": null, "building": "yes", "healthcare:cholera": null, "designation": null, "wikidata": null, "material": null, "start_date": null, "old_name": null, "internet_access": null, "height": null, "toilets:wheelchair": null, "landuse": null, "type": null }, "geometry": { "type": "Polygon", "coordinates": [ [ [ -1.5639224, 12.3355066 ], [ -1.5640579, 12.3354233 ], [ -1.5640025, 12.3353372 ], [ -1.563867, 12.3354204 ], [ -1.5639224, 12.3355066 ] ] ] } },
{ "type": "Feature", "properties": { "element": "way", "id": 1005713079, "amenity": "hospital", "name": null, "name:fr": null, "healthcare": "hospital", "operator": null, "Observation": null, "description": null, "name:en": null, "website": null, "opening_hours": null, "addr:city": null, "addr:street": null, "healthcare:speciality": null, "created_by": null, "health_facility:type": null, "id:uuid": null, "is_in:health_admin3": null, "operator:type": null, "source": null, "survey:date": null, "addr:housenumber": null, "emergency": null, "phone": null, "barrier": null, "addr:postcode": null, "short_name": null, "natural": null, "wheelchair": null, "check_date": null, "denomination": null, "building": "yes", "healthcare:cholera": null, "designation": null, "wikidata": null, "material": null, "start_date": null, "old_name": null, "internet_access": null, "height": null, "toilets:wheelchair": null, "landuse": null, "type": null }, "geometry": { "type": "Polygon", "coordinates": [ [ [ -1.5649369, 12.3349849 ], [ -1.5650591, 12.3349084 ], [ -1.5649461, 12.3347363 ], [ -1.5648239, 12.3348129 ], [ -1.5649369, 12.3349849 ] ] ] } },
{ "type": "Feature", "properties": { "element": "way", "id": 1005713080, "amenity": "hospital", "name": null, "name:fr": null, "healthcare": "hospital", "operator": null, "Observation": null, "description": null, "name:en": null, "website": null, "opening_hours": null, "addr:city": null, "addr:street": null, "healthcare:speciality": null, "created_by": null, "health_facility:type": null, "id:uuid": null, "is_in:health_admin3": null, "operator:type": null, "source": null, "survey:date": null, "addr:housenumber": null, "emergency": null, "phone": null, "barrier": null, "addr:postcode": null, "short_name": null, "natural": null, "wheelchair": null, "check_date": null, "denomination": null, "building": "yes", "healthcare:cholera": null, "designation": null, "wikidata": null, "material": null, "start_date": null, "old_name": null, "internet_access": null, "height": null, "toilets:wheelchair": null, "landuse": null, "type": null }, "geometry": { "type": "Polygon", "coordinates": [ [ [ -1.5644217, 12.3351615 ], [ -1.5645846, 12.3350539 ], [ -1.5645379, 12.3349864 ], [ -1.564375, 12.335094 ], [ -1.5644217, 12.3351615 ] ] ] } },
{ "type": "Feature", "properties": { "element": "way", "id": 1005713081, "amenity": "hospital", "name": null, "name:fr": null, "healthcare": "hospital", "operator": null, "Observation": null, "description": null, "name:en": null, "website": null, "opening_hours": null, "addr:city": null, "addr:street": null, "healthcare:speciality": null, "created_by": null, "health_facility:type": null, "id:uuid": null, "is_in:health_admin3": null, "operator:type": null, "source": null, "survey:date": null, "addr:housenumber": null, "emergency": null, "phone": null, "barrier": null, "addr:postcode": null, "short_name": null, "natural": null, "wheelchair": null, "check_date": null, "denomination": null, "building": "yes", "healthcare:cholera": null, "designation": null, "wikidata": null, "material": null, "start_date": null, "old_name": null, "internet_access": null, "height": null, "toilets:wheelchair": null, "landuse": null, "type": null }, "geometry": { "type": "Polygon", "coordinates": [ [ [ -1.5653251, 12.3348078 ], [ -1.5653712, 12.334716 ], [ -1.5650803, 12.3345763 ], [ -1.5650341, 12.3346681 ], [ -1.5653251, 12.3348078 ] ] ] } },
{ "type": "Feature", "properties": { "element": "way", "id": 1010997446, "amenity": "hospital", "name": null, "name:fr": null, "healthcare": null, "operator": null, "Observation": null, "description": null, "name:en": null, "website": null, "opening_hours": null, "addr:city": null, "addr:street": null, "healthcare:speciality": null, "created_by": null, "health_facility:type": null, "id:uuid": null, "is_in:health_admin3": null, "operator:type": null, "source": null, "survey:date": null, "addr:housenumber": null, "emergency": null, "phone": null, "barrier": "wall", "addr:postcode": null, "short_name": null, "natural": null, "wheelchair": null, "check_date": null, "denomination": null, "building": null, "healthcare:cholera": null, "designation": null, "wikidata": null, "material": null, "start_date": null, "old_name": null, "internet_access": null, "height": null, "toilets:wheelchair": null, "landuse": null, "type": null }, "geometry": { "type": "Polygon", "coordinates": [ [ [ -1.4459212, 12.5171812 ], [ -1.4460814, 12.5171843 ], [ -1.446746, 12.5171969 ], [ -1.4471523, 12.5188256 ], [ -1.4459923, 12.518984 ], [ -1.4459212, 12.5171812 ] ] ] } },
{ "type": "Feature", "properties": { "element": "way", "id": 1028697769, "amenity": "hospital", "name": null, "name:fr": null, "healthcare": "hospital", "operator": null, "Observation": null, "description": null, "name:en": null, "website": null, "opening_hours": null, "addr:city": null, "addr:street": null, "healthcare:speciality": null, "created_by": null, "health_facility:type": null, "id:uuid": null, "is_in:health_admin3": null, "operator:type": null, "source": null, "survey:date": null, "addr:housenumber": null, "emergency": null, "phone": null, "barrier": "wall", "addr:postcode": null, "short_name": null, "natural": null, "wheelchair": null, "check_date": null, "denomination": null, "building": null, "healthcare:cholera": null, "designation": null, "wikidata": null, "material": null, "start_date": null, "old_name": null, "internet_access": null, "height": null, "toilets:wheelchair": null, "landuse": null, "type": null }, "geometry": { "type": "Polygon", "coordinates": [ [ [ -1.5655021, 12.5073946 ], [ -1.566704, 12.5074873 ], [ -1.5668258, 12.5074967 ], [ -1.5668674, 12.5074574 ], [ -1.5668298, 12.5072375 ], [ -1.5667802, 12.5072008 ], [ -1.5666421, 12.5071851 ], [ -1.5664637, 12.5071275 ], [ -1.5663202, 12.5070555 ], [ -1.5662183, 12.5069822 ], [ -1.5661164, 12.5068866 ], [ -1.5660171, 12.50677 ], [ -1.5659501, 12.5066496 ], [ -1.5659031, 12.506516 ], [ -1.5658736, 12.5064061 ], [ -1.5658307, 12.506355 ], [ -1.5657376, 12.5063474 ], [ -1.5655907, 12.5063354 ], [ -1.5655383, 12.5063733 ], [ -1.5654626, 12.5073422 ], [ -1.5655021, 12.5073946 ] ] ] } },
{ "type": "Feature", "properties": { "element": "way", "id": 1042008807, "amenity": "hospital", "name": null, "name:fr": null, "healthcare": null, "operator": null, "Observation": null, "description": null, "name:en": null, "website": null, "opening_hours": null, "addr:city": null, "addr:street": null, "healthcare:speciality": null, "created_by": null, "health_facility:type": null, "id:uuid": null, "is_in:health_admin3": null, "operator:type": null, "source": null, "survey:date": null, "addr:housenumber": null, "emergency": null, "phone": null, "barrier": "wall", "addr:postcode": null, "short_name": null, "natural": null, "wheelchair": null, "check_date": null, "denomination": null, "building": null, "healthcare:cholera": null, "designation": null, "wikidata": null, "material": null, "start_date": null, "old_name": null, "internet_access": null, "height": null, "toilets:wheelchair": null, "landuse": null, "type": null }, "geometry": { "type": "Polygon", "coordinates": [ [ [ -2.1070911, 12.2081209 ], [ -2.1097961, 12.2078181 ], [ -2.1097727, 12.2075802 ], [ -2.1097583, 12.2074348 ], [ -2.1097174, 12.2070199 ], [ -2.1096382, 12.2062161 ], [ -2.1096191, 12.2060223 ], [ -2.1085259, 12.2061349 ], [ -2.1077777, 12.2061966 ], [ -2.1077254, 12.2062386 ], [ -2.1075492, 12.2067614 ], [ -2.1070911, 12.2081209 ] ] ] } },
{ "type": "Feature", "properties": { "element": "way", "id": 1067734401, "amenity": "hospital", "name": null, "name:fr": null, "healthcare": "hospital", "operator": null, "Observation": null, "description": null, "name:en": null, "website": null, "opening_hours": null, "addr:city": null, "addr:street": null, "healthcare:speciality": null, "created_by": null, "health_facility:type": null, "id:uuid": null, "is_in:health_admin3": null, "operator:type": null, "source": null, "survey:date": null, "addr:housenumber": null, "emergency": null, "phone": null, "barrier": null, "addr:postcode": null, "short_name": null, "natural": null, "wheelchair": null, "check_date": null, "denomination": null, "building": null, "healthcare:cholera": null, "designation": null, "wikidata": null, "material": null, "start_date": null, "old_name": null, "internet_access": null, "height": null, "toilets:wheelchair": null, "landuse": null, "type": null }, "geometry": { "type": "Polygon", "coordinates": [ [ [ -3.178678, 10.3214882 ], [ -3.1785412, 10.3197175 ], [ -3.1794076, 10.3196384 ], [ -3.1803946, 10.3201714 ], [ -3.1804053, 10.3208337 ], [ -3.1800981, 10.3216628 ], [ -3.1788053, 10.3216958 ], [ -3.178678, 10.3214882 ] ] ] } },
{ "type": "Feature", "properties": { "element": "way", "id": 1068302288, "amenity": "hospital", "name": null, "name:fr": null, "healthcare": "hospital", "operator": null, "Observation": null, "description": null, "name:en": null, "website": null, "opening_hours": null, "addr:city": null, "addr:street": null, "healthcare:speciality": null, "created_by": null, "health_facility:type": null, "id:uuid": null, "is_in:health_admin3": null, "operator:type": null, "source": null, "survey:date": null, "addr:housenumber": null, "emergency": null, "phone": null, "barrier": null, "addr:postcode": null, "short_name": null, "natural": null, "wheelchair": null, "check_date": null, "denomination": null, "building": null, "healthcare:cholera": null, "designation": null, "wikidata": null, "material": null, "start_date": null, "old_name": null, "internet_access": null, "height": null, "toilets:wheelchair": null, "landuse": null, "type": null }, "geometry": { "type": "Polygon", "coordinates": [ [ [ -3.1785412, 10.3197175 ], [ -3.1785444, 10.3193226 ], [ -3.1797085, 10.3192751 ], [ -3.1797139, 10.3191484 ], [ -3.1802825, 10.3191432 ], [ -3.1802825, 10.3192857 ], [ -3.1803522, 10.3192857 ], [ -3.1803946, 10.3201714 ], [ -3.1794076, 10.3196384 ], [ -3.1785412, 10.3197175 ] ] ] } },
{ "type": "Feature", "properties": { "element": "way", "id": 1181084462, "amenity": "hospital", "name": null, "name:fr": null, "healthcare": null, "operator": null, "Observation": null, "description": null, "name:en": null, "website": null, "opening_hours": null, "addr:city": null, "addr:street": null, "healthcare:speciality": null, "created_by": null, "health_facility:type": null, "id:uuid": null, "is_in:health_admin3": null, "operator:type": null, "source": null, "survey:date": null, "addr:housenumber": null, "emergency": null, "phone": null, "barrier": null, "addr:postcode": null, "short_name": null, "natural": null, "wheelchair": null, "check_date": null, "denomination": null, "building": null, "healthcare:cholera": null, "designation": null, "wikidata": null, "material": null, "start_date": null, "old_name": null, "internet_access": null, "height": null, "toilets:wheelchair": null, "landuse": null, "type": null }, "geometry": { "type": "Polygon", "coordinates": [ [ [ -1.6871636, 12.2426926 ], [ -1.6871175, 12.2435658 ], [ -1.6864112, 12.2440028 ], [ -1.6863146, 12.243863 ], [ -1.6862519, 12.2437731 ], [ -1.6859189, 12.2432822 ], [ -1.6864403, 12.2429643 ], [ -1.6864641, 12.2426526 ], [ -1.687124, 12.2426879 ], [ -1.6871636, 12.2426926 ] ] ] } },
{ "type": "Feature", "properties": { "element": "way", "id": 1181172095, "amenity": "hospital", "name": null, "name:fr": null, "healthcare": "hospital", "operator": null, "Observation": null, "description": null, "name:en": null, "website": null, "opening_hours": null, "addr:city": null, "addr:street": null, "healthcare:speciality": null, "created_by": null, "health_facility:type": null, "id:uuid": null, "is_in:health_admin3": null, "operator:type": null, "source": null, "survey:date": null, "addr:housenumber": null, "emergency": null, "phone": null, "barrier": "wall", "addr:postcode": null, "short_name": null, "natural": null, "wheelchair": null, "check_date": null, "denomination": null, "building": null, "healthcare:cholera": null, "designation": null, "wikidata": null, "material": null, "start_date": null, "old_name": null, "internet_access": null, "height": null, "toilets:wheelchair": null, "landuse": null, "type": null }, "geometry": { "type": "Polygon", "coordinates": [ [ [ -1.7193563, 12.2679052 ], [ -1.7194569, 12.2679012 ], [ -1.7208208, 12.266689 ], [ -1.7208128, 12.2665842 ], [ -1.7198727, 12.2655909 ], [ -1.7197694, 12.2655804 ], [ -1.7183854, 12.2667873 ], [ -1.7183881, 12.2668764 ], [ -1.7193563, 12.2679052 ] ] ] } },
{ "type": "Feature", "properties": { "element": "way", "id": 1183750294, "amenity": "hospital", "name": null, "name:fr": null, "healthcare": null, "operator": null, "Observation": null, "description": null, "name:en": null, "website": null, "opening_hours": null, "addr:city": null, "addr:street": null, "healthcare:speciality": null, "created_by": null, "health_facility:type": null, "id:uuid": null, "is_in:health_admin3": null, "operator:type": null, "source": null, "survey:date": null, "addr:housenumber": null, "emergency": null, "phone": null, "barrier": "fence", "addr:postcode": null, "short_name": null, "natural": null, "wheelchair": null, "check_date": null, "denomination": null, "building": null, "healthcare:cholera": null, "designation": null, "wikidata": null, "material": null, "start_date": null, "old_name": null, "internet_access": null, "height": null, "toilets:wheelchair": null, "landuse": null, "type": null }, "geometry": { "type": "Polygon", "coordinates": [ [ [ -1.4015012, 12.058872 ], [ -1.4023715, 12.0589507 ], [ -1.4024507, 12.0582792 ], [ -1.4020872, 12.058009 ], [ -1.4019934, 12.0580124 ], [ -1.4016916, 12.0580234 ], [ -1.401469, 12.0586044 ], [ -1.4015012, 12.058872 ] ] ] } },
{ "type": "Feature", "properties": { "element": "way", "id": 1191569240, "amenity": "hospital", "name": "CSPS de Bougounam", "name:fr": null, "healthcare": null, "operator": null, "Observation": null, "description": null, "name:en": null, "website": null, "opening_hours": null, "addr:city": null, "addr:street": null, "healthcare:speciality": null, "created_by": null, "health_facility:type": null, "id:uuid": null, "is_in:health_admin3": null, "operator:type": null, "source": null, "survey:date": null, "addr:housenumber": null, "emergency": null, "phone": null, "barrier": null, "addr:postcode": null, "short_name": null, "natural": null, "wheelchair": null, "check_date": null, "denomination": null, "building": null, "healthcare:cholera": null, "designation": null, "wikidata": null, "material": null, "start_date": null, "old_name": null, "internet_access": null, "height": null, "toilets:wheelchair": null, "landuse": null, "type": null }, "geometry": { "type": "Polygon", "coordinates": [ [ [ -2.3902398, 13.3636087 ], [ -2.3902854, 13.3633843 ], [ -2.390331, 13.3632668 ], [ -2.3902103, 13.3630894 ], [ -2.3902935, 13.3630163 ], [ -2.3903525, 13.362891 ], [ -2.3902506, 13.3626849 ], [ -2.390044, 13.362724 ], [ -2.3899207, 13.3628519 ], [ -2.3898858, 13.3630476 ], [ -2.3898724, 13.3631076 ], [ -2.3897463, 13.3631598 ], [ -2.3896256, 13.3631546 ], [ -2.3894459, 13.3632486 ], [ -2.3894352, 13.3634077 ], [ -2.3894405, 13.3635121 ], [ -2.3894969, 13.3635956 ], [ -2.3895773, 13.3636817 ], [ -2.3896766, 13.3637209 ], [ -2.3897946, 13.3637522 ], [ -2.3899153, 13.3636844 ], [ -2.3902077, 13.3637131 ], [ -2.3902398, 13.3636087 ] ] ] } },
{ "type": "Feature", "properties": { "element": "way", "id": 1191676227, "amenity": "hospital", "name": null, "name:fr": null, "healthcare": null, "operator": null, "Observation": null, "description": null, "name:en": null, "website": null, "opening_hours": null, "addr:city": null, "addr:street": null, "healthcare:speciality": null, "created_by": null, "health_facility:type": null, "id:uuid": null, "is_in:health_admin3": null, "operator:type": null, "source": null, "survey:date": null, "addr:housenumber": null, "emergency": null, "phone": null, "barrier": "wall", "addr:postcode": null, "short_name": null, "natural": null, "wheelchair": null, "check_date": null, "denomination": null, "building": null, "healthcare:cholera": null, "designation": null, "wikidata": null, "material": null, "start_date": null, "old_name": null, "internet_access": null, "height": null, "toilets:wheelchair": null, "landuse": null, "type": null }, "geometry": { "type": "Polygon", "coordinates": [ [ [ -1.3993701, 12.1903383 ], [ -1.4011994, 12.1893617 ], [ -1.4012249, 12.1893302 ], [ -1.4008428, 12.1885402 ], [ -1.400788, 12.1884269 ], [ -1.4005047, 12.1878411 ], [ -1.4004095, 12.1878083 ], [ -1.399916, 12.188119 ], [ -1.3995207, 12.1882237 ], [ -1.3983616, 12.1885306 ], [ -1.3983428, 12.188566 ], [ -1.3993232, 12.1903265 ], [ -1.3993701, 12.1903383 ] ] ] } },
{ "type": "Feature", "properties": { "element": "way", "id": 1204977076, "amenity": "hospital", "name": null, "name:fr": null, "healthcare": null, "operator": null, "Observation": null, "description": null, "name:en": null, "website": null, "opening_hours": null, "addr:city": null, "addr:street": null, "healthcare:speciality": null, "created_by": null, "health_facility:type": null, "id:uuid": null, "is_in:health_admin3": null, "operator:type": null, "source": null, "survey:date": null, "addr:housenumber": null, "emergency": null, "phone": null, "barrier": null, "addr:postcode": null, "short_name": null, "natural": null, "wheelchair": null, "check_date": null, "denomination": null, "building": null, "healthcare:cholera": null, "designation": null, "wikidata": null, "material": null, "start_date": null, "old_name": null, "internet_access": null, "height": null, "toilets:wheelchair": null, "landuse": null, "type": null }, "geometry": { "type": "Polygon", "coordinates": [ [ [ -2.3537417, 13.2066932 ], [ -2.3532642, 13.206876 ], [ -2.3526607, 13.2071006 ], [ -2.3523778, 13.2071998 ], [ -2.3520921, 13.2072729 ], [ -2.3518252, 13.2073395 ], [ -2.3516227, 13.2073852 ], [ -2.3516204, 13.2072752 ], [ -2.3516174, 13.2068878 ], [ -2.351612, 13.2064896 ], [ -2.3516113, 13.2061292 ], [ -2.3516204, 13.2060682 ], [ -2.3516502, 13.2060509 ], [ -2.3517112, 13.206043 ], [ -2.3517112, 13.2059888 ], [ -2.3517622, 13.2059072 ], [ -2.3518373, 13.205872 ], [ -2.351903, 13.2058642 ], [ -2.3520425, 13.2058694 ], [ -2.3520613, 13.2059699 ], [ -2.3522745, 13.205949 ], [ -2.3523858, 13.2059321 ], [ -2.3526084, 13.2059059 ], [ -2.3527198, 13.2058642 ], [ -2.3529424, 13.2057662 ], [ -2.3533139, 13.2055965 ], [ -2.3534131, 13.2055586 ], [ -2.3536438, 13.2058263 ], [ -2.3539093, 13.2061279 ], [ -2.3540689, 13.2062911 ], [ -2.3542446, 13.2064974 ], [ -2.3537417, 13.2066932 ] ] ] } },
{ "type": "Feature", "properties": { "element": "way", "id": 1205855668, "amenity": "hospital", "name": "Clinique Adulte", "name:fr": null, "healthcare": "hospital", "operator": "CMA de Dafra", "Observation": null, "description": null, "name:en": null, "website": null, "opening_hours": null, "addr:city": null, "addr:street": null, "healthcare:speciality": null, "created_by": null, "health_facility:type": null, "id:uuid": null, "is_in:health_admin3": null, "operator:type": null, "source": null, "survey:date": null, "addr:housenumber": null, "emergency": null, "phone": null, "barrier": null, "addr:postcode": null, "short_name": null, "natural": null, "wheelchair": null, "check_date": null, "denomination": null, "building": null, "healthcare:cholera": null, "designation": null, "wikidata": null, "material": null, "start_date": null, "old_name": null, "internet_access": null, "height": null, "toilets:wheelchair": null, "landuse": null, "type": null }, "geometry": { "type": "Polygon", "coordinates": [ [ [ -4.2542151, 11.1979983 ], [ -4.2543532, 11.1978535 ], [ -4.2542652, 11.1977728 ], [ -4.2541271, 11.1979175 ], [ -4.2542151, 11.1979983 ] ] ] } },
{ "type": "Feature", "properties": { "element": "way", "id": 1205855674, "amenity": "hospital", "name": "Service d'Urgence", "name:fr": null, "healthcare": "hospital", "operator": "CMA de Dafra", "Observation": null, "description": null, "name:en": null, "website": null, "opening_hours": null, "addr:city": null, "addr:street": null, "healthcare:speciality": null, "created_by": null, "health_facility:type": null, "id:uuid": null, "is_in:health_admin3": null, "operator:type": null, "source": null, "survey:date": null, "addr:housenumber": null, "emergency": null, "phone": null, "barrier": null, "addr:postcode": null, "short_name": null, "natural": null, "wheelchair": null, "check_date": null, "denomination": null, "building": null, "healthcare:cholera": null, "designation": null, "wikidata": null, "material": null, "start_date": null, "old_name": null, "internet_access": null, "height": null, "toilets:wheelchair": null, "landuse": null, "type": null }, "geometry": { "type": "Polygon", "coordinates": [ [ [ -4.2543236, 11.1973457 ], [ -4.2543131, 11.1973563 ], [ -4.2542758, 11.1973943 ], [ -4.254151, 11.1972765 ], [ -4.254141, 11.197267 ], [ -4.2542092, 11.1971976 ], [ -4.2542923, 11.1972761 ], [ -4.254322, 11.1973041 ], [ -4.2543015, 11.1973249 ], [ -4.2543236, 11.1973457 ] ] ] } },
{ "type": "Feature", "properties": { "element": "way", "id": 1208132564, "amenity": "hospital", "name": "Salle de Recuperacion post-operatoire", "name:fr": null, "healthcare": "hospital", "operator": null, "Observation": null, "description": null, "name:en": null, "website": null, "opening_hours": null, "addr:city": null, "addr:street": null, "healthcare:speciality": null, "created_by": null, "health_facility:type": null, "id:uuid": null, "is_in:health_admin3": null, "operator:type": null, "source": null, "survey:date": null, "addr:housenumber": null, "emergency": null, "phone": null, "barrier": null, "addr:postcode": null, "short_name": null, "natural": null, "wheelchair": null, "check_date": null, "denomination": null, "building": null, "healthcare:cholera": null, "designation": null, "wikidata": null, "material": null, "start_date": null, "old_name": null, "internet_access": null, "height": null, "toilets:wheelchair": null, "landuse": null, "type": null }, "geometry": { "type": "Polygon", "coordinates": [ [ [ -4.2534226, 11.1977358 ], [ -4.2533281, 11.1978331 ], [ -4.2533123, 11.1978494 ], [ -4.253234, 11.1977762 ], [ -4.2533443, 11.1976627 ], [ -4.2534226, 11.1977358 ] ] ] } },
{ "type": "Feature", "properties": { "element": "way", "id": 1214530808, "amenity": "hospital", "name": "Salle de Isolement", "name:fr": null, "healthcare": "hospital", "operator": null, "Observation": null, "description": null, "name:en": null, "website": null, "opening_hours": null, "addr:city": null, "addr:street": null, "healthcare:speciality": null, "created_by": null, "health_facility:type": null, "id:uuid": null, "is_in:health_admin3": null, "operator:type": null, "source": null, "survey:date": null, "addr:housenumber": null, "emergency": null, "phone": null, "barrier": null, "addr:postcode": null, "short_name": null, "natural": null, "wheelchair": null, "check_date": null, "denomination": null, "building": null, "healthcare:cholera": null, "designation": null, "wikidata": null, "material": null, "start_date": null, "old_name": null, "internet_access": null, "height": null, "toilets:wheelchair": null, "landuse": null, "type": null }, "geometry": { "type": "Polygon", "coordinates": [ [ [ -4.2540163, 11.198672 ], [ -4.2538675, 11.1988191 ], [ -4.2539145, 11.1988648 ], [ -4.2540633, 11.1987176 ], [ -4.2540163, 11.198672 ] ] ] } },
{ "type": "Feature", "properties": { "element": "way", "id": 1214530809, "amenity": "hospital", "name": "Service Tuberculose", "name:fr": null, "healthcare": "hospital", "operator": null, "Observation": null, "description": null, "name:en": null, "website": null, "opening_hours": null, "addr:city": null, "addr:street": null, "healthcare:speciality": null, "created_by": null, "health_facility:type": null, "id:uuid": null, "is_in:health_admin3": null, "operator:type": null, "source": null, "survey:date": null, "addr:housenumber": null, "emergency": null, "phone": null, "barrier": null, "addr:postcode": null, "short_name": null, "natural": null, "wheelchair": null, "check_date": null, "denomination": null, "building": null, "healthcare:cholera": null, "designation": null, "wikidata": null, "material": null, "start_date": null, "old_name": null, "internet_access": null, "height": null, "toilets:wheelchair": null, "landuse": null, "type": null }, "geometry": { "type": "Polygon", "coordinates": [ [ [ -4.2544221, 11.1984458 ], [ -4.2543654, 11.1983943 ], [ -4.2542486, 11.198518 ], [ -4.2543052, 11.1985694 ], [ -4.2544221, 11.1984458 ] ] ] } },
{ "type": "Feature", "properties": { "element": "way", "id": 1222459850, "amenity": "hospital", "name": null, "name:fr": null, "healthcare": null, "operator": null, "Observation": null, "description": null, "name:en": null, "website": null, "opening_hours": null, "addr:city": null, "addr:street": null, "healthcare:speciality": null, "created_by": null, "health_facility:type": null, "id:uuid": null, "is_in:health_admin3": null, "operator:type": null, "source": null, "survey:date": null, "addr:housenumber": null, "emergency": null, "phone": null, "barrier": null, "addr:postcode": null, "short_name": null, "natural": "tree_row", "wheelchair": null, "check_date": null, "denomination": null, "building": null, "healthcare:cholera": null, "designation": null, "wikidata": null, "material": null, "start_date": null, "old_name": null, "internet_access": null, "height": null, "toilets:wheelchair": null, "landuse": null, "type": null }, "geometry": { "type": "Polygon", "coordinates": [ [ [ 1.6666388, 11.6264624 ], [ 1.6655123, 11.6262522 ], [ 1.6656706, 11.6251803 ], [ 1.6668159, 11.6253484 ], [ 1.6666388, 11.6264624 ] ] ] } },
{ "type": "Feature", "properties": { "element": "way", "id": 1229679114, "amenity": "hospital", "name": null, "name:fr": null, "healthcare": null, "operator": null, "Observation": null, "description": null, "name:en": null, "website": null, "opening_hours": null, "addr:city": null, "addr:street": null, "healthcare:speciality": null, "created_by": null, "health_facility:type": null, "id:uuid": null, "is_in:health_admin3": null, "operator:type": null, "source": null, "survey:date": null, "addr:housenumber": null, "emergency": null, "phone": null, "barrier": "wall", "addr:postcode": null, "short_name": null, "natural": null, "wheelchair": null, "check_date": null, "denomination": null, "building": null, "healthcare:cholera": null, "designation": null, "wikidata": null, "material": null, "start_date": null, "old_name": null, "internet_access": null, "height": null, "toilets:wheelchair": null, "landuse": null, "type": null }, "geometry": { "type": "Polygon", "coordinates": [ [ [ 1.7638039, 11.721129 ], [ 1.763946, 11.7210135 ], [ 1.7636947, 11.7207185 ], [ 1.7636121, 11.7206215 ], [ 1.7639065, 11.7203451 ], [ 1.7639903, 11.7204409 ], [ 1.7648466, 11.7214205 ], [ 1.7644347, 11.7217574 ], [ 1.7643216, 11.7218499 ], [ 1.7640872, 11.7215235 ], [ 1.7638039, 11.721129 ] ] ] } },
{ "type": "Feature", "properties": { "element": "way", "id": 1284598575, "amenity": "hospital", "name": "CMA de Titao", "name:fr": null, "healthcare": null, "operator": "Public", "Observation": "Présence d'une antenne chirurgicale", "description": null, "name:en": null, "website": null, "opening_hours": null, "addr:city": null, "addr:street": null, "healthcare:speciality": null, "created_by": null, "health_facility:type": null, "id:uuid": null, "is_in:health_admin3": null, "operator:type": null, "source": null, "survey:date": null, "addr:housenumber": null, "emergency": null, "phone": null, "barrier": null, "addr:postcode": null, "short_name": null, "natural": null, "wheelchair": null, "check_date": null, "denomination": null, "building": "yes", "healthcare:cholera": null, "designation": null, "wikidata": null, "material": null, "start_date": null, "old_name": null, "internet_access": null, "height": null, "toilets:wheelchair": null, "landuse": null, "type": null }, "geometry": { "type": "Polygon", "coordinates": [ [ [ -2.0696955, 13.7712362 ], [ -2.069729, 13.7712451 ], [ -2.0697522, 13.7711628 ], [ -2.0696629, 13.771139 ], [ -2.0696559, 13.7711638 ], [ -2.0696024, 13.7711496 ], [ -2.06955, 13.7713356 ], [ -2.0696593, 13.7713647 ], [ -2.0696955, 13.7712362 ] ] ] } },
{ "type": "Feature", "properties": { "element": "way", "id": 1285890297, "amenity": "hospital", "name": null, "name:fr": null, "healthcare": null, "operator": null, "Observation": null, "description": null, "name:en": null, "website": null, "opening_hours": null, "addr:city": null, "addr:street": null, "healthcare:speciality": null, "created_by": null, "health_facility:type": null, "id:uuid": null, "is_in:health_admin3": null, "operator:type": null, "source": null, "survey:date": null, "addr:housenumber": null, "emergency": null, "phone": null, "barrier": "wall", "addr:postcode": null, "short_name": null, "natural": null, "wheelchair": null, "check_date": null, "denomination": null, "building": null, "healthcare:cholera": null, "designation": null, "wikidata": null, "material": null, "start_date": null, "old_name": null, "internet_access": null, "height": null, "toilets:wheelchair": null, "landuse": null, "type": null }, "geometry": { "type": "Polygon", "coordinates": [ [ [ -1.8165214, 12.6313428 ], [ -1.816628, 12.6311066 ], [ -1.8161718, 12.6309195 ], [ -1.8158749, 12.6307978 ], [ -1.8157717, 12.6310248 ], [ -1.8158748, 12.6310686 ], [ -1.8160677, 12.6311504 ], [ -1.8163057, 12.6312513 ], [ -1.8165214, 12.6313428 ] ] ] } },
{ "type": "Feature", "properties": { "element": "way", "id": 1291557986, "amenity": "hospital", "name": null, "name:fr": null, "healthcare": null, "operator": null, "Observation": null, "description": null, "name:en": null, "website": null, "opening_hours": null, "addr:city": null, "addr:street": null, "healthcare:speciality": null, "created_by": null, "health_facility:type": null, "id:uuid": null, "is_in:health_admin3": null, "operator:type": null, "source": null, "survey:date": null, "addr:housenumber": null, "emergency": null, "phone": null, "barrier": "wall", "addr:postcode": null, "short_name": null, "natural": null, "wheelchair": null, "check_date": null, "denomination": null, "building": null, "healthcare:cholera": null, "designation": null, "wikidata": null, "material": null, "start_date": null, "old_name": null, "internet_access": null, "height": null, "toilets:wheelchair": null, "landuse": null, "type": null }, "geometry": { "type": "Polygon", "coordinates": [ [ [ -1.6525117, 12.5472263 ], [ -1.6527906, 12.5471844 ], [ -1.6527531, 12.5469566 ], [ -1.6524754, 12.5470037 ], [ -1.6525117, 12.5472263 ] ] ] } },
{ "type": "Feature", "properties": { "element": "way", "id": 1332683386, "amenity": "hospital", "name": null, "name:fr": null, "healthcare": null, "operator": null, "Observation": null, "description": null, "name:en": null, "website": null, "opening_hours": null, "addr:city": null, "addr:street": null, "healthcare:speciality": null, "created_by": null, "health_facility:type": null, "id:uuid": null, "is_in:health_admin3": null, "operator:type": null, "source": null, "survey:date": null, "addr:housenumber": null, "emergency": null, "phone": null, "barrier": null, "addr:postcode": null, "short_name": null, "natural": null, "wheelchair": null, "check_date": null, "denomination": null, "building": null, "healthcare:cholera": null, "designation": null, "wikidata": null, "material": null, "start_date": null, "old_name": null, "internet_access": null, "height": null, "toilets:wheelchair": null, "landuse": null, "type": null }, "geometry": { "type": "Polygon", "coordinates": [ [ [ -1.3475472, 12.082208 ], [ -1.347528, 12.0822555 ], [ -1.3469088, 12.0822589 ], [ -1.3465729, 12.0822607 ], [ -1.3463241, 12.0822621 ], [ -1.3456656, 12.0822657 ], [ -1.345394, 12.0814406 ], [ -1.3453639, 12.081349 ], [ -1.3453829, 12.0812451 ], [ -1.3456146, 12.0799786 ], [ -1.345675, 12.0799379 ], [ -1.3478597, 12.0803104 ], [ -1.3478972, 12.0803563 ], [ -1.3475923, 12.0819692 ], [ -1.3475472, 12.082208 ] ] ] } },
{ "type": "Feature", "properties": { "element": "way", "id": 1334216749, "amenity": "hospital", "name": null, "name:fr": null, "healthcare": null, "operator": null, "Observation": null, "description": null, "name:en": null, "website": null, "opening_hours": null, "addr:city": null, "addr:street": null, "healthcare:speciality": null, "created_by": null, "health_facility:type": null, "id:uuid": null, "is_in:health_admin3": null, "operator:type": null, "source": null, "survey:date": null, "addr:housenumber": null, "emergency": null, "phone": null, "barrier": "wall", "addr:postcode": null, "short_name": null, "natural": null, "wheelchair": null, "check_date": null, "denomination": null, "building": null, "healthcare:cholera": null, "designation": null, "wikidata": null, "material": null, "start_date": null, "old_name": null, "internet_access": null, "height": null, "toilets:wheelchair": null, "landuse": null, "type": null }, "geometry": { "type": "Polygon", "coordinates": [ [ [ -1.3333784, 12.0628655 ], [ -1.3348965, 12.0624163 ], [ -1.3349103, 12.0623902 ], [ -1.3346122, 12.061436 ], [ -1.334568, 12.0614097 ], [ -1.332854, 12.0619081 ], [ -1.3330251, 12.0622204 ], [ -1.3333784, 12.0628655 ] ] ] } },
{ "type": "Feature", "properties": { "element": "way", "id": 1334680316, "amenity": "hospital", "name": null, "name:fr": null, "healthcare": null, "operator": null, "Observation": null, "description": null, "name:en": null, "website": null, "opening_hours": null, "addr:city": null, "addr:street": null, "healthcare:speciality": null, "created_by": null, "health_facility:type": null, "id:uuid": null, "is_in:health_admin3": null, "operator:type": null, "source": null, "survey:date": null, "addr:housenumber": null, "emergency": null, "phone": null, "barrier": "hedge", "addr:postcode": null, "short_name": null, "natural": null, "wheelchair": null, "check_date": null, "denomination": null, "building": null, "healthcare:cholera": null, "designation": null, "wikidata": null, "material": null, "start_date": null, "old_name": null, "internet_access": null, "height": null, "toilets:wheelchair": null, "landuse": null, "type": null }, "geometry": { "type": "Polygon", "coordinates": [ [ [ 1.8968958, 12.0391291 ], [ 1.8956405, 12.0396537 ], [ 1.89475, 12.0377204 ], [ 1.8959436, 12.0372771 ], [ 1.8968958, 12.0391291 ] ] ] } },
{ "type": "Feature", "properties": { "element": "way", "id": 1335785005, "amenity": "hospital", "name": null, "name:fr": null, "healthcare": "hospital", "operator": null, "Observation": null, "description": null, "name:en": null, "website": null, "opening_hours": null, "addr:city": null, "addr:street": null, "healthcare:speciality": null, "created_by": null, "health_facility:type": null, "id:uuid": null, "is_in:health_admin3": null, "operator:type": null, "source": null, "survey:date": null, "addr:housenumber": null, "emergency": null, "phone": null, "barrier": "wall", "addr:postcode": null, "short_name": null, "natural": null, "wheelchair": null, "check_date": null, "denomination": null, "building": null, "healthcare:cholera": null, "designation": null, "wikidata": null, "material": null, "start_date": null, "old_name": null, "internet_access": null, "height": null, "toilets:wheelchair": null, "landuse": null, "type": null }, "geometry": { "type": "Polygon", "coordinates": [ [ [ 1.7978049, 12.0713173 ], [ 1.7977627, 12.0713566 ], [ 1.7962432, 12.0713686 ], [ 1.7957658, 12.0713723 ], [ 1.7957148, 12.0713251 ], [ 1.795711, 12.0710662 ], [ 1.7957084, 12.0708904 ], [ 1.7957055, 12.0706943 ], [ 1.7956846, 12.0692838 ], [ 1.7957242, 12.0692484 ], [ 1.7962687, 12.0692428 ], [ 1.7977519, 12.0692275 ], [ 1.7978003, 12.0692726 ], [ 1.7978049, 12.0713173 ] ] ] } },
{ "type": "Feature", "properties": { "element": "way", "id": 1337763054, "amenity": "hospital", "name": null, "name:fr": null, "healthcare": "hospital", "operator": null, "Observation": null, "description": null, "name:en": null, "website": null, "opening_hours": null, "addr:city": null, "addr:street": null, "healthcare:speciality": null, "created_by": null, "health_facility:type": null, "id:uuid": null, "is_in:health_admin3": null, "operator:type": null, "source": null, "survey:date": null, "addr:housenumber": null, "emergency": null, "phone": null, "barrier": null, "addr:postcode": null, "short_name": null, "natural": null, "wheelchair": null, "check_date": null, "denomination": null, "building": null, "healthcare:cholera": null, "designation": null, "wikidata": null, "material": null, "start_date": null, "old_name": null, "internet_access": null, "height": null, "toilets:wheelchair": null, "landuse": null, "type": null }, "geometry": { "type": "Polygon", "coordinates": [ [ [ 1.78718, 12.0753821 ], [ 1.7870902, 12.0754004 ], [ 1.7862453, 12.0748877 ], [ 1.786227, 12.0748114 ], [ 1.7864312, 12.0744741 ], [ 1.7868404, 12.0747094 ], [ 1.787399, 12.0750306 ], [ 1.7872605, 12.0752529 ], [ 1.78718, 12.0753821 ] ] ] } },
{ "type": "Feature", "properties": { "element": "way", "id": 1348763952, "amenity": "hospital", "name": null, "name:fr": null, "healthcare": null, "operator": null, "Observation": null, "description": null, "name:en": null, "website": null, "opening_hours": null, "addr:city": null, "addr:street": null, "healthcare:speciality": null, "created_by": null, "health_facility:type": null, "id:uuid": null, "is_in:health_admin3": null, "operator:type": null, "source": null, "survey:date": null, "addr:housenumber": null, "emergency": null, "phone": null, "barrier": "wall", "addr:postcode": null, "short_name": null, "natural": null, "wheelchair": null, "check_date": null, "denomination": null, "building": null, "healthcare:cholera": null, "designation": null, "wikidata": null, "material": null, "start_date": null, "old_name": null, "internet_access": null, "height": null, "toilets:wheelchair": null, "landuse": null, "type": null }, "geometry": { "type": "Polygon", "coordinates": [ [ [ -0.376157, 11.621181 ], [ -0.3779085, 11.6208356 ], [ -0.3780112, 11.6205885 ], [ -0.3783665, 11.6197341 ], [ -0.3780989, 11.619183 ], [ -0.376613, 11.6195791 ], [ -0.3763291, 11.6205765 ], [ -0.376157, 11.621181 ] ] ] } },
{ "type": "Feature", "properties": { "element": "way", "id": 1357755061, "amenity": "hospital", "name": null, "name:fr": null, "healthcare": null, "operator": null, "Observation": null, "description": null, "name:en": null, "website": null, "opening_hours": null, "addr:city": null, "addr:street": null, "healthcare:speciality": null, "created_by": null, "health_facility:type": null, "id:uuid": null, "is_in:health_admin3": null, "operator:type": null, "source": null, "survey:date": null, "addr:housenumber": null, "emergency": null, "phone": null, "barrier": null, "addr:postcode": null, "short_name": null, "natural": null, "wheelchair": null, "check_date": null, "denomination": null, "building": null, "healthcare:cholera": null, "designation": null, "wikidata": null, "material": null, "start_date": null, "old_name": null, "internet_access": null, "height": null, "toilets:wheelchair": null, "landuse": null, "type": null }, "geometry": { "type": "Polygon", "coordinates": [ [ [ -0.4411295, 11.7249588 ], [ -0.4411101, 11.7234663 ], [ -0.4398984, 11.7235274 ], [ -0.4401585, 11.7248511 ], [ -0.4402149, 11.7251373 ], [ -0.4411295, 11.7249588 ] ] ] } },
{ "type": "Feature", "properties": { "element": "way", "id": 1359390056, "amenity": "hospital", "name": null, "name:fr": null, "healthcare": null, "operator": null, "Observation": null, "description": null, "name:en": null, "website": null, "opening_hours": null, "addr:city": null, "addr:street": null, "healthcare:speciality": null, "created_by": null, "health_facility:type": null, "id:uuid": null, "is_in:health_admin3": null, "operator:type": null, "source": null, "survey:date": null, "addr:housenumber": null, "emergency": null, "phone": null, "barrier": "wall", "addr:postcode": null, "short_name": null, "natural": null, "wheelchair": null, "check_date": null, "denomination": null, "building": null, "healthcare:cholera": null, "designation": null, "wikidata": null, "material": null, "start_date": null, "old_name": null, "internet_access": null, "height": null, "toilets:wheelchair": null, "landuse": null, "type": null }, "geometry": { "type": "Polygon", "coordinates": [ [ [ -0.5598468, 11.7340704 ], [ -0.5598763, 11.7341058 ], [ -0.5603605, 11.7341161 ], [ -0.5612938, 11.734136 ], [ -0.5613381, 11.7341045 ], [ -0.5614534, 11.73349 ], [ -0.561362, 11.7331063 ], [ -0.5612817, 11.7327691 ], [ -0.5612415, 11.7327297 ], [ -0.5602897, 11.7326295 ], [ -0.5600439, 11.7326036 ], [ -0.5600064, 11.7326325 ], [ -0.5599634, 11.7330987 ], [ -0.5598468, 11.7340704 ] ] ] } },
{ "type": "Feature", "properties": { "element": "way", "id": 1368803794, "amenity": "hospital", "name": null, "name:fr": null, "healthcare": null, "operator": null, "Observation": null, "description": null, "name:en": null, "website": null, "opening_hours": null, "addr:city": null, "addr:street": null, "healthcare:speciality": null, "created_by": null, "health_facility:type": null, "id:uuid": null, "is_in:health_admin3": null, "operator:type": null, "source": null, "survey:date": null, "addr:housenumber": null, "emergency": null, "phone": null, "barrier": "wall", "addr:postcode": null, "short_name": null, "natural": null, "wheelchair": null, "check_date": null, "denomination": null, "building": null, "healthcare:cholera": null, "designation": null, "wikidata": null, "material": null, "start_date": null, "old_name": null, "internet_access": null, "height": null, "toilets:wheelchair": null, "landuse": null, "type": null }, "geometry": { "type": "Polygon", "coordinates": [ [ [ -1.3164698, 12.0090981 ], [ -1.3176915, 12.0090745 ], [ -1.3179731, 12.0088253 ], [ -1.3179054, 12.0078132 ], [ -1.3178551, 12.0070623 ], [ -1.3170087, 12.0070024 ], [ -1.316742, 12.0069836 ], [ -1.316667, 12.0075658 ], [ -1.3164698, 12.0090981 ] ] ] } },
{ "type": "Feature", "properties": { "element": "way", "id": 1377203153, "amenity": "hospital", "name": null, "name:fr": null, "healthcare": null, "operator": null, "Observation": null, "description": null, "name:en": null, "website": null, "opening_hours": null, "addr:city": null, "addr:street": null, "healthcare:speciality": null, "created_by": null, "health_facility:type": null, "id:uuid": null, "is_in:health_admin3": null, "operator:type": null, "source": null, "survey:date": null, "addr:housenumber": null, "emergency": null, "phone": null, "barrier": "wall", "addr:postcode": null, "short_name": null, "natural": null, "wheelchair": null, "check_date": null, "denomination": null, "building": null, "healthcare:cholera": null, "designation": null, "wikidata": null, "material": null, "start_date": null, "old_name": null, "internet_access": null, "height": null, "toilets:wheelchair": null, "landuse": null, "type": null }, "geometry": { "type": "Polygon", "coordinates": [ [ [ -1.2267204, 12.0422389 ], [ -1.2272099, 12.0421457 ], [ -1.2280204, 12.0425577 ], [ -1.2288071, 12.0429576 ], [ -1.229013, 12.041952 ], [ -1.2292403, 12.040842 ], [ -1.2287977, 12.0399305 ], [ -1.2272273, 12.040905 ], [ -1.2267204, 12.0422389 ] ] ] } },
{ "type": "Feature", "properties": { "element": "way", "id": 1384559132, "amenity": "hospital", "name": null, "name:fr": null, "healthcare": null, "operator": null, "Observation": null, "description": null, "name:en": null, "website": null, "opening_hours": null, "addr:city": null, "addr:street": null, "healthcare:speciality": null, "created_by": null, "health_facility:type": null, "id:uuid": null, "is_in:health_admin3": null, "operator:type": null, "source": null, "survey:date": null, "addr:housenumber": null, "emergency": null, "phone": null, "barrier": null, "addr:postcode": null, "short_name": null, "natural": null, "wheelchair": null, "check_date": null, "denomination": null, "building": null, "healthcare:cholera": null, "designation": null, "wikidata": null, "material": null, "start_date": null, "old_name": null, "internet_access": null, "height": null, "toilets:wheelchair": null, "landuse": null, "type": null }, "geometry": { "type": "Polygon", "coordinates": [ [ [ -0.8918074, 12.270512 ], [ -0.8908582, 12.270973 ], [ -0.8914027, 12.2720476 ], [ -0.8923522, 12.2715915 ], [ -0.8922201, 12.2713298 ], [ -0.8918074, 12.270512 ] ] ] } },
{ "type": "Feature", "properties": { "element": "way", "id": 1387394148, "amenity": "hospital", "name": null, "name:fr": null, "healthcare": null, "operator": null, "Observation": null, "description": null, "name:en": null, "website": null, "opening_hours": null, "addr:city": null, "addr:street": null, "healthcare:speciality": null, "created_by": null, "health_facility:type": null, "id:uuid": null, "is_in:health_admin3": null, "operator:type": null, "source": null, "survey:date": null, "addr:housenumber": null, "emergency": null, "phone": null, "barrier": "wall", "addr:postcode": null, "short_name": null, "natural": null, "wheelchair": null, "check_date": null, "denomination": null, "building": null, "healthcare:cholera": null, "designation": null, "wikidata": null, "material": null, "start_date": null, "old_name": null, "internet_access": null, "height": null, "toilets:wheelchair": null, "landuse": null, "type": null }, "geometry": { "type": "Polygon", "coordinates": [ [ [ -0.7643156, 11.766189 ], [ -0.7644738, 11.7663518 ], [ -0.7645476, 11.7663702 ], [ -0.7648601, 11.7662402 ], [ -0.7659759, 11.7649115 ], [ -0.7659732, 11.7648524 ], [ -0.765658, 11.7645636 ], [ -0.765603, 11.7645741 ], [ -0.7643142, 11.7661207 ], [ -0.7643156, 11.766189 ] ] ] } },
{ "type": "Feature", "properties": { "element": "way", "id": 1416407191, "amenity": "hospital", "name": null, "name:fr": null, "healthcare": null, "operator": null, "Observation": null, "description": null, "name:en": null, "website": null, "opening_hours": null, "addr:city": null, "addr:street": null, "healthcare:speciality": null, "created_by": null, "health_facility:type": null, "id:uuid": null, "is_in:health_admin3": null, "operator:type": null, "source": null, "survey:date": null, "addr:housenumber": null, "emergency": null, "phone": null, "barrier": "wall", "addr:postcode": null, "short_name": null, "natural": null, "wheelchair": null, "check_date": null, "denomination": null, "building": null, "healthcare:cholera": null, "designation": null, "wikidata": null, "material": null, "start_date": null, "old_name": null, "internet_access": null, "height": null, "toilets:wheelchair": null, "landuse": null, "type": null }, "geometry": { "type": "Polygon", "coordinates": [ [ [ -1.6800848, 12.2995671 ], [ -1.6792412, 12.3003087 ], [ -1.6794062, 12.3006573 ], [ -1.6800834, 12.300656 ], [ -1.6806038, 12.3007385 ], [ -1.6805743, 12.2999025 ], [ -1.6802873, 12.2997663 ], [ -1.6800848, 12.2995671 ] ] ] } },
{ "type": "Feature", "properties": { "element": "way", "id": 1423685935, "amenity": "hospital", "name": null, "name:fr": null, "healthcare": null, "operator": null, "Observation": null, "description": null, "name:en": null, "website": null, "opening_hours": null, "addr:city": null, "addr:street": null, "healthcare:speciality": null, "created_by": null, "health_facility:type": null, "id:uuid": null, "is_in:health_admin3": null, "operator:type": null, "source": null, "survey:date": null, "addr:housenumber": null, "emergency": null, "phone": null, "barrier": null, "addr:postcode": null, "short_name": null, "natural": "tree_row", "wheelchair": null, "check_date": null, "denomination": null, "building": null, "healthcare:cholera": null, "designation": null, "wikidata": null, "material": null, "start_date": null, "old_name": null, "internet_access": null, "height": null, "toilets:wheelchair": null, "landuse": null, "type": null }, "geometry": { "type": "Polygon", "coordinates": [ [ [ -2.1611175, 12.4178481 ], [ -2.1599588, 12.4181205 ], [ -2.1598247, 12.4183929 ], [ -2.1601278, 12.4196241 ], [ -2.1613535, 12.4196922 ], [ -2.1611175, 12.4178481 ] ] ] } },
{ "type": "Feature", "properties": { "element": "way", "id": 1443940468, "amenity": "hospital", "name": null, "name:fr": null, "healthcare": null, "operator": null, "Observation": null, "description": null, "name:en": null, "website": null, "opening_hours": null, "addr:city": null, "addr:street": null, "healthcare:speciality": null, "created_by": null, "health_facility:type": null, "id:uuid": null, "is_in:health_admin3": null, "operator:type": null, "source": null, "survey:date": null, "addr:housenumber": null, "emergency": null, "phone": null, "barrier": "wall", "addr:postcode": null, "short_name": null, "natural": null, "wheelchair": null, "check_date": null, "denomination": null, "building": null, "healthcare:cholera": null, "designation": null, "wikidata": null, "material": null, "start_date": null, "old_name": null, "internet_access": null, "height": null, "toilets:wheelchair": null, "landuse": null, "type": null }, "geometry": { "type": "Polygon", "coordinates": [ [ [ -0.1308422, 12.1948083 ], [ -0.1305284, 12.1947899 ], [ -0.1304588, 12.1957636 ], [ -0.1304425, 12.195992 ], [ -0.131675, 12.1960077 ], [ -0.1320009, 12.1957809 ], [ -0.1320221, 12.1946904 ], [ -0.1320237, 12.1946077 ], [ -0.1308543, 12.1946143 ], [ -0.1308422, 12.1948083 ] ] ] } },
{ "type": "Feature", "properties": { "element": "way", "id": 1443993023, "amenity": "hospital", "name": null, "name:fr": null, "healthcare": null, "operator": null, "Observation": null, "description": null, "name:en": null, "website": null, "opening_hours": null, "addr:city": null, "addr:street": null, "healthcare:speciality": null, "created_by": null, "health_facility:type": null, "id:uuid": null, "is_in:health_admin3": null, "operator:type": null, "source": null, "survey:date": null, "addr:housenumber": null, "emergency": null, "phone": null, "barrier": "wall", "addr:postcode": null, "short_name": null, "natural": null, "wheelchair": null, "check_date": null, "denomination": null, "building": null, "healthcare:cholera": null, "designation": null, "wikidata": null, "material": null, "start_date": null, "old_name": null, "internet_access": null, "height": null, "toilets:wheelchair": null, "landuse": null, "type": null }, "geometry": { "type": "Polygon", "coordinates": [ [ [ -0.1536664, 12.2040325 ], [ -0.1537134, 12.2040614 ], [ -0.1561959, 12.203744 ], [ -0.1564613, 12.2037101 ], [ -0.1564908, 12.2036825 ], [ -0.1562199, 12.2015905 ], [ -0.1561824, 12.2015682 ], [ -0.1534277, 12.201909 ], [ -0.1533969, 12.2019431 ], [ -0.1536664, 12.2040325 ] ] ] } },
{ "type": "Feature", "properties": { "element": "way", "id": 1462256553, "amenity": "hospital", "name": null, "name:fr": null, "healthcare": null, "operator": null, "Observation": null, "description": null, "name:en": null, "website": null, "opening_hours": null, "addr:city": null, "addr:street": null, "healthcare:speciality": null, "created_by": null, "health_facility:type": null, "id:uuid": null, "is_in:health_admin3": null, "operator:type": null, "source": null, "survey:date": null, "addr:housenumber": null, "emergency": null, "phone": null, "barrier": "wall", "addr:postcode": null, "short_name": null, "natural": null, "wheelchair": null, "check_date": null, "denomination": null, "building": null, "healthcare:cholera": null, "designation": null, "wikidata": null, "material": null, "start_date": null, "old_name": null, "internet_access": null, "height": null, "toilets:wheelchair": null, "landuse": null, "type": null }, "geometry": { "type": "Polygon", "coordinates": [ [ [ -2.3648688, 13.5002376 ], [ -2.3652557, 13.500203 ], [ -2.3657593, 13.500158 ], [ -2.3655903, 13.4991604 ], [ -2.3653312, 13.4990713 ], [ -2.3652001, 13.4990261 ], [ -2.3643619, 13.4991983 ], [ -2.3648688, 13.5002376 ] ] ] } },
{ "type": "Feature", "properties": { "element": "way", "id": 1463391202, "amenity": "hospital", "name": null, "name:fr": null, "healthcare": null, "operator": null, "Observation": null, "description": null, "name:en": null, "website": null, "opening_hours": null, "addr:city": null, "addr:street": null, "healthcare:speciality": null, "created_by": null, "health_facility:type": null, "id:uuid": null, "is_in:health_admin3": null, "operator:type": null, "source": null, "survey:date": null, "addr:housenumber": null, "emergency": null, "phone": null, "barrier": "wall", "addr:postcode": null, "short_name": null, "natural": null, "wheelchair": null, "check_date": null, "denomination": null, "building": null, "healthcare:cholera": null, "designation": null, "wikidata": null, "material": null, "start_date": null, "old_name": null, "internet_access": null, "height": null, "toilets:wheelchair": null, "landuse": null, "type": null }, "geometry": { "type": "Polygon", "coordinates": [ [ [ -2.3734251, 13.4305221 ], [ -2.3742927, 13.4305102 ], [ -2.3751336, 13.4304986 ], [ -2.3750921, 13.4286046 ], [ -2.3742162, 13.4286174 ], [ -2.3733111, 13.4286307 ], [ -2.3733594, 13.4304634 ], [ -2.3734251, 13.4305221 ] ] ] } },
{ "type": "Feature", "properties": { "element": "way", "id": 1463721578, "amenity": "hospital", "name": null, "name:fr": null, "healthcare": null, "operator": null, "Observation": null, "description": null, "name:en": null, "website": null, "opening_hours": null, "addr:city": null, "addr:street": null, "healthcare:speciality": null, "created_by": null, "health_facility:type": null, "id:uuid": null, "is_in:health_admin3": null, "operator:type": null, "source": null, "survey:date": null, "addr:housenumber": null, "emergency": null, "phone": null, "barrier": "wall", "addr:postcode": null, "short_name": null, "natural": null, "wheelchair": null, "check_date": null, "denomination": null, "building": null, "healthcare:cholera": null, "designation": null, "wikidata": null, "material": null, "start_date": null, "old_name": null, "internet_access": null, "height": null, "toilets:wheelchair": null, "landuse": null, "type": null }, "geometry": { "type": "Polygon", "coordinates": [ [ [ -2.3063524, 13.4160882 ], [ -2.3076318, 13.4163204 ], [ -2.3077069, 13.4171253 ], [ -2.3076503, 13.4172379 ], [ -2.3075781, 13.4173816 ], [ -2.3075381, 13.4174612 ], [ -2.3074172, 13.4177019 ], [ -2.3067574, 13.4175766 ], [ -2.3060976, 13.4173275 ], [ -2.3062355, 13.4163638 ], [ -2.30625, 13.4162622 ], [ -2.3063524, 13.4160882 ] ] ] } },
{ "type": "Feature", "properties": { "element": "way", "id": 1465612221, "amenity": "hospital", "name": null, "name:fr": null, "healthcare": null, "operator": null, "Observation": null, "description": null, "name:en": null, "website": null, "opening_hours": null, "addr:city": null, "addr:street": null, "healthcare:speciality": null, "created_by": null, "health_facility:type": null, "id:uuid": null, "is_in:health_admin3": null, "operator:type": null, "source": null, "survey:date": null, "addr:housenumber": null, "emergency": null, "phone": null, "barrier": "wall", "addr:postcode": null, "short_name": null, "natural": null, "wheelchair": null, "check_date": null, "denomination": null, "building": null, "healthcare:cholera": null, "designation": null, "wikidata": null, "material": null, "start_date": null, "old_name": null, "internet_access": null, "height": null, "toilets:wheelchair": null, "landuse": null, "type": null }, "geometry": { "type": "Polygon", "coordinates": [ [ [ -2.2667053, 13.5013578 ], [ -2.2672343, 13.5012499 ], [ -2.2676387, 13.5011674 ], [ -2.2679552, 13.5010173 ], [ -2.2681832, 13.5009092 ], [ -2.2679663, 13.5003629 ], [ -2.2677514, 13.4998216 ], [ -2.266531, 13.5001737 ], [ -2.2667053, 13.5013578 ] ] ] } },
{ "type": "Feature", "properties": { "element": "way", "id": 1468443104, "amenity": "hospital", "name": null, "name:fr": null, "healthcare": null, "operator": null, "Observation": null, "description": null, "name:en": null, "website": null, "opening_hours": null, "addr:city": null, "addr:street": null, "healthcare:speciality": null, "created_by": null, "health_facility:type": null, "id:uuid": null, "is_in:health_admin3": null, "operator:type": null, "source": null, "survey:date": null, "addr:housenumber": null, "emergency": null, "phone": null, "barrier": "fence", "addr:postcode": null, "short_name": null, "natural": null, "wheelchair": null, "check_date": null, "denomination": null, "building": null, "healthcare:cholera": null, "designation": null, "wikidata": null, "material": null, "start_date": null, "old_name": null, "internet_access": null, "height": null, "toilets:wheelchair": null, "landuse": null, "type": null }, "geometry": { "type": "Polygon", "coordinates": [ [ [ -2.1622816, 13.4792923 ], [ -2.1621233, 13.480337 ], [ -2.1628532, 13.4807772 ], [ -2.1628978, 13.4807663 ], [ -2.162931, 13.4807878 ], [ -2.1629784, 13.4808185 ], [ -2.1629818, 13.4808548 ], [ -2.1637125, 13.4812955 ], [ -2.1639808, 13.4806252 ], [ -2.1639955, 13.4803252 ], [ -2.1642892, 13.4798544 ], [ -2.1640451, 13.4792741 ], [ -2.162578, 13.4792663 ], [ -2.1622816, 13.4792923 ] ] ] } },
{ "type": "Feature", "properties": { "element": "way", "id": 1474763785, "amenity": "hospital", "name": null, "name:fr": null, "healthcare": null, "operator": null, "Observation": null, "description": null, "name:en": null, "website": null, "opening_hours": null, "addr:city": null, "addr:street": null, "healthcare:speciality": null, "created_by": null, "health_facility:type": null, "id:uuid": null, "is_in:health_admin3": null, "operator:type": null, "source": null, "survey:date": null, "addr:housenumber": null, "emergency": null, "phone": null, "barrier": "wall", "addr:postcode": null, "short_name": null, "natural": null, "wheelchair": null, "check_date": null, "denomination": null, "building": null, "healthcare:cholera": null, "designation": null, "wikidata": null, "material": null, "start_date": null, "old_name": null, "internet_access": null, "height": null, "toilets:wheelchair": null, "landuse": null, "type": null }, "geometry": { "type": "Polygon", "coordinates": [ [ [ -2.6013203, 13.1336921 ], [ -2.6009314, 13.1329216 ], [ -2.599538, 13.1334845 ], [ -2.5995859, 13.1338985 ], [ -2.5996681, 13.1346089 ], [ -2.6013203, 13.1336921 ] ] ] } },
{ "type": "Feature", "properties": { "element": "way", "id": 1481120077, "amenity": "hospital", "name": null, "name:fr": null, "healthcare": null, "operator": null, "Observation": null, "description": null, "name:en": null, "website": null, "opening_hours": null, "addr:city": null, "addr:street": null, "healthcare:speciality": null, "created_by": null, "health_facility:type": null, "id:uuid": null, "is_in:health_admin3": null, "operator:type": null, "source": null, "survey:date": null, "addr:housenumber": null, "emergency": null, "phone": null, "barrier": null, "addr:postcode": null, "short_name": null, "natural": null, "wheelchair": null, "check_date": null, "denomination": null, "building": null, "healthcare:cholera": null, "designation": null, "wikidata": null, "material": null, "start_date": null, "old_name": null, "internet_access": null, "height": null, "toilets:wheelchair": null, "landuse": null, "type": null }, "geometry": { "type": "Polygon", "coordinates": [ [ [ -1.4283192, 12.2334661 ], [ -1.4286692, 12.2340848 ], [ -1.4285085, 12.2341696 ], [ -1.4275162, 12.2346934 ], [ -1.4273152, 12.2347995 ], [ -1.4271402, 12.2344821 ], [ -1.4269654, 12.2341651 ], [ -1.4283192, 12.2334661 ] ] ] } },
{ "type": "Feature", "properties": { "element": "way", "id": 1485775704, "amenity": "hospital", "name": null, "name:fr": null, "healthcare": null, "operator": null, "Observation": null, "description": null, "name:en": null, "website": null, "opening_hours": null, "addr:city": null, "addr:street": null, "healthcare:speciality": null, "created_by": null, "health_facility:type": null, "id:uuid": null, "is_in:health_admin3": null, "operator:type": null, "source": null, "survey:date": null, "addr:housenumber": null, "emergency": null, "phone": null, "barrier": "wall", "addr:postcode": null, "short_name": null, "natural": null, "wheelchair": null, "check_date": null, "denomination": null, "building": null, "healthcare:cholera": null, "designation": null, "wikidata": null, "material": null, "start_date": null, "old_name": null, "internet_access": null, "height": null, "toilets:wheelchair": null, "landuse": null, "type": null }, "geometry": { "type": "Polygon", "coordinates": [ [ [ -1.3436714, 12.1974745 ], [ -1.3435078, 12.1983108 ], [ -1.3437053, 12.1984756 ], [ -1.34424, 12.1989217 ], [ -1.3451546, 12.1991235 ], [ -1.345337, 12.1981076 ], [ -1.3454993, 12.1970852 ], [ -1.3436714, 12.1974745 ] ] ] } },
{ "type": "Feature", "properties": { "element": "way", "id": 1517558535, "amenity": "hospital", "name": "Centre Hospitalier Universitaire de Pala", "name:fr": null, "healthcare": "hospital", "operator": null, "Observation": null, "description": null, "name:en": null, "website": null, "opening_hours": null, "addr:city": null, "addr:street": null, "healthcare:speciality": null, "created_by": null, "health_facility:type": null, "id:uuid": null, "is_in:health_admin3": null, "operator:type": null, "source": null, "survey:date": null, "addr:housenumber": null, "emergency": null, "phone": null, "barrier": null, "addr:postcode": null, "short_name": null, "natural": null, "wheelchair": null, "check_date": null, "denomination": null, "building": null, "healthcare:cholera": null, "designation": null, "wikidata": null, "material": null, "start_date": "2025-12-24", "old_name": null, "internet_access": null, "height": null, "toilets:wheelchair": null, "landuse": null, "type": null }, "geometry": { "type": "Polygon", "coordinates": [ [ [ -4.2360789, 11.1648357 ], [ -4.2334491, 11.1643284 ], [ -4.2327414, 11.1641918 ], [ -4.2324222, 11.1641303 ], [ -4.2317104, 11.1639929 ], [ -4.231066, 11.1638668 ], [ -4.230799, 11.1638171 ], [ -4.2312904, 11.1606707 ], [ -4.2332598, 11.1607287 ], [ -4.2349594, 11.1608665 ], [ -4.234915, 11.1617799 ], [ -4.2347931, 11.1621134 ], [ -4.2348855, 11.1629399 ], [ -4.2354545, 11.1638715 ], [ -4.2360789, 11.1648357 ] ] ] } }
]
}
