{
"type": "FeatureCollection",
"name": "mali_hospitals",
"crs": { "type": "name", "properties": { "name": "urn:ogc:def:crs:OGC:1.3:CRS84" } },
"features": [
{ "type": "Feature", "properties": { "element": "node", "id": 2163838646, "amenity": "hospital", "name": "CHU CNOS", "pcode": "ML08H03U004", "source": "OMS Survey", "start_date": "10-Feb-1986", "type": null, "wheelchair": null, "who:code_csref": "ML08H03", "who:distance": "0", "who:nbre_village": "0", "operator": null, "email": null, "name:en": null, "phone": null, "healthcare": null, "addr:city": null, "addr:quarter": null, "addr:suburb": null, "handwashing": null, "handwashing:soap": null, "handwashing_number": null, "handwashing_station_distance": null, "handwashing_usability": null, "latrine_emptying_service": null, "note": null, "patient_female": null, "patient_male": null, "sanitation": null, "staff_count": null, "staff_count:doctors": null, "toilets:female": null, "toilets:num_chambers": null, "toilets:staff": null, "wash_maintenance": null, "wash_maintenance_frequency": null, "wash_management": null, "wash_ngo_support": null, "water_point": null, "water_point_improved": null, "water_point_location": null, "water_point_number": null, "water_point_type": null, "water_point_usability": null, "consent": null, "toilets:disposal": null, "wash_funding": null, "addr:street": null, "building:levels": null, "building:material": null, "roof:material": null, "sector": null, "healthcare:speciality": null, "health_facility:type": "hospital", "opening_hours": null, "name:fr": null, "name:es": null, "dispensing": null, "electricity": null, "emergency": null, "insurance:health": null, "operator:type": null, "water_source": null, "alt_name": null, "supervised": null, "survey:date": null, "addr:postcode": null, "place": null, "addr:housenumber": null, "name:ar": null, "wikidata": null, "wikipedia": null, "fixme": null, "barrier": null, "landuse": null, "building": null, "addr:hamlet": null, "secteur": null, "health_amenity:type": null, "name:de": null, "operational_status": null, "ocha:type": null, "short_name": null, "name:ja": null, "name:zh": null, "indoor": null, "material": null, "is_in:cercle": null }, "geometry": { "type": "Point", "coordinates": [ -8.00353, 12.6367 ] } },
{ "type": "Feature", "properties": { "element": "node", "id": 2163839816, "amenity": "hospital", "name": "CSCom de Ségoucoura", "pcode": null, "source": "YouthMappers At University of Segou", "start_date": null, "type": null, "wheelchair": "yes", "who:code_csref": null, "who:distance": "4", "who:nbre_village": "3", "operator": null, "email": null, "name:en": null, "phone": "66803355", "healthcare": "hospital", "addr:city": null, "addr:quarter": null, "addr:suburb": null, "handwashing": null, "handwashing:soap": null, "handwashing_number": null, "handwashing_station_distance": null, "handwashing_usability": null, "latrine_emptying_service": null, "note": null, "patient_female": null, "patient_male": null, "sanitation": null, "staff_count": null, "staff_count:doctors": null, "toilets:female": null, "toilets:num_chambers": null, "toilets:staff": null, "wash_maintenance": null, "wash_maintenance_frequency": null, "wash_management": null, "wash_ngo_support": null, "water_point": null, "water_point_improved": null, "water_point_location": null, "water_point_number": null, "water_point_type": null, "water_point_usability": null, "consent": null, "toilets:disposal": null, "wash_funding": null, "addr:street": null, "building:levels": null, "building:material": null, "roof:material": null, "sector": null, "healthcare:speciality": null, "health_facility:type": "CSCom", "opening_hours": "24/7", "name:fr": null, "name:es": null, "dispensing": null, "electricity": null, "emergency": null, "insurance:health": null, "operator:type": "community", "water_source": null, "alt_name": "Ségoucoura", "supervised": "UNIVERSITÉ DE SÉGOU/ OSM MALI ,", "survey:date": "2022-09-07", "addr:postcode": null, "place": null, "addr:housenumber": null, "name:ar": null, "wikidata": null, "wikipedia": null, "fixme": null, "barrier": null, "landuse": null, "building": null, "addr:hamlet": null, "secteur": null, "health_amenity:type": null, "name:de": null, "operational_status": null, "ocha:type": null, "short_name": null, "name:ja": null, "name:zh": null, "indoor": null, "material": null, "is_in:cercle": null }, "geometry": { "type": "Point", "coordinates": [ -6.2940804, 13.4336712 ] } },
{ "type": "Feature", "properties": { "element": "node", "id": 2163840419, "amenity": "hospital", "name": "Hôpital de Gao", "pcode": "ML07H01H001", "source": "OMS Survey", "start_date": "15-Jul-2003", "type": null, "wheelchair": null, "who:code_csref": "ML07H01", "who:distance": "0", "who:nbre_village": "0", "operator": null, "email": null, "name:en": null, "phone": null, "healthcare": "hospital", "addr:city": null, "addr:quarter": null, "addr:suburb": null, "handwashing": null, "handwashing:soap": null, "handwashing_number": null, "handwashing_station_distance": null, "handwashing_usability": null, "latrine_emptying_service": null, "note": null, "patient_female": null, "patient_male": null, "sanitation": null, "staff_count": null, "staff_count:doctors": null, "toilets:female": null, "toilets:num_chambers": null, "toilets:staff": null, "wash_maintenance": null, "wash_maintenance_frequency": null, "wash_management": null, "wash_ngo_support": null, "water_point": null, "water_point_improved": null, "water_point_location": null, "water_point_number": null, "water_point_type": null, "water_point_usability": null, "consent": null, "toilets:disposal": null, "wash_funding": null, "addr:street": null, "building:levels": null, "building:material": null, "roof:material": null, "sector": null, "healthcare:speciality": null, "health_facility:type": "hospital", "opening_hours": null, "name:fr": null, "name:es": null, "dispensing": null, "electricity": null, "emergency": null, "insurance:health": null, "operator:type": null, "water_source": null, "alt_name": null, "supervised": null, "survey:date": null, "addr:postcode": null, "place": null, "addr:housenumber": null, "name:ar": "مستشفى غاو", "wikidata": null, "wikipedia": null, "fixme": null, "barrier": null, "landuse": null, "building": null, "addr:hamlet": null, "secteur": null, "health_amenity:type": null, "name:de": null, "operational_status": null, "ocha:type": null, "short_name": null, "name:ja": null, "name:zh": null, "indoor": null, "material": null, "is_in:cercle": null }, "geometry": { "type": "Point", "coordinates": [ -0.0385694, 16.2664392 ] } },
{ "type": "Feature", "properties": { "element": "node", "id": 2163840431, "amenity": "hospital", "name": "Hôpital de Sévaré", "pcode": "ML05H02H002", "source": "OMS Survey", "start_date": "1-Jan-2011", "type": null, "wheelchair": null, "who:code_csref": "ML05H02", "who:distance": "0", "who:nbre_village": "0", "operator": null, "email": null, "name:en": null, "phone": null, "healthcare": "hospital", "addr:city": null, "addr:quarter": null, "addr:suburb": null, "handwashing": null, "handwashing:soap": null, "handwashing_number": null, "handwashing_station_distance": null, "handwashing_usability": null, "latrine_emptying_service": null, "note": null, "patient_female": null, "patient_male": null, "sanitation": null, "staff_count": null, "staff_count:doctors": null, "toilets:female": null, "toilets:num_chambers": null, "toilets:staff": null, "wash_maintenance": null, "wash_maintenance_frequency": null, "wash_management": null, "wash_ngo_support": null, "water_point": null, "water_point_improved": null, "water_point_location": null, "water_point_number": null, "water_point_type": null, "water_point_usability": null, "consent": null, "toilets:disposal": null, "wash_funding": null, "addr:street": null, "building:levels": null, "building:material": null, "roof:material": null, "sector": null, "healthcare:speciality": null, "health_facility:type": "hospital", "opening_hours": null, "name:fr": null, "name:es": null, "dispensing": null, "electricity": null, "emergency": null, "insurance:health": null, "operator:type": null, "water_source": null, "alt_name": null, "supervised": null, "survey:date": null, "addr:postcode": null, "place": null, "addr:housenumber": null, "name:ar": null, "wikidata": null, "wikipedia": null, "fixme": null, "barrier": null, "landuse": null, "building": null, "addr:hamlet": null, "secteur": null, "health_amenity:type": null, "name:de": null, "operational_status": null, "ocha:type": null, "short_name": null, "name:ja": null, "name:zh": null, "indoor": null, "material": null, "is_in:cercle": null }, "geometry": { "type": "Point", "coordinates": [ -4.09344, 14.52742 ] } },
{ "type": "Feature", "properties": { "element": "node", "id": 2525525616, "amenity": "hospital", "name": "Clinique Espoir", "pcode": null, "source": null, "start_date": null, "type": null, "wheelchair": null, "who:code_csref": null, "who:distance": null, "who:nbre_village": null, "operator": null, "email": null, "name:en": null, "phone": null, "healthcare": null, "addr:city": null, "addr:quarter": null, "addr:suburb": null, "handwashing": null, "handwashing:soap": null, "handwashing_number": null, "handwashing_station_distance": null, "handwashing_usability": null, "latrine_emptying_service": null, "note": null, "patient_female": null, "patient_male": null, "sanitation": null, "staff_count": null, "staff_count:doctors": null, "toilets:female": null, "toilets:num_chambers": null, "toilets:staff": null, "wash_maintenance": null, "wash_maintenance_frequency": null, "wash_management": null, "wash_ngo_support": null, "water_point": null, "water_point_improved": null, "water_point_location": null, "water_point_number": null, "water_point_type": null, "water_point_usability": null, "consent": null, "toilets:disposal": null, "wash_funding": null, "addr:street": null, "building:levels": null, "building:material": null, "roof:material": null, "sector": null, "healthcare:speciality": null, "health_facility:type": null, "opening_hours": null, "name:fr": null, "name:es": null, "dispensing": null, "electricity": null, "emergency": null, "insurance:health": null, "operator:type": null, "water_source": null, "alt_name": null, "supervised": null, "survey:date": null, "addr:postcode": null, "place": null, "addr:housenumber": null, "name:ar": null, "wikidata": null, "wikipedia": null, "fixme": null, "barrier": null, "landuse": null, "building": null, "addr:hamlet": null, "secteur": null, "health_amenity:type": null, "name:de": null, "operational_status": null, "ocha:type": null, "short_name": null, "name:ja": null, "name:zh": null, "indoor": null, "material": null, "is_in:cercle": null }, "geometry": { "type": "Point", "coordinates": [ -7.9584097, 12.5757582 ] } },
{ "type": "Feature", "properties": { "element": "node", "id": 2527959020, "amenity": "hospital", "name": "Hôpital de markala", "pcode": null, "source": null, "start_date": null, "type": null, "wheelchair": null, "who:code_csref": null, "who:distance": null, "who:nbre_village": null, "operator": null, "email": null, "name:en": null, "phone": null, "healthcare": null, "addr:city": null, "addr:quarter": null, "addr:suburb": null, "handwashing": null, "handwashing:soap": null, "handwashing_number": null, "handwashing_station_distance": null, "handwashing_usability": null, "latrine_emptying_service": null, "note": null, "patient_female": null, "patient_male": null, "sanitation": null, "staff_count": null, "staff_count:doctors": null, "toilets:female": null, "toilets:num_chambers": null, "toilets:staff": null, "wash_maintenance": null, "wash_maintenance_frequency": null, "wash_management": null, "wash_ngo_support": null, "water_point": null, "water_point_improved": null, "water_point_location": null, "water_point_number": null, "water_point_type": null, "water_point_usability": null, "consent": null, "toilets:disposal": null, "wash_funding": null, "addr:street": null, "building:levels": null, "building:material": null, "roof:material": null, "sector": null, "healthcare:speciality": null, "health_facility:type": null, "opening_hours": null, "name:fr": null, "name:es": null, "dispensing": null, "electricity": null, "emergency": null, "insurance:health": null, "operator:type": null, "water_source": null, "alt_name": null, "supervised": null, "survey:date": null, "addr:postcode": null, "place": null, "addr:housenumber": null, "name:ar": null, "wikidata": null, "wikipedia": null, "fixme": null, "barrier": null, "landuse": null, "building": null, "addr:hamlet": null, "secteur": null, "health_amenity:type": null, "name:de": null, "operational_status": null, "ocha:type": null, "short_name": null, "name:ja": null, "name:zh": null, "indoor": null, "material": null, "is_in:cercle": null }, "geometry": { "type": "Point", "coordinates": [ -6.0712357, 13.6888181 ] } },
{ "type": "Feature", "properties": { "element": "node", "id": 3192801077, "amenity": "hospital", "name": "CSCom", "pcode": "ML08R05C008", "source": "OMS Survey", "start_date": "2-Nov-1998", "type": "CSCom", "wheelchair": "yes", "who:code_csref": "ML08R05", "who:distance": "2", "who:nbre_village": "1", "operator": null, "email": null, "name:en": null, "phone": null, "healthcare": null, "addr:city": null, "addr:quarter": null, "addr:suburb": null, "handwashing": null, "handwashing:soap": null, "handwashing_number": null, "handwashing_station_distance": null, "handwashing_usability": null, "latrine_emptying_service": null, "note": null, "patient_female": null, "patient_male": null, "sanitation": null, "staff_count": null, "staff_count:doctors": null, "toilets:female": null, "toilets:num_chambers": null, "toilets:staff": null, "wash_maintenance": null, "wash_maintenance_frequency": null, "wash_management": null, "wash_ngo_support": null, "water_point": null, "water_point_improved": null, "water_point_location": null, "water_point_number": null, "water_point_type": null, "water_point_usability": null, "consent": null, "toilets:disposal": null, "wash_funding": null, "addr:street": null, "building:levels": null, "building:material": null, "roof:material": null, "sector": null, "healthcare:speciality": null, "health_facility:type": null, "opening_hours": null, "name:fr": null, "name:es": null, "dispensing": null, "electricity": null, "emergency": null, "insurance:health": null, "operator:type": null, "water_source": null, "alt_name": null, "supervised": null, "survey:date": null, "addr:postcode": null, "place": null, "addr:housenumber": null, "name:ar": null, "wikidata": null, "wikipedia": null, "fixme": null, "barrier": null, "landuse": null, "building": null, "addr:hamlet": null, "secteur": null, "health_amenity:type": null, "name:de": null, "operational_status": null, "ocha:type": null, "short_name": null, "name:ja": null, "name:zh": null, "indoor": null, "material": null, "is_in:cercle": null }, "geometry": { "type": "Point", "coordinates": [ -7.99362, 12.58214 ] } },
{ "type": "Feature", "properties": { "element": "node", "id": 3200016779, "amenity": "hospital", "name": "Cscom/HAMDALAYE", "pcode": null, "source": null, "start_date": null, "type": null, "wheelchair": null, "who:code_csref": null, "who:distance": null, "who:nbre_village": null, "operator": "community", "email": null, "name:en": null, "phone": "78811461", "healthcare": null, "addr:city": "Bamako", "addr:quarter": "Commune IV", "addr:suburb": "Hamdallaye", "handwashing": "yes", "handwashing:soap": "no", "handwashing_number": "8", "handwashing_station_distance": "yes", "handwashing_usability": "8", "latrine_emptying_service": "yes", "note": null, "patient_female": "13", "patient_male": "10", "sanitation": "yes", "staff_count": "28", "staff_count:doctors": "2", "toilets:female": "yes", "toilets:num_chambers": "22", "toilets:staff": "yes", "wash_maintenance": "yes", "wash_maintenance_frequency": "once_a_day", "wash_management": "no", "wash_ngo_support": "no", "water_point": "yes", "water_point_improved": "Public_tap_fountain_SOMAGEP_riser_hand_pump", "water_point_location": "yes", "water_point_number": "2", "water_point_type": "improved", "water_point_usability": "1", "consent": "yes", "toilets:disposal": "pitlatrine", "wash_funding": null, "addr:street": null, "building:levels": null, "building:material": null, "roof:material": null, "sector": null, "healthcare:speciality": null, "health_facility:type": null, "opening_hours": "24/7", "name:fr": null, "name:es": null, "dispensing": null, "electricity": null, "emergency": null, "insurance:health": null, "operator:type": null, "water_source": null, "alt_name": null, "supervised": null, "survey:date": null, "addr:postcode": null, "place": null, "addr:housenumber": null, "name:ar": null, "wikidata": null, "wikipedia": null, "fixme": null, "barrier": null, "landuse": null, "building": null, "addr:hamlet": null, "secteur": null, "health_amenity:type": null, "name:de": null, "operational_status": null, "ocha:type": null, "short_name": null, "name:ja": null, "name:zh": null, "indoor": null, "material": null, "is_in:cercle": null }, "geometry": { "type": "Point", "coordinates": [ -8.0317458, 12.643859 ] } },
{ "type": "Feature", "properties": { "element": "node", "id": 3207906941, "amenity": "hospital", "name": "Clinique Pitié", "pcode": null, "source": null, "start_date": null, "type": null, "wheelchair": null, "who:code_csref": null, "who:distance": null, "who:nbre_village": null, "operator": null, "email": null, "name:en": null, "phone": null, "healthcare": null, "addr:city": null, "addr:quarter": null, "addr:suburb": null, "handwashing": null, "handwashing:soap": null, "handwashing_number": null, "handwashing_station_distance": null, "handwashing_usability": null, "latrine_emptying_service": null, "note": null, "patient_female": null, "patient_male": null, "sanitation": null, "staff_count": null, "staff_count:doctors": null, "toilets:female": null, "toilets:num_chambers": null, "toilets:staff": null, "wash_maintenance": null, "wash_maintenance_frequency": null, "wash_management": null, "wash_ngo_support": null, "water_point": null, "water_point_improved": null, "water_point_location": null, "water_point_number": null, "water_point_type": null, "water_point_usability": null, "consent": null, "toilets:disposal": null, "wash_funding": null, "addr:street": "Rue 228", "building:levels": null, "building:material": null, "roof:material": null, "sector": null, "healthcare:speciality": null, "health_facility:type": null, "opening_hours": null, "name:fr": null, "name:es": null, "dispensing": null, "electricity": null, "emergency": null, "insurance:health": null, "operator:type": null, "water_source": null, "alt_name": null, "supervised": null, "survey:date": null, "addr:postcode": null, "place": null, "addr:housenumber": null, "name:ar": null, "wikidata": null, "wikipedia": null, "fixme": null, "barrier": null, "landuse": null, "building": null, "addr:hamlet": null, "secteur": null, "health_amenity:type": null, "name:de": null, "operational_status": null, "ocha:type": null, "short_name": null, "name:ja": null, "name:zh": null, "indoor": null, "material": null, "is_in:cercle": null }, "geometry": { "type": "Point", "coordinates": [ -7.9729285, 12.6618742 ] } },
{ "type": "Feature", "properties": { "element": "node", "id": 3240033910, "amenity": "hospital", "name": "CPAM", "pcode": null, "source": null, "start_date": null, "type": null, "wheelchair": null, "who:code_csref": null, "who:distance": null, "who:nbre_village": null, "operator": null, "email": null, "name:en": null, "phone": null, "healthcare": null, "addr:city": null, "addr:quarter": null, "addr:suburb": null, "handwashing": null, "handwashing:soap": null, "handwashing_number": null, "handwashing_station_distance": null, "handwashing_usability": null, "latrine_emptying_service": null, "note": null, "patient_female": null, "patient_male": null, "sanitation": null, "staff_count": null, "staff_count:doctors": null, "toilets:female": null, "toilets:num_chambers": null, "toilets:staff": null, "wash_maintenance": null, "wash_maintenance_frequency": null, "wash_management": null, "wash_ngo_support": null, "water_point": null, "water_point_improved": null, "water_point_location": null, "water_point_number": null, "water_point_type": null, "water_point_usability": null, "consent": null, "toilets:disposal": null, "wash_funding": null, "addr:street": null, "building:levels": null, "building:material": null, "roof:material": null, "sector": null, "healthcare:speciality": null, "health_facility:type": null, "opening_hours": null, "name:fr": null, "name:es": null, "dispensing": null, "electricity": null, "emergency": null, "insurance:health": null, "operator:type": null, "water_source": null, "alt_name": null, "supervised": null, "survey:date": null, "addr:postcode": null, "place": null, "addr:housenumber": null, "name:ar": null, "wikidata": null, "wikipedia": null, "fixme": null, "barrier": null, "landuse": null, "building": null, "addr:hamlet": null, "secteur": null, "health_amenity:type": null, "name:de": null, "operational_status": null, "ocha:type": null, "short_name": null, "name:ja": null, "name:zh": null, "indoor": null, "material": null, "is_in:cercle": null }, "geometry": { "type": "Point", "coordinates": [ -5.4763877, 12.3723813 ] } },
{ "type": "Feature", "properties": { "element": "node", "id": 3463625824, "amenity": "hospital", "name": "Laboratoire d'Analyse Medicale", "pcode": null, "source": null, "start_date": null, "type": null, "wheelchair": null, "who:code_csref": null, "who:distance": null, "who:nbre_village": null, "operator": null, "email": null, "name:en": null, "phone": null, "healthcare": "hospital", "addr:city": null, "addr:quarter": null, "addr:suburb": null, "handwashing": null, "handwashing:soap": null, "handwashing_number": null, "handwashing_station_distance": null, "handwashing_usability": null, "latrine_emptying_service": null, "note": null, "patient_female": null, "patient_male": null, "sanitation": null, "staff_count": null, "staff_count:doctors": null, "toilets:female": null, "toilets:num_chambers": null, "toilets:staff": null, "wash_maintenance": null, "wash_maintenance_frequency": null, "wash_management": null, "wash_ngo_support": null, "water_point": null, "water_point_improved": null, "water_point_location": null, "water_point_number": null, "water_point_type": null, "water_point_usability": null, "consent": null, "toilets:disposal": null, "wash_funding": null, "addr:street": null, "building:levels": null, "building:material": null, "roof:material": null, "sector": null, "healthcare:speciality": null, "health_facility:type": "laboratory", "opening_hours": null, "name:fr": null, "name:es": null, "dispensing": null, "electricity": null, "emergency": null, "insurance:health": null, "operator:type": null, "water_source": null, "alt_name": null, "supervised": null, "survey:date": null, "addr:postcode": null, "place": null, "addr:housenumber": null, "name:ar": null, "wikidata": null, "wikipedia": null, "fixme": null, "barrier": null, "landuse": null, "building": null, "addr:hamlet": null, "secteur": null, "health_amenity:type": null, "name:de": null, "operational_status": null, "ocha:type": null, "short_name": null, "name:ja": null, "name:zh": null, "indoor": null, "material": null, "is_in:cercle": null }, "geometry": { "type": "Point", "coordinates": [ -8.0269043, 12.6407701 ] } },
{ "type": "Feature", "properties": { "element": "node", "id": 4005366260, "amenity": "hospital", "name": "CSCOM", "pcode": null, "source": null, "start_date": null, "type": null, "wheelchair": null, "who:code_csref": null, "who:distance": null, "who:nbre_village": null, "operator": null, "email": null, "name:en": null, "phone": null, "healthcare": null, "addr:city": null, "addr:quarter": null, "addr:suburb": null, "handwashing": null, "handwashing:soap": null, "handwashing_number": null, "handwashing_station_distance": null, "handwashing_usability": null, "latrine_emptying_service": null, "note": null, "patient_female": null, "patient_male": null, "sanitation": null, "staff_count": null, "staff_count:doctors": null, "toilets:female": null, "toilets:num_chambers": null, "toilets:staff": null, "wash_maintenance": null, "wash_maintenance_frequency": null, "wash_management": null, "wash_ngo_support": null, "water_point": null, "water_point_improved": null, "water_point_location": null, "water_point_number": null, "water_point_type": null, "water_point_usability": null, "consent": null, "toilets:disposal": null, "wash_funding": null, "addr:street": null, "building:levels": null, "building:material": null, "roof:material": null, "sector": null, "healthcare:speciality": null, "health_facility:type": null, "opening_hours": null, "name:fr": null, "name:es": null, "dispensing": null, "electricity": null, "emergency": null, "insurance:health": null, "operator:type": null, "water_source": null, "alt_name": null, "supervised": null, "survey:date": null, "addr:postcode": null, "place": null, "addr:housenumber": null, "name:ar": null, "wikidata": null, "wikipedia": null, "fixme": null, "barrier": null, "landuse": null, "building": null, "addr:hamlet": null, "secteur": null, "health_amenity:type": null, "name:de": null, "operational_status": null, "ocha:type": null, "short_name": null, "name:ja": null, "name:zh": null, "indoor": null, "material": null, "is_in:cercle": null }, "geometry": { "type": "Point", "coordinates": [ -6.2555146, 13.432543 ] } },
{ "type": "Feature", "properties": { "element": "node", "id": 4024296406, "amenity": "hospital", "name": "Centre de Sante Chretien Darsalam1", "pcode": null, "source": null, "start_date": null, "type": null, "wheelchair": null, "who:code_csref": null, "who:distance": null, "who:nbre_village": null, "operator": null, "email": null, "name:en": null, "phone": null, "healthcare": null, "addr:city": null, "addr:quarter": null, "addr:suburb": null, "handwashing": null, "handwashing:soap": null, "handwashing_number": null, "handwashing_station_distance": null, "handwashing_usability": null, "latrine_emptying_service": null, "note": null, "patient_female": null, "patient_male": null, "sanitation": null, "staff_count": null, "staff_count:doctors": null, "toilets:female": null, "toilets:num_chambers": null, "toilets:staff": null, "wash_maintenance": null, "wash_maintenance_frequency": null, "wash_management": null, "wash_ngo_support": null, "water_point": null, "water_point_improved": null, "water_point_location": null, "water_point_number": null, "water_point_type": null, "water_point_usability": null, "consent": null, "toilets:disposal": null, "wash_funding": null, "addr:street": null, "building:levels": null, "building:material": null, "roof:material": null, "sector": null, "healthcare:speciality": null, "health_facility:type": null, "opening_hours": null, "name:fr": null, "name:es": null, "dispensing": null, "electricity": null, "emergency": null, "insurance:health": null, "operator:type": null, "water_source": null, "alt_name": null, "supervised": null, "survey:date": null, "addr:postcode": null, "place": null, "addr:housenumber": null, "name:ar": null, "wikidata": null, "wikipedia": null, "fixme": null, "barrier": null, "landuse": null, "building": null, "addr:hamlet": null, "secteur": null, "health_amenity:type": null, "name:de": null, "operational_status": null, "ocha:type": null, "short_name": null, "name:ja": null, "name:zh": null, "indoor": null, "material": null, "is_in:cercle": null }, "geometry": { "type": "Point", "coordinates": [ -5.4569409, 12.4036158 ] } },
{ "type": "Feature", "properties": { "element": "node", "id": 4281287096, "amenity": "hospital", "name": "Infirmérie Garnison Base Aérienne 101 Senou", "pcode": null, "source": null, "start_date": null, "type": null, "wheelchair": null, "who:code_csref": null, "who:distance": null, "who:nbre_village": null, "operator": null, "email": null, "name:en": null, "phone": null, "healthcare": null, "addr:city": null, "addr:quarter": null, "addr:suburb": null, "handwashing": null, "handwashing:soap": null, "handwashing_number": null, "handwashing_station_distance": null, "handwashing_usability": null, "latrine_emptying_service": null, "note": null, "patient_female": null, "patient_male": null, "sanitation": null, "staff_count": null, "staff_count:doctors": null, "toilets:female": null, "toilets:num_chambers": null, "toilets:staff": null, "wash_maintenance": null, "wash_maintenance_frequency": null, "wash_management": null, "wash_ngo_support": null, "water_point": null, "water_point_improved": null, "water_point_location": null, "water_point_number": null, "water_point_type": null, "water_point_usability": null, "consent": null, "toilets:disposal": null, "wash_funding": null, "addr:street": null, "building:levels": null, "building:material": null, "roof:material": null, "sector": null, "healthcare:speciality": null, "health_facility:type": null, "opening_hours": null, "name:fr": null, "name:es": null, "dispensing": null, "electricity": null, "emergency": null, "insurance:health": null, "operator:type": null, "water_source": null, "alt_name": null, "supervised": null, "survey:date": null, "addr:postcode": null, "place": null, "addr:housenumber": null, "name:ar": null, "wikidata": null, "wikipedia": null, "fixme": null, "barrier": null, "landuse": null, "building": null, "addr:hamlet": null, "secteur": null, "health_amenity:type": null, "name:de": null, "operational_status": null, "ocha:type": null, "short_name": null, "name:ja": null, "name:zh": null, "indoor": null, "material": null, "is_in:cercle": null }, "geometry": { "type": "Point", "coordinates": [ -7.9368453, 12.5324472 ] } },
{ "type": "Feature", "properties": { "element": "node", "id": 4506775367, "amenity": "hospital", "name": "Centre de Référence de Fana", "pcode": null, "source": null, "start_date": null, "type": null, "wheelchair": null, "who:code_csref": null, "who:distance": null, "who:nbre_village": null, "operator": null, "email": null, "name:en": null, "phone": null, "healthcare": "hospital", "addr:city": null, "addr:quarter": null, "addr:suburb": null, "handwashing": null, "handwashing:soap": null, "handwashing_number": null, "handwashing_station_distance": null, "handwashing_usability": null, "latrine_emptying_service": null, "note": null, "patient_female": null, "patient_male": null, "sanitation": null, "staff_count": null, "staff_count:doctors": null, "toilets:female": null, "toilets:num_chambers": null, "toilets:staff": null, "wash_maintenance": null, "wash_maintenance_frequency": null, "wash_management": null, "wash_ngo_support": null, "water_point": null, "water_point_improved": null, "water_point_location": null, "water_point_number": null, "water_point_type": null, "water_point_usability": null, "consent": null, "toilets:disposal": null, "wash_funding": null, "addr:street": null, "building:levels": null, "building:material": null, "roof:material": null, "sector": null, "healthcare:speciality": null, "health_facility:type": null, "opening_hours": null, "name:fr": null, "name:es": null, "dispensing": null, "electricity": null, "emergency": null, "insurance:health": null, "operator:type": null, "water_source": null, "alt_name": null, "supervised": null, "survey:date": null, "addr:postcode": null, "place": null, "addr:housenumber": null, "name:ar": null, "wikidata": null, "wikipedia": null, "fixme": null, "barrier": null, "landuse": null, "building": null, "addr:hamlet": null, "secteur": null, "health_amenity:type": null, "name:de": null, "operational_status": null, "ocha:type": null, "short_name": null, "name:ja": null, "name:zh": null, "indoor": null, "material": null, "is_in:cercle": null }, "geometry": { "type": "Point", "coordinates": [ -6.9439888, 12.799113 ] } },
{ "type": "Feature", "properties": { "element": "node", "id": 4506775372, "amenity": "hospital", "name": "Hôpital Nianankoro Fomba", "pcode": null, "source": "YouthMappers at University of Segou", "start_date": null, "type": null, "wheelchair": null, "who:code_csref": null, "who:distance": null, "who:nbre_village": null, "operator": null, "email": null, "name:en": null, "phone": "21320251", "healthcare": null, "addr:city": null, "addr:quarter": null, "addr:suburb": null, "handwashing": null, "handwashing:soap": null, "handwashing_number": null, "handwashing_station_distance": null, "handwashing_usability": null, "latrine_emptying_service": null, "note": null, "patient_female": null, "patient_male": null, "sanitation": null, "staff_count": null, "staff_count:doctors": null, "toilets:female": null, "toilets:num_chambers": null, "toilets:staff": null, "wash_maintenance": null, "wash_maintenance_frequency": null, "wash_management": null, "wash_ngo_support": null, "water_point": null, "water_point_improved": null, "water_point_location": null, "water_point_number": null, "water_point_type": null, "water_point_usability": null, "consent": null, "toilets:disposal": null, "wash_funding": null, "addr:street": null, "building:levels": null, "building:material": null, "roof:material": null, "sector": null, "healthcare:speciality": null, "health_facility:type": null, "opening_hours": "24/7", "name:fr": null, "name:es": null, "dispensing": null, "electricity": null, "emergency": null, "insurance:health": null, "operator:type": "government", "water_source": null, "alt_name": null, "supervised": "Université de Ségou / OSM MALI", "survey:date": null, "addr:postcode": null, "place": null, "addr:housenumber": null, "name:ar": null, "wikidata": null, "wikipedia": null, "fixme": null, "barrier": null, "landuse": null, "building": null, "addr:hamlet": null, "secteur": null, "health_amenity:type": null, "name:de": null, "operational_status": null, "ocha:type": null, "short_name": null, "name:ja": null, "name:zh": null, "indoor": null, "material": null, "is_in:cercle": null }, "geometry": { "type": "Point", "coordinates": [ -6.260788, 13.4462824 ] } },
{ "type": "Feature", "properties": { "element": "node", "id": 4757784569, "amenity": "hospital", "name": "CSCOM de Kalakè", "pcode": null, "source": null, "start_date": null, "type": null, "wheelchair": null, "who:code_csref": null, "who:distance": null, "who:nbre_village": null, "operator": null, "email": null, "name:en": null, "phone": null, "healthcare": null, "addr:city": null, "addr:quarter": null, "addr:suburb": null, "handwashing": null, "handwashing:soap": null, "handwashing_number": null, "handwashing_station_distance": null, "handwashing_usability": null, "latrine_emptying_service": null, "note": null, "patient_female": null, "patient_male": null, "sanitation": null, "staff_count": null, "staff_count:doctors": null, "toilets:female": null, "toilets:num_chambers": null, "toilets:staff": null, "wash_maintenance": null, "wash_maintenance_frequency": null, "wash_management": null, "wash_ngo_support": null, "water_point": null, "water_point_improved": null, "water_point_location": null, "water_point_number": null, "water_point_type": null, "water_point_usability": null, "consent": null, "toilets:disposal": null, "wash_funding": null, "addr:street": null, "building:levels": null, "building:material": null, "roof:material": null, "sector": null, "healthcare:speciality": null, "health_facility:type": null, "opening_hours": null, "name:fr": "CSCOM de Kalakè", "name:es": null, "dispensing": null, "electricity": null, "emergency": null, "insurance:health": null, "operator:type": null, "water_source": null, "alt_name": null, "supervised": null, "survey:date": null, "addr:postcode": null, "place": null, "addr:housenumber": null, "name:ar": null, "wikidata": null, "wikipedia": null, "fixme": null, "barrier": null, "landuse": null, "building": null, "addr:hamlet": null, "secteur": null, "health_amenity:type": null, "name:de": null, "operational_status": null, "ocha:type": null, "short_name": null, "name:ja": null, "name:zh": null, "indoor": null, "material": null, "is_in:cercle": null }, "geometry": { "type": "Point", "coordinates": [ -6.853337, 12.9630231 ] } },
{ "type": "Feature", "properties": { "element": "node", "id": 4959143922, "amenity": "hospital", "name": "CCref", "pcode": null, "source": null, "start_date": null, "type": null, "wheelchair": null, "who:code_csref": null, "who:distance": null, "who:nbre_village": null, "operator": null, "email": null, "name:en": null, "phone": null, "healthcare": "hospital", "addr:city": null, "addr:quarter": null, "addr:suburb": null, "handwashing": null, "handwashing:soap": null, "handwashing_number": null, "handwashing_station_distance": null, "handwashing_usability": null, "latrine_emptying_service": null, "note": null, "patient_female": null, "patient_male": null, "sanitation": null, "staff_count": null, "staff_count:doctors": null, "toilets:female": null, "toilets:num_chambers": null, "toilets:staff": null, "wash_maintenance": null, "wash_maintenance_frequency": null, "wash_management": null, "wash_ngo_support": null, "water_point": null, "water_point_improved": null, "water_point_location": null, "water_point_number": null, "water_point_type": null, "water_point_usability": null, "consent": null, "toilets:disposal": null, "wash_funding": null, "addr:street": null, "building:levels": null, "building:material": null, "roof:material": null, "sector": null, "healthcare:speciality": null, "health_facility:type": null, "opening_hours": null, "name:fr": "CCref", "name:es": null, "dispensing": null, "electricity": null, "emergency": null, "insurance:health": null, "operator:type": null, "water_source": null, "alt_name": null, "supervised": null, "survey:date": null, "addr:postcode": null, "place": null, "addr:housenumber": null, "name:ar": null, "wikidata": null, "wikipedia": null, "fixme": null, "barrier": null, "landuse": null, "building": null, "addr:hamlet": null, "secteur": null, "health_amenity:type": null, "name:de": null, "operational_status": null, "ocha:type": null, "short_name": null, "name:ja": null, "name:zh": null, "indoor": null, "material": null, "is_in:cercle": null }, "geometry": { "type": "Point", "coordinates": [ -4.5910608, 13.2879576 ] } },
{ "type": "Feature", "properties": { "element": "node", "id": 5056518221, "amenity": "hospital", "name": "CSCOM Diora", "pcode": null, "source": null, "start_date": null, "type": null, "wheelchair": null, "who:code_csref": null, "who:distance": null, "who:nbre_village": null, "operator": null, "email": null, "name:en": null, "phone": null, "healthcare": "hospital", "addr:city": null, "addr:quarter": null, "addr:suburb": null, "handwashing": null, "handwashing:soap": null, "handwashing_number": null, "handwashing_station_distance": null, "handwashing_usability": null, "latrine_emptying_service": null, "note": null, "patient_female": null, "patient_male": null, "sanitation": null, "staff_count": null, "staff_count:doctors": null, "toilets:female": null, "toilets:num_chambers": null, "toilets:staff": null, "wash_maintenance": null, "wash_maintenance_frequency": null, "wash_management": null, "wash_ngo_support": null, "water_point": null, "water_point_improved": null, "water_point_location": null, "water_point_number": null, "water_point_type": null, "water_point_usability": null, "consent": null, "toilets:disposal": null, "wash_funding": null, "addr:street": null, "building:levels": null, "building:material": null, "roof:material": null, "sector": null, "healthcare:speciality": null, "health_facility:type": null, "opening_hours": null, "name:fr": "CSCOM Diora", "name:es": null, "dispensing": null, "electricity": null, "emergency": null, "insurance:health": null, "operator:type": null, "water_source": null, "alt_name": null, "supervised": null, "survey:date": null, "addr:postcode": null, "place": null, "addr:housenumber": null, "name:ar": null, "wikidata": null, "wikipedia": null, "fixme": null, "barrier": null, "landuse": null, "building": null, "addr:hamlet": null, "secteur": null, "health_amenity:type": null, "name:de": null, "operational_status": null, "ocha:type": null, "short_name": null, "name:ja": null, "name:zh": null, "indoor": null, "material": null, "is_in:cercle": null }, "geometry": { "type": "Point", "coordinates": [ -4.676668, 12.8594072 ] } },
{ "type": "Feature", "properties": { "element": "node", "id": 5061818825, "amenity": "hospital", "name": "Centre Santé Tioribougou", "pcode": null, "source": null, "start_date": null, "type": null, "wheelchair": null, "who:code_csref": null, "who:distance": null, "who:nbre_village": null, "operator": null, "email": null, "name:en": null, "phone": null, "healthcare": null, "addr:city": null, "addr:quarter": null, "addr:suburb": null, "handwashing": null, "handwashing:soap": null, "handwashing_number": null, "handwashing_station_distance": null, "handwashing_usability": null, "latrine_emptying_service": null, "note": null, "patient_female": null, "patient_male": null, "sanitation": null, "staff_count": null, "staff_count:doctors": null, "toilets:female": null, "toilets:num_chambers": null, "toilets:staff": null, "wash_maintenance": null, "wash_maintenance_frequency": null, "wash_management": null, "wash_ngo_support": null, "water_point": null, "water_point_improved": null, "water_point_location": null, "water_point_number": null, "water_point_type": null, "water_point_usability": null, "consent": null, "toilets:disposal": null, "wash_funding": null, "addr:street": null, "building:levels": null, "building:material": null, "roof:material": null, "sector": null, "healthcare:speciality": null, "health_facility:type": null, "opening_hours": null, "name:fr": "Centre Santé Tioribougou", "name:es": null, "dispensing": null, "electricity": null, "emergency": null, "insurance:health": null, "operator:type": null, "water_source": null, "alt_name": null, "supervised": null, "survey:date": null, "addr:postcode": null, "place": null, "addr:housenumber": null, "name:ar": null, "wikidata": null, "wikipedia": null, "fixme": null, "barrier": null, "landuse": null, "building": null, "addr:hamlet": null, "secteur": null, "health_amenity:type": null, "name:de": null, "operational_status": null, "ocha:type": null, "short_name": null, "name:ja": null, "name:zh": null, "indoor": null, "material": null, "is_in:cercle": null }, "geometry": { "type": "Point", "coordinates": [ -7.9940762, 13.3832977 ] } },
{ "type": "Feature", "properties": { "element": "node", "id": 5108122242, "amenity": "hospital", "name": "Centre de référence santé kolokani", "pcode": null, "source": null, "start_date": null, "type": null, "wheelchair": null, "who:code_csref": null, "who:distance": null, "who:nbre_village": null, "operator": null, "email": null, "name:en": "Kolokani healh service", "phone": null, "healthcare": null, "addr:city": null, "addr:quarter": null, "addr:suburb": null, "handwashing": null, "handwashing:soap": null, "handwashing_number": null, "handwashing_station_distance": null, "handwashing_usability": null, "latrine_emptying_service": null, "note": null, "patient_female": null, "patient_male": null, "sanitation": null, "staff_count": null, "staff_count:doctors": null, "toilets:female": null, "toilets:num_chambers": null, "toilets:staff": null, "wash_maintenance": null, "wash_maintenance_frequency": null, "wash_management": null, "wash_ngo_support": null, "water_point": null, "water_point_improved": null, "water_point_location": null, "water_point_number": null, "water_point_type": null, "water_point_usability": null, "consent": null, "toilets:disposal": null, "wash_funding": null, "addr:street": null, "building:levels": null, "building:material": null, "roof:material": null, "sector": null, "healthcare:speciality": null, "health_facility:type": null, "opening_hours": null, "name:fr": null, "name:es": null, "dispensing": null, "electricity": null, "emergency": null, "insurance:health": null, "operator:type": null, "water_source": null, "alt_name": null, "supervised": null, "survey:date": null, "addr:postcode": null, "place": null, "addr:housenumber": null, "name:ar": null, "wikidata": null, "wikipedia": null, "fixme": null, "barrier": null, "landuse": null, "building": null, "addr:hamlet": null, "secteur": null, "health_amenity:type": null, "name:de": null, "operational_status": null, "ocha:type": null, "short_name": null, "name:ja": null, "name:zh": null, "indoor": null, "material": null, "is_in:cercle": null }, "geometry": { "type": "Point", "coordinates": [ -8.0384373, 13.5898221 ] } },
{ "type": "Feature", "properties": { "element": "node", "id": 5128272170, "amenity": "hospital", "name": "Clinique Farako", "pcode": null, "source": null, "start_date": null, "type": null, "wheelchair": null, "who:code_csref": null, "who:distance": null, "who:nbre_village": null, "operator": null, "email": null, "name:en": null, "phone": null, "healthcare": "hospital", "addr:city": null, "addr:quarter": null, "addr:suburb": null, "handwashing": null, "handwashing:soap": null, "handwashing_number": null, "handwashing_station_distance": null, "handwashing_usability": null, "latrine_emptying_service": null, "note": null, "patient_female": null, "patient_male": null, "sanitation": null, "staff_count": null, "staff_count:doctors": null, "toilets:female": null, "toilets:num_chambers": null, "toilets:staff": null, "wash_maintenance": null, "wash_maintenance_frequency": null, "wash_management": null, "wash_ngo_support": null, "water_point": null, "water_point_improved": null, "water_point_location": null, "water_point_number": null, "water_point_type": null, "water_point_usability": null, "consent": null, "toilets:disposal": null, "wash_funding": null, "addr:street": null, "building:levels": null, "building:material": null, "roof:material": null, "sector": null, "healthcare:speciality": null, "health_facility:type": null, "opening_hours": null, "name:fr": null, "name:es": null, "dispensing": null, "electricity": null, "emergency": null, "insurance:health": null, "operator:type": null, "water_source": null, "alt_name": null, "supervised": null, "survey:date": null, "addr:postcode": null, "place": null, "addr:housenumber": null, "name:ar": null, "wikidata": null, "wikipedia": null, "fixme": null, "barrier": null, "landuse": null, "building": null, "addr:hamlet": null, "secteur": null, "health_amenity:type": null, "name:de": null, "operational_status": null, "ocha:type": null, "short_name": null, "name:ja": null, "name:zh": null, "indoor": null, "material": null, "is_in:cercle": null }, "geometry": { "type": "Point", "coordinates": [ -8.0275689, 12.6521231 ] } },
{ "type": "Feature", "properties": { "element": "node", "id": 5157646524, "amenity": "hospital", "name": "Centre de Santé de Référence de Bankass", "pcode": "ML05R03C000", "source": "OMS Survey", "start_date": "1-Jan-2011", "type": null, "wheelchair": null, "who:code_csref": "ML05R03", "who:distance": "135", "who:nbre_village": "0", "operator": null, "email": null, "name:en": null, "phone": null, "healthcare": "clinic", "addr:city": null, "addr:quarter": null, "addr:suburb": null, "handwashing": null, "handwashing:soap": null, "handwashing_number": null, "handwashing_station_distance": null, "handwashing_usability": null, "latrine_emptying_service": null, "note": null, "patient_female": null, "patient_male": null, "sanitation": null, "staff_count": null, "staff_count:doctors": null, "toilets:female": null, "toilets:num_chambers": null, "toilets:staff": null, "wash_maintenance": null, "wash_maintenance_frequency": null, "wash_management": null, "wash_ngo_support": null, "water_point": null, "water_point_improved": null, "water_point_location": null, "water_point_number": null, "water_point_type": null, "water_point_usability": null, "consent": null, "toilets:disposal": null, "wash_funding": null, "addr:street": null, "building:levels": null, "building:material": null, "roof:material": null, "sector": null, "healthcare:speciality": null, "health_facility:type": "CSRef", "opening_hours": null, "name:fr": null, "name:es": null, "dispensing": null, "electricity": null, "emergency": null, "insurance:health": null, "operator:type": null, "water_source": null, "alt_name": null, "supervised": null, "survey:date": null, "addr:postcode": null, "place": null, "addr:housenumber": null, "name:ar": null, "wikidata": null, "wikipedia": null, "fixme": null, "barrier": null, "landuse": null, "building": null, "addr:hamlet": null, "secteur": null, "health_amenity:type": null, "name:de": null, "operational_status": null, "ocha:type": null, "short_name": null, "name:ja": null, "name:zh": null, "indoor": null, "material": null, "is_in:cercle": null }, "geometry": { "type": "Point", "coordinates": [ -3.509163, 14.083355 ] } },
{ "type": "Feature", "properties": { "element": "node", "id": 5224845823, "amenity": "hospital", "name": "CSCOM Mercoya", "pcode": null, "source": null, "start_date": null, "type": null, "wheelchair": null, "who:code_csref": null, "who:distance": null, "who:nbre_village": null, "operator": null, "email": null, "name:en": null, "phone": null, "healthcare": null, "addr:city": null, "addr:quarter": null, "addr:suburb": null, "handwashing": null, "handwashing:soap": null, "handwashing_number": null, "handwashing_station_distance": null, "handwashing_usability": null, "latrine_emptying_service": null, "note": null, "patient_female": null, "patient_male": null, "sanitation": null, "staff_count": null, "staff_count:doctors": null, "toilets:female": null, "toilets:num_chambers": null, "toilets:staff": null, "wash_maintenance": null, "wash_maintenance_frequency": null, "wash_management": null, "wash_ngo_support": null, "water_point": null, "water_point_improved": null, "water_point_location": null, "water_point_number": null, "water_point_type": null, "water_point_usability": null, "consent": null, "toilets:disposal": null, "wash_funding": null, "addr:street": null, "building:levels": null, "building:material": null, "roof:material": null, "sector": null, "healthcare:speciality": null, "health_facility:type": null, "opening_hours": null, "name:fr": null, "name:es": null, "dispensing": null, "electricity": null, "emergency": null, "insurance:health": null, "operator:type": null, "water_source": null, "alt_name": null, "supervised": null, "survey:date": null, "addr:postcode": null, "place": null, "addr:housenumber": null, "name:ar": null, "wikidata": null, "wikipedia": null, "fixme": null, "barrier": null, "landuse": null, "building": null, "addr:hamlet": null, "secteur": null, "health_amenity:type": null, "name:de": null, "operational_status": null, "ocha:type": null, "short_name": null, "name:ja": null, "name:zh": null, "indoor": null, "material": null, "is_in:cercle": null }, "geometry": { "type": "Point", "coordinates": [ -8.1981982, 13.9210643 ] } },
{ "type": "Feature", "properties": { "element": "node", "id": 5248938382, "amenity": "hospital", "name": "Hôpital Saint Paul VI(Gavardo)", "pcode": null, "source": "YouthMappers At University Of Segou", "start_date": null, "type": null, "wheelchair": "yes", "who:code_csref": null, "who:distance": null, "who:nbre_village": null, "operator": null, "email": null, "name:en": null, "phone": "20801925", "healthcare": "hospital", "addr:city": null, "addr:quarter": null, "addr:suburb": null, "handwashing": null, "handwashing:soap": null, "handwashing_number": null, "handwashing_station_distance": null, "handwashing_usability": null, "latrine_emptying_service": null, "note": null, "patient_female": null, "patient_male": null, "sanitation": null, "staff_count": null, "staff_count:doctors": null, "toilets:female": null, "toilets:num_chambers": null, "toilets:staff": null, "wash_maintenance": null, "wash_maintenance_frequency": null, "wash_management": null, "wash_ngo_support": null, "water_point": null, "water_point_improved": null, "water_point_location": null, "water_point_number": null, "water_point_type": null, "water_point_usability": null, "consent": null, "toilets:disposal": null, "wash_funding": null, "addr:street": null, "building:levels": null, "building:material": null, "roof:material": null, "sector": null, "healthcare:speciality": null, "health_facility:type": null, "opening_hours": "24/7", "name:fr": null, "name:es": null, "dispensing": null, "electricity": null, "emergency": null, "insurance:health": null, "operator:type": "private", "water_source": null, "alt_name": "Pelengana sud", "supervised": "Université de Ségou/OSM MALI", "survey:date": "2022-09-07", "addr:postcode": null, "place": null, "addr:housenumber": null, "name:ar": null, "wikidata": null, "wikipedia": null, "fixme": null, "barrier": null, "landuse": null, "building": null, "addr:hamlet": null, "secteur": null, "health_amenity:type": null, "name:de": null, "operational_status": null, "ocha:type": null, "short_name": null, "name:ja": null, "name:zh": null, "indoor": null, "material": null, "is_in:cercle": null }, "geometry": { "type": "Point", "coordinates": [ -6.2228054, 13.4096582 ] } },
{ "type": "Feature", "properties": { "element": "node", "id": 5298695843, "amenity": "hospital", "name": "CSCOM de Lafia", "pcode": null, "source": null, "start_date": null, "type": null, "wheelchair": null, "who:code_csref": null, "who:distance": null, "who:nbre_village": null, "operator": null, "email": null, "name:en": null, "phone": null, "healthcare": null, "addr:city": null, "addr:quarter": null, "addr:suburb": null, "handwashing": null, "handwashing:soap": null, "handwashing_number": null, "handwashing_station_distance": null, "handwashing_usability": null, "latrine_emptying_service": null, "note": null, "patient_female": null, "patient_male": null, "sanitation": null, "staff_count": null, "staff_count:doctors": null, "toilets:female": null, "toilets:num_chambers": null, "toilets:staff": null, "wash_maintenance": null, "wash_maintenance_frequency": null, "wash_management": null, "wash_ngo_support": null, "water_point": null, "water_point_improved": null, "water_point_location": null, "water_point_number": null, "water_point_type": null, "water_point_usability": null, "consent": null, "toilets:disposal": null, "wash_funding": null, "addr:street": "route du lycee", "building:levels": null, "building:material": null, "roof:material": null, "sector": null, "healthcare:speciality": null, "health_facility:type": null, "opening_hours": null, "name:fr": null, "name:es": null, "dispensing": null, "electricity": null, "emergency": null, "insurance:health": null, "operator:type": null, "water_source": null, "alt_name": null, "supervised": null, "survey:date": null, "addr:postcode": null, "place": null, "addr:housenumber": null, "name:ar": null, "wikidata": null, "wikipedia": null, "fixme": null, "barrier": null, "landuse": null, "building": null, "addr:hamlet": null, "secteur": null, "health_amenity:type": null, "name:de": null, "operational_status": null, "ocha:type": null, "short_name": null, "name:ja": null, "name:zh": null, "indoor": null, "material": null, "is_in:cercle": null }, "geometry": { "type": "Point", "coordinates": [ -11.446557, 14.4387064 ] } },
{ "type": "Feature", "properties": { "element": "node", "id": 5301137921, "amenity": "hospital", "name": "Golden Life", "pcode": null, "source": null, "start_date": null, "type": null, "wheelchair": null, "who:code_csref": null, "who:distance": null, "who:nbre_village": null, "operator": null, "email": null, "name:en": null, "phone": null, "healthcare": "hospital", "addr:city": null, "addr:quarter": null, "addr:suburb": null, "handwashing": null, "handwashing:soap": null, "handwashing_number": null, "handwashing_station_distance": null, "handwashing_usability": null, "latrine_emptying_service": null, "note": null, "patient_female": null, "patient_male": null, "sanitation": null, "staff_count": null, "staff_count:doctors": null, "toilets:female": null, "toilets:num_chambers": null, "toilets:staff": null, "wash_maintenance": null, "wash_maintenance_frequency": null, "wash_management": null, "wash_ngo_support": null, "water_point": null, "water_point_improved": null, "water_point_location": null, "water_point_number": null, "water_point_type": null, "water_point_usability": null, "consent": null, "toilets:disposal": null, "wash_funding": null, "addr:street": null, "building:levels": null, "building:material": null, "roof:material": null, "sector": null, "healthcare:speciality": null, "health_facility:type": null, "opening_hours": null, "name:fr": null, "name:es": null, "dispensing": null, "electricity": null, "emergency": null, "insurance:health": null, "operator:type": null, "water_source": null, "alt_name": null, "supervised": null, "survey:date": null, "addr:postcode": null, "place": null, "addr:housenumber": null, "name:ar": null, "wikidata": null, "wikipedia": null, "fixme": null, "barrier": null, "landuse": null, "building": null, "addr:hamlet": null, "secteur": null, "health_amenity:type": null, "name:de": null, "operational_status": null, "ocha:type": null, "short_name": null, "name:ja": null, "name:zh": null, "indoor": null, "material": null, "is_in:cercle": null }, "geometry": { "type": "Point", "coordinates": [ -7.9952097, 12.6235551 ] } },
{ "type": "Feature", "properties": { "element": "node", "id": 5394478323, "amenity": "hospital", "name": "CSCOM de Taliko Bougoudani", "pcode": null, "source": null, "start_date": null, "type": null, "wheelchair": null, "who:code_csref": null, "who:distance": null, "who:nbre_village": null, "operator": null, "email": null, "name:en": null, "phone": null, "healthcare": null, "addr:city": null, "addr:quarter": null, "addr:suburb": null, "handwashing": null, "handwashing:soap": null, "handwashing_number": null, "handwashing_station_distance": null, "handwashing_usability": null, "latrine_emptying_service": null, "note": null, "patient_female": null, "patient_male": null, "sanitation": null, "staff_count": null, "staff_count:doctors": null, "toilets:female": null, "toilets:num_chambers": null, "toilets:staff": null, "wash_maintenance": null, "wash_maintenance_frequency": null, "wash_management": null, "wash_ngo_support": null, "water_point": null, "water_point_improved": null, "water_point_location": null, "water_point_number": null, "water_point_type": null, "water_point_usability": null, "consent": null, "toilets:disposal": null, "wash_funding": null, "addr:street": null, "building:levels": null, "building:material": null, "roof:material": null, "sector": null, "healthcare:speciality": null, "health_facility:type": null, "opening_hours": null, "name:fr": null, "name:es": null, "dispensing": null, "electricity": null, "emergency": null, "insurance:health": null, "operator:type": null, "water_source": null, "alt_name": null, "supervised": null, "survey:date": null, "addr:postcode": null, "place": null, "addr:housenumber": null, "name:ar": null, "wikidata": null, "wikipedia": null, "fixme": null, "barrier": null, "landuse": null, "building": null, "addr:hamlet": null, "secteur": null, "health_amenity:type": null, "name:de": null, "operational_status": null, "ocha:type": null, "short_name": null, "name:ja": null, "name:zh": null, "indoor": null, "material": null, "is_in:cercle": null }, "geometry": { "type": "Point", "coordinates": [ -8.0534097, 12.6299282 ] } },
{ "type": "Feature", "properties": { "element": "node", "id": 5487378355, "amenity": "hospital", "name": "Nouveau CSRéf (Prévision)", "pcode": null, "source": null, "start_date": null, "type": null, "wheelchair": null, "who:code_csref": null, "who:distance": null, "who:nbre_village": null, "operator": null, "email": null, "name:en": null, "phone": null, "healthcare": "hospital", "addr:city": null, "addr:quarter": null, "addr:suburb": null, "handwashing": null, "handwashing:soap": null, "handwashing_number": null, "handwashing_station_distance": null, "handwashing_usability": null, "latrine_emptying_service": null, "note": null, "patient_female": null, "patient_male": null, "sanitation": null, "staff_count": null, "staff_count:doctors": null, "toilets:female": null, "toilets:num_chambers": null, "toilets:staff": null, "wash_maintenance": null, "wash_maintenance_frequency": null, "wash_management": null, "wash_ngo_support": null, "water_point": null, "water_point_improved": null, "water_point_location": null, "water_point_number": null, "water_point_type": null, "water_point_usability": null, "consent": null, "toilets:disposal": null, "wash_funding": null, "addr:street": null, "building:levels": null, "building:material": null, "roof:material": null, "sector": null, "healthcare:speciality": null, "health_facility:type": null, "opening_hours": null, "name:fr": null, "name:es": null, "dispensing": null, "electricity": null, "emergency": null, "insurance:health": null, "operator:type": null, "water_source": null, "alt_name": null, "supervised": null, "survey:date": null, "addr:postcode": null, "place": null, "addr:housenumber": null, "name:ar": null, "wikidata": null, "wikipedia": null, "fixme": null, "barrier": null, "landuse": null, "building": null, "addr:hamlet": null, "secteur": null, "health_amenity:type": null, "name:de": null, "operational_status": null, "ocha:type": null, "short_name": null, "name:ja": null, "name:zh": null, "indoor": null, "material": null, "is_in:cercle": null }, "geometry": { "type": "Point", "coordinates": [ -0.3502623, 16.9550905 ] } },
{ "type": "Feature", "properties": { "element": "node", "id": 5497175918, "amenity": "hospital", "name": "Centre de sante Cherifla", "pcode": null, "source": null, "start_date": null, "type": null, "wheelchair": null, "who:code_csref": null, "who:distance": null, "who:nbre_village": null, "operator": null, "email": null, "name:en": null, "phone": null, "healthcare": "hospital", "addr:city": null, "addr:quarter": null, "addr:suburb": null, "handwashing": null, "handwashing:soap": null, "handwashing_number": null, "handwashing_station_distance": null, "handwashing_usability": null, "latrine_emptying_service": null, "note": null, "patient_female": null, "patient_male": null, "sanitation": null, "staff_count": null, "staff_count:doctors": null, "toilets:female": null, "toilets:num_chambers": null, "toilets:staff": null, "wash_maintenance": null, "wash_maintenance_frequency": null, "wash_management": null, "wash_ngo_support": null, "water_point": null, "water_point_improved": null, "water_point_location": null, "water_point_number": null, "water_point_type": null, "water_point_usability": null, "consent": null, "toilets:disposal": null, "wash_funding": null, "addr:street": "Banconi Djanguinebougou", "building:levels": null, "building:material": null, "roof:material": null, "sector": null, "healthcare:speciality": null, "health_facility:type": null, "opening_hours": null, "name:fr": null, "name:es": null, "dispensing": null, "electricity": null, "emergency": null, "insurance:health": null, "operator:type": null, "water_source": null, "alt_name": null, "supervised": null, "survey:date": null, "addr:postcode": null, "place": null, "addr:housenumber": null, "name:ar": null, "wikidata": null, "wikipedia": null, "fixme": null, "barrier": null, "landuse": null, "building": null, "addr:hamlet": null, "secteur": null, "health_amenity:type": null, "name:de": null, "operational_status": null, "ocha:type": null, "short_name": null, "name:ja": null, "name:zh": null, "indoor": null, "material": null, "is_in:cercle": null }, "geometry": { "type": "Point", "coordinates": [ -7.9609723, 12.6870958 ] } },
{ "type": "Feature", "properties": { "element": "node", "id": 5865302499, "amenity": "hospital", "name": "CSCOM", "pcode": null, "source": null, "start_date": null, "type": null, "wheelchair": null, "who:code_csref": null, "who:distance": null, "who:nbre_village": null, "operator": null, "email": null, "name:en": null, "phone": null, "healthcare": null, "addr:city": null, "addr:quarter": null, "addr:suburb": null, "handwashing": null, "handwashing:soap": null, "handwashing_number": null, "handwashing_station_distance": null, "handwashing_usability": null, "latrine_emptying_service": null, "note": null, "patient_female": null, "patient_male": null, "sanitation": null, "staff_count": null, "staff_count:doctors": null, "toilets:female": null, "toilets:num_chambers": null, "toilets:staff": null, "wash_maintenance": null, "wash_maintenance_frequency": null, "wash_management": null, "wash_ngo_support": null, "water_point": null, "water_point_improved": null, "water_point_location": null, "water_point_number": null, "water_point_type": null, "water_point_usability": null, "consent": null, "toilets:disposal": null, "wash_funding": null, "addr:street": null, "building:levels": null, "building:material": null, "roof:material": null, "sector": null, "healthcare:speciality": null, "health_facility:type": null, "opening_hours": null, "name:fr": null, "name:es": null, "dispensing": null, "electricity": null, "emergency": null, "insurance:health": null, "operator:type": null, "water_source": null, "alt_name": null, "supervised": null, "survey:date": null, "addr:postcode": null, "place": null, "addr:housenumber": null, "name:ar": null, "wikidata": null, "wikipedia": null, "fixme": null, "barrier": null, "landuse": null, "building": null, "addr:hamlet": null, "secteur": null, "health_amenity:type": null, "name:de": null, "operational_status": null, "ocha:type": null, "short_name": null, "name:ja": null, "name:zh": null, "indoor": null, "material": null, "is_in:cercle": null }, "geometry": { "type": "Point", "coordinates": [ -5.1666306, 12.5492357 ] } },
{ "type": "Feature", "properties": { "element": "node", "id": 6013979370, "amenity": "hospital", "name": "Infirmerie de Sananfara", "pcode": null, "source": null, "start_date": null, "type": null, "wheelchair": null, "who:code_csref": null, "who:distance": null, "who:nbre_village": null, "operator": "Vitry", "email": null, "name:en": null, "phone": null, "healthcare": null, "addr:city": null, "addr:quarter": null, "addr:suburb": null, "handwashing": null, "handwashing:soap": null, "handwashing_number": null, "handwashing_station_distance": null, "handwashing_usability": null, "latrine_emptying_service": null, "note": null, "patient_female": null, "patient_male": null, "sanitation": null, "staff_count": null, "staff_count:doctors": null, "toilets:female": null, "toilets:num_chambers": null, "toilets:staff": null, "wash_maintenance": null, "wash_maintenance_frequency": null, "wash_management": null, "wash_ngo_support": null, "water_point": null, "water_point_improved": null, "water_point_location": null, "water_point_number": null, "water_point_type": null, "water_point_usability": null, "consent": null, "toilets:disposal": null, "wash_funding": null, "addr:street": null, "building:levels": null, "building:material": null, "roof:material": null, "sector": null, "healthcare:speciality": null, "health_facility:type": null, "opening_hours": null, "name:fr": null, "name:es": null, "dispensing": null, "electricity": null, "emergency": null, "insurance:health": null, "operator:type": null, "water_source": null, "alt_name": null, "supervised": null, "survey:date": null, "addr:postcode": null, "place": null, "addr:housenumber": null, "name:ar": null, "wikidata": null, "wikipedia": null, "fixme": null, "barrier": null, "landuse": null, "building": null, "addr:hamlet": null, "secteur": null, "health_amenity:type": null, "name:de": null, "operational_status": null, "ocha:type": null, "short_name": null, "name:ja": null, "name:zh": null, "indoor": null, "material": null, "is_in:cercle": null }, "geometry": { "type": "Point", "coordinates": [ -8.5486273, 11.4951214 ] } },
{ "type": "Feature", "properties": { "element": "node", "id": 6023872391, "amenity": "hospital", "name": "CSCOM de Madina", "pcode": null, "source": null, "start_date": null, "type": null, "wheelchair": null, "who:code_csref": null, "who:distance": null, "who:nbre_village": null, "operator": null, "email": null, "name:en": null, "phone": null, "healthcare": "hospital", "addr:city": null, "addr:quarter": null, "addr:suburb": null, "handwashing": null, "handwashing:soap": null, "handwashing_number": null, "handwashing_station_distance": null, "handwashing_usability": null, "latrine_emptying_service": null, "note": null, "patient_female": null, "patient_male": null, "sanitation": null, "staff_count": null, "staff_count:doctors": null, "toilets:female": null, "toilets:num_chambers": null, "toilets:staff": null, "wash_maintenance": null, "wash_maintenance_frequency": null, "wash_management": null, "wash_ngo_support": null, "water_point": null, "water_point_improved": null, "water_point_location": null, "water_point_number": null, "water_point_type": null, "water_point_usability": null, "consent": null, "toilets:disposal": null, "wash_funding": null, "addr:street": null, "building:levels": null, "building:material": null, "roof:material": null, "sector": null, "healthcare:speciality": null, "health_facility:type": null, "opening_hours": null, "name:fr": null, "name:es": null, "dispensing": null, "electricity": null, "emergency": null, "insurance:health": null, "operator:type": null, "water_source": null, "alt_name": null, "supervised": null, "survey:date": null, "addr:postcode": null, "place": null, "addr:housenumber": null, "name:ar": null, "wikidata": null, "wikipedia": null, "fixme": null, "barrier": null, "landuse": null, "building": null, "addr:hamlet": null, "secteur": null, "health_amenity:type": null, "name:de": null, "operational_status": null, "ocha:type": null, "short_name": null, "name:ja": null, "name:zh": null, "indoor": null, "material": null, "is_in:cercle": null }, "geometry": { "type": "Point", "coordinates": [ -8.8619361, 13.4008243 ] } },
{ "type": "Feature", "properties": { "element": "node", "id": 6055315540, "amenity": "hospital", "name": "CSCOM de Dioulafoundo", "pcode": null, "source": "Survey", "start_date": null, "type": null, "wheelchair": null, "who:code_csref": null, "who:distance": null, "who:nbre_village": null, "operator": null, "email": null, "name:en": null, "phone": null, "healthcare": null, "addr:city": null, "addr:quarter": null, "addr:suburb": null, "handwashing": null, "handwashing:soap": null, "handwashing_number": null, "handwashing_station_distance": null, "handwashing_usability": null, "latrine_emptying_service": null, "note": null, "patient_female": null, "patient_male": null, "sanitation": null, "staff_count": null, "staff_count:doctors": null, "toilets:female": null, "toilets:num_chambers": null, "toilets:staff": null, "wash_maintenance": null, "wash_maintenance_frequency": null, "wash_management": null, "wash_ngo_support": null, "water_point": null, "water_point_improved": null, "water_point_location": null, "water_point_number": null, "water_point_type": null, "water_point_usability": null, "consent": null, "toilets:disposal": null, "wash_funding": null, "addr:street": null, "building:levels": null, "building:material": null, "roof:material": null, "sector": null, "healthcare:speciality": null, "health_facility:type": null, "opening_hours": null, "name:fr": null, "name:es": null, "dispensing": null, "electricity": null, "emergency": null, "insurance:health": null, "operator:type": null, "water_source": null, "alt_name": null, "supervised": null, "survey:date": null, "addr:postcode": null, "place": null, "addr:housenumber": null, "name:ar": null, "wikidata": null, "wikipedia": null, "fixme": null, "barrier": null, "landuse": null, "building": null, "addr:hamlet": null, "secteur": null, "health_amenity:type": null, "name:de": null, "operational_status": null, "ocha:type": null, "short_name": null, "name:ja": null, "name:zh": null, "indoor": null, "material": null, "is_in:cercle": null }, "geometry": { "type": "Point", "coordinates": [ -8.7530126, 11.6435923 ] } },
{ "type": "Feature", "properties": { "element": "node", "id": 6136475335, "amenity": "hospital", "name": "Centre de Santé de Référence de Yorosso", "pcode": null, "source": null, "start_date": null, "type": null, "wheelchair": null, "who:code_csref": null, "who:distance": null, "who:nbre_village": null, "operator": null, "email": null, "name:en": null, "phone": null, "healthcare": null, "addr:city": null, "addr:quarter": null, "addr:suburb": null, "handwashing": null, "handwashing:soap": null, "handwashing_number": null, "handwashing_station_distance": null, "handwashing_usability": null, "latrine_emptying_service": null, "note": null, "patient_female": null, "patient_male": null, "sanitation": null, "staff_count": null, "staff_count:doctors": null, "toilets:female": null, "toilets:num_chambers": null, "toilets:staff": null, "wash_maintenance": null, "wash_maintenance_frequency": null, "wash_management": null, "wash_ngo_support": null, "water_point": null, "water_point_improved": null, "water_point_location": null, "water_point_number": null, "water_point_type": null, "water_point_usability": null, "consent": null, "toilets:disposal": null, "wash_funding": null, "addr:street": null, "building:levels": null, "building:material": null, "roof:material": null, "sector": null, "healthcare:speciality": null, "health_facility:type": null, "opening_hours": null, "name:fr": null, "name:es": null, "dispensing": null, "electricity": null, "emergency": null, "insurance:health": null, "operator:type": null, "water_source": null, "alt_name": null, "supervised": null, "survey:date": null, "addr:postcode": null, "place": null, "addr:housenumber": null, "name:ar": null, "wikidata": null, "wikipedia": null, "fixme": null, "barrier": null, "landuse": null, "building": null, "addr:hamlet": null, "secteur": null, "health_amenity:type": null, "name:de": null, "operational_status": null, "ocha:type": null, "short_name": null, "name:ja": null, "name:zh": null, "indoor": null, "material": null, "is_in:cercle": null }, "geometry": { "type": "Point", "coordinates": [ -4.7759591, 12.3571095 ] } },
{ "type": "Feature", "properties": { "element": "node", "id": 6200766846, "amenity": "hospital", "name": "Centre de Santé Communautaire de Sarro", "pcode": null, "source": null, "start_date": null, "type": null, "wheelchair": null, "who:code_csref": null, "who:distance": null, "who:nbre_village": null, "operator": null, "email": null, "name:en": null, "phone": null, "healthcare": null, "addr:city": null, "addr:quarter": null, "addr:suburb": null, "handwashing": null, "handwashing:soap": null, "handwashing_number": null, "handwashing_station_distance": null, "handwashing_usability": null, "latrine_emptying_service": null, "note": null, "patient_female": null, "patient_male": null, "sanitation": null, "staff_count": null, "staff_count:doctors": null, "toilets:female": null, "toilets:num_chambers": null, "toilets:staff": null, "wash_maintenance": null, "wash_maintenance_frequency": null, "wash_management": null, "wash_ngo_support": null, "water_point": null, "water_point_improved": null, "water_point_location": null, "water_point_number": null, "water_point_type": null, "water_point_usability": null, "consent": null, "toilets:disposal": null, "wash_funding": null, "addr:street": null, "building:levels": null, "building:material": null, "roof:material": null, "sector": null, "healthcare:speciality": null, "health_facility:type": null, "opening_hours": null, "name:fr": null, "name:es": null, "dispensing": null, "electricity": null, "emergency": null, "insurance:health": null, "operator:type": null, "water_source": null, "alt_name": null, "supervised": null, "survey:date": null, "addr:postcode": null, "place": null, "addr:housenumber": null, "name:ar": null, "wikidata": null, "wikipedia": null, "fixme": null, "barrier": null, "landuse": null, "building": null, "addr:hamlet": null, "secteur": null, "health_amenity:type": null, "name:de": null, "operational_status": null, "ocha:type": null, "short_name": null, "name:ja": null, "name:zh": null, "indoor": null, "material": null, "is_in:cercle": null }, "geometry": { "type": "Point", "coordinates": [ -5.2407897, 13.7202915 ] } },
{ "type": "Feature", "properties": { "element": "node", "id": 6205840352, "amenity": "hospital", "name": "Grand hopital de Djenne", "pcode": null, "source": null, "start_date": null, "type": null, "wheelchair": null, "who:code_csref": null, "who:distance": null, "who:nbre_village": null, "operator": null, "email": null, "name:en": null, "phone": null, "healthcare": "hospital", "addr:city": null, "addr:quarter": null, "addr:suburb": null, "handwashing": null, "handwashing:soap": null, "handwashing_number": null, "handwashing_station_distance": null, "handwashing_usability": null, "latrine_emptying_service": null, "note": null, "patient_female": null, "patient_male": null, "sanitation": null, "staff_count": null, "staff_count:doctors": null, "toilets:female": null, "toilets:num_chambers": null, "toilets:staff": null, "wash_maintenance": null, "wash_maintenance_frequency": null, "wash_management": null, "wash_ngo_support": null, "water_point": null, "water_point_improved": null, "water_point_location": null, "water_point_number": null, "water_point_type": null, "water_point_usability": null, "consent": null, "toilets:disposal": null, "wash_funding": null, "addr:street": null, "building:levels": null, "building:material": null, "roof:material": null, "sector": null, "healthcare:speciality": null, "health_facility:type": null, "opening_hours": null, "name:fr": null, "name:es": null, "dispensing": null, "electricity": null, "emergency": null, "insurance:health": null, "operator:type": null, "water_source": null, "alt_name": null, "supervised": null, "survey:date": null, "addr:postcode": null, "place": null, "addr:housenumber": null, "name:ar": null, "wikidata": null, "wikipedia": null, "fixme": null, "barrier": null, "landuse": null, "building": null, "addr:hamlet": null, "secteur": null, "health_amenity:type": null, "name:de": null, "operational_status": null, "ocha:type": null, "short_name": null, "name:ja": null, "name:zh": null, "indoor": null, "material": null, "is_in:cercle": null }, "geometry": { "type": "Point", "coordinates": [ -4.5619521, 13.9056897 ] } },
{ "type": "Feature", "properties": { "element": "node", "id": 6267165971, "amenity": "hospital", "name": "PMI", "pcode": null, "source": null, "start_date": null, "type": null, "wheelchair": null, "who:code_csref": null, "who:distance": null, "who:nbre_village": null, "operator": null, "email": null, "name:en": null, "phone": null, "healthcare": "hospital", "addr:city": null, "addr:quarter": null, "addr:suburb": null, "handwashing": null, "handwashing:soap": null, "handwashing_number": null, "handwashing_station_distance": null, "handwashing_usability": null, "latrine_emptying_service": null, "note": null, "patient_female": null, "patient_male": null, "sanitation": null, "staff_count": null, "staff_count:doctors": null, "toilets:female": null, "toilets:num_chambers": null, "toilets:staff": null, "wash_maintenance": null, "wash_maintenance_frequency": null, "wash_management": null, "wash_ngo_support": null, "water_point": null, "water_point_improved": null, "water_point_location": null, "water_point_number": null, "water_point_type": null, "water_point_usability": null, "consent": null, "toilets:disposal": null, "wash_funding": null, "addr:street": null, "building:levels": null, "building:material": null, "roof:material": null, "sector": null, "healthcare:speciality": null, "health_facility:type": null, "opening_hours": null, "name:fr": null, "name:es": null, "dispensing": null, "electricity": null, "emergency": null, "insurance:health": null, "operator:type": null, "water_source": null, "alt_name": null, "supervised": null, "survey:date": null, "addr:postcode": null, "place": null, "addr:housenumber": null, "name:ar": null, "wikidata": null, "wikipedia": null, "fixme": null, "barrier": null, "landuse": null, "building": null, "addr:hamlet": null, "secteur": null, "health_amenity:type": null, "name:de": null, "operational_status": null, "ocha:type": null, "short_name": null, "name:ja": null, "name:zh": null, "indoor": null, "material": null, "is_in:cercle": null }, "geometry": { "type": "Point", "coordinates": [ -11.439313, 14.4507129 ] } },
{ "type": "Feature", "properties": { "element": "node", "id": 6411601432, "amenity": "hospital", "name": null, "pcode": null, "source": null, "start_date": null, "type": null, "wheelchair": null, "who:code_csref": null, "who:distance": null, "who:nbre_village": null, "operator": null, "email": null, "name:en": null, "phone": null, "healthcare": "hospital", "addr:city": null, "addr:quarter": null, "addr:suburb": null, "handwashing": null, "handwashing:soap": null, "handwashing_number": null, "handwashing_station_distance": null, "handwashing_usability": null, "latrine_emptying_service": null, "note": null, "patient_female": null, "patient_male": null, "sanitation": null, "staff_count": null, "staff_count:doctors": null, "toilets:female": null, "toilets:num_chambers": null, "toilets:staff": null, "wash_maintenance": null, "wash_maintenance_frequency": null, "wash_management": null, "wash_ngo_support": null, "water_point": null, "water_point_improved": null, "water_point_location": null, "water_point_number": null, "water_point_type": null, "water_point_usability": null, "consent": null, "toilets:disposal": null, "wash_funding": null, "addr:street": null, "building:levels": null, "building:material": null, "roof:material": null, "sector": null, "healthcare:speciality": null, "health_facility:type": null, "opening_hours": null, "name:fr": null, "name:es": null, "dispensing": null, "electricity": null, "emergency": null, "insurance:health": null, "operator:type": null, "water_source": null, "alt_name": null, "supervised": null, "survey:date": null, "addr:postcode": null, "place": null, "addr:housenumber": null, "name:ar": null, "wikidata": null, "wikipedia": null, "fixme": null, "barrier": null, "landuse": null, "building": null, "addr:hamlet": null, "secteur": null, "health_amenity:type": null, "name:de": null, "operational_status": null, "ocha:type": null, "short_name": null, "name:ja": null, "name:zh": null, "indoor": null, "material": null, "is_in:cercle": null }, "geometry": { "type": "Point", "coordinates": [ -2.9648709, 14.7479497 ] } },
{ "type": "Feature", "properties": { "element": "node", "id": 6548674796, "amenity": "hospital", "name": "Bloc Operatoire", "pcode": null, "source": null, "start_date": null, "type": null, "wheelchair": null, "who:code_csref": null, "who:distance": null, "who:nbre_village": null, "operator": null, "email": null, "name:en": null, "phone": null, "healthcare": "hospital", "addr:city": null, "addr:quarter": null, "addr:suburb": null, "handwashing": null, "handwashing:soap": null, "handwashing_number": null, "handwashing_station_distance": null, "handwashing_usability": null, "latrine_emptying_service": null, "note": null, "patient_female": null, "patient_male": null, "sanitation": null, "staff_count": null, "staff_count:doctors": null, "toilets:female": null, "toilets:num_chambers": null, "toilets:staff": null, "wash_maintenance": null, "wash_maintenance_frequency": null, "wash_management": null, "wash_ngo_support": null, "water_point": null, "water_point_improved": null, "water_point_location": null, "water_point_number": null, "water_point_type": null, "water_point_usability": null, "consent": null, "toilets:disposal": null, "wash_funding": null, "addr:street": null, "building:levels": null, "building:material": null, "roof:material": null, "sector": null, "healthcare:speciality": null, "health_facility:type": null, "opening_hours": null, "name:fr": null, "name:es": null, "dispensing": null, "electricity": null, "emergency": null, "insurance:health": null, "operator:type": null, "water_source": null, "alt_name": null, "supervised": null, "survey:date": null, "addr:postcode": null, "place": null, "addr:housenumber": null, "name:ar": null, "wikidata": null, "wikipedia": null, "fixme": null, "barrier": null, "landuse": null, "building": null, "addr:hamlet": null, "secteur": null, "health_amenity:type": null, "name:de": null, "operational_status": null, "ocha:type": null, "short_name": null, "name:ja": null, "name:zh": null, "indoor": null, "material": null, "is_in:cercle": null }, "geometry": { "type": "Point", "coordinates": [ -7.9962122, 12.6108067 ] } },
{ "type": "Feature", "properties": { "element": "node", "id": 6554143270, "amenity": "hospital", "name": null, "pcode": null, "source": null, "start_date": null, "type": null, "wheelchair": null, "who:code_csref": null, "who:distance": null, "who:nbre_village": null, "operator": null, "email": null, "name:en": null, "phone": null, "healthcare": "hospital", "addr:city": null, "addr:quarter": null, "addr:suburb": null, "handwashing": null, "handwashing:soap": null, "handwashing_number": null, "handwashing_station_distance": null, "handwashing_usability": null, "latrine_emptying_service": null, "note": null, "patient_female": null, "patient_male": null, "sanitation": null, "staff_count": null, "staff_count:doctors": null, "toilets:female": null, "toilets:num_chambers": null, "toilets:staff": null, "wash_maintenance": null, "wash_maintenance_frequency": null, "wash_management": null, "wash_ngo_support": null, "water_point": null, "water_point_improved": null, "water_point_location": null, "water_point_number": null, "water_point_type": null, "water_point_usability": null, "consent": null, "toilets:disposal": null, "wash_funding": null, "addr:street": null, "building:levels": null, "building:material": null, "roof:material": null, "sector": null, "healthcare:speciality": null, "health_facility:type": null, "opening_hours": null, "name:fr": null, "name:es": null, "dispensing": null, "electricity": null, "emergency": null, "insurance:health": null, "operator:type": null, "water_source": null, "alt_name": null, "supervised": null, "survey:date": null, "addr:postcode": null, "place": null, "addr:housenumber": null, "name:ar": null, "wikidata": null, "wikipedia": null, "fixme": null, "barrier": null, "landuse": null, "building": null, "addr:hamlet": null, "secteur": null, "health_amenity:type": null, "name:de": null, "operational_status": null, "ocha:type": null, "short_name": null, "name:ja": null, "name:zh": null, "indoor": null, "material": null, "is_in:cercle": null }, "geometry": { "type": "Point", "coordinates": [ -11.4756802, 15.3748574 ] } },
{ "type": "Feature", "properties": { "element": "node", "id": 6561834430, "amenity": "hospital", "name": null, "pcode": null, "source": null, "start_date": null, "type": null, "wheelchair": null, "who:code_csref": null, "who:distance": null, "who:nbre_village": null, "operator": null, "email": null, "name:en": null, "phone": null, "healthcare": "hospital", "addr:city": null, "addr:quarter": null, "addr:suburb": null, "handwashing": null, "handwashing:soap": null, "handwashing_number": null, "handwashing_station_distance": null, "handwashing_usability": null, "latrine_emptying_service": null, "note": null, "patient_female": null, "patient_male": null, "sanitation": null, "staff_count": null, "staff_count:doctors": null, "toilets:female": null, "toilets:num_chambers": null, "toilets:staff": null, "wash_maintenance": null, "wash_maintenance_frequency": null, "wash_management": null, "wash_ngo_support": null, "water_point": null, "water_point_improved": null, "water_point_location": null, "water_point_number": null, "water_point_type": null, "water_point_usability": null, "consent": null, "toilets:disposal": null, "wash_funding": null, "addr:street": null, "building:levels": null, "building:material": null, "roof:material": null, "sector": null, "healthcare:speciality": null, "health_facility:type": null, "opening_hours": null, "name:fr": null, "name:es": null, "dispensing": null, "electricity": null, "emergency": null, "insurance:health": null, "operator:type": null, "water_source": null, "alt_name": null, "supervised": null, "survey:date": null, "addr:postcode": null, "place": null, "addr:housenumber": null, "name:ar": null, "wikidata": null, "wikipedia": null, "fixme": null, "barrier": null, "landuse": null, "building": null, "addr:hamlet": null, "secteur": null, "health_amenity:type": null, "name:de": null, "operational_status": null, "ocha:type": null, "short_name": null, "name:ja": null, "name:zh": null, "indoor": null, "material": null, "is_in:cercle": null }, "geometry": { "type": "Point", "coordinates": [ -11.6526706, 15.149416 ] } },
{ "type": "Feature", "properties": { "element": "node", "id": 6561834461, "amenity": "hospital", "name": null, "pcode": null, "source": null, "start_date": null, "type": null, "wheelchair": null, "who:code_csref": null, "who:distance": null, "who:nbre_village": null, "operator": null, "email": null, "name:en": null, "phone": null, "healthcare": "hospital", "addr:city": null, "addr:quarter": null, "addr:suburb": null, "handwashing": null, "handwashing:soap": null, "handwashing_number": null, "handwashing_station_distance": null, "handwashing_usability": null, "latrine_emptying_service": null, "note": null, "patient_female": null, "patient_male": null, "sanitation": null, "staff_count": null, "staff_count:doctors": null, "toilets:female": null, "toilets:num_chambers": null, "toilets:staff": null, "wash_maintenance": null, "wash_maintenance_frequency": null, "wash_management": null, "wash_ngo_support": null, "water_point": null, "water_point_improved": null, "water_point_location": null, "water_point_number": null, "water_point_type": null, "water_point_usability": null, "consent": null, "toilets:disposal": null, "wash_funding": null, "addr:street": null, "building:levels": null, "building:material": null, "roof:material": null, "sector": null, "healthcare:speciality": null, "health_facility:type": null, "opening_hours": null, "name:fr": null, "name:es": null, "dispensing": null, "electricity": null, "emergency": null, "insurance:health": null, "operator:type": null, "water_source": null, "alt_name": null, "supervised": null, "survey:date": null, "addr:postcode": null, "place": null, "addr:housenumber": null, "name:ar": null, "wikidata": null, "wikipedia": null, "fixme": null, "barrier": null, "landuse": null, "building": null, "addr:hamlet": null, "secteur": null, "health_amenity:type": null, "name:de": null, "operational_status": null, "ocha:type": null, "short_name": null, "name:ja": null, "name:zh": null, "indoor": null, "material": null, "is_in:cercle": null }, "geometry": { "type": "Point", "coordinates": [ -11.7209669, 14.9162246 ] } },
{ "type": "Feature", "properties": { "element": "node", "id": 6566471916, "amenity": "hospital", "name": "Cescom", "pcode": null, "source": null, "start_date": null, "type": null, "wheelchair": null, "who:code_csref": null, "who:distance": null, "who:nbre_village": null, "operator": null, "email": null, "name:en": null, "phone": null, "healthcare": "hospital", "addr:city": null, "addr:quarter": null, "addr:suburb": null, "handwashing": null, "handwashing:soap": null, "handwashing_number": null, "handwashing_station_distance": null, "handwashing_usability": null, "latrine_emptying_service": null, "note": null, "patient_female": null, "patient_male": null, "sanitation": null, "staff_count": null, "staff_count:doctors": null, "toilets:female": null, "toilets:num_chambers": null, "toilets:staff": null, "wash_maintenance": null, "wash_maintenance_frequency": null, "wash_management": null, "wash_ngo_support": null, "water_point": null, "water_point_improved": null, "water_point_location": null, "water_point_number": null, "water_point_type": null, "water_point_usability": null, "consent": null, "toilets:disposal": null, "wash_funding": null, "addr:street": null, "building:levels": null, "building:material": null, "roof:material": null, "sector": null, "healthcare:speciality": null, "health_facility:type": null, "opening_hours": null, "name:fr": null, "name:es": null, "dispensing": null, "electricity": null, "emergency": null, "insurance:health": null, "operator:type": null, "water_source": null, "alt_name": null, "supervised": null, "survey:date": null, "addr:postcode": null, "place": null, "addr:housenumber": null, "name:ar": null, "wikidata": null, "wikipedia": null, "fixme": null, "barrier": null, "landuse": null, "building": null, "addr:hamlet": null, "secteur": null, "health_amenity:type": null, "name:de": null, "operational_status": null, "ocha:type": null, "short_name": null, "name:ja": null, "name:zh": null, "indoor": null, "material": null, "is_in:cercle": null }, "geometry": { "type": "Point", "coordinates": [ -11.3398917, 14.6168085 ] } },
{ "type": "Feature", "properties": { "element": "node", "id": 6566471926, "amenity": "hospital", "name": null, "pcode": null, "source": null, "start_date": null, "type": null, "wheelchair": null, "who:code_csref": null, "who:distance": null, "who:nbre_village": null, "operator": null, "email": null, "name:en": null, "phone": null, "healthcare": "hospital", "addr:city": null, "addr:quarter": null, "addr:suburb": null, "handwashing": null, "handwashing:soap": null, "handwashing_number": null, "handwashing_station_distance": null, "handwashing_usability": null, "latrine_emptying_service": null, "note": null, "patient_female": null, "patient_male": null, "sanitation": null, "staff_count": null, "staff_count:doctors": null, "toilets:female": null, "toilets:num_chambers": null, "toilets:staff": null, "wash_maintenance": null, "wash_maintenance_frequency": null, "wash_management": null, "wash_ngo_support": null, "water_point": null, "water_point_improved": null, "water_point_location": null, "water_point_number": null, "water_point_type": null, "water_point_usability": null, "consent": null, "toilets:disposal": null, "wash_funding": null, "addr:street": null, "building:levels": null, "building:material": null, "roof:material": null, "sector": null, "healthcare:speciality": null, "health_facility:type": null, "opening_hours": null, "name:fr": null, "name:es": null, "dispensing": null, "electricity": null, "emergency": null, "insurance:health": null, "operator:type": null, "water_source": null, "alt_name": null, "supervised": null, "survey:date": null, "addr:postcode": null, "place": null, "addr:housenumber": null, "name:ar": null, "wikidata": null, "wikipedia": null, "fixme": null, "barrier": null, "landuse": null, "building": null, "addr:hamlet": null, "secteur": null, "health_amenity:type": null, "name:de": null, "operational_status": null, "ocha:type": null, "short_name": null, "name:ja": null, "name:zh": null, "indoor": null, "material": null, "is_in:cercle": null }, "geometry": { "type": "Point", "coordinates": [ -9.874231, 13.4442775 ] } },
{ "type": "Feature", "properties": { "element": "node", "id": 6566471995, "amenity": "hospital", "name": "CSCom", "pcode": null, "source": null, "start_date": null, "type": null, "wheelchair": null, "who:code_csref": null, "who:distance": null, "who:nbre_village": null, "operator": null, "email": null, "name:en": null, "phone": null, "healthcare": "hospital", "addr:city": null, "addr:quarter": null, "addr:suburb": null, "handwashing": null, "handwashing:soap": null, "handwashing_number": null, "handwashing_station_distance": null, "handwashing_usability": null, "latrine_emptying_service": null, "note": null, "patient_female": null, "patient_male": null, "sanitation": null, "staff_count": null, "staff_count:doctors": null, "toilets:female": null, "toilets:num_chambers": null, "toilets:staff": null, "wash_maintenance": null, "wash_maintenance_frequency": null, "wash_management": null, "wash_ngo_support": null, "water_point": null, "water_point_improved": null, "water_point_location": null, "water_point_number": null, "water_point_type": null, "water_point_usability": null, "consent": null, "toilets:disposal": null, "wash_funding": null, "addr:street": null, "building:levels": null, "building:material": null, "roof:material": null, "sector": null, "healthcare:speciality": null, "health_facility:type": null, "opening_hours": null, "name:fr": null, "name:es": null, "dispensing": null, "electricity": null, "emergency": null, "insurance:health": null, "operator:type": null, "water_source": null, "alt_name": null, "supervised": null, "survey:date": null, "addr:postcode": null, "place": null, "addr:housenumber": null, "name:ar": null, "wikidata": null, "wikipedia": null, "fixme": null, "barrier": null, "landuse": null, "building": null, "addr:hamlet": null, "secteur": null, "health_amenity:type": null, "name:de": null, "operational_status": null, "ocha:type": null, "short_name": null, "name:ja": null, "name:zh": null, "indoor": null, "material": null, "is_in:cercle": null }, "geometry": { "type": "Point", "coordinates": [ -9.4542031, 13.2023654 ] } },
{ "type": "Feature", "properties": { "element": "node", "id": 6566472023, "amenity": "hospital", "name": null, "pcode": null, "source": null, "start_date": null, "type": null, "wheelchair": null, "who:code_csref": null, "who:distance": null, "who:nbre_village": null, "operator": null, "email": null, "name:en": null, "phone": null, "healthcare": "hospital", "addr:city": null, "addr:quarter": null, "addr:suburb": null, "handwashing": null, "handwashing:soap": null, "handwashing_number": null, "handwashing_station_distance": null, "handwashing_usability": null, "latrine_emptying_service": null, "note": null, "patient_female": null, "patient_male": null, "sanitation": null, "staff_count": null, "staff_count:doctors": null, "toilets:female": null, "toilets:num_chambers": null, "toilets:staff": null, "wash_maintenance": null, "wash_maintenance_frequency": null, "wash_management": null, "wash_ngo_support": null, "water_point": null, "water_point_improved": null, "water_point_location": null, "water_point_number": null, "water_point_type": null, "water_point_usability": null, "consent": null, "toilets:disposal": null, "wash_funding": null, "addr:street": null, "building:levels": null, "building:material": null, "roof:material": null, "sector": null, "healthcare:speciality": null, "health_facility:type": null, "opening_hours": null, "name:fr": null, "name:es": null, "dispensing": null, "electricity": null, "emergency": null, "insurance:health": null, "operator:type": null, "water_source": null, "alt_name": null, "supervised": null, "survey:date": null, "addr:postcode": null, "place": null, "addr:housenumber": null, "name:ar": null, "wikidata": null, "wikipedia": null, "fixme": null, "barrier": null, "landuse": null, "building": null, "addr:hamlet": null, "secteur": null, "health_amenity:type": null, "name:de": null, "operational_status": null, "ocha:type": null, "short_name": null, "name:ja": null, "name:zh": null, "indoor": null, "material": null, "is_in:cercle": null }, "geometry": { "type": "Point", "coordinates": [ -9.4559284, 13.2008913 ] } },
{ "type": "Feature", "properties": { "element": "node", "id": 6577176985, "amenity": "hospital", "name": "Ophtalmo Keita Vision", "pcode": null, "source": null, "start_date": null, "type": null, "wheelchair": null, "who:code_csref": null, "who:distance": null, "who:nbre_village": null, "operator": null, "email": null, "name:en": null, "phone": null, "healthcare": null, "addr:city": null, "addr:quarter": null, "addr:suburb": null, "handwashing": null, "handwashing:soap": null, "handwashing_number": null, "handwashing_station_distance": null, "handwashing_usability": null, "latrine_emptying_service": null, "note": null, "patient_female": null, "patient_male": null, "sanitation": null, "staff_count": null, "staff_count:doctors": null, "toilets:female": null, "toilets:num_chambers": null, "toilets:staff": null, "wash_maintenance": null, "wash_maintenance_frequency": null, "wash_management": null, "wash_ngo_support": null, "water_point": null, "water_point_improved": null, "water_point_location": null, "water_point_number": null, "water_point_type": null, "water_point_usability": null, "consent": null, "toilets:disposal": null, "wash_funding": null, "addr:street": null, "building:levels": null, "building:material": null, "roof:material": null, "sector": null, "healthcare:speciality": null, "health_facility:type": null, "opening_hours": null, "name:fr": null, "name:es": null, "dispensing": null, "electricity": null, "emergency": null, "insurance:health": null, "operator:type": null, "water_source": null, "alt_name": null, "supervised": null, "survey:date": null, "addr:postcode": null, "place": null, "addr:housenumber": null, "name:ar": null, "wikidata": null, "wikipedia": null, "fixme": null, "barrier": null, "landuse": null, "building": null, "addr:hamlet": null, "secteur": null, "health_amenity:type": null, "name:de": null, "operational_status": null, "ocha:type": null, "short_name": null, "name:ja": null, "name:zh": null, "indoor": null, "material": null, "is_in:cercle": null }, "geometry": { "type": "Point", "coordinates": [ -8.0289168, 12.6567782 ] } },
{ "type": "Feature", "properties": { "element": "node", "id": 6754053885, "amenity": "hospital", "name": "CSREF", "pcode": null, "source": null, "start_date": null, "type": null, "wheelchair": null, "who:code_csref": null, "who:distance": null, "who:nbre_village": null, "operator": null, "email": null, "name:en": null, "phone": null, "healthcare": "hospital", "addr:city": null, "addr:quarter": null, "addr:suburb": null, "handwashing": null, "handwashing:soap": null, "handwashing_number": null, "handwashing_station_distance": null, "handwashing_usability": null, "latrine_emptying_service": null, "note": null, "patient_female": null, "patient_male": null, "sanitation": null, "staff_count": null, "staff_count:doctors": null, "toilets:female": null, "toilets:num_chambers": null, "toilets:staff": null, "wash_maintenance": null, "wash_maintenance_frequency": null, "wash_management": null, "wash_ngo_support": null, "water_point": null, "water_point_improved": null, "water_point_location": null, "water_point_number": null, "water_point_type": null, "water_point_usability": null, "consent": null, "toilets:disposal": null, "wash_funding": null, "addr:street": null, "building:levels": null, "building:material": null, "roof:material": null, "sector": null, "healthcare:speciality": null, "health_facility:type": null, "opening_hours": null, "name:fr": null, "name:es": null, "dispensing": null, "electricity": null, "emergency": null, "insurance:health": null, "operator:type": null, "water_source": null, "alt_name": null, "supervised": null, "survey:date": null, "addr:postcode": null, "place": null, "addr:housenumber": null, "name:ar": null, "wikidata": null, "wikipedia": null, "fixme": null, "barrier": null, "landuse": null, "building": null, "addr:hamlet": null, "secteur": null, "health_amenity:type": null, "name:de": null, "operational_status": null, "ocha:type": null, "short_name": null, "name:ja": null, "name:zh": null, "indoor": null, "material": null, "is_in:cercle": null }, "geometry": { "type": "Point", "coordinates": [ -3.9954637, 15.9276482 ] } },
{ "type": "Feature", "properties": { "element": "node", "id": 7216743163, "amenity": "hospital", "name": "Hôpital GAVARDO", "pcode": null, "source": null, "start_date": null, "type": null, "wheelchair": null, "who:code_csref": null, "who:distance": null, "who:nbre_village": null, "operator": null, "email": null, "name:en": null, "phone": null, "healthcare": "hospital", "addr:city": null, "addr:quarter": null, "addr:suburb": null, "handwashing": null, "handwashing:soap": null, "handwashing_number": null, "handwashing_station_distance": null, "handwashing_usability": null, "latrine_emptying_service": null, "note": null, "patient_female": null, "patient_male": null, "sanitation": null, "staff_count": null, "staff_count:doctors": null, "toilets:female": null, "toilets:num_chambers": null, "toilets:staff": null, "wash_maintenance": null, "wash_maintenance_frequency": null, "wash_management": null, "wash_ngo_support": null, "water_point": null, "water_point_improved": null, "water_point_location": null, "water_point_number": null, "water_point_type": null, "water_point_usability": null, "consent": null, "toilets:disposal": null, "wash_funding": null, "addr:street": null, "building:levels": null, "building:material": null, "roof:material": null, "sector": null, "healthcare:speciality": null, "health_facility:type": null, "opening_hours": null, "name:fr": null, "name:es": null, "dispensing": null, "electricity": null, "emergency": null, "insurance:health": null, "operator:type": null, "water_source": null, "alt_name": null, "supervised": null, "survey:date": null, "addr:postcode": null, "place": null, "addr:housenumber": null, "name:ar": null, "wikidata": null, "wikipedia": null, "fixme": null, "barrier": null, "landuse": null, "building": null, "addr:hamlet": null, "secteur": null, "health_amenity:type": null, "name:de": null, "operational_status": null, "ocha:type": null, "short_name": null, "name:ja": null, "name:zh": null, "indoor": null, "material": null, "is_in:cercle": null }, "geometry": { "type": "Point", "coordinates": [ -4.1138966, 14.5347309 ] } },
{ "type": "Feature", "properties": { "element": "node", "id": 7299639387, "amenity": "hospital", "name": "Hôpital de Dermatologie de Bamako- ex-institut Marchoux", "pcode": null, "source": null, "start_date": null, "type": null, "wheelchair": null, "who:code_csref": null, "who:distance": null, "who:nbre_village": null, "operator": null, "email": null, "name:en": null, "phone": null, "healthcare": null, "addr:city": null, "addr:quarter": null, "addr:suburb": null, "handwashing": null, "handwashing:soap": null, "handwashing_number": null, "handwashing_station_distance": null, "handwashing_usability": null, "latrine_emptying_service": null, "note": null, "patient_female": null, "patient_male": null, "sanitation": null, "staff_count": null, "staff_count:doctors": null, "toilets:female": null, "toilets:num_chambers": null, "toilets:staff": null, "wash_maintenance": null, "wash_maintenance_frequency": null, "wash_management": null, "wash_ngo_support": null, "water_point": null, "water_point_improved": null, "water_point_location": null, "water_point_number": null, "water_point_type": null, "water_point_usability": null, "consent": null, "toilets:disposal": null, "wash_funding": null, "addr:street": null, "building:levels": null, "building:material": null, "roof:material": null, "sector": null, "healthcare:speciality": null, "health_facility:type": null, "opening_hours": null, "name:fr": null, "name:es": null, "dispensing": null, "electricity": null, "emergency": null, "insurance:health": null, "operator:type": null, "water_source": null, "alt_name": null, "supervised": null, "survey:date": null, "addr:postcode": null, "place": null, "addr:housenumber": null, "name:ar": null, "wikidata": null, "wikipedia": null, "fixme": null, "barrier": null, "landuse": null, "building": null, "addr:hamlet": null, "secteur": null, "health_amenity:type": null, "name:de": null, "operational_status": null, "ocha:type": null, "short_name": null, "name:ja": null, "name:zh": null, "indoor": null, "material": null, "is_in:cercle": null }, "geometry": { "type": "Point", "coordinates": [ -8.0283069, 12.6212996 ] } },
{ "type": "Feature", "properties": { "element": "node", "id": 7329626385, "amenity": "hospital", "name": "Infirmerie du Camp des Gardes", "pcode": null, "source": null, "start_date": null, "type": null, "wheelchair": "yes", "who:code_csref": null, "who:distance": null, "who:nbre_village": null, "operator": null, "email": null, "name:en": null, "phone": null, "healthcare": "birthing_center;hospital", "addr:city": null, "addr:quarter": null, "addr:suburb": null, "handwashing": null, "handwashing:soap": null, "handwashing_number": null, "handwashing_station_distance": null, "handwashing_usability": null, "latrine_emptying_service": null, "note": null, "patient_female": null, "patient_male": null, "sanitation": null, "staff_count": null, "staff_count:doctors": null, "toilets:female": null, "toilets:num_chambers": null, "toilets:staff": null, "wash_maintenance": null, "wash_maintenance_frequency": null, "wash_management": null, "wash_ngo_support": null, "water_point": null, "water_point_improved": null, "water_point_location": null, "water_point_number": null, "water_point_type": null, "water_point_usability": null, "consent": null, "toilets:disposal": null, "wash_funding": null, "addr:street": null, "building:levels": null, "building:material": null, "roof:material": null, "sector": null, "healthcare:speciality": "general", "health_facility:type": null, "opening_hours": "24/7", "name:fr": null, "name:es": null, "dispensing": "yes", "electricity": "grid", "emergency": "no", "insurance:health": "public", "operator:type": "government", "water_source": "water_works", "alt_name": null, "supervised": null, "survey:date": null, "addr:postcode": null, "place": null, "addr:housenumber": null, "name:ar": null, "wikidata": null, "wikipedia": null, "fixme": null, "barrier": null, "landuse": null, "building": null, "addr:hamlet": null, "secteur": null, "health_amenity:type": null, "name:de": null, "operational_status": null, "ocha:type": null, "short_name": null, "name:ja": null, "name:zh": null, "indoor": null, "material": null, "is_in:cercle": null }, "geometry": { "type": "Point", "coordinates": [ -8.0143118, 12.6575746 ] } },
{ "type": "Feature", "properties": { "element": "node", "id": 7623365875, "amenity": "hospital", "name": null, "pcode": null, "source": null, "start_date": null, "type": null, "wheelchair": null, "who:code_csref": null, "who:distance": null, "who:nbre_village": null, "operator": null, "email": null, "name:en": null, "phone": null, "healthcare": "hospital", "addr:city": null, "addr:quarter": null, "addr:suburb": null, "handwashing": null, "handwashing:soap": null, "handwashing_number": null, "handwashing_station_distance": null, "handwashing_usability": null, "latrine_emptying_service": null, "note": null, "patient_female": null, "patient_male": null, "sanitation": null, "staff_count": null, "staff_count:doctors": null, "toilets:female": null, "toilets:num_chambers": null, "toilets:staff": null, "wash_maintenance": null, "wash_maintenance_frequency": null, "wash_management": null, "wash_ngo_support": null, "water_point": null, "water_point_improved": null, "water_point_location": null, "water_point_number": null, "water_point_type": null, "water_point_usability": null, "consent": null, "toilets:disposal": null, "wash_funding": null, "addr:street": null, "building:levels": null, "building:material": null, "roof:material": null, "sector": null, "healthcare:speciality": null, "health_facility:type": null, "opening_hours": null, "name:fr": null, "name:es": null, "dispensing": null, "electricity": null, "emergency": null, "insurance:health": null, "operator:type": null, "water_source": null, "alt_name": null, "supervised": null, "survey:date": null, "addr:postcode": null, "place": null, "addr:housenumber": null, "name:ar": null, "wikidata": null, "wikipedia": null, "fixme": null, "barrier": null, "landuse": null, "building": null, "addr:hamlet": null, "secteur": null, "health_amenity:type": null, "name:de": null, "operational_status": null, "ocha:type": null, "short_name": null, "name:ja": null, "name:zh": null, "indoor": null, "material": null, "is_in:cercle": null }, "geometry": { "type": "Point", "coordinates": [ -11.4038127, 12.5605015 ] } },
{ "type": "Feature", "properties": { "element": "node", "id": 7671842589, "amenity": "hospital", "name": "CSCOM de Mignon", "pcode": null, "source": null, "start_date": null, "type": null, "wheelchair": null, "who:code_csref": null, "who:distance": null, "who:nbre_village": null, "operator": null, "email": null, "name:en": null, "phone": null, "healthcare": null, "addr:city": null, "addr:quarter": null, "addr:suburb": null, "handwashing": null, "handwashing:soap": null, "handwashing_number": null, "handwashing_station_distance": null, "handwashing_usability": null, "latrine_emptying_service": null, "note": null, "patient_female": null, "patient_male": null, "sanitation": null, "staff_count": null, "staff_count:doctors": null, "toilets:female": null, "toilets:num_chambers": null, "toilets:staff": null, "wash_maintenance": null, "wash_maintenance_frequency": null, "wash_management": null, "wash_ngo_support": null, "water_point": null, "water_point_improved": null, "water_point_location": null, "water_point_number": null, "water_point_type": null, "water_point_usability": null, "consent": null, "toilets:disposal": null, "wash_funding": null, "addr:street": null, "building:levels": null, "building:material": null, "roof:material": null, "sector": null, "healthcare:speciality": null, "health_facility:type": null, "opening_hours": null, "name:fr": null, "name:es": null, "dispensing": null, "electricity": null, "emergency": null, "insurance:health": null, "operator:type": null, "water_source": null, "alt_name": null, "supervised": null, "survey:date": null, "addr:postcode": null, "place": null, "addr:housenumber": null, "name:ar": null, "wikidata": null, "wikipedia": null, "fixme": null, "barrier": null, "landuse": null, "building": null, "addr:hamlet": null, "secteur": null, "health_amenity:type": null, "name:de": null, "operational_status": null, "ocha:type": null, "short_name": null, "name:ja": null, "name:zh": null, "indoor": null, "material": null, "is_in:cercle": null }, "geometry": { "type": "Point", "coordinates": [ -6.7003002, 13.361378 ] } },
{ "type": "Feature", "properties": { "element": "node", "id": 7868300488, "amenity": "hospital", "name": "Centre santé Djebock", "pcode": null, "source": null, "start_date": null, "type": null, "wheelchair": null, "who:code_csref": null, "who:distance": null, "who:nbre_village": null, "operator": null, "email": null, "name:en": null, "phone": null, "healthcare": null, "addr:city": null, "addr:quarter": null, "addr:suburb": null, "handwashing": null, "handwashing:soap": null, "handwashing_number": null, "handwashing_station_distance": null, "handwashing_usability": null, "latrine_emptying_service": null, "note": null, "patient_female": null, "patient_male": null, "sanitation": null, "staff_count": null, "staff_count:doctors": null, "toilets:female": null, "toilets:num_chambers": null, "toilets:staff": null, "wash_maintenance": null, "wash_maintenance_frequency": null, "wash_management": null, "wash_ngo_support": null, "water_point": null, "water_point_improved": null, "water_point_location": null, "water_point_number": null, "water_point_type": null, "water_point_usability": null, "consent": null, "toilets:disposal": null, "wash_funding": null, "addr:street": null, "building:levels": null, "building:material": null, "roof:material": null, "sector": null, "healthcare:speciality": null, "health_facility:type": null, "opening_hours": null, "name:fr": null, "name:es": null, "dispensing": null, "electricity": null, "emergency": null, "insurance:health": null, "operator:type": null, "water_source": null, "alt_name": null, "supervised": null, "survey:date": null, "addr:postcode": null, "place": null, "addr:housenumber": null, "name:ar": null, "wikidata": null, "wikipedia": null, "fixme": null, "barrier": null, "landuse": null, "building": null, "addr:hamlet": null, "secteur": null, "health_amenity:type": null, "name:de": null, "operational_status": null, "ocha:type": null, "short_name": null, "name:ja": null, "name:zh": null, "indoor": null, "material": null, "is_in:cercle": null }, "geometry": { "type": "Point", "coordinates": [ 0.2779715, 16.3438801 ] } },
{ "type": "Feature", "properties": { "element": "node", "id": 7868633855, "amenity": "hospital", "name": "ASACOBOULI", "pcode": null, "source": null, "start_date": null, "type": null, "wheelchair": null, "who:code_csref": null, "who:distance": null, "who:nbre_village": null, "operator": null, "email": null, "name:en": null, "phone": null, "healthcare": null, "addr:city": null, "addr:quarter": null, "addr:suburb": null, "handwashing": null, "handwashing:soap": null, "handwashing_number": null, "handwashing_station_distance": null, "handwashing_usability": null, "latrine_emptying_service": null, "note": null, "patient_female": null, "patient_male": null, "sanitation": null, "staff_count": null, "staff_count:doctors": null, "toilets:female": null, "toilets:num_chambers": null, "toilets:staff": null, "wash_maintenance": null, "wash_maintenance_frequency": null, "wash_management": null, "wash_ngo_support": null, "water_point": null, "water_point_improved": null, "water_point_location": null, "water_point_number": null, "water_point_type": null, "water_point_usability": null, "consent": null, "toilets:disposal": null, "wash_funding": null, "addr:street": null, "building:levels": null, "building:material": null, "roof:material": null, "sector": null, "healthcare:speciality": null, "health_facility:type": null, "opening_hours": null, "name:fr": null, "name:es": null, "dispensing": null, "electricity": null, "emergency": null, "insurance:health": null, "operator:type": null, "water_source": null, "alt_name": null, "supervised": null, "survey:date": null, "addr:postcode": null, "place": null, "addr:housenumber": null, "name:ar": null, "wikidata": null, "wikipedia": null, "fixme": null, "barrier": null, "landuse": null, "building": null, "addr:hamlet": null, "secteur": null, "health_amenity:type": null, "name:de": null, "operational_status": null, "ocha:type": null, "short_name": null, "name:ja": null, "name:zh": null, "indoor": null, "material": null, "is_in:cercle": null }, "geometry": { "type": "Point", "coordinates": [ -7.9183467, 12.674375 ] } },
{ "type": "Feature", "properties": { "element": "node", "id": 7918274685, "amenity": "hospital", "name": "CSCOM DE DIARANI", "pcode": null, "source": null, "start_date": null, "type": null, "wheelchair": null, "who:code_csref": null, "who:distance": null, "who:nbre_village": null, "operator": null, "email": "goitakali@gmail.com", "name:en": "Hôpital of DIARANI", "phone": "72982818", "healthcare": null, "addr:city": null, "addr:quarter": null, "addr:suburb": null, "handwashing": null, "handwashing:soap": null, "handwashing_number": null, "handwashing_station_distance": null, "handwashing_usability": null, "latrine_emptying_service": null, "note": null, "patient_female": null, "patient_male": null, "sanitation": null, "staff_count": null, "staff_count:doctors": null, "toilets:female": null, "toilets:num_chambers": null, "toilets:staff": null, "wash_maintenance": null, "wash_maintenance_frequency": null, "wash_management": null, "wash_ngo_support": null, "water_point": null, "water_point_improved": null, "water_point_location": null, "water_point_number": null, "water_point_type": null, "water_point_usability": null, "consent": null, "toilets:disposal": null, "wash_funding": null, "addr:street": null, "building:levels": null, "building:material": null, "roof:material": null, "sector": null, "healthcare:speciality": null, "health_facility:type": null, "opening_hours": null, "name:fr": null, "name:es": null, "dispensing": null, "electricity": null, "emergency": null, "insurance:health": null, "operator:type": null, "water_source": null, "alt_name": null, "supervised": null, "survey:date": null, "addr:postcode": null, "place": null, "addr:housenumber": null, "name:ar": null, "wikidata": null, "wikipedia": null, "fixme": null, "barrier": null, "landuse": null, "building": null, "addr:hamlet": null, "secteur": null, "health_amenity:type": null, "name:de": null, "operational_status": null, "ocha:type": null, "short_name": null, "name:ja": null, "name:zh": null, "indoor": null, "material": null, "is_in:cercle": null }, "geometry": { "type": "Point", "coordinates": [ -8.301602, 11.2793158 ] } },
{ "type": "Feature", "properties": { "element": "node", "id": 8155878699, "amenity": "hospital", "name": "CTA Walé", "pcode": null, "source": null, "start_date": null, "type": null, "wheelchair": null, "who:code_csref": null, "who:distance": null, "who:nbre_village": null, "operator": null, "email": null, "name:en": null, "phone": null, "healthcare": "hospital", "addr:city": "Segou", "addr:quarter": null, "addr:suburb": null, "handwashing": null, "handwashing:soap": null, "handwashing_number": null, "handwashing_station_distance": null, "handwashing_usability": null, "latrine_emptying_service": null, "note": null, "patient_female": null, "patient_male": null, "sanitation": null, "staff_count": null, "staff_count:doctors": null, "toilets:female": null, "toilets:num_chambers": null, "toilets:staff": null, "wash_maintenance": null, "wash_maintenance_frequency": null, "wash_management": null, "wash_ngo_support": null, "water_point": null, "water_point_improved": null, "water_point_location": null, "water_point_number": null, "water_point_type": null, "water_point_usability": null, "consent": null, "toilets:disposal": null, "wash_funding": null, "addr:street": null, "building:levels": null, "building:material": null, "roof:material": null, "sector": null, "healthcare:speciality": null, "health_facility:type": null, "opening_hours": null, "name:fr": null, "name:es": null, "dispensing": null, "electricity": null, "emergency": "no", "insurance:health": null, "operator:type": null, "water_source": null, "alt_name": null, "supervised": null, "survey:date": null, "addr:postcode": "564", "place": null, "addr:housenumber": null, "name:ar": null, "wikidata": null, "wikipedia": null, "fixme": null, "barrier": null, "landuse": null, "building": null, "addr:hamlet": null, "secteur": null, "health_amenity:type": null, "name:de": null, "operational_status": null, "ocha:type": null, "short_name": null, "name:ja": null, "name:zh": null, "indoor": null, "material": null, "is_in:cercle": null }, "geometry": { "type": "Point", "coordinates": [ -6.2740136, 13.4310513 ] } },
{ "type": "Feature", "properties": { "element": "node", "id": 8324077485, "amenity": "hospital", "name": "CSCOM de Garbamé", "pcode": null, "source": null, "start_date": null, "type": null, "wheelchair": null, "who:code_csref": null, "who:distance": null, "who:nbre_village": null, "operator": null, "email": null, "name:en": null, "phone": null, "healthcare": null, "addr:city": null, "addr:quarter": null, "addr:suburb": null, "handwashing": null, "handwashing:soap": null, "handwashing_number": null, "handwashing_station_distance": null, "handwashing_usability": null, "latrine_emptying_service": null, "note": null, "patient_female": null, "patient_male": null, "sanitation": null, "staff_count": null, "staff_count:doctors": null, "toilets:female": null, "toilets:num_chambers": null, "toilets:staff": null, "wash_maintenance": null, "wash_maintenance_frequency": null, "wash_management": null, "wash_ngo_support": null, "water_point": null, "water_point_improved": null, "water_point_location": null, "water_point_number": null, "water_point_type": null, "water_point_usability": null, "consent": null, "toilets:disposal": null, "wash_funding": null, "addr:street": null, "building:levels": null, "building:material": null, "roof:material": null, "sector": null, "healthcare:speciality": null, "health_facility:type": null, "opening_hours": null, "name:fr": null, "name:es": null, "dispensing": null, "electricity": null, "emergency": null, "insurance:health": null, "operator:type": null, "water_source": null, "alt_name": null, "supervised": null, "survey:date": null, "addr:postcode": null, "place": null, "addr:housenumber": null, "name:ar": null, "wikidata": null, "wikipedia": null, "fixme": null, "barrier": null, "landuse": null, "building": null, "addr:hamlet": null, "secteur": null, "health_amenity:type": null, "name:de": null, "operational_status": null, "ocha:type": null, "short_name": null, "name:ja": null, "name:zh": null, "indoor": null, "material": null, "is_in:cercle": null }, "geometry": { "type": "Point", "coordinates": [ -1.2194904, 17.0043631 ] } },
{ "type": "Feature", "properties": { "element": "node", "id": 8626898028, "amenity": "hospital", "name": "CSCOM de Missala", "pcode": null, "source": null, "start_date": null, "type": null, "wheelchair": null, "who:code_csref": null, "who:distance": null, "who:nbre_village": null, "operator": null, "email": null, "name:en": null, "phone": null, "healthcare": null, "addr:city": null, "addr:quarter": null, "addr:suburb": null, "handwashing": null, "handwashing:soap": null, "handwashing_number": null, "handwashing_station_distance": null, "handwashing_usability": null, "latrine_emptying_service": null, "note": null, "patient_female": null, "patient_male": null, "sanitation": null, "staff_count": null, "staff_count:doctors": null, "toilets:female": null, "toilets:num_chambers": null, "toilets:staff": null, "wash_maintenance": null, "wash_maintenance_frequency": null, "wash_management": null, "wash_ngo_support": null, "water_point": null, "water_point_improved": null, "water_point_location": null, "water_point_number": null, "water_point_type": null, "water_point_usability": null, "consent": null, "toilets:disposal": null, "wash_funding": null, "addr:street": null, "building:levels": null, "building:material": null, "roof:material": null, "sector": null, "healthcare:speciality": null, "health_facility:type": null, "opening_hours": null, "name:fr": null, "name:es": null, "dispensing": null, "electricity": null, "emergency": null, "insurance:health": null, "operator:type": null, "water_source": null, "alt_name": null, "supervised": null, "survey:date": null, "addr:postcode": null, "place": null, "addr:housenumber": null, "name:ar": null, "wikidata": null, "wikipedia": null, "fixme": null, "barrier": null, "landuse": null, "building": null, "addr:hamlet": null, "secteur": null, "health_amenity:type": null, "name:de": null, "operational_status": null, "ocha:type": null, "short_name": null, "name:ja": null, "name:zh": null, "indoor": null, "material": null, "is_in:cercle": null }, "geometry": { "type": "Point", "coordinates": [ -7.9967111, 12.5069442 ] } },
{ "type": "Feature", "properties": { "element": "node", "id": 8721195462, "amenity": "hospital", "name": "centre de santé", "pcode": null, "source": null, "start_date": null, "type": null, "wheelchair": null, "who:code_csref": null, "who:distance": null, "who:nbre_village": null, "operator": null, "email": null, "name:en": null, "phone": null, "healthcare": null, "addr:city": null, "addr:quarter": null, "addr:suburb": null, "handwashing": null, "handwashing:soap": null, "handwashing_number": null, "handwashing_station_distance": null, "handwashing_usability": null, "latrine_emptying_service": null, "note": null, "patient_female": null, "patient_male": null, "sanitation": null, "staff_count": null, "staff_count:doctors": null, "toilets:female": null, "toilets:num_chambers": null, "toilets:staff": null, "wash_maintenance": null, "wash_maintenance_frequency": null, "wash_management": null, "wash_ngo_support": null, "water_point": null, "water_point_improved": null, "water_point_location": null, "water_point_number": null, "water_point_type": null, "water_point_usability": null, "consent": null, "toilets:disposal": null, "wash_funding": null, "addr:street": null, "building:levels": null, "building:material": null, "roof:material": null, "sector": null, "healthcare:speciality": null, "health_facility:type": null, "opening_hours": null, "name:fr": null, "name:es": null, "dispensing": null, "electricity": null, "emergency": null, "insurance:health": null, "operator:type": null, "water_source": null, "alt_name": null, "supervised": null, "survey:date": null, "addr:postcode": null, "place": null, "addr:housenumber": null, "name:ar": null, "wikidata": null, "wikipedia": null, "fixme": null, "barrier": null, "landuse": null, "building": null, "addr:hamlet": null, "secteur": null, "health_amenity:type": null, "name:de": null, "operational_status": null, "ocha:type": null, "short_name": null, "name:ja": null, "name:zh": null, "indoor": null, "material": null, "is_in:cercle": null }, "geometry": { "type": "Point", "coordinates": [ -1.404646, 17.0330358 ] } },
{ "type": "Feature", "properties": { "element": "node", "id": 8808890017, "amenity": "hospital", "name": "CSCOM de Tourela", "pcode": null, "source": null, "start_date": null, "type": null, "wheelchair": null, "who:code_csref": null, "who:distance": null, "who:nbre_village": null, "operator": null, "email": null, "name:en": null, "phone": null, "healthcare": null, "addr:city": null, "addr:quarter": null, "addr:suburb": null, "handwashing": null, "handwashing:soap": null, "handwashing_number": null, "handwashing_station_distance": null, "handwashing_usability": null, "latrine_emptying_service": null, "note": null, "patient_female": null, "patient_male": null, "sanitation": null, "staff_count": null, "staff_count:doctors": null, "toilets:female": null, "toilets:num_chambers": null, "toilets:staff": null, "wash_maintenance": null, "wash_maintenance_frequency": null, "wash_management": null, "wash_ngo_support": null, "water_point": null, "water_point_improved": null, "water_point_location": null, "water_point_number": null, "water_point_type": null, "water_point_usability": null, "consent": null, "toilets:disposal": null, "wash_funding": null, "addr:street": null, "building:levels": null, "building:material": null, "roof:material": null, "sector": null, "healthcare:speciality": null, "health_facility:type": null, "opening_hours": null, "name:fr": null, "name:es": null, "dispensing": null, "electricity": null, "emergency": null, "insurance:health": null, "operator:type": null, "water_source": null, "alt_name": null, "supervised": null, "survey:date": null, "addr:postcode": null, "place": null, "addr:housenumber": null, "name:ar": null, "wikidata": null, "wikipedia": null, "fixme": null, "barrier": null, "landuse": null, "building": null, "addr:hamlet": null, "secteur": null, "health_amenity:type": null, "name:de": null, "operational_status": null, "ocha:type": null, "short_name": null, "name:ja": null, "name:zh": null, "indoor": null, "material": null, "is_in:cercle": null }, "geometry": { "type": "Point", "coordinates": [ -8.0823593, 12.3499786 ] } },
{ "type": "Feature", "properties": { "element": "node", "id": 8817740817, "amenity": "hospital", "name": "BASIRIMA TRADITROMATOLOGUE", "pcode": null, "source": null, "start_date": null, "type": null, "wheelchair": null, "who:code_csref": null, "who:distance": null, "who:nbre_village": null, "operator": null, "email": null, "name:en": null, "phone": null, "healthcare": "hospital", "addr:city": null, "addr:quarter": null, "addr:suburb": null, "handwashing": null, "handwashing:soap": null, "handwashing_number": null, "handwashing_station_distance": null, "handwashing_usability": null, "latrine_emptying_service": null, "note": null, "patient_female": null, "patient_male": null, "sanitation": null, "staff_count": null, "staff_count:doctors": null, "toilets:female": null, "toilets:num_chambers": null, "toilets:staff": null, "wash_maintenance": null, "wash_maintenance_frequency": null, "wash_management": null, "wash_ngo_support": null, "water_point": null, "water_point_improved": null, "water_point_location": null, "water_point_number": null, "water_point_type": null, "water_point_usability": null, "consent": null, "toilets:disposal": null, "wash_funding": null, "addr:street": null, "building:levels": null, "building:material": null, "roof:material": null, "sector": null, "healthcare:speciality": null, "health_facility:type": null, "opening_hours": null, "name:fr": null, "name:es": null, "dispensing": null, "electricity": null, "emergency": null, "insurance:health": null, "operator:type": null, "water_source": null, "alt_name": null, "supervised": null, "survey:date": null, "addr:postcode": null, "place": null, "addr:housenumber": null, "name:ar": null, "wikidata": null, "wikipedia": null, "fixme": null, "barrier": null, "landuse": null, "building": null, "addr:hamlet": null, "secteur": null, "health_amenity:type": null, "name:de": null, "operational_status": null, "ocha:type": null, "short_name": null, "name:ja": null, "name:zh": null, "indoor": null, "material": null, "is_in:cercle": null }, "geometry": { "type": "Point", "coordinates": [ -6.7235063, 11.3175228 ] } },
{ "type": "Feature", "properties": { "element": "node", "id": 8842403921, "amenity": "hospital", "name": "Cscom Dioncoulane", "pcode": null, "source": null, "start_date": null, "type": null, "wheelchair": null, "who:code_csref": null, "who:distance": null, "who:nbre_village": null, "operator": null, "email": null, "name:en": null, "phone": null, "healthcare": null, "addr:city": null, "addr:quarter": null, "addr:suburb": null, "handwashing": null, "handwashing:soap": null, "handwashing_number": null, "handwashing_station_distance": null, "handwashing_usability": null, "latrine_emptying_service": null, "note": null, "patient_female": null, "patient_male": null, "sanitation": null, "staff_count": null, "staff_count:doctors": null, "toilets:female": null, "toilets:num_chambers": null, "toilets:staff": null, "wash_maintenance": null, "wash_maintenance_frequency": null, "wash_management": null, "wash_ngo_support": null, "water_point": null, "water_point_improved": null, "water_point_location": null, "water_point_number": null, "water_point_type": null, "water_point_usability": null, "consent": null, "toilets:disposal": null, "wash_funding": null, "addr:street": null, "building:levels": null, "building:material": null, "roof:material": null, "sector": null, "healthcare:speciality": null, "health_facility:type": null, "opening_hours": null, "name:fr": null, "name:es": null, "dispensing": null, "electricity": null, "emergency": null, "insurance:health": null, "operator:type": null, "water_source": null, "alt_name": null, "supervised": null, "survey:date": null, "addr:postcode": null, "place": null, "addr:housenumber": null, "name:ar": null, "wikidata": null, "wikipedia": null, "fixme": null, "barrier": null, "landuse": null, "building": null, "addr:hamlet": null, "secteur": null, "health_amenity:type": null, "name:de": null, "operational_status": null, "ocha:type": null, "short_name": null, "name:ja": null, "name:zh": null, "indoor": null, "material": null, "is_in:cercle": null }, "geometry": { "type": "Point", "coordinates": [ -10.6428355, 15.0974223 ] } },
{ "type": "Feature", "properties": { "element": "node", "id": 8842416317, "amenity": "hospital", "name": "Cscom de Tourougoumbe", "pcode": null, "source": null, "start_date": null, "type": null, "wheelchair": null, "who:code_csref": null, "who:distance": null, "who:nbre_village": null, "operator": null, "email": null, "name:en": null, "phone": null, "healthcare": null, "addr:city": null, "addr:quarter": null, "addr:suburb": null, "handwashing": null, "handwashing:soap": null, "handwashing_number": null, "handwashing_station_distance": null, "handwashing_usability": null, "latrine_emptying_service": null, "note": null, "patient_female": null, "patient_male": null, "sanitation": null, "staff_count": null, "staff_count:doctors": null, "toilets:female": null, "toilets:num_chambers": null, "toilets:staff": null, "wash_maintenance": null, "wash_maintenance_frequency": null, "wash_management": null, "wash_ngo_support": null, "water_point": null, "water_point_improved": null, "water_point_location": null, "water_point_number": null, "water_point_type": null, "water_point_usability": null, "consent": null, "toilets:disposal": null, "wash_funding": null, "addr:street": null, "building:levels": null, "building:material": null, "roof:material": null, "sector": null, "healthcare:speciality": null, "health_facility:type": null, "opening_hours": null, "name:fr": null, "name:es": null, "dispensing": null, "electricity": null, "emergency": null, "insurance:health": null, "operator:type": null, "water_source": null, "alt_name": null, "supervised": null, "survey:date": null, "addr:postcode": null, "place": null, "addr:housenumber": null, "name:ar": null, "wikidata": null, "wikipedia": null, "fixme": null, "barrier": null, "landuse": null, "building": null, "addr:hamlet": null, "secteur": null, "health_amenity:type": null, "name:de": null, "operational_status": null, "ocha:type": null, "short_name": null, "name:ja": null, "name:zh": null, "indoor": null, "material": null, "is_in:cercle": null }, "geometry": { "type": "Point", "coordinates": [ -9.2283991, 15.2630493 ] } },
{ "type": "Feature", "properties": { "element": "node", "id": 8871980518, "amenity": "hospital", "name": "CENTRE DE SANTÉ DE DJISSAN", "pcode": null, "source": null, "start_date": null, "type": null, "wheelchair": null, "who:code_csref": null, "who:distance": null, "who:nbre_village": null, "operator": null, "email": null, "name:en": null, "phone": null, "healthcare": null, "addr:city": null, "addr:quarter": null, "addr:suburb": null, "handwashing": null, "handwashing:soap": null, "handwashing_number": null, "handwashing_station_distance": null, "handwashing_usability": null, "latrine_emptying_service": null, "note": null, "patient_female": null, "patient_male": null, "sanitation": null, "staff_count": null, "staff_count:doctors": null, "toilets:female": null, "toilets:num_chambers": null, "toilets:staff": null, "wash_maintenance": null, "wash_maintenance_frequency": null, "wash_management": null, "wash_ngo_support": null, "water_point": null, "water_point_improved": null, "water_point_location": null, "water_point_number": null, "water_point_type": null, "water_point_usability": null, "consent": null, "toilets:disposal": null, "wash_funding": null, "addr:street": null, "building:levels": null, "building:material": null, "roof:material": null, "sector": null, "healthcare:speciality": null, "health_facility:type": null, "opening_hours": null, "name:fr": null, "name:es": null, "dispensing": null, "electricity": null, "emergency": null, "insurance:health": null, "operator:type": null, "water_source": null, "alt_name": null, "supervised": null, "survey:date": null, "addr:postcode": null, "place": null, "addr:housenumber": "+22374144428", "name:ar": null, "wikidata": null, "wikipedia": null, "fixme": null, "barrier": null, "landuse": null, "building": null, "addr:hamlet": null, "secteur": null, "health_amenity:type": null, "name:de": null, "operational_status": null, "ocha:type": null, "short_name": null, "name:ja": null, "name:zh": null, "indoor": null, "material": null, "is_in:cercle": null }, "geometry": { "type": "Point", "coordinates": [ -6.6808817, 11.3182942 ] } },
{ "type": "Feature", "properties": { "element": "node", "id": 8963364917, "amenity": "hospital", "name": "CSCom de KAÏ", "pcode": null, "source": null, "start_date": null, "type": null, "wheelchair": null, "who:code_csref": null, "who:distance": null, "who:nbre_village": null, "operator": null, "email": null, "name:en": null, "phone": null, "healthcare": null, "addr:city": null, "addr:quarter": null, "addr:suburb": null, "handwashing": null, "handwashing:soap": null, "handwashing_number": null, "handwashing_station_distance": null, "handwashing_usability": null, "latrine_emptying_service": null, "note": null, "patient_female": null, "patient_male": null, "sanitation": null, "staff_count": null, "staff_count:doctors": null, "toilets:female": null, "toilets:num_chambers": null, "toilets:staff": null, "wash_maintenance": null, "wash_maintenance_frequency": null, "wash_management": null, "wash_ngo_support": null, "water_point": null, "water_point_improved": null, "water_point_location": null, "water_point_number": null, "water_point_type": null, "water_point_usability": null, "consent": null, "toilets:disposal": null, "wash_funding": null, "addr:street": null, "building:levels": null, "building:material": null, "roof:material": null, "sector": null, "healthcare:speciality": null, "health_facility:type": null, "opening_hours": null, "name:fr": null, "name:es": null, "dispensing": null, "electricity": null, "emergency": null, "insurance:health": null, "operator:type": null, "water_source": null, "alt_name": null, "supervised": null, "survey:date": null, "addr:postcode": null, "place": null, "addr:housenumber": null, "name:ar": null, "wikidata": null, "wikipedia": null, "fixme": null, "barrier": null, "landuse": null, "building": null, "addr:hamlet": null, "secteur": null, "health_amenity:type": null, "name:de": null, "operational_status": null, "ocha:type": null, "short_name": null, "name:ja": null, "name:zh": null, "indoor": null, "material": null, "is_in:cercle": null }, "geometry": { "type": "Point", "coordinates": [ -5.6947884, 10.9701083 ] } },
{ "type": "Feature", "properties": { "element": "node", "id": 9214241942, "amenity": "hospital", "name": "Cenre de Santé Communtaire de Sebougou", "pcode": null, "source": "YouthMappers At University Of Segou", "start_date": null, "type": null, "wheelchair": "yes", "who:code_csref": null, "who:distance": null, "who:nbre_village": null, "operator": null, "email": null, "name:en": null, "phone": "76481118", "healthcare": null, "addr:city": null, "addr:quarter": null, "addr:suburb": null, "handwashing": null, "handwashing:soap": null, "handwashing_number": null, "handwashing_station_distance": null, "handwashing_usability": null, "latrine_emptying_service": null, "note": null, "patient_female": null, "patient_male": null, "sanitation": null, "staff_count": null, "staff_count:doctors": null, "toilets:female": null, "toilets:num_chambers": null, "toilets:staff": null, "wash_maintenance": null, "wash_maintenance_frequency": null, "wash_management": null, "wash_ngo_support": null, "water_point": null, "water_point_improved": null, "water_point_location": null, "water_point_number": null, "water_point_type": null, "water_point_usability": null, "consent": null, "toilets:disposal": null, "wash_funding": null, "addr:street": null, "building:levels": null, "building:material": null, "roof:material": null, "sector": null, "healthcare:speciality": null, "health_facility:type": null, "opening_hours": "24/7", "name:fr": null, "name:es": null, "dispensing": null, "electricity": null, "emergency": null, "insurance:health": null, "operator:type": "government", "water_source": null, "alt_name": "CSCom Sebougou", "supervised": "Université de Ségou/OSM MALI", "survey:date": "2025-10-10", "addr:postcode": null, "place": null, "addr:housenumber": null, "name:ar": null, "wikidata": null, "wikipedia": null, "fixme": null, "barrier": null, "landuse": null, "building": null, "addr:hamlet": null, "secteur": null, "health_amenity:type": null, "name:de": null, "operational_status": null, "ocha:type": null, "short_name": null, "name:ja": null, "name:zh": null, "indoor": null, "material": null, "is_in:cercle": null }, "geometry": { "type": "Point", "coordinates": [ -6.3121744, 13.4200178 ] } },
{ "type": "Feature", "properties": { "element": "node", "id": 9220049738, "amenity": "hospital", "name": "CScom", "pcode": null, "source": null, "start_date": null, "type": null, "wheelchair": null, "who:code_csref": null, "who:distance": null, "who:nbre_village": null, "operator": null, "email": null, "name:en": null, "phone": null, "healthcare": null, "addr:city": null, "addr:quarter": null, "addr:suburb": null, "handwashing": null, "handwashing:soap": null, "handwashing_number": null, "handwashing_station_distance": null, "handwashing_usability": null, "latrine_emptying_service": null, "note": null, "patient_female": null, "patient_male": null, "sanitation": null, "staff_count": null, "staff_count:doctors": null, "toilets:female": null, "toilets:num_chambers": null, "toilets:staff": null, "wash_maintenance": null, "wash_maintenance_frequency": null, "wash_management": null, "wash_ngo_support": null, "water_point": null, "water_point_improved": null, "water_point_location": null, "water_point_number": null, "water_point_type": null, "water_point_usability": null, "consent": null, "toilets:disposal": null, "wash_funding": null, "addr:street": null, "building:levels": null, "building:material": null, "roof:material": null, "sector": null, "healthcare:speciality": null, "health_facility:type": null, "opening_hours": null, "name:fr": null, "name:es": null, "dispensing": null, "electricity": null, "emergency": null, "insurance:health": null, "operator:type": null, "water_source": null, "alt_name": null, "supervised": null, "survey:date": null, "addr:postcode": null, "place": null, "addr:housenumber": null, "name:ar": null, "wikidata": null, "wikipedia": null, "fixme": null, "barrier": null, "landuse": null, "building": null, "addr:hamlet": null, "secteur": null, "health_amenity:type": null, "name:de": null, "operational_status": null, "ocha:type": null, "short_name": null, "name:ja": null, "name:zh": null, "indoor": null, "material": null, "is_in:cercle": null }, "geometry": { "type": "Point", "coordinates": [ -4.4267446, 12.5660723 ] } },
{ "type": "Feature", "properties": { "element": "node", "id": 9220167385, "amenity": "hospital", "name": "Centre de santé de Marena", "pcode": null, "source": null, "start_date": null, "type": null, "wheelchair": null, "who:code_csref": null, "who:distance": null, "who:nbre_village": null, "operator": null, "email": null, "name:en": null, "phone": null, "healthcare": null, "addr:city": null, "addr:quarter": null, "addr:suburb": null, "handwashing": null, "handwashing:soap": null, "handwashing_number": null, "handwashing_station_distance": null, "handwashing_usability": null, "latrine_emptying_service": null, "note": null, "patient_female": null, "patient_male": null, "sanitation": null, "staff_count": null, "staff_count:doctors": null, "toilets:female": null, "toilets:num_chambers": null, "toilets:staff": null, "wash_maintenance": null, "wash_maintenance_frequency": null, "wash_management": null, "wash_ngo_support": null, "water_point": null, "water_point_improved": null, "water_point_location": null, "water_point_number": null, "water_point_type": null, "water_point_usability": null, "consent": null, "toilets:disposal": null, "wash_funding": null, "addr:street": null, "building:levels": null, "building:material": null, "roof:material": null, "sector": null, "healthcare:speciality": null, "health_facility:type": null, "opening_hours": null, "name:fr": null, "name:es": null, "dispensing": null, "electricity": null, "emergency": null, "insurance:health": null, "operator:type": null, "water_source": null, "alt_name": null, "supervised": null, "survey:date": null, "addr:postcode": null, "place": null, "addr:housenumber": null, "name:ar": null, "wikidata": null, "wikipedia": null, "fixme": null, "barrier": null, "landuse": null, "building": null, "addr:hamlet": null, "secteur": null, "health_amenity:type": null, "name:de": null, "operational_status": null, "ocha:type": null, "short_name": null, "name:ja": null, "name:zh": null, "indoor": null, "material": null, "is_in:cercle": null }, "geometry": { "type": "Point", "coordinates": [ -4.5578724, 12.7213487 ] } },
{ "type": "Feature", "properties": { "element": "node", "id": 9221520827, "amenity": "hospital", "name": "Centre de santé de Sadiola", "pcode": null, "source": null, "start_date": null, "type": null, "wheelchair": null, "who:code_csref": null, "who:distance": null, "who:nbre_village": null, "operator": null, "email": null, "name:en": null, "phone": null, "healthcare": null, "addr:city": null, "addr:quarter": null, "addr:suburb": null, "handwashing": null, "handwashing:soap": null, "handwashing_number": null, "handwashing_station_distance": null, "handwashing_usability": null, "latrine_emptying_service": null, "note": null, "patient_female": null, "patient_male": null, "sanitation": null, "staff_count": null, "staff_count:doctors": null, "toilets:female": null, "toilets:num_chambers": null, "toilets:staff": null, "wash_maintenance": null, "wash_maintenance_frequency": null, "wash_management": null, "wash_ngo_support": null, "water_point": null, "water_point_improved": null, "water_point_location": null, "water_point_number": null, "water_point_type": null, "water_point_usability": null, "consent": null, "toilets:disposal": null, "wash_funding": null, "addr:street": null, "building:levels": null, "building:material": null, "roof:material": null, "sector": null, "healthcare:speciality": null, "health_facility:type": null, "opening_hours": null, "name:fr": null, "name:es": null, "dispensing": null, "electricity": null, "emergency": null, "insurance:health": null, "operator:type": null, "water_source": null, "alt_name": null, "supervised": null, "survey:date": null, "addr:postcode": null, "place": null, "addr:housenumber": null, "name:ar": null, "wikidata": null, "wikipedia": null, "fixme": null, "barrier": null, "landuse": null, "building": null, "addr:hamlet": null, "secteur": null, "health_amenity:type": null, "name:de": null, "operational_status": null, "ocha:type": null, "short_name": null, "name:ja": null, "name:zh": null, "indoor": null, "material": null, "is_in:cercle": null }, "geometry": { "type": "Point", "coordinates": [ -5.4583141, 12.0985776 ] } },
{ "type": "Feature", "properties": { "element": "node", "id": 9222309656, "amenity": "hospital", "name": "Centre de Santé de Zangousso", "pcode": null, "source": null, "start_date": null, "type": null, "wheelchair": null, "who:code_csref": null, "who:distance": null, "who:nbre_village": null, "operator": null, "email": null, "name:en": null, "phone": null, "healthcare": "hospital", "addr:city": null, "addr:quarter": null, "addr:suburb": null, "handwashing": null, "handwashing:soap": null, "handwashing_number": null, "handwashing_station_distance": null, "handwashing_usability": null, "latrine_emptying_service": null, "note": null, "patient_female": null, "patient_male": null, "sanitation": null, "staff_count": null, "staff_count:doctors": null, "toilets:female": null, "toilets:num_chambers": null, "toilets:staff": null, "wash_maintenance": null, "wash_maintenance_frequency": null, "wash_management": null, "wash_ngo_support": null, "water_point": null, "water_point_improved": null, "water_point_location": null, "water_point_number": null, "water_point_type": null, "water_point_usability": null, "consent": null, "toilets:disposal": null, "wash_funding": null, "addr:street": null, "building:levels": null, "building:material": null, "roof:material": null, "sector": null, "healthcare:speciality": null, "health_facility:type": null, "opening_hours": null, "name:fr": null, "name:es": null, "dispensing": null, "electricity": null, "emergency": null, "insurance:health": null, "operator:type": null, "water_source": null, "alt_name": null, "supervised": null, "survey:date": null, "addr:postcode": null, "place": null, "addr:housenumber": null, "name:ar": null, "wikidata": null, "wikipedia": null, "fixme": null, "barrier": null, "landuse": null, "building": null, "addr:hamlet": null, "secteur": null, "health_amenity:type": null, "name:de": null, "operational_status": null, "ocha:type": null, "short_name": null, "name:ja": null, "name:zh": null, "indoor": null, "material": null, "is_in:cercle": null }, "geometry": { "type": "Point", "coordinates": [ -4.7937492, 12.5498343 ] } },
{ "type": "Feature", "properties": { "element": "node", "id": 9222320643, "amenity": "hospital", "name": "centre de Soin de Makongo", "pcode": null, "source": null, "start_date": null, "type": null, "wheelchair": null, "who:code_csref": null, "who:distance": null, "who:nbre_village": null, "operator": null, "email": null, "name:en": null, "phone": null, "healthcare": "hospital", "addr:city": null, "addr:quarter": null, "addr:suburb": null, "handwashing": null, "handwashing:soap": null, "handwashing_number": null, "handwashing_station_distance": null, "handwashing_usability": null, "latrine_emptying_service": null, "note": null, "patient_female": null, "patient_male": null, "sanitation": null, "staff_count": null, "staff_count:doctors": null, "toilets:female": null, "toilets:num_chambers": null, "toilets:staff": null, "wash_maintenance": null, "wash_maintenance_frequency": null, "wash_management": null, "wash_ngo_support": null, "water_point": null, "water_point_improved": null, "water_point_location": null, "water_point_number": null, "water_point_type": null, "water_point_usability": null, "consent": null, "toilets:disposal": null, "wash_funding": null, "addr:street": null, "building:levels": null, "building:material": null, "roof:material": null, "sector": null, "healthcare:speciality": null, "health_facility:type": null, "opening_hours": null, "name:fr": null, "name:es": null, "dispensing": null, "electricity": null, "emergency": null, "insurance:health": null, "operator:type": null, "water_source": null, "alt_name": null, "supervised": null, "survey:date": null, "addr:postcode": null, "place": null, "addr:housenumber": null, "name:ar": null, "wikidata": null, "wikipedia": null, "fixme": null, "barrier": null, "landuse": null, "building": null, "addr:hamlet": null, "secteur": null, "health_amenity:type": null, "name:de": null, "operational_status": null, "ocha:type": null, "short_name": null, "name:ja": null, "name:zh": null, "indoor": null, "material": null, "is_in:cercle": null }, "geometry": { "type": "Point", "coordinates": [ -4.8611512, 12.5469184 ] } },
{ "type": "Feature", "properties": { "element": "node", "id": 9270043759, "amenity": "hospital", "name": "Hôpital de Gao", "pcode": null, "source": "ICRC;Bing", "start_date": null, "type": null, "wheelchair": null, "who:code_csref": null, "who:distance": null, "who:nbre_village": null, "operator": null, "email": null, "name:en": null, "phone": null, "healthcare": "hospital", "addr:city": null, "addr:quarter": null, "addr:suburb": null, "handwashing": null, "handwashing:soap": null, "handwashing_number": null, "handwashing_station_distance": null, "handwashing_usability": null, "latrine_emptying_service": null, "note": null, "patient_female": null, "patient_male": null, "sanitation": null, "staff_count": null, "staff_count:doctors": null, "toilets:female": null, "toilets:num_chambers": null, "toilets:staff": null, "wash_maintenance": null, "wash_maintenance_frequency": null, "wash_management": null, "wash_ngo_support": null, "water_point": null, "water_point_improved": null, "water_point_location": null, "water_point_number": null, "water_point_type": null, "water_point_usability": null, "consent": null, "toilets:disposal": null, "wash_funding": null, "addr:street": null, "building:levels": null, "building:material": null, "roof:material": null, "sector": null, "healthcare:speciality": null, "health_facility:type": null, "opening_hours": null, "name:fr": "Hôpital de Gao", "name:es": null, "dispensing": null, "electricity": null, "emergency": null, "insurance:health": null, "operator:type": null, "water_source": null, "alt_name": null, "supervised": null, "survey:date": null, "addr:postcode": null, "place": null, "addr:housenumber": null, "name:ar": "مستشفى غاو", "wikidata": null, "wikipedia": null, "fixme": null, "barrier": null, "landuse": null, "building": null, "addr:hamlet": null, "secteur": null, "health_amenity:type": null, "name:de": null, "operational_status": null, "ocha:type": null, "short_name": null, "name:ja": null, "name:zh": null, "indoor": null, "material": null, "is_in:cercle": null }, "geometry": { "type": "Point", "coordinates": [ -0.0432748, 16.2726911 ] } },
{ "type": "Feature", "properties": { "element": "node", "id": 9273016587, "amenity": "hospital", "name": "CSCom de Taboye", "pcode": null, "source": null, "start_date": null, "type": null, "wheelchair": null, "who:code_csref": null, "who:distance": null, "who:nbre_village": null, "operator": null, "email": null, "name:en": null, "phone": null, "healthcare": null, "addr:city": null, "addr:quarter": null, "addr:suburb": null, "handwashing": null, "handwashing:soap": null, "handwashing_number": null, "handwashing_station_distance": null, "handwashing_usability": null, "latrine_emptying_service": null, "note": null, "patient_female": null, "patient_male": null, "sanitation": null, "staff_count": null, "staff_count:doctors": null, "toilets:female": null, "toilets:num_chambers": null, "toilets:staff": null, "wash_maintenance": null, "wash_maintenance_frequency": null, "wash_management": null, "wash_ngo_support": null, "water_point": null, "water_point_improved": null, "water_point_location": null, "water_point_number": null, "water_point_type": null, "water_point_usability": null, "consent": null, "toilets:disposal": null, "wash_funding": null, "addr:street": null, "building:levels": null, "building:material": null, "roof:material": null, "sector": null, "healthcare:speciality": null, "health_facility:type": null, "opening_hours": null, "name:fr": null, "name:es": null, "dispensing": null, "electricity": null, "emergency": null, "insurance:health": null, "operator:type": null, "water_source": null, "alt_name": null, "supervised": null, "survey:date": null, "addr:postcode": null, "place": null, "addr:housenumber": null, "name:ar": null, "wikidata": null, "wikipedia": null, "fixme": null, "barrier": null, "landuse": null, "building": null, "addr:hamlet": null, "secteur": null, "health_amenity:type": null, "name:de": null, "operational_status": null, "ocha:type": null, "short_name": null, "name:ja": null, "name:zh": null, "indoor": null, "material": null, "is_in:cercle": null }, "geometry": { "type": "Point", "coordinates": [ -0.2647729, 16.7150894 ] } },
{ "type": "Feature", "properties": { "element": "node", "id": 9276381743, "amenity": "hospital", "name": "CSCom de Kabarasso", "pcode": null, "source": null, "start_date": null, "type": null, "wheelchair": null, "who:code_csref": null, "who:distance": null, "who:nbre_village": null, "operator": null, "email": null, "name:en": null, "phone": null, "healthcare": "hospital", "addr:city": null, "addr:quarter": null, "addr:suburb": null, "handwashing": null, "handwashing:soap": null, "handwashing_number": null, "handwashing_station_distance": null, "handwashing_usability": null, "latrine_emptying_service": null, "note": null, "patient_female": null, "patient_male": null, "sanitation": null, "staff_count": null, "staff_count:doctors": null, "toilets:female": null, "toilets:num_chambers": null, "toilets:staff": null, "wash_maintenance": null, "wash_maintenance_frequency": null, "wash_management": null, "wash_ngo_support": null, "water_point": null, "water_point_improved": null, "water_point_location": null, "water_point_number": null, "water_point_type": null, "water_point_usability": null, "consent": null, "toilets:disposal": null, "wash_funding": null, "addr:street": null, "building:levels": null, "building:material": null, "roof:material": null, "sector": null, "healthcare:speciality": null, "health_facility:type": null, "opening_hours": null, "name:fr": null, "name:es": null, "dispensing": null, "electricity": null, "emergency": null, "insurance:health": null, "operator:type": null, "water_source": null, "alt_name": null, "supervised": null, "survey:date": null, "addr:postcode": null, "place": null, "addr:housenumber": null, "name:ar": null, "wikidata": null, "wikipedia": null, "fixme": null, "barrier": null, "landuse": null, "building": null, "addr:hamlet": null, "secteur": null, "health_amenity:type": null, "name:de": null, "operational_status": null, "ocha:type": null, "short_name": null, "name:ja": null, "name:zh": null, "indoor": null, "material": null, "is_in:cercle": null }, "geometry": { "type": "Point", "coordinates": [ -5.935134, 12.0185094 ] } },
{ "type": "Feature", "properties": { "element": "node", "id": 9277799378, "amenity": "hospital", "name": "Hôpital de Bandiagara", "pcode": null, "source": null, "start_date": null, "type": null, "wheelchair": null, "who:code_csref": null, "who:distance": null, "who:nbre_village": null, "operator": null, "email": null, "name:en": null, "phone": null, "healthcare": null, "addr:city": null, "addr:quarter": null, "addr:suburb": null, "handwashing": null, "handwashing:soap": null, "handwashing_number": null, "handwashing_station_distance": null, "handwashing_usability": null, "latrine_emptying_service": null, "note": null, "patient_female": null, "patient_male": null, "sanitation": null, "staff_count": null, "staff_count:doctors": null, "toilets:female": null, "toilets:num_chambers": null, "toilets:staff": null, "wash_maintenance": null, "wash_maintenance_frequency": null, "wash_management": null, "wash_ngo_support": null, "water_point": null, "water_point_improved": null, "water_point_location": null, "water_point_number": null, "water_point_type": null, "water_point_usability": null, "consent": null, "toilets:disposal": null, "wash_funding": null, "addr:street": null, "building:levels": null, "building:material": null, "roof:material": null, "sector": null, "healthcare:speciality": null, "health_facility:type": null, "opening_hours": null, "name:fr": null, "name:es": null, "dispensing": null, "electricity": null, "emergency": null, "insurance:health": null, "operator:type": null, "water_source": null, "alt_name": null, "supervised": null, "survey:date": null, "addr:postcode": null, "place": null, "addr:housenumber": null, "name:ar": null, "wikidata": null, "wikipedia": null, "fixme": null, "barrier": null, "landuse": null, "building": null, "addr:hamlet": null, "secteur": null, "health_amenity:type": null, "name:de": null, "operational_status": null, "ocha:type": null, "short_name": null, "name:ja": null, "name:zh": null, "indoor": null, "material": null, "is_in:cercle": null }, "geometry": { "type": "Point", "coordinates": [ -3.6032555, 14.3497765 ] } },
{ "type": "Feature", "properties": { "element": "node", "id": 9278158308, "amenity": "hospital", "name": null, "pcode": null, "source": null, "start_date": null, "type": null, "wheelchair": null, "who:code_csref": null, "who:distance": null, "who:nbre_village": null, "operator": null, "email": null, "name:en": null, "phone": null, "healthcare": null, "addr:city": null, "addr:quarter": null, "addr:suburb": null, "handwashing": null, "handwashing:soap": null, "handwashing_number": null, "handwashing_station_distance": null, "handwashing_usability": null, "latrine_emptying_service": null, "note": null, "patient_female": null, "patient_male": null, "sanitation": null, "staff_count": null, "staff_count:doctors": null, "toilets:female": null, "toilets:num_chambers": null, "toilets:staff": null, "wash_maintenance": null, "wash_maintenance_frequency": null, "wash_management": null, "wash_ngo_support": null, "water_point": null, "water_point_improved": null, "water_point_location": null, "water_point_number": null, "water_point_type": null, "water_point_usability": null, "consent": null, "toilets:disposal": null, "wash_funding": null, "addr:street": null, "building:levels": null, "building:material": null, "roof:material": null, "sector": null, "healthcare:speciality": null, "health_facility:type": null, "opening_hours": null, "name:fr": null, "name:es": null, "dispensing": null, "electricity": null, "emergency": null, "insurance:health": null, "operator:type": null, "water_source": null, "alt_name": null, "supervised": null, "survey:date": null, "addr:postcode": null, "place": null, "addr:housenumber": null, "name:ar": null, "wikidata": null, "wikipedia": null, "fixme": null, "barrier": null, "landuse": null, "building": null, "addr:hamlet": null, "secteur": null, "health_amenity:type": null, "name:de": null, "operational_status": null, "ocha:type": null, "short_name": null, "name:ja": null, "name:zh": null, "indoor": null, "material": null, "is_in:cercle": null }, "geometry": { "type": "Point", "coordinates": [ -3.6116856, 14.357494 ] } },
{ "type": "Feature", "properties": { "element": "node", "id": 9278422750, "amenity": "hospital", "name": "Centre ASACOBA de Bandiagara", "pcode": null, "source": null, "start_date": null, "type": null, "wheelchair": null, "who:code_csref": null, "who:distance": null, "who:nbre_village": null, "operator": null, "email": null, "name:en": null, "phone": null, "healthcare": null, "addr:city": null, "addr:quarter": null, "addr:suburb": null, "handwashing": null, "handwashing:soap": null, "handwashing_number": null, "handwashing_station_distance": null, "handwashing_usability": null, "latrine_emptying_service": null, "note": null, "patient_female": null, "patient_male": null, "sanitation": null, "staff_count": null, "staff_count:doctors": null, "toilets:female": null, "toilets:num_chambers": null, "toilets:staff": null, "wash_maintenance": null, "wash_maintenance_frequency": null, "wash_management": null, "wash_ngo_support": null, "water_point": null, "water_point_improved": null, "water_point_location": null, "water_point_number": null, "water_point_type": null, "water_point_usability": null, "consent": null, "toilets:disposal": null, "wash_funding": null, "addr:street": null, "building:levels": null, "building:material": null, "roof:material": null, "sector": null, "healthcare:speciality": null, "health_facility:type": null, "opening_hours": null, "name:fr": null, "name:es": null, "dispensing": null, "electricity": null, "emergency": null, "insurance:health": null, "operator:type": null, "water_source": null, "alt_name": null, "supervised": null, "survey:date": null, "addr:postcode": null, "place": null, "addr:housenumber": null, "name:ar": null, "wikidata": null, "wikipedia": null, "fixme": null, "barrier": null, "landuse": null, "building": null, "addr:hamlet": null, "secteur": null, "health_amenity:type": null, "name:de": null, "operational_status": null, "ocha:type": null, "short_name": null, "name:ja": null, "name:zh": null, "indoor": null, "material": null, "is_in:cercle": null }, "geometry": { "type": "Point", "coordinates": [ -3.6094902, 14.3501585 ] } },
{ "type": "Feature", "properties": { "element": "node", "id": 9348617818, "amenity": "hospital", "name": "CSCOM de Gouene", "pcode": null, "source": null, "start_date": null, "type": null, "wheelchair": null, "who:code_csref": null, "who:distance": null, "who:nbre_village": null, "operator": null, "email": null, "name:en": null, "phone": null, "healthcare": "hospital", "addr:city": null, "addr:quarter": null, "addr:suburb": null, "handwashing": null, "handwashing:soap": null, "handwashing_number": null, "handwashing_station_distance": null, "handwashing_usability": null, "latrine_emptying_service": null, "note": null, "patient_female": null, "patient_male": null, "sanitation": null, "staff_count": null, "staff_count:doctors": null, "toilets:female": null, "toilets:num_chambers": null, "toilets:staff": null, "wash_maintenance": null, "wash_maintenance_frequency": null, "wash_management": null, "wash_ngo_support": null, "water_point": null, "water_point_improved": null, "water_point_location": null, "water_point_number": null, "water_point_type": null, "water_point_usability": null, "consent": null, "toilets:disposal": null, "wash_funding": null, "addr:street": null, "building:levels": null, "building:material": null, "roof:material": null, "sector": null, "healthcare:speciality": null, "health_facility:type": null, "opening_hours": null, "name:fr": null, "name:es": null, "dispensing": null, "electricity": null, "emergency": null, "insurance:health": null, "operator:type": null, "water_source": null, "alt_name": null, "supervised": null, "survey:date": null, "addr:postcode": null, "place": null, "addr:housenumber": null, "name:ar": null, "wikidata": null, "wikipedia": null, "fixme": null, "barrier": null, "landuse": null, "building": null, "addr:hamlet": null, "secteur": null, "health_amenity:type": null, "name:de": null, "operational_status": null, "ocha:type": null, "short_name": null, "name:ja": null, "name:zh": null, "indoor": null, "material": null, "is_in:cercle": null }, "geometry": { "type": "Point", "coordinates": [ -5.9806407, 10.6690329 ] } },
{ "type": "Feature", "properties": { "element": "node", "id": 9363462151, "amenity": "hospital", "name": "ASACOKA", "pcode": null, "source": null, "start_date": null, "type": null, "wheelchair": null, "who:code_csref": null, "who:distance": null, "who:nbre_village": null, "operator": null, "email": null, "name:en": null, "phone": null, "healthcare": "hospital", "addr:city": null, "addr:quarter": null, "addr:suburb": null, "handwashing": null, "handwashing:soap": null, "handwashing_number": null, "handwashing_station_distance": null, "handwashing_usability": null, "latrine_emptying_service": null, "note": null, "patient_female": null, "patient_male": null, "sanitation": null, "staff_count": null, "staff_count:doctors": null, "toilets:female": null, "toilets:num_chambers": null, "toilets:staff": null, "wash_maintenance": null, "wash_maintenance_frequency": null, "wash_management": null, "wash_ngo_support": null, "water_point": null, "water_point_improved": null, "water_point_location": null, "water_point_number": null, "water_point_type": null, "water_point_usability": null, "consent": null, "toilets:disposal": null, "wash_funding": null, "addr:street": null, "building:levels": null, "building:material": null, "roof:material": null, "sector": null, "healthcare:speciality": null, "health_facility:type": null, "opening_hours": null, "name:fr": null, "name:es": null, "dispensing": null, "electricity": null, "emergency": null, "insurance:health": null, "operator:type": null, "water_source": null, "alt_name": null, "supervised": null, "survey:date": null, "addr:postcode": null, "place": null, "addr:housenumber": null, "name:ar": null, "wikidata": null, "wikipedia": null, "fixme": null, "barrier": null, "landuse": null, "building": null, "addr:hamlet": null, "secteur": null, "health_amenity:type": null, "name:de": null, "operational_status": null, "ocha:type": null, "short_name": null, "name:ja": null, "name:zh": null, "indoor": null, "material": null, "is_in:cercle": null }, "geometry": { "type": "Point", "coordinates": [ -8.0317729, 12.5728445 ] } },
{ "type": "Feature", "properties": { "element": "node", "id": 9421579340, "amenity": "hospital", "name": "CSRF de San", "pcode": null, "source": null, "start_date": null, "type": null, "wheelchair": null, "who:code_csref": null, "who:distance": null, "who:nbre_village": null, "operator": null, "email": null, "name:en": null, "phone": null, "healthcare": null, "addr:city": null, "addr:quarter": null, "addr:suburb": null, "handwashing": null, "handwashing:soap": null, "handwashing_number": null, "handwashing_station_distance": null, "handwashing_usability": null, "latrine_emptying_service": null, "note": null, "patient_female": null, "patient_male": null, "sanitation": null, "staff_count": null, "staff_count:doctors": null, "toilets:female": null, "toilets:num_chambers": null, "toilets:staff": null, "wash_maintenance": null, "wash_maintenance_frequency": null, "wash_management": null, "wash_ngo_support": null, "water_point": null, "water_point_improved": null, "water_point_location": null, "water_point_number": null, "water_point_type": null, "water_point_usability": null, "consent": null, "toilets:disposal": null, "wash_funding": null, "addr:street": null, "building:levels": null, "building:material": null, "roof:material": null, "sector": null, "healthcare:speciality": null, "health_facility:type": null, "opening_hours": null, "name:fr": null, "name:es": null, "dispensing": null, "electricity": null, "emergency": null, "insurance:health": null, "operator:type": null, "water_source": null, "alt_name": null, "supervised": null, "survey:date": null, "addr:postcode": null, "place": null, "addr:housenumber": null, "name:ar": null, "wikidata": null, "wikipedia": null, "fixme": null, "barrier": null, "landuse": null, "building": null, "addr:hamlet": null, "secteur": null, "health_amenity:type": null, "name:de": null, "operational_status": null, "ocha:type": null, "short_name": null, "name:ja": null, "name:zh": null, "indoor": null, "material": null, "is_in:cercle": null }, "geometry": { "type": "Point", "coordinates": [ -4.8931214, 13.3077816 ] } },
{ "type": "Feature", "properties": { "element": "node", "id": 9421591997, "amenity": "hospital", "name": "CSREF TOMIMIAN", "pcode": null, "source": null, "start_date": null, "type": null, "wheelchair": null, "who:code_csref": null, "who:distance": null, "who:nbre_village": null, "operator": null, "email": null, "name:en": null, "phone": null, "healthcare": null, "addr:city": null, "addr:quarter": null, "addr:suburb": null, "handwashing": null, "handwashing:soap": null, "handwashing_number": null, "handwashing_station_distance": null, "handwashing_usability": null, "latrine_emptying_service": null, "note": null, "patient_female": null, "patient_male": null, "sanitation": null, "staff_count": null, "staff_count:doctors": null, "toilets:female": null, "toilets:num_chambers": null, "toilets:staff": null, "wash_maintenance": null, "wash_maintenance_frequency": null, "wash_management": null, "wash_ngo_support": null, "water_point": null, "water_point_improved": null, "water_point_location": null, "water_point_number": null, "water_point_type": null, "water_point_usability": null, "consent": null, "toilets:disposal": null, "wash_funding": null, "addr:street": null, "building:levels": null, "building:material": null, "roof:material": null, "sector": null, "healthcare:speciality": null, "health_facility:type": null, "opening_hours": null, "name:fr": null, "name:es": null, "dispensing": null, "electricity": null, "emergency": null, "insurance:health": null, "operator:type": null, "water_source": null, "alt_name": null, "supervised": null, "survey:date": null, "addr:postcode": null, "place": null, "addr:housenumber": null, "name:ar": null, "wikidata": null, "wikipedia": null, "fixme": null, "barrier": null, "landuse": null, "building": null, "addr:hamlet": null, "secteur": null, "health_amenity:type": null, "name:de": null, "operational_status": null, "ocha:type": null, "short_name": null, "name:ja": null, "name:zh": null, "indoor": null, "material": null, "is_in:cercle": null }, "geometry": { "type": "Point", "coordinates": [ -4.5908219, 13.2879239 ] } },
{ "type": "Feature", "properties": { "element": "node", "id": 9421596855, "amenity": "hospital", "name": "Centre Santé de Benena", "pcode": null, "source": null, "start_date": null, "type": null, "wheelchair": null, "who:code_csref": null, "who:distance": null, "who:nbre_village": null, "operator": null, "email": null, "name:en": null, "phone": null, "healthcare": null, "addr:city": null, "addr:quarter": null, "addr:suburb": null, "handwashing": null, "handwashing:soap": null, "handwashing_number": null, "handwashing_station_distance": null, "handwashing_usability": null, "latrine_emptying_service": null, "note": null, "patient_female": null, "patient_male": null, "sanitation": null, "staff_count": null, "staff_count:doctors": null, "toilets:female": null, "toilets:num_chambers": null, "toilets:staff": null, "wash_maintenance": null, "wash_maintenance_frequency": null, "wash_management": null, "wash_ngo_support": null, "water_point": null, "water_point_improved": null, "water_point_location": null, "water_point_number": null, "water_point_type": null, "water_point_usability": null, "consent": null, "toilets:disposal": null, "wash_funding": null, "addr:street": null, "building:levels": null, "building:material": null, "roof:material": null, "sector": null, "healthcare:speciality": null, "health_facility:type": null, "opening_hours": null, "name:fr": null, "name:es": null, "dispensing": null, "electricity": null, "emergency": null, "insurance:health": null, "operator:type": null, "water_source": null, "alt_name": null, "supervised": null, "survey:date": null, "addr:postcode": null, "place": null, "addr:housenumber": null, "name:ar": null, "wikidata": null, "wikipedia": null, "fixme": null, "barrier": null, "landuse": null, "building": null, "addr:hamlet": null, "secteur": null, "health_amenity:type": null, "name:de": null, "operational_status": null, "ocha:type": null, "short_name": null, "name:ja": null, "name:zh": null, "indoor": null, "material": null, "is_in:cercle": null }, "geometry": { "type": "Point", "coordinates": [ -4.3677422, 13.1193539 ] } },
{ "type": "Feature", "properties": { "element": "node", "id": 9421602915, "amenity": "hospital", "name": "Centre de Santé Paroissiale de Mandiakuy", "pcode": null, "source": null, "start_date": null, "type": null, "wheelchair": null, "who:code_csref": null, "who:distance": null, "who:nbre_village": null, "operator": null, "email": null, "name:en": null, "phone": null, "healthcare": null, "addr:city": null, "addr:quarter": null, "addr:suburb": null, "handwashing": null, "handwashing:soap": null, "handwashing_number": null, "handwashing_station_distance": null, "handwashing_usability": null, "latrine_emptying_service": null, "note": null, "patient_female": null, "patient_male": null, "sanitation": null, "staff_count": null, "staff_count:doctors": null, "toilets:female": null, "toilets:num_chambers": null, "toilets:staff": null, "wash_maintenance": null, "wash_maintenance_frequency": null, "wash_management": null, "wash_ngo_support": null, "water_point": null, "water_point_improved": null, "water_point_location": null, "water_point_number": null, "water_point_type": null, "water_point_usability": null, "consent": null, "toilets:disposal": null, "wash_funding": null, "addr:street": null, "building:levels": null, "building:material": null, "roof:material": null, "sector": null, "healthcare:speciality": null, "health_facility:type": null, "opening_hours": null, "name:fr": null, "name:es": null, "dispensing": null, "electricity": null, "emergency": null, "insurance:health": null, "operator:type": null, "water_source": null, "alt_name": null, "supervised": null, "survey:date": null, "addr:postcode": null, "place": null, "addr:housenumber": null, "name:ar": null, "wikidata": null, "wikipedia": null, "fixme": null, "barrier": null, "landuse": null, "building": null, "addr:hamlet": null, "secteur": null, "health_amenity:type": null, "name:de": null, "operational_status": null, "ocha:type": null, "short_name": null, "name:ja": null, "name:zh": null, "indoor": null, "material": null, "is_in:cercle": null }, "geometry": { "type": "Point", "coordinates": [ -4.4652871, 13.0174727 ] } },
{ "type": "Feature", "properties": { "element": "node", "id": 9436407116, "amenity": "hospital", "name": "Centre de santé communautaire de daoudabougou", "pcode": null, "source": null, "start_date": null, "type": null, "wheelchair": null, "who:code_csref": null, "who:distance": null, "who:nbre_village": null, "operator": "community", "email": null, "name:en": null, "phone": "72282589", "healthcare": null, "addr:city": "Bamako", "addr:quarter": "Commune V", "addr:suburb": "Daoudabougou", "handwashing": "yes", "handwashing:soap": "yes", "handwashing_number": "6", "handwashing_station_distance": "no", "handwashing_usability": "4", "latrine_emptying_service": "yes", "note": "Les toilettes ne sont pas en bon état et problème de robinet et de l'électricité", "patient_female": "10", "patient_male": "10", "sanitation": "yes", "staff_count": "22", "staff_count:doctors": "1", "toilets:female": "no", "toilets:num_chambers": "2", "toilets:staff": "yes", "wash_maintenance": "yes", "wash_maintenance_frequency": "once_a_day", "wash_management": "no", "wash_ngo_support": "no", "water_point": "yes", "water_point_improved": "Channeled_on_the_ground_but_not_up_to_the_building_SOMAGEP", "water_point_location": "yes", "water_point_number": "3", "water_point_type": "improved", "water_point_usability": "3", "consent": null, "toilets:disposal": null, "wash_funding": null, "addr:street": null, "building:levels": null, "building:material": null, "roof:material": null, "sector": null, "healthcare:speciality": null, "health_facility:type": null, "opening_hours": null, "name:fr": null, "name:es": null, "dispensing": null, "electricity": null, "emergency": null, "insurance:health": null, "operator:type": null, "water_source": null, "alt_name": null, "supervised": null, "survey:date": null, "addr:postcode": null, "place": null, "addr:housenumber": null, "name:ar": null, "wikidata": null, "wikipedia": null, "fixme": null, "barrier": null, "landuse": null, "building": null, "addr:hamlet": null, "secteur": null, "health_amenity:type": null, "name:de": null, "operational_status": null, "ocha:type": null, "short_name": null, "name:ja": null, "name:zh": null, "indoor": null, "material": null, "is_in:cercle": null }, "geometry": { "type": "Point", "coordinates": [ -7.9787075, 12.5976614 ] } },
{ "type": "Feature", "properties": { "element": "node", "id": 9436428794, "amenity": "hospital", "name": "Centre de Santé Communautaire", "pcode": null, "source": null, "start_date": null, "type": null, "wheelchair": null, "who:code_csref": null, "who:distance": null, "who:nbre_village": null, "operator": "government", "email": null, "name:en": null, "phone": "78857545", "healthcare": null, "addr:city": "Bamako", "addr:quarter": "Commune V", "addr:suburb": "Commune V", "handwashing": "yes", "handwashing:soap": "yes", "handwashing_number": "30", "handwashing_station_distance": "no", "handwashing_usability": "30", "latrine_emptying_service": "yes", "note": null, "patient_female": "500", "patient_male": "500", "sanitation": "yes", "staff_count": "80", "staff_count:doctors": "42", "toilets:female": "yes", "toilets:num_chambers": "10", "toilets:staff": "yes", "wash_maintenance": "yes", "wash_maintenance_frequency": "once_a_day", "wash_management": "no", "wash_ngo_support": "no", "water_point": "yes", "water_point_improved": "Channeled_on_the_ground_but_not_up_to_the_building_SOMAGEP", "water_point_location": "yes", "water_point_number": "20", "water_point_type": "improved", "water_point_usability": "18", "consent": null, "toilets:disposal": null, "wash_funding": null, "addr:street": null, "building:levels": null, "building:material": null, "roof:material": null, "sector": null, "healthcare:speciality": null, "health_facility:type": null, "opening_hours": null, "name:fr": null, "name:es": null, "dispensing": null, "electricity": null, "emergency": null, "insurance:health": null, "operator:type": null, "water_source": null, "alt_name": null, "supervised": null, "survey:date": null, "addr:postcode": null, "place": null, "addr:housenumber": null, "name:ar": null, "wikidata": null, "wikipedia": null, "fixme": null, "barrier": null, "landuse": null, "building": null, "addr:hamlet": null, "secteur": null, "health_amenity:type": null, "name:de": null, "operational_status": null, "ocha:type": null, "short_name": null, "name:ja": null, "name:zh": null, "indoor": null, "material": null, "is_in:cercle": null }, "geometry": { "type": "Point", "coordinates": [ -7.9797703, 12.6019018 ] } },
{ "type": "Feature", "properties": { "element": "node", "id": 9436477162, "amenity": "hospital", "name": "ASACONIA", "pcode": null, "source": null, "start_date": null, "type": null, "wheelchair": null, "who:code_csref": null, "who:distance": null, "who:nbre_village": null, "operator": "community", "email": null, "name:en": null, "phone": "66897873", "healthcare": null, "addr:city": "Bamako", "addr:quarter": "Commune VI", "addr:suburb": "Niamakoro", "handwashing": "yes", "handwashing:soap": "yes", "handwashing_number": "5", "handwashing_station_distance": "yes", "handwashing_usability": "5", "latrine_emptying_service": "no", "note": null, "patient_female": "15", "patient_male": "15", "sanitation": "yes", "staff_count": "20", "staff_count:doctors": "2", "toilets:female": "yes", "toilets:num_chambers": "3", "toilets:staff": "yes", "wash_maintenance": "yes", "wash_maintenance_frequency": "once_a_day", "wash_management": "yes", "wash_ngo_support": "no", "water_point": "yes", "water_point_improved": "Tubular_well_borehole_well_protected_rainwater_tanker", "water_point_location": "yes", "water_point_number": "1", "water_point_type": "improved", "water_point_usability": "1", "consent": "yes", "toilets:disposal": "flush", "wash_funding": "no", "addr:street": null, "building:levels": null, "building:material": null, "roof:material": null, "sector": null, "healthcare:speciality": null, "health_facility:type": null, "opening_hours": null, "name:fr": null, "name:es": null, "dispensing": null, "electricity": null, "emergency": null, "insurance:health": null, "operator:type": null, "water_source": null, "alt_name": null, "supervised": null, "survey:date": null, "addr:postcode": null, "place": null, "addr:housenumber": null, "name:ar": null, "wikidata": null, "wikipedia": null, "fixme": null, "barrier": null, "landuse": null, "building": null, "addr:hamlet": null, "secteur": null, "health_amenity:type": null, "name:de": null, "operational_status": null, "ocha:type": null, "short_name": null, "name:ja": null, "name:zh": null, "indoor": null, "material": null, "is_in:cercle": null }, "geometry": { "type": "Point", "coordinates": [ -7.9721354, 12.5801782 ] } },
{ "type": "Feature", "properties": { "element": "node", "id": 9436545048, "amenity": "hospital", "name": "Centre de Santé de Référence de la Commune 6", "pcode": null, "source": null, "start_date": null, "type": null, "wheelchair": null, "who:code_csref": null, "who:distance": null, "who:nbre_village": null, "operator": "government", "email": null, "name:en": null, "phone": "20202633", "healthcare": null, "addr:city": "Bamako", "addr:quarter": "Commune VI", "addr:suburb": "Sogoniko", "handwashing": "yes", "handwashing:soap": "yes", "handwashing_number": "16", "handwashing_station_distance": "yes", "handwashing_usability": "16", "latrine_emptying_service": "no", "note": null, "patient_female": "330", "patient_male": "60", "sanitation": "yes", "staff_count": "100", "staff_count:doctors": "52", "toilets:female": "yes", "toilets:num_chambers": "10", "toilets:staff": "yes", "wash_maintenance": "yes", "wash_maintenance_frequency": "once_a_day", "wash_management": "yes", "wash_ngo_support": "no", "water_point": "yes", "water_point_improved": "Channeled_on_the_ground_but_not_up_to_the_building_SOMAGEP", "water_point_location": "yes", "water_point_number": "1", "water_point_type": "improved", "water_point_usability": "1", "consent": "yes", "toilets:disposal": "pitlatrine", "wash_funding": "yes", "addr:street": null, "building:levels": null, "building:material": null, "roof:material": null, "sector": null, "healthcare:speciality": null, "health_facility:type": null, "opening_hours": null, "name:fr": null, "name:es": null, "dispensing": null, "electricity": null, "emergency": null, "insurance:health": null, "operator:type": null, "water_source": null, "alt_name": null, "supervised": null, "survey:date": null, "addr:postcode": null, "place": null, "addr:housenumber": null, "name:ar": null, "wikidata": null, "wikipedia": null, "fixme": null, "barrier": null, "landuse": null, "building": null, "addr:hamlet": null, "secteur": null, "health_amenity:type": null, "name:de": null, "operational_status": null, "ocha:type": null, "short_name": null, "name:ja": null, "name:zh": null, "indoor": null, "material": null, "is_in:cercle": null }, "geometry": { "type": "Point", "coordinates": [ -7.9665256, 12.6027421 ] } },
{ "type": "Feature", "properties": { "element": "node", "id": 9436587592, "amenity": "hospital", "name": "Centre de Santé Communautaire de Sokorodji et Dianeguela", "pcode": null, "source": null, "start_date": null, "type": null, "wheelchair": null, "who:code_csref": null, "who:distance": null, "who:nbre_village": null, "operator": "community", "email": null, "name:en": null, "phone": "66684141", "healthcare": null, "addr:city": "Bamako", "addr:quarter": "Commune VI", "addr:suburb": "Dianéguéla", "handwashing": "yes", "handwashing:soap": "no", "handwashing_number": "10", "handwashing_station_distance": "yes", "handwashing_usability": "10", "latrine_emptying_service": "no", "note": "L'Asacoso-dia est relié à deux quartiers ( Sokorodji et Dianeguela)", "patient_female": "20", "patient_male": "5", "sanitation": "yes", "staff_count": "22", "staff_count:doctors": "2", "toilets:female": "yes", "toilets:num_chambers": "2", "toilets:staff": "yes", "wash_maintenance": "yes", "wash_maintenance_frequency": "once_a_day", "wash_management": "no", "wash_ngo_support": "no", "water_point": "yes", "water_point_improved": "Channeled_on_the_ground_but_not_up_to_the_building_SOMAGEP", "water_point_location": "yes", "water_point_number": "2", "water_point_type": "improved", "water_point_usability": "2", "consent": "yes", "toilets:disposal": null, "wash_funding": null, "addr:street": null, "building:levels": null, "building:material": null, "roof:material": null, "sector": null, "healthcare:speciality": null, "health_facility:type": null, "opening_hours": null, "name:fr": null, "name:es": null, "dispensing": null, "electricity": null, "emergency": null, "insurance:health": null, "operator:type": null, "water_source": null, "alt_name": null, "supervised": null, "survey:date": null, "addr:postcode": null, "place": null, "addr:housenumber": null, "name:ar": null, "wikidata": null, "wikipedia": null, "fixme": null, "barrier": null, "landuse": null, "building": null, "addr:hamlet": null, "secteur": null, "health_amenity:type": null, "name:de": null, "operational_status": null, "ocha:type": null, "short_name": null, "name:ja": null, "name:zh": null, "indoor": null, "material": null, "is_in:cercle": null }, "geometry": { "type": "Point", "coordinates": [ -7.9499844, 12.6164016 ] } },
{ "type": "Feature", "properties": { "element": "node", "id": 9436716856, "amenity": "hospital", "name": "Association de Santé Communautaire de Sogoniko", "pcode": null, "source": null, "start_date": null, "type": null, "wheelchair": null, "who:code_csref": null, "who:distance": null, "who:nbre_village": null, "operator": "community", "email": null, "name:en": null, "phone": "76170964", "healthcare": null, "addr:city": "Bamako", "addr:quarter": "Commune VI", "addr:suburb": "Sogoniko", "handwashing": "yes", "handwashing:soap": "yes", "handwashing_number": "10", "handwashing_station_distance": "yes", "handwashing_usability": "10", "latrine_emptying_service": "no", "note": null, "patient_female": "15", "patient_male": "5", "sanitation": "yes", "staff_count": "19", "staff_count:doctors": "1", "toilets:female": "yes", "toilets:num_chambers": "3", "toilets:staff": "yes", "wash_maintenance": "yes", "wash_maintenance_frequency": "once_a_day", "wash_management": "yes", "wash_ngo_support": "no", "water_point": "yes", "water_point_improved": "Channeled_on_the_ground_but_not_up_to_the_building_SOMAGEP", "water_point_location": "yes", "water_point_number": "1", "water_point_type": "improved", "water_point_usability": "1", "consent": "yes", "toilets:disposal": null, "wash_funding": "no", "addr:street": null, "building:levels": null, "building:material": null, "roof:material": null, "sector": null, "healthcare:speciality": null, "health_facility:type": null, "opening_hours": null, "name:fr": null, "name:es": null, "dispensing": null, "electricity": null, "emergency": null, "insurance:health": null, "operator:type": null, "water_source": null, "alt_name": null, "supervised": null, "survey:date": null, "addr:postcode": null, "place": null, "addr:housenumber": null, "name:ar": null, "wikidata": null, "wikipedia": null, "fixme": null, "barrier": null, "landuse": null, "building": null, "addr:hamlet": null, "secteur": null, "health_amenity:type": null, "name:de": null, "operational_status": null, "ocha:type": null, "short_name": null, "name:ja": null, "name:zh": null, "indoor": null, "material": null, "is_in:cercle": null }, "geometry": { "type": "Point", "coordinates": [ -7.9648961, 12.6039939 ] } },
{ "type": "Feature", "properties": { "element": "node", "id": 9437042520, "amenity": "hospital", "name": "CSRef de Korofina", "pcode": null, "source": null, "start_date": null, "type": null, "wheelchair": null, "who:code_csref": null, "who:distance": null, "who:nbre_village": null, "operator": "GOUVERNEMENT", "email": null, "name:en": null, "phone": "20246064", "healthcare": "hospital", "addr:city": "Bamako", "addr:quarter": "Commune I", "addr:suburb": "Korofina Nord", "handwashing": "yes", "handwashing:soap": "yes", "handwashing_number": "5", "handwashing_station_distance": "yes", "handwashing_usability": "5", "latrine_emptying_service": "yes", "note": "L'hopital a besoin des matériaux médicaux", "patient_female": "30", "patient_male": "100", "sanitation": "yes", "staff_count": "50", "staff_count:doctors": "10", "toilets:female": "no", "toilets:num_chambers": "10", "toilets:staff": "yes", "wash_maintenance": "yes", "wash_maintenance_frequency": "once_a_day", "wash_management": "yes", "wash_ngo_support": "yes", "water_point": "yes", "water_point_improved": "Channeled_on_the_ground_but_not_up_to_the_building_SOMAGEP", "water_point_location": "yes", "water_point_number": "4", "water_point_type": "improved", "water_point_usability": "4", "consent": "yes", "toilets:disposal": "pitlatrine", "wash_funding": "yes", "addr:street": null, "building:levels": null, "building:material": null, "roof:material": null, "sector": null, "healthcare:speciality": null, "health_facility:type": null, "opening_hours": null, "name:fr": null, "name:es": null, "dispensing": null, "electricity": null, "emergency": "yes", "insurance:health": null, "operator:type": null, "water_source": null, "alt_name": null, "supervised": null, "survey:date": null, "addr:postcode": null, "place": null, "addr:housenumber": null, "name:ar": null, "wikidata": null, "wikipedia": null, "fixme": null, "barrier": null, "landuse": null, "building": null, "addr:hamlet": null, "secteur": null, "health_amenity:type": null, "name:de": null, "operational_status": null, "ocha:type": null, "short_name": null, "name:ja": null, "name:zh": null, "indoor": null, "material": null, "is_in:cercle": null }, "geometry": { "type": "Point", "coordinates": [ -7.9539742, 12.6687111 ] } },
{ "type": "Feature", "properties": { "element": "node", "id": 9452561797, "amenity": "hospital", "name": null, "pcode": null, "source": null, "start_date": null, "type": null, "wheelchair": null, "who:code_csref": null, "who:distance": null, "who:nbre_village": null, "operator": null, "email": null, "name:en": null, "phone": null, "healthcare": null, "addr:city": "Bamako", "addr:quarter": "Daoudabougou", "addr:suburb": "Commune V", "handwashing": null, "handwashing:soap": null, "handwashing_number": null, "handwashing_station_distance": null, "handwashing_usability": null, "latrine_emptying_service": null, "note": null, "patient_female": null, "patient_male": null, "sanitation": null, "staff_count": null, "staff_count:doctors": null, "toilets:female": null, "toilets:num_chambers": null, "toilets:staff": null, "wash_maintenance": null, "wash_maintenance_frequency": null, "wash_management": null, "wash_ngo_support": null, "water_point": null, "water_point_improved": null, "water_point_location": null, "water_point_number": null, "water_point_type": null, "water_point_usability": null, "consent": null, "toilets:disposal": null, "wash_funding": null, "addr:street": "Misiri carré", "building:levels": "1", "building:material": "cement_block", "roof:material": "concrete", "sector": "2", "healthcare:speciality": null, "health_facility:type": null, "opening_hours": null, "name:fr": null, "name:es": null, "dispensing": null, "electricity": null, "emergency": null, "insurance:health": null, "operator:type": null, "water_source": null, "alt_name": null, "supervised": null, "survey:date": null, "addr:postcode": null, "place": null, "addr:housenumber": null, "name:ar": null, "wikidata": null, "wikipedia": null, "fixme": null, "barrier": null, "landuse": null, "building": null, "addr:hamlet": null, "secteur": null, "health_amenity:type": null, "name:de": null, "operational_status": null, "ocha:type": null, "short_name": null, "name:ja": null, "name:zh": null, "indoor": null, "material": null, "is_in:cercle": null }, "geometry": { "type": "Point", "coordinates": [ -7.990988, 12.6013364 ] } },
{ "type": "Feature", "properties": { "element": "node", "id": 9456601959, "amenity": "hospital", "name": null, "pcode": null, "source": null, "start_date": null, "type": null, "wheelchair": null, "who:code_csref": null, "who:distance": null, "who:nbre_village": null, "operator": null, "email": null, "name:en": null, "phone": null, "healthcare": null, "addr:city": "Bamako", "addr:quarter": "daoudabougou", "addr:suburb": "commune v", "handwashing": null, "handwashing:soap": null, "handwashing_number": null, "handwashing_station_distance": null, "handwashing_usability": null, "latrine_emptying_service": null, "note": null, "patient_female": null, "patient_male": null, "sanitation": null, "staff_count": null, "staff_count:doctors": null, "toilets:female": null, "toilets:num_chambers": null, "toilets:staff": null, "wash_maintenance": null, "wash_maintenance_frequency": null, "wash_management": null, "wash_ngo_support": null, "water_point": null, "water_point_improved": null, "water_point_location": null, "water_point_number": null, "water_point_type": null, "water_point_usability": null, "consent": null, "toilets:disposal": null, "wash_funding": null, "addr:street": null, "building:levels": null, "building:material": "cement blocks", "roof:material": "concrete", "sector": "3", "healthcare:speciality": null, "health_facility:type": null, "opening_hours": null, "name:fr": null, "name:es": null, "dispensing": null, "electricity": null, "emergency": null, "insurance:health": null, "operator:type": null, "water_source": null, "alt_name": null, "supervised": null, "survey:date": null, "addr:postcode": null, "place": null, "addr:housenumber": null, "name:ar": null, "wikidata": null, "wikipedia": null, "fixme": null, "barrier": null, "landuse": null, "building": null, "addr:hamlet": null, "secteur": null, "health_amenity:type": null, "name:de": null, "operational_status": null, "ocha:type": null, "short_name": null, "name:ja": null, "name:zh": null, "indoor": null, "material": null, "is_in:cercle": null }, "geometry": { "type": "Point", "coordinates": [ -7.9887098, 12.5913331 ] } },
{ "type": "Feature", "properties": { "element": "node", "id": 9466121057, "amenity": "hospital", "name": "centre de sante", "pcode": null, "source": null, "start_date": null, "type": null, "wheelchair": null, "who:code_csref": null, "who:distance": null, "who:nbre_village": null, "operator": null, "email": null, "name:en": null, "phone": null, "healthcare": null, "addr:city": "Bamako", "addr:quarter": "daoudabougou", "addr:suburb": "Commune V", "handwashing": null, "handwashing:soap": null, "handwashing_number": null, "handwashing_station_distance": null, "handwashing_usability": null, "latrine_emptying_service": null, "note": null, "patient_female": null, "patient_male": null, "sanitation": null, "staff_count": null, "staff_count:doctors": null, "toilets:female": null, "toilets:num_chambers": null, "toilets:staff": null, "wash_maintenance": null, "wash_maintenance_frequency": null, "wash_management": null, "wash_ngo_support": null, "water_point": null, "water_point_improved": null, "water_point_location": null, "water_point_number": null, "water_point_type": null, "water_point_usability": null, "consent": null, "toilets:disposal": null, "wash_funding": null, "addr:street": null, "building:levels": "1", "building:material": "cement_block", "roof:material": "concrete", "sector": "1", "healthcare:speciality": null, "health_facility:type": null, "opening_hours": null, "name:fr": null, "name:es": null, "dispensing": null, "electricity": null, "emergency": null, "insurance:health": null, "operator:type": null, "water_source": null, "alt_name": null, "supervised": null, "survey:date": null, "addr:postcode": null, "place": null, "addr:housenumber": null, "name:ar": null, "wikidata": null, "wikipedia": null, "fixme": null, "barrier": null, "landuse": null, "building": null, "addr:hamlet": null, "secteur": null, "health_amenity:type": null, "name:de": null, "operational_status": null, "ocha:type": null, "short_name": null, "name:ja": null, "name:zh": null, "indoor": null, "material": null, "is_in:cercle": null }, "geometry": { "type": "Point", "coordinates": [ -7.9868362, 12.6038951 ] } },
{ "type": "Feature", "properties": { "element": "node", "id": 9471405828, "amenity": "hospital", "name": "clinic", "pcode": null, "source": null, "start_date": null, "type": null, "wheelchair": null, "who:code_csref": null, "who:distance": null, "who:nbre_village": null, "operator": null, "email": null, "name:en": null, "phone": null, "healthcare": null, "addr:city": "Bamako", "addr:quarter": "Niamakoro", "addr:suburb": "Commune VI", "handwashing": null, "handwashing:soap": null, "handwashing_number": null, "handwashing_station_distance": null, "handwashing_usability": null, "latrine_emptying_service": null, "note": null, "patient_female": null, "patient_male": null, "sanitation": null, "staff_count": null, "staff_count:doctors": null, "toilets:female": null, "toilets:num_chambers": null, "toilets:staff": null, "wash_maintenance": null, "wash_maintenance_frequency": null, "wash_management": null, "wash_ngo_support": null, "water_point": null, "water_point_improved": null, "water_point_location": null, "water_point_number": null, "water_point_type": null, "water_point_usability": null, "consent": null, "toilets:disposal": null, "wash_funding": null, "addr:street": "UNISEF", "building:levels": "1", "building:material": "cement_block", "roof:material": "concrete", "sector": "Cité UNISE", "healthcare:speciality": null, "health_facility:type": null, "opening_hours": null, "name:fr": null, "name:es": null, "dispensing": null, "electricity": null, "emergency": null, "insurance:health": null, "operator:type": null, "water_source": null, "alt_name": null, "supervised": null, "survey:date": null, "addr:postcode": null, "place": null, "addr:housenumber": null, "name:ar": null, "wikidata": null, "wikipedia": null, "fixme": null, "barrier": null, "landuse": null, "building": null, "addr:hamlet": null, "secteur": null, "health_amenity:type": null, "name:de": null, "operational_status": null, "ocha:type": null, "short_name": null, "name:ja": null, "name:zh": null, "indoor": null, "material": null, "is_in:cercle": null }, "geometry": { "type": "Point", "coordinates": [ -7.9727731, 12.6016074 ] } },
{ "type": "Feature", "properties": { "element": "node", "id": 9474273261, "amenity": "hospital", "name": null, "pcode": null, "source": null, "start_date": null, "type": null, "wheelchair": null, "who:code_csref": null, "who:distance": null, "who:nbre_village": null, "operator": null, "email": null, "name:en": null, "phone": null, "healthcare": null, "addr:city": "Bamako", "addr:quarter": "Niamakoro", "addr:suburb": "Commune VI", "handwashing": null, "handwashing:soap": null, "handwashing_number": null, "handwashing_station_distance": null, "handwashing_usability": null, "latrine_emptying_service": null, "note": null, "patient_female": null, "patient_male": null, "sanitation": null, "staff_count": null, "staff_count:doctors": null, "toilets:female": null, "toilets:num_chambers": null, "toilets:staff": null, "wash_maintenance": null, "wash_maintenance_frequency": null, "wash_management": null, "wash_ngo_support": null, "water_point": null, "water_point_improved": null, "water_point_location": null, "water_point_number": null, "water_point_type": null, "water_point_usability": null, "consent": null, "toilets:disposal": null, "wash_funding": null, "addr:street": null, "building:levels": "2", "building:material": "cement_block", "roof:material": "concrete", "sector": "Goudronba da", "healthcare:speciality": null, "health_facility:type": null, "opening_hours": null, "name:fr": null, "name:es": null, "dispensing": null, "electricity": null, "emergency": null, "insurance:health": null, "operator:type": null, "water_source": null, "alt_name": null, "supervised": null, "survey:date": null, "addr:postcode": null, "place": null, "addr:housenumber": null, "name:ar": null, "wikidata": null, "wikipedia": null, "fixme": null, "barrier": null, "landuse": null, "building": null, "addr:hamlet": null, "secteur": null, "health_amenity:type": null, "name:de": null, "operational_status": null, "ocha:type": null, "short_name": null, "name:ja": null, "name:zh": null, "indoor": null, "material": null, "is_in:cercle": null }, "geometry": { "type": "Point", "coordinates": [ -7.9650638, 12.5736564 ] } },
{ "type": "Feature", "properties": { "element": "node", "id": 9476168622, "amenity": "hospital", "name": "Pharmacie Mamou Pharm", "pcode": null, "source": null, "start_date": null, "type": null, "wheelchair": null, "who:code_csref": null, "who:distance": null, "who:nbre_village": null, "operator": null, "email": null, "name:en": null, "phone": null, "healthcare": null, "addr:city": "Bamako", "addr:quarter": "Niamakoro", "addr:suburb": "Commune VI", "handwashing": null, "handwashing:soap": null, "handwashing_number": null, "handwashing_station_distance": null, "handwashing_usability": null, "latrine_emptying_service": null, "note": null, "patient_female": null, "patient_male": null, "sanitation": null, "staff_count": null, "staff_count:doctors": null, "toilets:female": null, "toilets:num_chambers": null, "toilets:staff": null, "wash_maintenance": null, "wash_maintenance_frequency": null, "wash_management": null, "wash_ngo_support": null, "water_point": null, "water_point_improved": null, "water_point_location": null, "water_point_number": null, "water_point_type": null, "water_point_usability": null, "consent": null, "toilets:disposal": null, "wash_funding": null, "addr:street": null, "building:levels": "1", "building:material": "cement_block", "roof:material": "concrete", "sector": "Ancien marché", "healthcare:speciality": null, "health_facility:type": null, "opening_hours": null, "name:fr": null, "name:es": null, "dispensing": null, "electricity": null, "emergency": null, "insurance:health": null, "operator:type": null, "water_source": null, "alt_name": null, "supervised": null, "survey:date": null, "addr:postcode": null, "place": null, "addr:housenumber": null, "name:ar": null, "wikidata": null, "wikipedia": null, "fixme": null, "barrier": null, "landuse": null, "building": null, "addr:hamlet": null, "secteur": null, "health_amenity:type": null, "name:de": null, "operational_status": null, "ocha:type": null, "short_name": null, "name:ja": null, "name:zh": null, "indoor": null, "material": null, "is_in:cercle": null }, "geometry": { "type": "Point", "coordinates": [ -7.9721129, 12.5805476 ] } },
{ "type": "Feature", "properties": { "element": "node", "id": 9522694361, "amenity": "hospital", "name": "Maternité de Mounzoun", "pcode": null, "source": null, "start_date": null, "type": null, "wheelchair": null, "who:code_csref": null, "who:distance": null, "who:nbre_village": null, "operator": null, "email": null, "name:en": null, "phone": null, "healthcare": null, "addr:city": null, "addr:quarter": null, "addr:suburb": null, "handwashing": null, "handwashing:soap": null, "handwashing_number": null, "handwashing_station_distance": null, "handwashing_usability": null, "latrine_emptying_service": null, "note": null, "patient_female": null, "patient_male": null, "sanitation": null, "staff_count": null, "staff_count:doctors": null, "toilets:female": null, "toilets:num_chambers": null, "toilets:staff": null, "wash_maintenance": null, "wash_maintenance_frequency": null, "wash_management": null, "wash_ngo_support": null, "water_point": null, "water_point_improved": null, "water_point_location": null, "water_point_number": null, "water_point_type": null, "water_point_usability": null, "consent": null, "toilets:disposal": null, "wash_funding": null, "addr:street": null, "building:levels": null, "building:material": null, "roof:material": null, "sector": null, "healthcare:speciality": null, "health_facility:type": null, "opening_hours": null, "name:fr": null, "name:es": null, "dispensing": null, "electricity": null, "emergency": null, "insurance:health": null, "operator:type": null, "water_source": null, "alt_name": null, "supervised": null, "survey:date": null, "addr:postcode": null, "place": null, "addr:housenumber": null, "name:ar": null, "wikidata": null, "wikipedia": null, "fixme": null, "barrier": null, "landuse": null, "building": null, "addr:hamlet": null, "secteur": null, "health_amenity:type": null, "name:de": null, "operational_status": null, "ocha:type": null, "short_name": null, "name:ja": null, "name:zh": null, "indoor": null, "material": null, "is_in:cercle": null }, "geometry": { "type": "Point", "coordinates": [ -7.6640438, 12.4986814 ] } },
{ "type": "Feature", "properties": { "element": "node", "id": 9535687619, "amenity": "hospital", "name": "CSCOM de Sido", "pcode": null, "source": null, "start_date": null, "type": null, "wheelchair": null, "who:code_csref": null, "who:distance": null, "who:nbre_village": null, "operator": null, "email": null, "name:en": null, "phone": null, "healthcare": "hospital", "addr:city": null, "addr:quarter": null, "addr:suburb": null, "handwashing": null, "handwashing:soap": null, "handwashing_number": null, "handwashing_station_distance": null, "handwashing_usability": null, "latrine_emptying_service": null, "note": null, "patient_female": null, "patient_male": null, "sanitation": null, "staff_count": null, "staff_count:doctors": null, "toilets:female": null, "toilets:num_chambers": null, "toilets:staff": null, "wash_maintenance": null, "wash_maintenance_frequency": null, "wash_management": null, "wash_ngo_support": null, "water_point": null, "water_point_improved": null, "water_point_location": null, "water_point_number": null, "water_point_type": null, "water_point_usability": null, "consent": null, "toilets:disposal": null, "wash_funding": null, "addr:street": null, "building:levels": null, "building:material": null, "roof:material": null, "sector": null, "healthcare:speciality": null, "health_facility:type": null, "opening_hours": null, "name:fr": null, "name:es": null, "dispensing": null, "electricity": null, "emergency": null, "insurance:health": null, "operator:type": null, "water_source": null, "alt_name": null, "supervised": null, "survey:date": null, "addr:postcode": null, "place": null, "addr:housenumber": null, "name:ar": null, "wikidata": null, "wikipedia": null, "fixme": null, "barrier": null, "landuse": null, "building": null, "addr:hamlet": null, "secteur": null, "health_amenity:type": null, "name:de": null, "operational_status": null, "ocha:type": null, "short_name": null, "name:ja": null, "name:zh": null, "indoor": null, "material": null, "is_in:cercle": null }, "geometry": { "type": "Point", "coordinates": [ -7.6020165, 11.6686459 ] } },
{ "type": "Feature", "properties": { "element": "node", "id": 9537479694, "amenity": "hospital", "name": "CSCOM de Ouroun", "pcode": null, "source": null, "start_date": null, "type": null, "wheelchair": null, "who:code_csref": null, "who:distance": null, "who:nbre_village": null, "operator": null, "email": null, "name:en": null, "phone": null, "healthcare": "hospital", "addr:city": null, "addr:quarter": null, "addr:suburb": null, "handwashing": null, "handwashing:soap": null, "handwashing_number": null, "handwashing_station_distance": null, "handwashing_usability": null, "latrine_emptying_service": null, "note": null, "patient_female": null, "patient_male": null, "sanitation": null, "staff_count": null, "staff_count:doctors": null, "toilets:female": null, "toilets:num_chambers": null, "toilets:staff": null, "wash_maintenance": null, "wash_maintenance_frequency": null, "wash_management": null, "wash_ngo_support": null, "water_point": null, "water_point_improved": null, "water_point_location": null, "water_point_number": null, "water_point_type": null, "water_point_usability": null, "consent": null, "toilets:disposal": null, "wash_funding": null, "addr:street": null, "building:levels": null, "building:material": null, "roof:material": null, "sector": null, "healthcare:speciality": null, "health_facility:type": null, "opening_hours": null, "name:fr": null, "name:es": null, "dispensing": null, "electricity": null, "emergency": null, "insurance:health": null, "operator:type": null, "water_source": null, "alt_name": null, "supervised": null, "survey:date": null, "addr:postcode": null, "place": null, "addr:housenumber": null, "name:ar": null, "wikidata": null, "wikipedia": null, "fixme": null, "barrier": null, "landuse": null, "building": null, "addr:hamlet": null, "secteur": null, "health_amenity:type": null, "name:de": null, "operational_status": null, "ocha:type": null, "short_name": null, "name:ja": null, "name:zh": null, "indoor": null, "material": null, "is_in:cercle": null }, "geometry": { "type": "Point", "coordinates": [ -7.923141, 11.7066036 ] } },
{ "type": "Feature", "properties": { "element": "node", "id": 9540452193, "amenity": "hospital", "name": "Maternite Rurale de Nansala", "pcode": null, "source": null, "start_date": null, "type": null, "wheelchair": null, "who:code_csref": null, "who:distance": null, "who:nbre_village": null, "operator": null, "email": null, "name:en": null, "phone": null, "healthcare": "hospital", "addr:city": null, "addr:quarter": null, "addr:suburb": null, "handwashing": null, "handwashing:soap": null, "handwashing_number": null, "handwashing_station_distance": null, "handwashing_usability": null, "latrine_emptying_service": null, "note": null, "patient_female": null, "patient_male": null, "sanitation": null, "staff_count": null, "staff_count:doctors": null, "toilets:female": null, "toilets:num_chambers": null, "toilets:staff": null, "wash_maintenance": null, "wash_maintenance_frequency": null, "wash_management": null, "wash_ngo_support": null, "water_point": null, "water_point_improved": null, "water_point_location": null, "water_point_number": null, "water_point_type": null, "water_point_usability": null, "consent": null, "toilets:disposal": null, "wash_funding": null, "addr:street": null, "building:levels": null, "building:material": null, "roof:material": null, "sector": null, "healthcare:speciality": null, "health_facility:type": null, "opening_hours": null, "name:fr": null, "name:es": null, "dispensing": null, "electricity": null, "emergency": null, "insurance:health": null, "operator:type": null, "water_source": null, "alt_name": null, "supervised": null, "survey:date": null, "addr:postcode": null, "place": null, "addr:housenumber": null, "name:ar": null, "wikidata": null, "wikipedia": null, "fixme": null, "barrier": null, "landuse": null, "building": null, "addr:hamlet": null, "secteur": null, "health_amenity:type": null, "name:de": null, "operational_status": null, "ocha:type": null, "short_name": null, "name:ja": null, "name:zh": null, "indoor": null, "material": null, "is_in:cercle": null }, "geometry": { "type": "Point", "coordinates": [ -7.8755661, 11.6558957 ] } },
{ "type": "Feature", "properties": { "element": "node", "id": 9563608354, "amenity": "hospital", "name": "CSCom de Beko Sokoro", "pcode": null, "source": null, "start_date": null, "type": null, "wheelchair": null, "who:code_csref": null, "who:distance": null, "who:nbre_village": null, "operator": null, "email": null, "name:en": null, "phone": null, "healthcare": null, "addr:city": null, "addr:quarter": null, "addr:suburb": null, "handwashing": null, "handwashing:soap": null, "handwashing_number": null, "handwashing_station_distance": null, "handwashing_usability": null, "latrine_emptying_service": null, "note": null, "patient_female": null, "patient_male": null, "sanitation": null, "staff_count": null, "staff_count:doctors": null, "toilets:female": null, "toilets:num_chambers": null, "toilets:staff": null, "wash_maintenance": null, "wash_maintenance_frequency": null, "wash_management": null, "wash_ngo_support": null, "water_point": null, "water_point_improved": null, "water_point_location": null, "water_point_number": null, "water_point_type": null, "water_point_usability": null, "consent": null, "toilets:disposal": null, "wash_funding": null, "addr:street": null, "building:levels": null, "building:material": null, "roof:material": null, "sector": null, "healthcare:speciality": null, "health_facility:type": null, "opening_hours": null, "name:fr": null, "name:es": null, "dispensing": null, "electricity": null, "emergency": null, "insurance:health": null, "operator:type": null, "water_source": null, "alt_name": null, "supervised": null, "survey:date": null, "addr:postcode": null, "place": null, "addr:housenumber": null, "name:ar": null, "wikidata": null, "wikipedia": null, "fixme": null, "barrier": null, "landuse": null, "building": null, "addr:hamlet": null, "secteur": null, "health_amenity:type": null, "name:de": null, "operational_status": null, "ocha:type": null, "short_name": null, "name:ja": null, "name:zh": null, "indoor": null, "material": null, "is_in:cercle": null }, "geometry": { "type": "Point", "coordinates": [ -7.3520704, 11.3180453 ] } },
{ "type": "Feature", "properties": { "element": "node", "id": 9563611990, "amenity": "hospital", "name": "CSCOM de Koumantou", "pcode": null, "source": null, "start_date": null, "type": null, "wheelchair": null, "who:code_csref": null, "who:distance": null, "who:nbre_village": null, "operator": null, "email": null, "name:en": null, "phone": null, "healthcare": null, "addr:city": null, "addr:quarter": null, "addr:suburb": null, "handwashing": null, "handwashing:soap": null, "handwashing_number": null, "handwashing_station_distance": null, "handwashing_usability": null, "latrine_emptying_service": null, "note": null, "patient_female": null, "patient_male": null, "sanitation": null, "staff_count": null, "staff_count:doctors": null, "toilets:female": null, "toilets:num_chambers": null, "toilets:staff": null, "wash_maintenance": null, "wash_maintenance_frequency": null, "wash_management": null, "wash_ngo_support": null, "water_point": null, "water_point_improved": null, "water_point_location": null, "water_point_number": null, "water_point_type": null, "water_point_usability": null, "consent": null, "toilets:disposal": null, "wash_funding": null, "addr:street": null, "building:levels": null, "building:material": null, "roof:material": null, "sector": null, "healthcare:speciality": null, "health_facility:type": null, "opening_hours": null, "name:fr": null, "name:es": null, "dispensing": null, "electricity": null, "emergency": null, "insurance:health": null, "operator:type": null, "water_source": null, "alt_name": null, "supervised": null, "survey:date": null, "addr:postcode": null, "place": null, "addr:housenumber": null, "name:ar": null, "wikidata": null, "wikipedia": null, "fixme": null, "barrier": null, "landuse": null, "building": null, "addr:hamlet": null, "secteur": null, "health_amenity:type": null, "name:de": null, "operational_status": null, "ocha:type": null, "short_name": null, "name:ja": null, "name:zh": null, "indoor": null, "material": null, "is_in:cercle": null }, "geometry": { "type": "Point", "coordinates": [ -6.8478821, 11.4077645 ] } },
{ "type": "Feature", "properties": { "element": "node", "id": 9565388200, "amenity": "hospital", "name": "CSCOM de Bougouni Nord", "pcode": null, "source": null, "start_date": null, "type": null, "wheelchair": null, "who:code_csref": null, "who:distance": null, "who:nbre_village": null, "operator": null, "email": null, "name:en": null, "phone": null, "healthcare": "hospital", "addr:city": null, "addr:quarter": null, "addr:suburb": null, "handwashing": null, "handwashing:soap": null, "handwashing_number": null, "handwashing_station_distance": null, "handwashing_usability": null, "latrine_emptying_service": null, "note": null, "patient_female": null, "patient_male": null, "sanitation": null, "staff_count": null, "staff_count:doctors": null, "toilets:female": null, "toilets:num_chambers": null, "toilets:staff": null, "wash_maintenance": null, "wash_maintenance_frequency": null, "wash_management": null, "wash_ngo_support": null, "water_point": null, "water_point_improved": null, "water_point_location": null, "water_point_number": null, "water_point_type": null, "water_point_usability": null, "consent": null, "toilets:disposal": null, "wash_funding": null, "addr:street": null, "building:levels": null, "building:material": null, "roof:material": null, "sector": null, "healthcare:speciality": null, "health_facility:type": null, "opening_hours": null, "name:fr": null, "name:es": null, "dispensing": null, "electricity": null, "emergency": null, "insurance:health": null, "operator:type": null, "water_source": null, "alt_name": null, "supervised": null, "survey:date": null, "addr:postcode": null, "place": null, "addr:housenumber": null, "name:ar": null, "wikidata": null, "wikipedia": null, "fixme": null, "barrier": null, "landuse": null, "building": null, "addr:hamlet": null, "secteur": null, "health_amenity:type": null, "name:de": null, "operational_status": null, "ocha:type": null, "short_name": null, "name:ja": null, "name:zh": null, "indoor": null, "material": null, "is_in:cercle": null }, "geometry": { "type": "Point", "coordinates": [ -7.4875308, 11.4323838 ] } },
{ "type": "Feature", "properties": { "element": "node", "id": 9585536330, "amenity": "hospital", "name": "Centre de Santé de Banantoumou", "pcode": null, "source": null, "start_date": null, "type": null, "wheelchair": null, "who:code_csref": null, "who:distance": null, "who:nbre_village": null, "operator": null, "email": null, "name:en": null, "phone": null, "healthcare": "hospital", "addr:city": null, "addr:quarter": null, "addr:suburb": null, "handwashing": null, "handwashing:soap": null, "handwashing_number": null, "handwashing_station_distance": null, "handwashing_usability": null, "latrine_emptying_service": null, "note": null, "patient_female": null, "patient_male": null, "sanitation": null, "staff_count": null, "staff_count:doctors": null, "toilets:female": null, "toilets:num_chambers": null, "toilets:staff": null, "wash_maintenance": null, "wash_maintenance_frequency": null, "wash_management": null, "wash_ngo_support": null, "water_point": null, "water_point_improved": null, "water_point_location": null, "water_point_number": null, "water_point_type": null, "water_point_usability": null, "consent": null, "toilets:disposal": null, "wash_funding": null, "addr:street": null, "building:levels": null, "building:material": null, "roof:material": null, "sector": null, "healthcare:speciality": null, "health_facility:type": null, "opening_hours": null, "name:fr": null, "name:es": null, "dispensing": null, "electricity": null, "emergency": null, "insurance:health": null, "operator:type": null, "water_source": null, "alt_name": null, "supervised": null, "survey:date": null, "addr:postcode": null, "place": null, "addr:housenumber": null, "name:ar": null, "wikidata": null, "wikipedia": null, "fixme": null, "barrier": null, "landuse": null, "building": null, "addr:hamlet": null, "secteur": null, "health_amenity:type": null, "name:de": null, "operational_status": null, "ocha:type": null, "short_name": null, "name:ja": null, "name:zh": null, "indoor": null, "material": null, "is_in:cercle": null }, "geometry": { "type": "Point", "coordinates": [ -7.6932007, 11.739694 ] } },
{ "type": "Feature", "properties": { "element": "node", "id": 9586673352, "amenity": "hospital", "name": "Maternité de Dinkelena", "pcode": null, "source": null, "start_date": null, "type": null, "wheelchair": null, "who:code_csref": null, "who:distance": null, "who:nbre_village": null, "operator": null, "email": null, "name:en": null, "phone": null, "healthcare": null, "addr:city": null, "addr:quarter": null, "addr:suburb": null, "handwashing": null, "handwashing:soap": null, "handwashing_number": null, "handwashing_station_distance": null, "handwashing_usability": null, "latrine_emptying_service": null, "note": null, "patient_female": null, "patient_male": null, "sanitation": null, "staff_count": null, "staff_count:doctors": null, "toilets:female": null, "toilets:num_chambers": null, "toilets:staff": null, "wash_maintenance": null, "wash_maintenance_frequency": null, "wash_management": null, "wash_ngo_support": null, "water_point": null, "water_point_improved": null, "water_point_location": null, "water_point_number": null, "water_point_type": null, "water_point_usability": null, "consent": null, "toilets:disposal": null, "wash_funding": null, "addr:street": null, "building:levels": null, "building:material": null, "roof:material": null, "sector": null, "healthcare:speciality": null, "health_facility:type": null, "opening_hours": null, "name:fr": null, "name:es": null, "dispensing": null, "electricity": null, "emergency": null, "insurance:health": null, "operator:type": null, "water_source": null, "alt_name": null, "supervised": null, "survey:date": null, "addr:postcode": null, "place": null, "addr:housenumber": null, "name:ar": null, "wikidata": null, "wikipedia": null, "fixme": null, "barrier": null, "landuse": null, "building": null, "addr:hamlet": null, "secteur": null, "health_amenity:type": null, "name:de": null, "operational_status": null, "ocha:type": null, "short_name": null, "name:ja": null, "name:zh": null, "indoor": null, "material": null, "is_in:cercle": null }, "geometry": { "type": "Point", "coordinates": [ -7.7352454, 11.4770425 ] } },
{ "type": "Feature", "properties": { "element": "node", "id": 9646945017, "amenity": "hospital", "name": "Kossambougou", "pcode": null, "source": null, "start_date": null, "type": null, "wheelchair": null, "who:code_csref": null, "who:distance": null, "who:nbre_village": null, "operator": null, "email": null, "name:en": null, "phone": null, "healthcare": "hospital", "addr:city": null, "addr:quarter": null, "addr:suburb": null, "handwashing": null, "handwashing:soap": null, "handwashing_number": null, "handwashing_station_distance": null, "handwashing_usability": null, "latrine_emptying_service": null, "note": null, "patient_female": null, "patient_male": null, "sanitation": null, "staff_count": null, "staff_count:doctors": null, "toilets:female": null, "toilets:num_chambers": null, "toilets:staff": null, "wash_maintenance": null, "wash_maintenance_frequency": null, "wash_management": null, "wash_ngo_support": null, "water_point": null, "water_point_improved": null, "water_point_location": null, "water_point_number": null, "water_point_type": null, "water_point_usability": null, "consent": null, "toilets:disposal": null, "wash_funding": null, "addr:street": null, "building:levels": null, "building:material": null, "roof:material": null, "sector": null, "healthcare:speciality": null, "health_facility:type": null, "opening_hours": null, "name:fr": null, "name:es": null, "dispensing": null, "electricity": null, "emergency": null, "insurance:health": null, "operator:type": null, "water_source": null, "alt_name": null, "supervised": null, "survey:date": null, "addr:postcode": null, "place": null, "addr:housenumber": null, "name:ar": null, "wikidata": null, "wikipedia": null, "fixme": null, "barrier": null, "landuse": null, "building": null, "addr:hamlet": null, "secteur": null, "health_amenity:type": null, "name:de": null, "operational_status": null, "ocha:type": null, "short_name": null, "name:ja": null, "name:zh": null, "indoor": null, "material": null, "is_in:cercle": null }, "geometry": { "type": "Point", "coordinates": [ -8.6227322, 14.3874834 ] } },
{ "type": "Feature", "properties": { "element": "node", "id": 9761698162, "amenity": "hospital", "name": "CSCOM de Kirango", "pcode": null, "source": null, "start_date": null, "type": null, "wheelchair": null, "who:code_csref": null, "who:distance": null, "who:nbre_village": null, "operator": "Communauté", "email": null, "name:en": null, "phone": null, "healthcare": null, "addr:city": null, "addr:quarter": null, "addr:suburb": null, "handwashing": null, "handwashing:soap": null, "handwashing_number": null, "handwashing_station_distance": null, "handwashing_usability": null, "latrine_emptying_service": null, "note": null, "patient_female": null, "patient_male": null, "sanitation": null, "staff_count": null, "staff_count:doctors": null, "toilets:female": null, "toilets:num_chambers": null, "toilets:staff": null, "wash_maintenance": null, "wash_maintenance_frequency": null, "wash_management": null, "wash_ngo_support": null, "water_point": null, "water_point_improved": null, "water_point_location": null, "water_point_number": null, "water_point_type": null, "water_point_usability": null, "consent": null, "toilets:disposal": null, "wash_funding": null, "addr:street": null, "building:levels": null, "building:material": null, "roof:material": null, "sector": null, "healthcare:speciality": null, "health_facility:type": null, "opening_hours": null, "name:fr": null, "name:es": null, "dispensing": null, "electricity": null, "emergency": null, "insurance:health": null, "operator:type": null, "water_source": null, "alt_name": null, "supervised": null, "survey:date": null, "addr:postcode": null, "place": null, "addr:housenumber": null, "name:ar": null, "wikidata": null, "wikipedia": null, "fixme": null, "barrier": null, "landuse": null, "building": null, "addr:hamlet": null, "secteur": null, "health_amenity:type": null, "name:de": null, "operational_status": null, "ocha:type": null, "short_name": null, "name:ja": null, "name:zh": null, "indoor": null, "material": null, "is_in:cercle": null }, "geometry": { "type": "Point", "coordinates": [ -6.0701072, 13.7001097 ] } },
{ "type": "Feature", "properties": { "element": "node", "id": 9799073687, "amenity": "hospital", "name": "CSCOM de Diamarabougou", "pcode": null, "source": null, "start_date": null, "type": null, "wheelchair": null, "who:code_csref": null, "who:distance": null, "who:nbre_village": null, "operator": "Communauté", "email": null, "name:en": null, "phone": null, "healthcare": null, "addr:city": null, "addr:quarter": null, "addr:suburb": null, "handwashing": null, "handwashing:soap": null, "handwashing_number": null, "handwashing_station_distance": null, "handwashing_usability": null, "latrine_emptying_service": null, "note": null, "patient_female": null, "patient_male": null, "sanitation": null, "staff_count": null, "staff_count:doctors": null, "toilets:female": null, "toilets:num_chambers": null, "toilets:staff": null, "wash_maintenance": null, "wash_maintenance_frequency": null, "wash_management": null, "wash_ngo_support": null, "water_point": null, "water_point_improved": null, "water_point_location": null, "water_point_number": null, "water_point_type": null, "water_point_usability": null, "consent": null, "toilets:disposal": null, "wash_funding": null, "addr:street": null, "building:levels": null, "building:material": null, "roof:material": null, "sector": null, "healthcare:speciality": null, "health_facility:type": null, "opening_hours": null, "name:fr": null, "name:es": null, "dispensing": null, "electricity": null, "emergency": null, "insurance:health": null, "operator:type": null, "water_source": null, "alt_name": null, "supervised": null, "survey:date": null, "addr:postcode": null, "place": null, "addr:housenumber": null, "name:ar": null, "wikidata": null, "wikipedia": null, "fixme": null, "barrier": null, "landuse": null, "building": null, "addr:hamlet": null, "secteur": null, "health_amenity:type": null, "name:de": null, "operational_status": null, "ocha:type": null, "short_name": null, "name:ja": null, "name:zh": null, "indoor": null, "material": null, "is_in:cercle": null }, "geometry": { "type": "Point", "coordinates": [ -6.0724729, 13.6776692 ] } },
{ "type": "Feature", "properties": { "element": "node", "id": 9954832034, "amenity": "hospital", "name": "CSCOM de Temou", "pcode": null, "source": null, "start_date": null, "type": null, "wheelchair": null, "who:code_csref": null, "who:distance": null, "who:nbre_village": null, "operator": null, "email": null, "name:en": null, "phone": null, "healthcare": null, "addr:city": null, "addr:quarter": null, "addr:suburb": null, "handwashing": null, "handwashing:soap": null, "handwashing_number": null, "handwashing_station_distance": null, "handwashing_usability": null, "latrine_emptying_service": null, "note": null, "patient_female": null, "patient_male": null, "sanitation": null, "staff_count": null, "staff_count:doctors": null, "toilets:female": null, "toilets:num_chambers": null, "toilets:staff": null, "wash_maintenance": null, "wash_maintenance_frequency": null, "wash_management": null, "wash_ngo_support": null, "water_point": null, "water_point_improved": null, "water_point_location": null, "water_point_number": null, "water_point_type": null, "water_point_usability": null, "consent": null, "toilets:disposal": null, "wash_funding": null, "addr:street": null, "building:levels": null, "building:material": null, "roof:material": null, "sector": null, "healthcare:speciality": null, "health_facility:type": null, "opening_hours": null, "name:fr": null, "name:es": null, "dispensing": null, "electricity": null, "emergency": null, "insurance:health": null, "operator:type": null, "water_source": null, "alt_name": null, "supervised": null, "survey:date": null, "addr:postcode": null, "place": null, "addr:housenumber": null, "name:ar": null, "wikidata": null, "wikipedia": null, "fixme": null, "barrier": null, "landuse": null, "building": null, "addr:hamlet": null, "secteur": null, "health_amenity:type": null, "name:de": null, "operational_status": null, "ocha:type": null, "short_name": null, "name:ja": null, "name:zh": null, "indoor": null, "material": null, "is_in:cercle": null }, "geometry": { "type": "Point", "coordinates": [ -6.133335, 13.7389135 ] } },
{ "type": "Feature", "properties": { "element": "node", "id": 10030414717, "amenity": "hospital", "name": "CSCom de Kolongo", "pcode": null, "source": null, "start_date": null, "type": null, "wheelchair": null, "who:code_csref": null, "who:distance": null, "who:nbre_village": null, "operator": null, "email": null, "name:en": null, "phone": null, "healthcare": "yes", "addr:city": null, "addr:quarter": null, "addr:suburb": null, "handwashing": null, "handwashing:soap": null, "handwashing_number": null, "handwashing_station_distance": null, "handwashing_usability": null, "latrine_emptying_service": null, "note": null, "patient_female": null, "patient_male": null, "sanitation": null, "staff_count": null, "staff_count:doctors": null, "toilets:female": null, "toilets:num_chambers": null, "toilets:staff": null, "wash_maintenance": null, "wash_maintenance_frequency": null, "wash_management": null, "wash_ngo_support": null, "water_point": null, "water_point_improved": null, "water_point_location": null, "water_point_number": null, "water_point_type": null, "water_point_usability": null, "consent": null, "toilets:disposal": null, "wash_funding": null, "addr:street": null, "building:levels": null, "building:material": null, "roof:material": null, "sector": null, "healthcare:speciality": null, "health_facility:type": null, "opening_hours": "Mo-Sa 00:00-23:59", "name:fr": null, "name:es": null, "dispensing": null, "electricity": null, "emergency": null, "insurance:health": null, "operator:type": null, "water_source": null, "alt_name": null, "supervised": null, "survey:date": "2022-05-14", "addr:postcode": null, "place": null, "addr:housenumber": null, "name:ar": null, "wikidata": null, "wikipedia": null, "fixme": null, "barrier": null, "landuse": null, "building": null, "addr:hamlet": null, "secteur": null, "health_amenity:type": null, "name:de": null, "operational_status": null, "ocha:type": null, "short_name": null, "name:ja": null, "name:zh": null, "indoor": null, "material": null, "is_in:cercle": null }, "geometry": { "type": "Point", "coordinates": [ -5.6879442, 13.874223 ] } },
{ "type": "Feature", "properties": { "element": "node", "id": 10068394478, "amenity": "hospital", "name": "CSCOM", "pcode": null, "source": "YouthMappers at university of segou and virginia University", "start_date": null, "type": null, "wheelchair": null, "who:code_csref": null, "who:distance": null, "who:nbre_village": null, "operator": null, "email": null, "name:en": null, "phone": "77910764", "healthcare": null, "addr:city": null, "addr:quarter": null, "addr:suburb": null, "handwashing": null, "handwashing:soap": null, "handwashing_number": null, "handwashing_station_distance": null, "handwashing_usability": null, "latrine_emptying_service": null, "note": null, "patient_female": null, "patient_male": null, "sanitation": null, "staff_count": null, "staff_count:doctors": null, "toilets:female": null, "toilets:num_chambers": null, "toilets:staff": null, "wash_maintenance": null, "wash_maintenance_frequency": null, "wash_management": null, "wash_ngo_support": null, "water_point": null, "water_point_improved": null, "water_point_location": null, "water_point_number": null, "water_point_type": null, "water_point_usability": null, "consent": null, "toilets:disposal": null, "wash_funding": null, "addr:street": null, "building:levels": null, "building:material": null, "roof:material": null, "sector": null, "healthcare:speciality": null, "health_facility:type": null, "opening_hours": "24/7", "name:fr": null, "name:es": null, "dispensing": null, "electricity": null, "emergency": null, "insurance:health": null, "operator:type": "government", "water_source": null, "alt_name": "Darsalam", "supervised": "Université de Ségou/ OSM MALI", "survey:date": "2022-09-07", "addr:postcode": null, "place": null, "addr:housenumber": null, "name:ar": null, "wikidata": null, "wikipedia": null, "fixme": null, "barrier": null, "landuse": null, "building": null, "addr:hamlet": null, "secteur": null, "health_amenity:type": null, "name:de": null, "operational_status": null, "ocha:type": null, "short_name": null, "name:ja": null, "name:zh": null, "indoor": null, "material": null, "is_in:cercle": null }, "geometry": { "type": "Point", "coordinates": [ -6.2553218, 13.4320548 ] } },
{ "type": "Feature", "properties": { "element": "node", "id": 10068492381, "amenity": "hospital", "name": "Cscom Bananisabakoro", "pcode": null, "source": "Youthmappers At University Of Ségou", "start_date": null, "type": null, "wheelchair": null, "who:code_csref": null, "who:distance": null, "who:nbre_village": null, "operator": null, "email": null, "name:en": null, "phone": "76635628", "healthcare": null, "addr:city": null, "addr:quarter": null, "addr:suburb": null, "handwashing": null, "handwashing:soap": null, "handwashing_number": null, "handwashing_station_distance": null, "handwashing_usability": null, "latrine_emptying_service": null, "note": null, "patient_female": null, "patient_male": null, "sanitation": null, "staff_count": null, "staff_count:doctors": null, "toilets:female": null, "toilets:num_chambers": null, "toilets:staff": null, "wash_maintenance": null, "wash_maintenance_frequency": null, "wash_management": null, "wash_ngo_support": null, "water_point": null, "water_point_improved": null, "water_point_location": null, "water_point_number": null, "water_point_type": null, "water_point_usability": null, "consent": null, "toilets:disposal": null, "wash_funding": null, "addr:street": null, "building:levels": null, "building:material": null, "roof:material": null, "sector": null, "healthcare:speciality": null, "health_facility:type": null, "opening_hours": "24/7", "name:fr": null, "name:es": null, "dispensing": null, "electricity": null, "emergency": null, "insurance:health": null, "operator:type": "community", "water_source": null, "alt_name": "Quartier administrative", "supervised": "Université de Ségou / OSM MALI", "survey:date": "2022-09-07", "addr:postcode": null, "place": null, "addr:housenumber": null, "name:ar": null, "wikidata": null, "wikipedia": null, "fixme": null, "barrier": null, "landuse": null, "building": null, "addr:hamlet": null, "secteur": null, "health_amenity:type": null, "name:de": null, "operational_status": null, "ocha:type": null, "short_name": null, "name:ja": null, "name:zh": null, "indoor": null, "material": null, "is_in:cercle": null }, "geometry": { "type": "Point", "coordinates": [ -6.275951, 13.4429969 ] } },
{ "type": "Feature", "properties": { "element": "node", "id": 10068509348, "amenity": "hospital", "name": "Scref famory Doumbia de Ségou", "pcode": null, "source": "YouthMappers AT University of Ségou and west Virginia University", "start_date": null, "type": null, "wheelchair": null, "who:code_csref": null, "who:distance": null, "who:nbre_village": null, "operator": null, "email": null, "name:en": null, "phone": "21320244", "healthcare": null, "addr:city": null, "addr:quarter": null, "addr:suburb": null, "handwashing": null, "handwashing:soap": null, "handwashing_number": null, "handwashing_station_distance": null, "handwashing_usability": null, "latrine_emptying_service": null, "note": null, "patient_female": null, "patient_male": null, "sanitation": null, "staff_count": null, "staff_count:doctors": null, "toilets:female": null, "toilets:num_chambers": null, "toilets:staff": null, "wash_maintenance": null, "wash_maintenance_frequency": null, "wash_management": null, "wash_ngo_support": null, "water_point": null, "water_point_improved": null, "water_point_location": null, "water_point_number": null, "water_point_type": null, "water_point_usability": null, "consent": null, "toilets:disposal": null, "wash_funding": null, "addr:street": null, "building:levels": null, "building:material": null, "roof:material": null, "sector": null, "healthcare:speciality": null, "health_facility:type": null, "opening_hours": "24/7", "name:fr": null, "name:es": null, "dispensing": null, "electricity": null, "emergency": null, "insurance:health": null, "operator:type": "government", "water_source": null, "alt_name": null, "supervised": "Université de Ségou OSM MALI", "survey:date": "2022-09-07", "addr:postcode": null, "place": "Ségou", "addr:housenumber": null, "name:ar": null, "wikidata": null, "wikipedia": null, "fixme": null, "barrier": null, "landuse": null, "building": null, "addr:hamlet": null, "secteur": null, "health_amenity:type": null, "name:de": null, "operational_status": null, "ocha:type": null, "short_name": null, "name:ja": null, "name:zh": null, "indoor": null, "material": null, "is_in:cercle": null }, "geometry": { "type": "Point", "coordinates": [ -6.2474978, 13.44258 ] } },
{ "type": "Feature", "properties": { "element": "node", "id": 10068577961, "amenity": "hospital", "name": "Cscom de Médine", "pcode": null, "source": "Youthmappers At University Of Ségou and West Virginia", "start_date": null, "type": null, "wheelchair": null, "who:code_csref": null, "who:distance": null, "who:nbre_village": null, "operator": null, "email": null, "name:en": null, "phone": "76416798", "healthcare": null, "addr:city": null, "addr:quarter": null, "addr:suburb": null, "handwashing": null, "handwashing:soap": null, "handwashing_number": null, "handwashing_station_distance": null, "handwashing_usability": null, "latrine_emptying_service": null, "note": null, "patient_female": null, "patient_male": null, "sanitation": null, "staff_count": null, "staff_count:doctors": null, "toilets:female": null, "toilets:num_chambers": null, "toilets:staff": null, "wash_maintenance": null, "wash_maintenance_frequency": null, "wash_management": null, "wash_ngo_support": null, "water_point": null, "water_point_improved": null, "water_point_location": null, "water_point_number": null, "water_point_type": null, "water_point_usability": null, "consent": null, "toilets:disposal": null, "wash_funding": null, "addr:street": null, "building:levels": null, "building:material": null, "roof:material": null, "sector": null, "healthcare:speciality": null, "health_facility:type": null, "opening_hours": "24/7", "name:fr": null, "name:es": null, "dispensing": null, "electricity": null, "emergency": null, "insurance:health": null, "operator:type": "community", "water_source": null, "alt_name": "Médine", "supervised": "Université de Ségou/ OSM MALI", "survey:date": "2022-09-07", "addr:postcode": null, "place": null, "addr:housenumber": null, "name:ar": null, "wikidata": null, "wikipedia": null, "fixme": null, "barrier": null, "landuse": null, "building": null, "addr:hamlet": null, "secteur": null, "health_amenity:type": null, "name:de": null, "operational_status": null, "ocha:type": null, "short_name": null, "name:ja": null, "name:zh": null, "indoor": null, "material": null, "is_in:cercle": null }, "geometry": { "type": "Point", "coordinates": [ -6.2639532, 13.4325909 ] } },
{ "type": "Feature", "properties": { "element": "node", "id": 10068616618, "amenity": "hospital", "name": "CSCOM MISSIRA", "pcode": null, "source": null, "start_date": null, "type": null, "wheelchair": null, "who:code_csref": null, "who:distance": null, "who:nbre_village": null, "operator": null, "email": null, "name:en": null, "phone": null, "healthcare": null, "addr:city": null, "addr:quarter": null, "addr:suburb": null, "handwashing": null, "handwashing:soap": null, "handwashing_number": null, "handwashing_station_distance": null, "handwashing_usability": null, "latrine_emptying_service": null, "note": null, "patient_female": null, "patient_male": null, "sanitation": null, "staff_count": null, "staff_count:doctors": null, "toilets:female": null, "toilets:num_chambers": null, "toilets:staff": null, "wash_maintenance": null, "wash_maintenance_frequency": null, "wash_management": null, "wash_ngo_support": null, "water_point": null, "water_point_improved": null, "water_point_location": null, "water_point_number": null, "water_point_type": null, "water_point_usability": null, "consent": null, "toilets:disposal": null, "wash_funding": null, "addr:street": null, "building:levels": null, "building:material": null, "roof:material": null, "sector": null, "healthcare:speciality": null, "health_facility:type": null, "opening_hours": "Mo-Su 07:45-15:30", "name:fr": null, "name:es": null, "dispensing": null, "electricity": null, "emergency": null, "insurance:health": null, "operator:type": "community", "water_source": null, "alt_name": null, "supervised": null, "survey:date": "2022-09-07", "addr:postcode": null, "place": null, "addr:housenumber": null, "name:ar": null, "wikidata": null, "wikipedia": null, "fixme": null, "barrier": null, "landuse": null, "building": null, "addr:hamlet": null, "secteur": null, "health_amenity:type": null, "name:de": null, "operational_status": null, "ocha:type": null, "short_name": null, "name:ja": null, "name:zh": null, "indoor": null, "material": null, "is_in:cercle": null }, "geometry": { "type": "Point", "coordinates": [ -6.2700672, 13.4250265 ] } },
{ "type": "Feature", "properties": { "element": "node", "id": 10068651538, "amenity": "hospital", "name": "Cscom SIDOsoninkoura", "pcode": null, "source": "YoutMappers At University Of Ségou and West Virginia University", "start_date": null, "type": null, "wheelchair": null, "who:code_csref": null, "who:distance": null, "who:nbre_village": null, "operator": null, "email": null, "name:en": null, "phone": "79097139", "healthcare": null, "addr:city": null, "addr:quarter": null, "addr:suburb": null, "handwashing": null, "handwashing:soap": null, "handwashing_number": null, "handwashing_station_distance": null, "handwashing_usability": null, "latrine_emptying_service": null, "note": null, "patient_female": null, "patient_male": null, "sanitation": null, "staff_count": null, "staff_count:doctors": null, "toilets:female": null, "toilets:num_chambers": null, "toilets:staff": null, "wash_maintenance": null, "wash_maintenance_frequency": null, "wash_management": null, "wash_ngo_support": null, "water_point": null, "water_point_improved": null, "water_point_location": null, "water_point_number": null, "water_point_type": null, "water_point_usability": null, "consent": null, "toilets:disposal": null, "wash_funding": null, "addr:street": null, "building:levels": null, "building:material": null, "roof:material": null, "sector": null, "healthcare:speciality": null, "health_facility:type": null, "opening_hours": "24/7", "name:fr": null, "name:es": null, "dispensing": null, "electricity": null, "emergency": null, "insurance:health": null, "operator:type": "government", "water_source": null, "alt_name": "Sidosoninkoura", "supervised": "Université de Ségou", "survey:date": "07/09/2022", "addr:postcode": null, "place": null, "addr:housenumber": null, "name:ar": null, "wikidata": null, "wikipedia": null, "fixme": null, "barrier": null, "landuse": null, "building": null, "addr:hamlet": null, "secteur": null, "health_amenity:type": null, "name:de": null, "operational_status": null, "ocha:type": null, "short_name": null, "name:ja": null, "name:zh": null, "indoor": null, "material": null, "is_in:cercle": null }, "geometry": { "type": "Point", "coordinates": [ -6.2456444, 13.4282537 ] } },
{ "type": "Feature", "properties": { "element": "node", "id": 10068657748, "amenity": "hospital", "name": "Cscom Pelengana nord", "pcode": null, "source": null, "start_date": null, "type": null, "wheelchair": null, "who:code_csref": null, "who:distance": null, "who:nbre_village": null, "operator": null, "email": null, "name:en": null, "phone": "78460997", "healthcare": null, "addr:city": null, "addr:quarter": null, "addr:suburb": null, "handwashing": null, "handwashing:soap": null, "handwashing_number": null, "handwashing_station_distance": null, "handwashing_usability": null, "latrine_emptying_service": null, "note": null, "patient_female": null, "patient_male": null, "sanitation": null, "staff_count": null, "staff_count:doctors": null, "toilets:female": null, "toilets:num_chambers": null, "toilets:staff": null, "wash_maintenance": null, "wash_maintenance_frequency": null, "wash_management": null, "wash_ngo_support": null, "water_point": null, "water_point_improved": null, "water_point_location": null, "water_point_number": null, "water_point_type": null, "water_point_usability": null, "consent": null, "toilets:disposal": null, "wash_funding": null, "addr:street": null, "building:levels": null, "building:material": null, "roof:material": null, "sector": null, "healthcare:speciality": null, "health_facility:type": null, "opening_hours": "24/7", "name:fr": null, "name:es": null, "dispensing": null, "electricity": null, "emergency": null, "insurance:health": null, "operator:type": "government", "water_source": null, "alt_name": "Pelengana nord", "supervised": null, "survey:date": "2022-09-08", "addr:postcode": null, "place": null, "addr:housenumber": null, "name:ar": null, "wikidata": null, "wikipedia": null, "fixme": null, "barrier": null, "landuse": null, "building": null, "addr:hamlet": null, "secteur": null, "health_amenity:type": null, "name:de": null, "operational_status": null, "ocha:type": null, "short_name": null, "name:ja": null, "name:zh": null, "indoor": null, "material": null, "is_in:cercle": null }, "geometry": { "type": "Point", "coordinates": [ -6.2153509, 13.4330292 ] } },
{ "type": "Feature", "properties": { "element": "node", "id": 10068657749, "amenity": "hospital", "name": "Cscom Pelengana nord", "pcode": null, "source": "YouthMappers At University Of Segou and West Virginia University", "start_date": null, "type": null, "wheelchair": null, "who:code_csref": null, "who:distance": null, "who:nbre_village": null, "operator": null, "email": null, "name:en": null, "phone": "78460997", "healthcare": null, "addr:city": null, "addr:quarter": null, "addr:suburb": "Pelengana", "handwashing": null, "handwashing:soap": null, "handwashing_number": null, "handwashing_station_distance": null, "handwashing_usability": null, "latrine_emptying_service": null, "note": null, "patient_female": null, "patient_male": null, "sanitation": null, "staff_count": null, "staff_count:doctors": null, "toilets:female": null, "toilets:num_chambers": null, "toilets:staff": null, "wash_maintenance": null, "wash_maintenance_frequency": null, "wash_management": null, "wash_ngo_support": null, "water_point": null, "water_point_improved": null, "water_point_location": null, "water_point_number": null, "water_point_type": null, "water_point_usability": null, "consent": null, "toilets:disposal": null, "wash_funding": null, "addr:street": null, "building:levels": null, "building:material": null, "roof:material": null, "sector": null, "healthcare:speciality": null, "health_facility:type": null, "opening_hours": "24/7", "name:fr": null, "name:es": null, "dispensing": null, "electricity": null, "emergency": null, "insurance:health": null, "operator:type": "government", "water_source": null, "alt_name": null, "supervised": null, "survey:date": "2022-09-08", "addr:postcode": null, "place": null, "addr:housenumber": null, "name:ar": null, "wikidata": null, "wikipedia": null, "fixme": null, "barrier": null, "landuse": null, "building": null, "addr:hamlet": null, "secteur": null, "health_amenity:type": null, "name:de": null, "operational_status": null, "ocha:type": null, "short_name": null, "name:ja": null, "name:zh": null, "indoor": null, "material": null, "is_in:cercle": null }, "geometry": { "type": "Point", "coordinates": [ -6.214982, 13.4305936 ] } },
{ "type": "Feature", "properties": { "element": "node", "id": 10068657751, "amenity": "hospital", "name": "Cscom Pelengana nord", "pcode": null, "source": "YouthMappers At University Of Segou and West Virginia University", "start_date": null, "type": null, "wheelchair": null, "who:code_csref": null, "who:distance": null, "who:nbre_village": null, "operator": null, "email": null, "name:en": null, "phone": "78460997", "healthcare": null, "addr:city": null, "addr:quarter": null, "addr:suburb": "Pelengana", "handwashing": null, "handwashing:soap": null, "handwashing_number": null, "handwashing_station_distance": null, "handwashing_usability": null, "latrine_emptying_service": null, "note": null, "patient_female": null, "patient_male": null, "sanitation": null, "staff_count": null, "staff_count:doctors": null, "toilets:female": null, "toilets:num_chambers": null, "toilets:staff": null, "wash_maintenance": null, "wash_maintenance_frequency": null, "wash_management": null, "wash_ngo_support": null, "water_point": null, "water_point_improved": null, "water_point_location": null, "water_point_number": null, "water_point_type": null, "water_point_usability": null, "consent": null, "toilets:disposal": null, "wash_funding": null, "addr:street": null, "building:levels": null, "building:material": null, "roof:material": null, "sector": null, "healthcare:speciality": null, "health_facility:type": null, "opening_hours": "24/7", "name:fr": null, "name:es": null, "dispensing": null, "electricity": null, "emergency": null, "insurance:health": null, "operator:type": "government", "water_source": null, "alt_name": null, "supervised": null, "survey:date": "2022-09-08", "addr:postcode": null, "place": null, "addr:housenumber": null, "name:ar": null, "wikidata": null, "wikipedia": null, "fixme": null, "barrier": null, "landuse": null, "building": null, "addr:hamlet": null, "secteur": null, "health_amenity:type": null, "name:de": null, "operational_status": null, "ocha:type": null, "short_name": null, "name:ja": null, "name:zh": null, "indoor": null, "material": null, "is_in:cercle": null }, "geometry": { "type": "Point", "coordinates": [ -6.2150128, 13.4306165 ] } },
{ "type": "Feature", "properties": { "element": "node", "id": 10068712066, "amenity": "hospital", "name": "Cscom d'ATT bougou", "pcode": null, "source": "Youthmappers At University Of Segou", "start_date": null, "type": null, "wheelchair": "yes", "who:code_csref": null, "who:distance": null, "who:nbre_village": null, "operator": null, "email": null, "name:en": null, "phone": "75117536", "healthcare": null, "addr:city": null, "addr:quarter": null, "addr:suburb": null, "handwashing": null, "handwashing:soap": null, "handwashing_number": null, "handwashing_station_distance": null, "handwashing_usability": null, "latrine_emptying_service": null, "note": null, "patient_female": null, "patient_male": null, "sanitation": null, "staff_count": null, "staff_count:doctors": null, "toilets:female": null, "toilets:num_chambers": null, "toilets:staff": null, "wash_maintenance": null, "wash_maintenance_frequency": null, "wash_management": null, "wash_ngo_support": null, "water_point": null, "water_point_improved": null, "water_point_location": null, "water_point_number": null, "water_point_type": null, "water_point_usability": null, "consent": null, "toilets:disposal": null, "wash_funding": null, "addr:street": null, "building:levels": null, "building:material": null, "roof:material": null, "sector": null, "healthcare:speciality": null, "health_facility:type": null, "opening_hours": "24/7", "name:fr": null, "name:es": null, "dispensing": null, "electricity": null, "emergency": null, "insurance:health": null, "operator:type": "community", "water_source": null, "alt_name": "ATT bougou bagadaji Sud", "supervised": "Université de Ségou / OSM MALI", "survey:date": "2022-09-07", "addr:postcode": null, "place": null, "addr:housenumber": null, "name:ar": null, "wikidata": null, "wikipedia": null, "fixme": null, "barrier": null, "landuse": null, "building": null, "addr:hamlet": null, "secteur": null, "health_amenity:type": null, "name:de": null, "operational_status": null, "ocha:type": null, "short_name": null, "name:ja": null, "name:zh": null, "indoor": null, "material": null, "is_in:cercle": null }, "geometry": { "type": "Point", "coordinates": [ -6.2863735, 13.4170109 ] } },
{ "type": "Feature", "properties": { "element": "node", "id": 10090238439, "amenity": "hospital", "name": "CSCom De Kolondieba", "pcode": null, "source": null, "start_date": null, "type": null, "wheelchair": null, "who:code_csref": null, "who:distance": null, "who:nbre_village": null, "operator": null, "email": null, "name:en": null, "phone": null, "healthcare": "hospital", "addr:city": null, "addr:quarter": null, "addr:suburb": null, "handwashing": null, "handwashing:soap": null, "handwashing_number": null, "handwashing_station_distance": null, "handwashing_usability": null, "latrine_emptying_service": null, "note": null, "patient_female": null, "patient_male": null, "sanitation": null, "staff_count": null, "staff_count:doctors": null, "toilets:female": null, "toilets:num_chambers": null, "toilets:staff": null, "wash_maintenance": null, "wash_maintenance_frequency": null, "wash_management": null, "wash_ngo_support": null, "water_point": null, "water_point_improved": null, "water_point_location": null, "water_point_number": null, "water_point_type": null, "water_point_usability": null, "consent": null, "toilets:disposal": null, "wash_funding": null, "addr:street": null, "building:levels": null, "building:material": null, "roof:material": null, "sector": null, "healthcare:speciality": null, "health_facility:type": null, "opening_hours": null, "name:fr": null, "name:es": null, "dispensing": null, "electricity": null, "emergency": null, "insurance:health": null, "operator:type": null, "water_source": null, "alt_name": null, "supervised": null, "survey:date": null, "addr:postcode": null, "place": null, "addr:housenumber": null, "name:ar": null, "wikidata": null, "wikipedia": null, "fixme": null, "barrier": null, "landuse": null, "building": null, "addr:hamlet": null, "secteur": null, "health_amenity:type": null, "name:de": null, "operational_status": null, "ocha:type": null, "short_name": null, "name:ja": null, "name:zh": null, "indoor": null, "material": null, "is_in:cercle": null }, "geometry": { "type": "Point", "coordinates": [ -6.9002885, 11.0869662 ] } },
{ "type": "Feature", "properties": { "element": "node", "id": 10240522553, "amenity": "hospital", "name": "Hôpital Epoux BRIEUX", "pcode": null, "source": null, "start_date": null, "type": null, "wheelchair": null, "who:code_csref": null, "who:distance": null, "who:nbre_village": null, "operator": null, "email": null, "name:en": null, "phone": null, "healthcare": null, "addr:city": null, "addr:quarter": null, "addr:suburb": null, "handwashing": null, "handwashing:soap": null, "handwashing_number": null, "handwashing_station_distance": null, "handwashing_usability": null, "latrine_emptying_service": null, "note": null, "patient_female": null, "patient_male": null, "sanitation": null, "staff_count": null, "staff_count:doctors": null, "toilets:female": null, "toilets:num_chambers": null, "toilets:staff": null, "wash_maintenance": null, "wash_maintenance_frequency": null, "wash_management": null, "wash_ngo_support": null, "water_point": null, "water_point_improved": null, "water_point_location": null, "water_point_number": null, "water_point_type": null, "water_point_usability": null, "consent": null, "toilets:disposal": null, "wash_funding": null, "addr:street": null, "building:levels": null, "building:material": null, "roof:material": null, "sector": null, "healthcare:speciality": null, "health_facility:type": null, "opening_hours": null, "name:fr": null, "name:es": null, "dispensing": null, "electricity": null, "emergency": null, "insurance:health": null, "operator:type": null, "water_source": null, "alt_name": null, "supervised": null, "survey:date": null, "addr:postcode": null, "place": null, "addr:housenumber": null, "name:ar": null, "wikidata": null, "wikipedia": null, "fixme": null, "barrier": null, "landuse": null, "building": null, "addr:hamlet": null, "secteur": null, "health_amenity:type": null, "name:de": null, "operational_status": null, "ocha:type": null, "short_name": null, "name:ja": null, "name:zh": null, "indoor": null, "material": null, "is_in:cercle": null }, "geometry": { "type": "Point", "coordinates": [ -3.7544569, 13.8430568 ] } },
{ "type": "Feature", "properties": { "element": "node", "id": 10246832979, "amenity": "hospital", "name": "CSCOM de Sama", "pcode": null, "source": "Knowledge", "start_date": null, "type": null, "wheelchair": null, "who:code_csref": null, "who:distance": null, "who:nbre_village": null, "operator": null, "email": null, "name:en": null, "phone": null, "healthcare": null, "addr:city": null, "addr:quarter": null, "addr:suburb": null, "handwashing": null, "handwashing:soap": null, "handwashing_number": null, "handwashing_station_distance": null, "handwashing_usability": null, "latrine_emptying_service": null, "note": null, "patient_female": null, "patient_male": null, "sanitation": null, "staff_count": null, "staff_count:doctors": null, "toilets:female": null, "toilets:num_chambers": null, "toilets:staff": null, "wash_maintenance": null, "wash_maintenance_frequency": null, "wash_management": null, "wash_ngo_support": null, "water_point": null, "water_point_improved": null, "water_point_location": null, "water_point_number": null, "water_point_type": null, "water_point_usability": null, "consent": null, "toilets:disposal": null, "wash_funding": null, "addr:street": null, "building:levels": null, "building:material": null, "roof:material": null, "sector": null, "healthcare:speciality": null, "health_facility:type": null, "opening_hours": null, "name:fr": null, "name:es": null, "dispensing": null, "electricity": null, "emergency": null, "insurance:health": null, "operator:type": null, "water_source": null, "alt_name": null, "supervised": null, "survey:date": null, "addr:postcode": null, "place": null, "addr:housenumber": null, "name:ar": null, "wikidata": null, "wikipedia": null, "fixme": null, "barrier": null, "landuse": null, "building": null, "addr:hamlet": null, "secteur": null, "health_amenity:type": null, "name:de": null, "operational_status": null, "ocha:type": null, "short_name": null, "name:ja": null, "name:zh": null, "indoor": null, "material": null, "is_in:cercle": null }, "geometry": { "type": "Point", "coordinates": [ -3.7703383, 13.7809645 ] } },
{ "type": "Feature", "properties": { "element": "node", "id": 10559209709, "amenity": "hospital", "name": null, "pcode": null, "source": null, "start_date": null, "type": null, "wheelchair": null, "who:code_csref": null, "who:distance": null, "who:nbre_village": null, "operator": null, "email": null, "name:en": null, "phone": null, "healthcare": null, "addr:city": null, "addr:quarter": null, "addr:suburb": null, "handwashing": null, "handwashing:soap": null, "handwashing_number": null, "handwashing_station_distance": null, "handwashing_usability": null, "latrine_emptying_service": null, "note": null, "patient_female": null, "patient_male": null, "sanitation": null, "staff_count": null, "staff_count:doctors": null, "toilets:female": null, "toilets:num_chambers": null, "toilets:staff": null, "wash_maintenance": null, "wash_maintenance_frequency": null, "wash_management": null, "wash_ngo_support": null, "water_point": null, "water_point_improved": null, "water_point_location": null, "water_point_number": null, "water_point_type": null, "water_point_usability": null, "consent": null, "toilets:disposal": null, "wash_funding": null, "addr:street": null, "building:levels": null, "building:material": null, "roof:material": null, "sector": null, "healthcare:speciality": null, "health_facility:type": null, "opening_hours": null, "name:fr": null, "name:es": null, "dispensing": null, "electricity": null, "emergency": null, "insurance:health": null, "operator:type": null, "water_source": null, "alt_name": null, "supervised": null, "survey:date": null, "addr:postcode": null, "place": null, "addr:housenumber": null, "name:ar": null, "wikidata": null, "wikipedia": null, "fixme": null, "barrier": null, "landuse": null, "building": null, "addr:hamlet": null, "secteur": null, "health_amenity:type": null, "name:de": null, "operational_status": null, "ocha:type": null, "short_name": null, "name:ja": null, "name:zh": null, "indoor": null, "material": null, "is_in:cercle": null }, "geometry": { "type": "Point", "coordinates": [ 2.3839872, 15.9265791 ] } },
{ "type": "Feature", "properties": { "element": "node", "id": 10776137805, "amenity": "hospital", "name": "CSCOM de TONTO", "pcode": null, "source": null, "start_date": null, "type": null, "wheelchair": "yes", "who:code_csref": null, "who:distance": null, "who:nbre_village": null, "operator": null, "email": null, "name:en": null, "phone": null, "healthcare": null, "addr:city": null, "addr:quarter": null, "addr:suburb": null, "handwashing": null, "handwashing:soap": null, "handwashing_number": null, "handwashing_station_distance": null, "handwashing_usability": null, "latrine_emptying_service": null, "note": null, "patient_female": null, "patient_male": null, "sanitation": null, "staff_count": null, "staff_count:doctors": null, "toilets:female": null, "toilets:num_chambers": null, "toilets:staff": null, "wash_maintenance": null, "wash_maintenance_frequency": null, "wash_management": null, "wash_ngo_support": null, "water_point": null, "water_point_improved": null, "water_point_location": null, "water_point_number": null, "water_point_type": null, "water_point_usability": null, "consent": null, "toilets:disposal": null, "wash_funding": null, "addr:street": null, "building:levels": null, "building:material": null, "roof:material": null, "sector": null, "healthcare:speciality": null, "health_facility:type": null, "opening_hours": "00:00-01:00,09:00-12:00", "name:fr": null, "name:es": null, "dispensing": null, "electricity": null, "emergency": null, "insurance:health": null, "operator:type": null, "water_source": null, "alt_name": null, "supervised": null, "survey:date": "2023-03-31", "addr:postcode": null, "place": null, "addr:housenumber": null, "name:ar": null, "wikidata": null, "wikipedia": null, "fixme": null, "barrier": null, "landuse": null, "building": null, "addr:hamlet": null, "secteur": null, "health_amenity:type": null, "name:de": null, "operational_status": null, "ocha:type": null, "short_name": null, "name:ja": null, "name:zh": null, "indoor": null, "material": null, "is_in:cercle": null }, "geometry": { "type": "Point", "coordinates": [ -5.4099592, 12.7503022 ] } },
{ "type": "Feature", "properties": { "element": "node", "id": 10792229207, "amenity": "hospital", "name": "CSCOM DE BOGONI", "pcode": null, "source": null, "start_date": null, "type": null, "wheelchair": null, "who:code_csref": null, "who:distance": null, "who:nbre_village": null, "operator": null, "email": null, "name:en": null, "phone": null, "healthcare": null, "addr:city": null, "addr:quarter": null, "addr:suburb": null, "handwashing": null, "handwashing:soap": null, "handwashing_number": null, "handwashing_station_distance": null, "handwashing_usability": null, "latrine_emptying_service": null, "note": null, "patient_female": null, "patient_male": null, "sanitation": null, "staff_count": null, "staff_count:doctors": null, "toilets:female": null, "toilets:num_chambers": null, "toilets:staff": null, "wash_maintenance": null, "wash_maintenance_frequency": null, "wash_management": null, "wash_ngo_support": null, "water_point": null, "water_point_improved": null, "water_point_location": null, "water_point_number": null, "water_point_type": null, "water_point_usability": null, "consent": null, "toilets:disposal": null, "wash_funding": null, "addr:street": null, "building:levels": null, "building:material": null, "roof:material": null, "sector": null, "healthcare:speciality": null, "health_facility:type": null, "opening_hours": null, "name:fr": null, "name:es": null, "dispensing": null, "electricity": null, "emergency": null, "insurance:health": null, "operator:type": null, "water_source": null, "alt_name": null, "supervised": null, "survey:date": "2023-04-07", "addr:postcode": null, "place": null, "addr:housenumber": null, "name:ar": null, "wikidata": null, "wikipedia": null, "fixme": null, "barrier": null, "landuse": null, "building": null, "addr:hamlet": null, "secteur": null, "health_amenity:type": null, "name:de": null, "operational_status": null, "ocha:type": null, "short_name": null, "name:ja": null, "name:zh": null, "indoor": null, "material": null, "is_in:cercle": null }, "geometry": { "type": "Point", "coordinates": [ -5.5558783, 12.7817082 ] } },
{ "type": "Feature", "properties": { "element": "node", "id": 10861012209, "amenity": "hospital", "name": "CSCOM de N'Dila", "pcode": null, "source": null, "start_date": null, "type": null, "wheelchair": null, "who:code_csref": null, "who:distance": null, "who:nbre_village": null, "operator": null, "email": null, "name:en": null, "phone": null, "healthcare": "hospital", "addr:city": null, "addr:quarter": null, "addr:suburb": null, "handwashing": null, "handwashing:soap": null, "handwashing_number": null, "handwashing_station_distance": null, "handwashing_usability": null, "latrine_emptying_service": null, "note": null, "patient_female": null, "patient_male": null, "sanitation": null, "staff_count": null, "staff_count:doctors": null, "toilets:female": null, "toilets:num_chambers": null, "toilets:staff": null, "wash_maintenance": null, "wash_maintenance_frequency": null, "wash_management": null, "wash_ngo_support": null, "water_point": null, "water_point_improved": null, "water_point_location": null, "water_point_number": null, "water_point_type": null, "water_point_usability": null, "consent": null, "toilets:disposal": null, "wash_funding": null, "addr:street": null, "building:levels": null, "building:material": null, "roof:material": null, "sector": null, "healthcare:speciality": null, "health_facility:type": null, "opening_hours": null, "name:fr": null, "name:es": null, "dispensing": null, "electricity": null, "emergency": null, "insurance:health": null, "operator:type": null, "water_source": null, "alt_name": null, "supervised": null, "survey:date": null, "addr:postcode": null, "place": null, "addr:housenumber": null, "name:ar": null, "wikidata": null, "wikipedia": null, "fixme": null, "barrier": null, "landuse": null, "building": null, "addr:hamlet": null, "secteur": null, "health_amenity:type": null, "name:de": null, "operational_status": null, "ocha:type": null, "short_name": null, "name:ja": null, "name:zh": null, "indoor": null, "material": null, "is_in:cercle": null }, "geometry": { "type": "Point", "coordinates": [ -6.9597991, 12.9677508 ] } },
{ "type": "Feature", "properties": { "element": "node", "id": 10928174428, "amenity": "hospital", "name": "clinique sacrecoeur", "pcode": null, "source": null, "start_date": null, "type": null, "wheelchair": null, "who:code_csref": null, "who:distance": null, "who:nbre_village": null, "operator": null, "email": null, "name:en": null, "phone": null, "healthcare": "hospital", "addr:city": null, "addr:quarter": null, "addr:suburb": null, "handwashing": null, "handwashing:soap": null, "handwashing_number": null, "handwashing_station_distance": null, "handwashing_usability": null, "latrine_emptying_service": null, "note": null, "patient_female": null, "patient_male": null, "sanitation": null, "staff_count": null, "staff_count:doctors": null, "toilets:female": null, "toilets:num_chambers": null, "toilets:staff": null, "wash_maintenance": null, "wash_maintenance_frequency": null, "wash_management": null, "wash_ngo_support": null, "water_point": null, "water_point_improved": null, "water_point_location": null, "water_point_number": null, "water_point_type": null, "water_point_usability": null, "consent": null, "toilets:disposal": null, "wash_funding": null, "addr:street": "Rue 581", "building:levels": null, "building:material": null, "roof:material": null, "sector": null, "healthcare:speciality": "paediatrics", "health_facility:type": null, "opening_hours": null, "name:fr": null, "name:es": null, "dispensing": null, "electricity": null, "emergency": null, "insurance:health": null, "operator:type": null, "water_source": null, "alt_name": null, "supervised": null, "survey:date": null, "addr:postcode": null, "place": null, "addr:housenumber": null, "name:ar": null, "wikidata": null, "wikipedia": null, "fixme": null, "barrier": null, "landuse": null, "building": null, "addr:hamlet": null, "secteur": null, "health_amenity:type": null, "name:de": null, "operational_status": null, "ocha:type": null, "short_name": null, "name:ja": null, "name:zh": null, "indoor": null, "material": null, "is_in:cercle": null }, "geometry": { "type": "Point", "coordinates": [ -8.0235918, 12.596904 ] } },
{ "type": "Feature", "properties": { "element": "node", "id": 11765763800, "amenity": "hospital", "name": "CSCOM de Kimparana", "pcode": null, "source": null, "start_date": null, "type": null, "wheelchair": null, "who:code_csref": null, "who:distance": null, "who:nbre_village": null, "operator": "tout public", "email": null, "name:en": null, "phone": null, "healthcare": "hospital", "addr:city": null, "addr:quarter": null, "addr:suburb": null, "handwashing": null, "handwashing:soap": null, "handwashing_number": null, "handwashing_station_distance": null, "handwashing_usability": null, "latrine_emptying_service": null, "note": null, "patient_female": null, "patient_male": null, "sanitation": null, "staff_count": null, "staff_count:doctors": null, "toilets:female": null, "toilets:num_chambers": null, "toilets:staff": null, "wash_maintenance": null, "wash_maintenance_frequency": null, "wash_management": null, "wash_ngo_support": null, "water_point": null, "water_point_improved": null, "water_point_location": null, "water_point_number": null, "water_point_type": null, "water_point_usability": null, "consent": null, "toilets:disposal": null, "wash_funding": null, "addr:street": null, "building:levels": null, "building:material": null, "roof:material": null, "sector": null, "healthcare:speciality": null, "health_facility:type": null, "opening_hours": null, "name:fr": null, "name:es": null, "dispensing": null, "electricity": null, "emergency": null, "insurance:health": null, "operator:type": null, "water_source": null, "alt_name": null, "supervised": null, "survey:date": null, "addr:postcode": null, "place": null, "addr:housenumber": null, "name:ar": null, "wikidata": null, "wikipedia": null, "fixme": null, "barrier": null, "landuse": null, "building": null, "addr:hamlet": null, "secteur": null, "health_amenity:type": null, "name:de": null, "operational_status": null, "ocha:type": null, "short_name": null, "name:ja": null, "name:zh": null, "indoor": null, "material": null, "is_in:cercle": null }, "geometry": { "type": "Point", "coordinates": [ -4.9240478, 12.836211 ] } },
{ "type": "Feature", "properties": { "element": "node", "id": 12863673491, "amenity": "hospital", "name": "CSREF Ansongo", "pcode": null, "source": null, "start_date": null, "type": null, "wheelchair": null, "who:code_csref": null, "who:distance": null, "who:nbre_village": null, "operator": null, "email": null, "name:en": null, "phone": null, "healthcare": null, "addr:city": null, "addr:quarter": null, "addr:suburb": null, "handwashing": null, "handwashing:soap": null, "handwashing_number": null, "handwashing_station_distance": null, "handwashing_usability": null, "latrine_emptying_service": null, "note": null, "patient_female": null, "patient_male": null, "sanitation": null, "staff_count": null, "staff_count:doctors": null, "toilets:female": null, "toilets:num_chambers": null, "toilets:staff": null, "wash_maintenance": null, "wash_maintenance_frequency": null, "wash_management": null, "wash_ngo_support": null, "water_point": null, "water_point_improved": null, "water_point_location": null, "water_point_number": null, "water_point_type": null, "water_point_usability": null, "consent": null, "toilets:disposal": null, "wash_funding": null, "addr:street": null, "building:levels": null, "building:material": null, "roof:material": null, "sector": null, "healthcare:speciality": null, "health_facility:type": null, "opening_hours": null, "name:fr": null, "name:es": null, "dispensing": null, "electricity": null, "emergency": null, "insurance:health": null, "operator:type": null, "water_source": null, "alt_name": null, "supervised": null, "survey:date": null, "addr:postcode": null, "place": null, "addr:housenumber": null, "name:ar": null, "wikidata": null, "wikipedia": null, "fixme": null, "barrier": null, "landuse": null, "building": null, "addr:hamlet": null, "secteur": null, "health_amenity:type": null, "name:de": null, "operational_status": null, "ocha:type": null, "short_name": null, "name:ja": null, "name:zh": null, "indoor": null, "material": null, "is_in:cercle": null }, "geometry": { "type": "Point", "coordinates": [ 0.5026138, 15.6660721 ] } },
{ "type": "Feature", "properties": { "element": "node", "id": 13208556745, "amenity": "hospital", "name": "IOTA de Bamako", "pcode": null, "source": null, "start_date": null, "type": null, "wheelchair": null, "who:code_csref": null, "who:distance": null, "who:nbre_village": null, "operator": null, "email": null, "name:en": null, "phone": null, "healthcare": "hospital", "addr:city": null, "addr:quarter": null, "addr:suburb": null, "handwashing": null, "handwashing:soap": null, "handwashing_number": null, "handwashing_station_distance": null, "handwashing_usability": null, "latrine_emptying_service": null, "note": null, "patient_female": null, "patient_male": null, "sanitation": null, "staff_count": null, "staff_count:doctors": null, "toilets:female": null, "toilets:num_chambers": null, "toilets:staff": null, "wash_maintenance": null, "wash_maintenance_frequency": null, "wash_management": null, "wash_ngo_support": null, "water_point": null, "water_point_improved": null, "water_point_location": null, "water_point_number": null, "water_point_type": null, "water_point_usability": null, "consent": null, "toilets:disposal": null, "wash_funding": null, "addr:street": null, "building:levels": null, "building:material": null, "roof:material": null, "sector": null, "healthcare:speciality": null, "health_facility:type": null, "opening_hours": null, "name:fr": null, "name:es": null, "dispensing": null, "electricity": null, "emergency": null, "insurance:health": null, "operator:type": null, "water_source": null, "alt_name": null, "supervised": null, "survey:date": null, "addr:postcode": null, "place": null, "addr:housenumber": null, "name:ar": null, "wikidata": null, "wikipedia": null, "fixme": null, "barrier": null, "landuse": null, "building": null, "addr:hamlet": null, "secteur": null, "health_amenity:type": null, "name:de": null, "operational_status": null, "ocha:type": null, "short_name": null, "name:ja": null, "name:zh": null, "indoor": null, "material": null, "is_in:cercle": null }, "geometry": { "type": "Point", "coordinates": [ -7.9955, 12.65195 ] } },
{ "type": "Feature", "properties": { "element": "node", "id": 13208556785, "amenity": "hospital", "name": "Hopital Gabriel Toure", "pcode": null, "source": null, "start_date": null, "type": null, "wheelchair": null, "who:code_csref": null, "who:distance": null, "who:nbre_village": null, "operator": null, "email": null, "name:en": null, "phone": null, "healthcare": "hospital", "addr:city": null, "addr:quarter": null, "addr:suburb": null, "handwashing": null, "handwashing:soap": null, "handwashing_number": null, "handwashing_station_distance": null, "handwashing_usability": null, "latrine_emptying_service": null, "note": null, "patient_female": null, "patient_male": null, "sanitation": null, "staff_count": null, "staff_count:doctors": null, "toilets:female": null, "toilets:num_chambers": null, "toilets:staff": null, "wash_maintenance": null, "wash_maintenance_frequency": null, "wash_management": null, "wash_ngo_support": null, "water_point": null, "water_point_improved": null, "water_point_location": null, "water_point_number": null, "water_point_type": null, "water_point_usability": null, "consent": null, "toilets:disposal": null, "wash_funding": null, "addr:street": null, "building:levels": null, "building:material": null, "roof:material": null, "sector": null, "healthcare:speciality": null, "health_facility:type": null, "opening_hours": null, "name:fr": null, "name:es": null, "dispensing": null, "electricity": null, "emergency": null, "insurance:health": null, "operator:type": null, "water_source": null, "alt_name": null, "supervised": null, "survey:date": null, "addr:postcode": null, "place": null, "addr:housenumber": null, "name:ar": null, "wikidata": null, "wikipedia": null, "fixme": null, "barrier": null, "landuse": null, "building": null, "addr:hamlet": null, "secteur": null, "health_amenity:type": null, "name:de": null, "operational_status": null, "ocha:type": null, "short_name": null, "name:ja": null, "name:zh": null, "indoor": null, "material": null, "is_in:cercle": null }, "geometry": { "type": "Point", "coordinates": [ -7.99643, 12.65117 ] } },
{ "type": "Feature", "properties": { "element": "node", "id": 13208556786, "amenity": "hospital", "name": "Hopital du Mali", "pcode": null, "source": null, "start_date": null, "type": null, "wheelchair": null, "who:code_csref": null, "who:distance": null, "who:nbre_village": null, "operator": null, "email": null, "name:en": null, "phone": null, "healthcare": "hospital", "addr:city": null, "addr:quarter": null, "addr:suburb": null, "handwashing": null, "handwashing:soap": null, "handwashing_number": null, "handwashing_station_distance": null, "handwashing_usability": null, "latrine_emptying_service": null, "note": null, "patient_female": null, "patient_male": null, "sanitation": null, "staff_count": null, "staff_count:doctors": null, "toilets:female": null, "toilets:num_chambers": null, "toilets:staff": null, "wash_maintenance": null, "wash_maintenance_frequency": null, "wash_management": null, "wash_ngo_support": null, "water_point": null, "water_point_improved": null, "water_point_location": null, "water_point_number": null, "water_point_type": null, "water_point_usability": null, "consent": null, "toilets:disposal": null, "wash_funding": null, "addr:street": null, "building:levels": null, "building:material": null, "roof:material": null, "sector": null, "healthcare:speciality": null, "health_facility:type": null, "opening_hours": null, "name:fr": null, "name:es": null, "dispensing": null, "electricity": null, "emergency": null, "insurance:health": null, "operator:type": null, "water_source": null, "alt_name": null, "supervised": null, "survey:date": null, "addr:postcode": null, "place": null, "addr:housenumber": null, "name:ar": null, "wikidata": null, "wikipedia": null, "fixme": null, "barrier": null, "landuse": null, "building": null, "addr:hamlet": null, "secteur": null, "health_amenity:type": null, "name:de": null, "operational_status": null, "ocha:type": null, "short_name": null, "name:ja": null, "name:zh": null, "indoor": null, "material": null, "is_in:cercle": null }, "geometry": { "type": "Point", "coordinates": [ -7.911545, 12.634071 ] } },
{ "type": "Feature", "properties": { "element": "node", "id": 13208575102, "amenity": "hospital", "name": "Service Hemato-Oncologie de Bamako", "pcode": null, "source": null, "start_date": null, "type": null, "wheelchair": null, "who:code_csref": null, "who:distance": null, "who:nbre_village": null, "operator": null, "email": null, "name:en": null, "phone": null, "healthcare": "hospital", "addr:city": null, "addr:quarter": null, "addr:suburb": null, "handwashing": null, "handwashing:soap": null, "handwashing_number": null, "handwashing_station_distance": null, "handwashing_usability": null, "latrine_emptying_service": null, "note": null, "patient_female": null, "patient_male": null, "sanitation": null, "staff_count": null, "staff_count:doctors": null, "toilets:female": null, "toilets:num_chambers": null, "toilets:staff": null, "wash_maintenance": null, "wash_maintenance_frequency": null, "wash_management": null, "wash_ngo_support": null, "water_point": null, "water_point_improved": null, "water_point_location": null, "water_point_number": null, "water_point_type": null, "water_point_usability": null, "consent": null, "toilets:disposal": null, "wash_funding": null, "addr:street": null, "building:levels": null, "building:material": null, "roof:material": null, "sector": null, "healthcare:speciality": null, "health_facility:type": null, "opening_hours": null, "name:fr": null, "name:es": null, "dispensing": null, "electricity": null, "emergency": null, "insurance:health": null, "operator:type": null, "water_source": null, "alt_name": null, "supervised": null, "survey:date": null, "addr:postcode": null, "place": null, "addr:housenumber": null, "name:ar": null, "wikidata": null, "wikipedia": null, "fixme": null, "barrier": null, "landuse": null, "building": null, "addr:hamlet": null, "secteur": null, "health_amenity:type": null, "name:de": null, "operational_status": null, "ocha:type": null, "short_name": null, "name:ja": null, "name:zh": null, "indoor": null, "material": null, "is_in:cercle": null }, "geometry": { "type": "Point", "coordinates": [ -7.99251, 12.66861 ] } },
{ "type": "Feature", "properties": { "element": "node", "id": 13305979123, "amenity": "hospital", "name": "CSCOM de Sansanding", "pcode": null, "source": null, "start_date": null, "type": null, "wheelchair": null, "who:code_csref": null, "who:distance": null, "who:nbre_village": null, "operator": null, "email": null, "name:en": null, "phone": null, "healthcare": null, "addr:city": null, "addr:quarter": null, "addr:suburb": null, "handwashing": null, "handwashing:soap": null, "handwashing_number": null, "handwashing_station_distance": null, "handwashing_usability": null, "latrine_emptying_service": null, "note": null, "patient_female": null, "patient_male": null, "sanitation": null, "staff_count": null, "staff_count:doctors": null, "toilets:female": null, "toilets:num_chambers": null, "toilets:staff": null, "wash_maintenance": null, "wash_maintenance_frequency": null, "wash_management": null, "wash_ngo_support": null, "water_point": null, "water_point_improved": null, "water_point_location": null, "water_point_number": null, "water_point_type": null, "water_point_usability": null, "consent": null, "toilets:disposal": null, "wash_funding": null, "addr:street": null, "building:levels": null, "building:material": null, "roof:material": null, "sector": null, "healthcare:speciality": null, "health_facility:type": null, "opening_hours": null, "name:fr": null, "name:es": null, "dispensing": null, "electricity": null, "emergency": null, "insurance:health": null, "operator:type": null, "water_source": null, "alt_name": null, "supervised": null, "survey:date": "2025-11-15", "addr:postcode": null, "place": null, "addr:housenumber": null, "name:ar": null, "wikidata": null, "wikipedia": null, "fixme": null, "barrier": null, "landuse": null, "building": null, "addr:hamlet": null, "secteur": null, "health_amenity:type": null, "name:de": null, "operational_status": null, "ocha:type": null, "short_name": null, "name:ja": null, "name:zh": null, "indoor": null, "material": null, "is_in:cercle": null }, "geometry": { "type": "Point", "coordinates": [ -6.0021603, 13.7225993 ] } },
{ "type": "Feature", "properties": { "element": "relation", "id": 15698176, "amenity": "hospital", "name": "Centre de santé de référence de Koutiala", "pcode": null, "source": "images Maxar;aerial imagery", "start_date": null, "type": "multipolygon", "wheelchair": null, "who:code_csref": null, "who:distance": null, "who:nbre_village": null, "operator": null, "email": null, "name:en": null, "phone": null, "healthcare": "hospital", "addr:city": null, "addr:quarter": null, "addr:suburb": null, "handwashing": null, "handwashing:soap": null, "handwashing_number": null, "handwashing_station_distance": null, "handwashing_usability": null, "latrine_emptying_service": null, "note": null, "patient_female": null, "patient_male": null, "sanitation": null, "staff_count": null, "staff_count:doctors": null, "toilets:female": null, "toilets:num_chambers": null, "toilets:staff": null, "wash_maintenance": null, "wash_maintenance_frequency": null, "wash_management": null, "wash_ngo_support": null, "water_point": null, "water_point_improved": null, "water_point_location": null, "water_point_number": null, "water_point_type": null, "water_point_usability": null, "consent": null, "toilets:disposal": null, "wash_funding": null, "addr:street": null, "building:levels": null, "building:material": null, "roof:material": null, "sector": null, "healthcare:speciality": "paediatrics;neonatology;gynaecology", "health_facility:type": null, "opening_hours": null, "name:fr": null, "name:es": null, "dispensing": null, "electricity": null, "emergency": null, "insurance:health": null, "operator:type": null, "water_source": null, "alt_name": "Hôpital de Koutiala", "supervised": null, "survey:date": null, "addr:postcode": null, "place": null, "addr:housenumber": null, "name:ar": null, "wikidata": null, "wikipedia": null, "fixme": null, "barrier": null, "landuse": null, "building": null, "addr:hamlet": null, "secteur": null, "health_amenity:type": null, "name:de": null, "operational_status": null, "ocha:type": null, "short_name": null, "name:ja": null, "name:zh": null, "indoor": null, "material": null, "is_in:cercle": null }, "geometry": { "type": "Polygon", "coordinates": [ [ [ -5.4628498, 12.3943511 ], [ -5.4627345, 12.3944218 ], [ -5.4627144, 12.3944035 ], [ -5.4626715, 12.3944257 ], [ -5.4626795, 12.3944506 ], [ -5.46241, 12.3945698 ], [ -5.4623335, 12.3946104 ], [ -5.4622611, 12.3946445 ], [ -5.4622651, 12.3946576 ], [ -5.4621259, 12.3947086 ], [ -5.4621383, 12.3947338 ], [ -5.4620371, 12.3947817 ], [ -5.4619326, 12.3948479 ], [ -5.4617232, 12.3949596 ], [ -5.4616361, 12.3950152 ], [ -5.4615168, 12.3948134 ], [ -5.4615932, 12.3947781 ], [ -5.4614886, 12.394558 ], [ -5.4613451, 12.3945659 ], [ -5.4614499, 12.3940828 ], [ -5.4614552, 12.3940522 ], [ -5.4615946, 12.3933713 ], [ -5.4621771, 12.3934479 ], [ -5.4622026, 12.3934518 ], [ -5.462248, 12.3934562 ], [ -5.4623271, 12.3934641 ], [ -5.4623538, 12.3934642 ], [ -5.4627181, 12.3935003 ], [ -5.4629075, 12.3935259 ], [ -5.4628544, 12.3942446 ], [ -5.4628498, 12.3943511 ] ] ] } },
{ "type": "Feature", "properties": { "element": "relation", "id": 15728630, "amenity": "hospital", "name": "Centre de santé de référence de Sikasso", "pcode": "ML03H01H001;ML03R01C000", "source": "OMS survey;Bing", "start_date": "1-Oct-2010;1-Jan-1960", "type": "multipolygon", "wheelchair": null, "who:code_csref": "ML03H01;ML03R01", "who:distance": "0;4", "who:nbre_village": "0", "operator": null, "email": null, "name:en": null, "phone": null, "healthcare": "hospital", "addr:city": null, "addr:quarter": null, "addr:suburb": null, "handwashing": null, "handwashing:soap": null, "handwashing_number": null, "handwashing_station_distance": null, "handwashing_usability": null, "latrine_emptying_service": null, "note": null, "patient_female": null, "patient_male": null, "sanitation": null, "staff_count": null, "staff_count:doctors": null, "toilets:female": null, "toilets:num_chambers": null, "toilets:staff": null, "wash_maintenance": null, "wash_maintenance_frequency": null, "wash_management": null, "wash_ngo_support": null, "water_point": null, "water_point_improved": null, "water_point_location": null, "water_point_number": null, "water_point_type": null, "water_point_usability": null, "consent": null, "toilets:disposal": null, "wash_funding": null, "addr:street": null, "building:levels": null, "building:material": null, "roof:material": null, "sector": null, "healthcare:speciality": null, "health_facility:type": "hospital;CSRef", "opening_hours": null, "name:fr": null, "name:es": null, "dispensing": null, "electricity": null, "emergency": null, "insurance:health": null, "operator:type": null, "water_source": null, "alt_name": null, "supervised": null, "survey:date": null, "addr:postcode": null, "place": null, "addr:housenumber": null, "name:ar": null, "wikidata": null, "wikipedia": null, "fixme": null, "barrier": null, "landuse": null, "building": null, "addr:hamlet": null, "secteur": null, "health_amenity:type": null, "name:de": null, "operational_status": null, "ocha:type": null, "short_name": null, "name:ja": null, "name:zh": null, "indoor": null, "material": null, "is_in:cercle": "Sikasso" }, "geometry": { "type": "Polygon", "coordinates": [ [ [ -5.6697733, 11.3177876 ], [ -5.6697518, 11.3175562 ], [ -5.6692604, 11.3176314 ], [ -5.6690981, 11.3176418 ], [ -5.6690953, 11.3175983 ], [ -5.6690424, 11.317557 ], [ -5.668327, 11.3167581 ], [ -5.6683491, 11.3167378 ], [ -5.6683128, 11.3166996 ], [ -5.6682649, 11.3166436 ], [ -5.6679923, 11.3163248 ], [ -5.6679199, 11.3162433 ], [ -5.6678341, 11.3161171 ], [ -5.6682954, 11.316074 ], [ -5.6683772, 11.3160619 ], [ -5.6695211, 11.3159448 ], [ -5.6697214, 11.3159311 ], [ -5.6697472, 11.3161533 ], [ -5.6698049, 11.3165462 ], [ -5.6703419, 11.3164884 ], [ -5.6703768, 11.3167093 ], [ -5.6705591, 11.3164393 ], [ -5.6709877, 11.3167926 ], [ -5.6697733, 11.3177876 ] ] ] } },
{ "type": "Feature", "properties": { "element": "relation", "id": 15764786, "amenity": "hospital", "name": "Centre de santé de référence de Yanfolila", "pcode": null, "source": null, "start_date": null, "type": "multipolygon", "wheelchair": null, "who:code_csref": null, "who:distance": null, "who:nbre_village": null, "operator": null, "email": null, "name:en": null, "phone": null, "healthcare": "hospital", "addr:city": null, "addr:quarter": null, "addr:suburb": null, "handwashing": null, "handwashing:soap": null, "handwashing_number": null, "handwashing_station_distance": null, "handwashing_usability": null, "latrine_emptying_service": null, "note": null, "patient_female": null, "patient_male": null, "sanitation": null, "staff_count": null, "staff_count:doctors": null, "toilets:female": null, "toilets:num_chambers": null, "toilets:staff": null, "wash_maintenance": null, "wash_maintenance_frequency": null, "wash_management": null, "wash_ngo_support": null, "water_point": null, "water_point_improved": null, "water_point_location": null, "water_point_number": null, "water_point_type": null, "water_point_usability": null, "consent": null, "toilets:disposal": null, "wash_funding": null, "addr:street": null, "building:levels": null, "building:material": null, "roof:material": null, "sector": null, "healthcare:speciality": "general", "health_facility:type": null, "opening_hours": null, "name:fr": null, "name:es": null, "dispensing": null, "electricity": null, "emergency": null, "insurance:health": null, "operator:type": null, "water_source": null, "alt_name": null, "supervised": null, "survey:date": null, "addr:postcode": null, "place": null, "addr:housenumber": null, "name:ar": null, "wikidata": null, "wikipedia": null, "fixme": null, "barrier": null, "landuse": null, "building": null, "addr:hamlet": null, "secteur": null, "health_amenity:type": null, "name:de": null, "operational_status": null, "ocha:type": null, "short_name": null, "name:ja": null, "name:zh": null, "indoor": null, "material": null, "is_in:cercle": null }, "geometry": { "type": "Polygon", "coordinates": [ [ [ -8.1672604, 11.166527 ], [ -8.1672262, 11.1665767 ], [ -8.1668386, 11.1671385 ], [ -8.1660849, 11.1666148 ], [ -8.1667752, 11.1656348 ], [ -8.1668372, 11.1655467 ], [ -8.1668708, 11.1654991 ], [ -8.1669479, 11.1655526 ], [ -8.1676138, 11.1660148 ], [ -8.1672604, 11.166527 ] ] ] } },
{ "type": "Feature", "properties": { "element": "relation", "id": 17733600, "amenity": "hospital", "name": "Hôpital Fousseyni Daou", "pcode": "ML01H01H001", "source": "OMS Survey; UNICEF 2014; http://www.malisante.net/hopitaux/8-kayes/voir-details.html", "start_date": "1-Apr-2003", "type": "multipolygon", "wheelchair": null, "who:code_csref": "ML01H01", "who:distance": "0", "who:nbre_village": "0", "operator": null, "email": null, "name:en": null, "phone": null, "healthcare": "hospital", "addr:city": null, "addr:quarter": null, "addr:suburb": null, "handwashing": null, "handwashing:soap": null, "handwashing_number": null, "handwashing_station_distance": null, "handwashing_usability": null, "latrine_emptying_service": null, "note": null, "patient_female": null, "patient_male": null, "sanitation": null, "staff_count": null, "staff_count:doctors": null, "toilets:female": null, "toilets:num_chambers": null, "toilets:staff": null, "wash_maintenance": null, "wash_maintenance_frequency": null, "wash_management": null, "wash_ngo_support": null, "water_point": null, "water_point_improved": null, "water_point_location": null, "water_point_number": null, "water_point_type": null, "water_point_usability": null, "consent": null, "toilets:disposal": null, "wash_funding": null, "addr:street": null, "building:levels": null, "building:material": null, "roof:material": null, "sector": null, "healthcare:speciality": null, "health_facility:type": "hospital", "opening_hours": null, "name:fr": null, "name:es": null, "dispensing": null, "electricity": null, "emergency": null, "insurance:health": null, "operator:type": null, "water_source": null, "alt_name": "Hopital Fouss Daou; Hôpital Régional Fousseyni Daou de Kayes", "supervised": null, "survey:date": null, "addr:postcode": null, "place": null, "addr:housenumber": null, "name:ar": null, "wikidata": null, "wikipedia": null, "fixme": null, "barrier": "wall", "landuse": null, "building": null, "addr:hamlet": null, "secteur": null, "health_amenity:type": null, "name:de": null, "operational_status": null, "ocha:type": null, "short_name": null, "name:ja": null, "name:zh": null, "indoor": null, "material": null, "is_in:cercle": null }, "geometry": { "type": "Polygon", "coordinates": [ [ [ -11.4252324, 14.4323579 ], [ -11.4255032, 14.4322549 ], [ -11.4256536, 14.4321913 ], [ -11.4256913, 14.432277 ], [ -11.4258896, 14.4321916 ], [ -11.4269153, 14.4339945 ], [ -11.426857, 14.4340299 ], [ -11.4269343, 14.4342464 ], [ -11.4268619, 14.4344752 ], [ -11.4244698, 14.4356835 ], [ -11.4237056, 14.4359731 ], [ -11.4234129, 14.4349034 ], [ -11.4237629, 14.4340755 ], [ -11.4238219, 14.4328469 ], [ -11.4239433, 14.4326167 ], [ -11.4239751, 14.4325541 ], [ -11.4242122, 14.4323103 ], [ -11.424809, 14.4319643 ], [ -11.4248604, 14.4324994 ], [ -11.4251511, 14.4323888 ], [ -11.4252324, 14.4323579 ] ] ] } },
{ "type": "Feature", "properties": { "element": "relation", "id": 17786065, "amenity": "hospital", "name": "Hopital Giovardo", "pcode": null, "source": null, "start_date": null, "type": "multipolygon", "wheelchair": null, "who:code_csref": null, "who:distance": null, "who:nbre_village": null, "operator": null, "email": null, "name:en": null, "phone": null, "healthcare": "hospital", "addr:city": null, "addr:quarter": null, "addr:suburb": null, "handwashing": null, "handwashing:soap": null, "handwashing_number": null, "handwashing_station_distance": null, "handwashing_usability": null, "latrine_emptying_service": null, "note": null, "patient_female": null, "patient_male": null, "sanitation": null, "staff_count": null, "staff_count:doctors": null, "toilets:female": null, "toilets:num_chambers": null, "toilets:staff": null, "wash_maintenance": null, "wash_maintenance_frequency": null, "wash_management": null, "wash_ngo_support": null, "water_point": null, "water_point_improved": null, "water_point_location": null, "water_point_number": null, "water_point_type": null, "water_point_usability": null, "consent": null, "toilets:disposal": null, "wash_funding": null, "addr:street": null, "building:levels": null, "building:material": null, "roof:material": null, "sector": null, "healthcare:speciality": null, "health_facility:type": null, "opening_hours": null, "name:fr": null, "name:es": null, "dispensing": null, "electricity": null, "emergency": null, "insurance:health": null, "operator:type": null, "water_source": null, "alt_name": null, "supervised": null, "survey:date": null, "addr:postcode": null, "place": null, "addr:housenumber": null, "name:ar": null, "wikidata": null, "wikipedia": null, "fixme": null, "barrier": null, "landuse": null, "building": null, "addr:hamlet": null, "secteur": null, "health_amenity:type": null, "name:de": null, "operational_status": null, "ocha:type": null, "short_name": null, "name:ja": null, "name:zh": null, "indoor": null, "material": null, "is_in:cercle": null }, "geometry": { "type": "Polygon", "coordinates": [ [ [ -11.4487819, 14.42029 ], [ -11.4495058, 14.4208717 ], [ -11.4488623, 14.4216096 ], [ -11.4485759, 14.4213877 ], [ -11.4485203, 14.4213446 ], [ -11.4481247, 14.4210381 ], [ -11.4487819, 14.42029 ] ] ] } },
{ "type": "Feature", "properties": { "element": "way", "id": 93305275, "amenity": "hospital", "name": "Polyclinique caritative Mouamar Kadafi", "pcode": null, "source": null, "start_date": null, "type": null, "wheelchair": null, "who:code_csref": null, "who:distance": null, "who:nbre_village": null, "operator": null, "email": null, "name:en": null, "phone": null, "healthcare": null, "addr:city": null, "addr:quarter": null, "addr:suburb": null, "handwashing": null, "handwashing:soap": null, "handwashing_number": null, "handwashing_station_distance": null, "handwashing_usability": null, "latrine_emptying_service": null, "note": null, "patient_female": null, "patient_male": null, "sanitation": null, "staff_count": null, "staff_count:doctors": null, "toilets:female": null, "toilets:num_chambers": null, "toilets:staff": null, "wash_maintenance": null, "wash_maintenance_frequency": null, "wash_management": null, "wash_ngo_support": null, "water_point": null, "water_point_improved": null, "water_point_location": null, "water_point_number": null, "water_point_type": null, "water_point_usability": null, "consent": null, "toilets:disposal": null, "wash_funding": null, "addr:street": null, "building:levels": null, "building:material": null, "roof:material": null, "sector": null, "healthcare:speciality": null, "health_facility:type": null, "opening_hours": null, "name:fr": null, "name:es": null, "dispensing": null, "electricity": null, "emergency": null, "insurance:health": null, "operator:type": null, "water_source": null, "alt_name": null, "supervised": null, "survey:date": null, "addr:postcode": null, "place": null, "addr:housenumber": null, "name:ar": null, "wikidata": null, "wikipedia": null, "fixme": null, "barrier": null, "landuse": null, "building": null, "addr:hamlet": null, "secteur": null, "health_amenity:type": null, "name:de": null, "operational_status": null, "ocha:type": null, "short_name": null, "name:ja": null, "name:zh": null, "indoor": null, "material": null, "is_in:cercle": null }, "geometry": { "type": "Polygon", "coordinates": [ [ [ -8.0609149, 12.7242317 ], [ -8.059861, 12.7234233 ], [ -8.0596816, 12.7246334 ], [ -8.0597311, 12.7246464 ], [ -8.0596698, 12.7251906 ], [ -8.0600248, 12.7252172 ], [ -8.0601273, 12.7247222 ], [ -8.0605855, 12.7244478 ], [ -8.0608871, 12.7244346 ], [ -8.0609149, 12.7242317 ] ] ] } },
{ "type": "Feature", "properties": { "element": "way", "id": 93314850, "amenity": "hospital", "name": "ASACOKO", "pcode": null, "source": null, "start_date": null, "type": null, "wheelchair": null, "who:code_csref": null, "who:distance": null, "who:nbre_village": null, "operator": null, "email": null, "name:en": null, "phone": null, "healthcare": null, "addr:city": null, "addr:quarter": null, "addr:suburb": null, "handwashing": null, "handwashing:soap": null, "handwashing_number": null, "handwashing_station_distance": null, "handwashing_usability": null, "latrine_emptying_service": null, "note": null, "patient_female": null, "patient_male": null, "sanitation": null, "staff_count": null, "staff_count:doctors": null, "toilets:female": null, "toilets:num_chambers": null, "toilets:staff": null, "wash_maintenance": null, "wash_maintenance_frequency": null, "wash_management": null, "wash_ngo_support": null, "water_point": null, "water_point_improved": null, "water_point_location": null, "water_point_number": null, "water_point_type": null, "water_point_usability": null, "consent": null, "toilets:disposal": null, "wash_funding": null, "addr:street": null, "building:levels": null, "building:material": null, "roof:material": null, "sector": null, "healthcare:speciality": null, "health_facility:type": null, "opening_hours": null, "name:fr": null, "name:es": null, "dispensing": null, "electricity": null, "emergency": null, "insurance:health": null, "operator:type": null, "water_source": null, "alt_name": null, "supervised": null, "survey:date": null, "addr:postcode": null, "place": null, "addr:housenumber": null, "name:ar": null, "wikidata": null, "wikipedia": null, "fixme": null, "barrier": null, "landuse": null, "building": null, "addr:hamlet": null, "secteur": null, "health_amenity:type": null, "name:de": null, "operational_status": null, "ocha:type": null, "short_name": null, "name:ja": null, "name:zh": null, "indoor": null, "material": null, "is_in:cercle": null }, "geometry": { "type": "Polygon", "coordinates": [ [ [ -7.9557394, 12.6709905 ], [ -7.9555897, 12.6710103 ], [ -7.9555299, 12.670602 ], [ -7.9556755, 12.670592 ], [ -7.9557394, 12.6709905 ] ] ] } },
{ "type": "Feature", "properties": { "element": "way", "id": 93578313, "amenity": "hospital", "name": "Protection Maternelle et Infantile de Kati (PMI)", "pcode": null, "source": null, "start_date": null, "type": null, "wheelchair": null, "who:code_csref": null, "who:distance": null, "who:nbre_village": null, "operator": null, "email": null, "name:en": null, "phone": null, "healthcare": null, "addr:city": null, "addr:quarter": null, "addr:suburb": null, "handwashing": null, "handwashing:soap": null, "handwashing_number": null, "handwashing_station_distance": null, "handwashing_usability": null, "latrine_emptying_service": null, "note": null, "patient_female": null, "patient_male": null, "sanitation": null, "staff_count": null, "staff_count:doctors": null, "toilets:female": null, "toilets:num_chambers": null, "toilets:staff": null, "wash_maintenance": null, "wash_maintenance_frequency": null, "wash_management": null, "wash_ngo_support": null, "water_point": null, "water_point_improved": null, "water_point_location": null, "water_point_number": null, "water_point_type": null, "water_point_usability": null, "consent": null, "toilets:disposal": null, "wash_funding": null, "addr:street": null, "building:levels": null, "building:material": null, "roof:material": null, "sector": null, "healthcare:speciality": null, "health_facility:type": null, "opening_hours": null, "name:fr": null, "name:es": null, "dispensing": null, "electricity": null, "emergency": null, "insurance:health": null, "operator:type": null, "water_source": null, "alt_name": null, "supervised": null, "survey:date": null, "addr:postcode": null, "place": null, "addr:housenumber": null, "name:ar": null, "wikidata": null, "wikipedia": null, "fixme": null, "barrier": null, "landuse": null, "building": null, "addr:hamlet": null, "secteur": null, "health_amenity:type": null, "name:de": null, "operational_status": null, "ocha:type": null, "short_name": null, "name:ja": null, "name:zh": null, "indoor": null, "material": null, "is_in:cercle": null }, "geometry": { "type": "Polygon", "coordinates": [ [ [ -8.0743196, 12.7433723 ], [ -8.074041, 12.7436012 ], [ -8.0737534, 12.7433184 ], [ -8.0740441, 12.7430465 ], [ -8.0741801, 12.7431742 ], [ -8.0743196, 12.7433723 ] ] ] } },
{ "type": "Feature", "properties": { "element": "way", "id": 93613078, "amenity": "hospital", "name": "AsacoDjip", "pcode": null, "source": null, "start_date": null, "type": null, "wheelchair": null, "who:code_csref": null, "who:distance": null, "who:nbre_village": null, "operator": null, "email": null, "name:en": null, "phone": null, "healthcare": null, "addr:city": null, "addr:quarter": null, "addr:suburb": null, "handwashing": null, "handwashing:soap": null, "handwashing_number": null, "handwashing_station_distance": null, "handwashing_usability": null, "latrine_emptying_service": null, "note": null, "patient_female": null, "patient_male": null, "sanitation": null, "staff_count": null, "staff_count:doctors": null, "toilets:female": null, "toilets:num_chambers": null, "toilets:staff": null, "wash_maintenance": null, "wash_maintenance_frequency": null, "wash_management": null, "wash_ngo_support": null, "water_point": null, "water_point_improved": null, "water_point_location": null, "water_point_number": null, "water_point_type": null, "water_point_usability": null, "consent": null, "toilets:disposal": null, "wash_funding": null, "addr:street": null, "building:levels": null, "building:material": null, "roof:material": null, "sector": null, "healthcare:speciality": null, "health_facility:type": null, "opening_hours": null, "name:fr": null, "name:es": null, "dispensing": null, "electricity": null, "emergency": null, "insurance:health": null, "operator:type": null, "water_source": null, "alt_name": null, "supervised": null, "survey:date": null, "addr:postcode": null, "place": null, "addr:housenumber": null, "name:ar": null, "wikidata": null, "wikipedia": null, "fixme": null, "barrier": null, "landuse": null, "building": null, "addr:hamlet": null, "secteur": null, "health_amenity:type": null, "name:de": null, "operational_status": null, "ocha:type": null, "short_name": null, "name:ja": null, "name:zh": null, "indoor": null, "material": null, "is_in:cercle": null }, "geometry": { "type": "Polygon", "coordinates": [ [ [ -8.0192585, 12.6198122 ], [ -8.0189822, 12.6199326 ], [ -8.0190998, 12.6202015 ], [ -8.0191512, 12.6202934 ], [ -8.0194221, 12.6201204 ], [ -8.0193523, 12.620007 ], [ -8.0192585, 12.6198122 ] ] ] } },
{ "type": "Feature", "properties": { "element": "way", "id": 150905420, "amenity": "hospital", "name": "Hôpital de Kati", "pcode": "ML02H01U001", "source": "OMS Survey", "start_date": "1-Jan-2011", "type": null, "wheelchair": null, "who:code_csref": "ML02H01", "who:distance": "0", "who:nbre_village": "0", "operator": null, "email": null, "name:en": null, "phone": null, "healthcare": null, "addr:city": null, "addr:quarter": null, "addr:suburb": null, "handwashing": null, "handwashing:soap": null, "handwashing_number": null, "handwashing_station_distance": null, "handwashing_usability": null, "latrine_emptying_service": null, "note": null, "patient_female": null, "patient_male": null, "sanitation": null, "staff_count": null, "staff_count:doctors": null, "toilets:female": null, "toilets:num_chambers": null, "toilets:staff": null, "wash_maintenance": null, "wash_maintenance_frequency": null, "wash_management": null, "wash_ngo_support": null, "water_point": null, "water_point_improved": null, "water_point_location": null, "water_point_number": null, "water_point_type": null, "water_point_usability": null, "consent": null, "toilets:disposal": null, "wash_funding": null, "addr:street": null, "building:levels": null, "building:material": null, "roof:material": null, "sector": null, "healthcare:speciality": null, "health_facility:type": "hospital", "opening_hours": null, "name:fr": null, "name:es": null, "dispensing": null, "electricity": null, "emergency": null, "insurance:health": null, "operator:type": null, "water_source": null, "alt_name": "Hopital National du Kati", "supervised": null, "survey:date": null, "addr:postcode": null, "place": null, "addr:housenumber": null, "name:ar": null, "wikidata": null, "wikipedia": null, "fixme": null, "barrier": null, "landuse": null, "building": null, "addr:hamlet": null, "secteur": null, "health_amenity:type": null, "name:de": null, "operational_status": null, "ocha:type": null, "short_name": null, "name:ja": null, "name:zh": null, "indoor": null, "material": null, "is_in:cercle": null }, "geometry": { "type": "Polygon", "coordinates": [ [ [ -8.0610439, 12.7258841 ], [ -8.060073, 12.72579 ], [ -8.0599026, 12.7264911 ], [ -8.0598631, 12.7266743 ], [ -8.0602191, 12.7267737 ], [ -8.0601749, 12.7271648 ], [ -8.0612437, 12.7274683 ], [ -8.0612689, 12.7273476 ], [ -8.0612888, 12.7272144 ], [ -8.0613296, 12.727034 ], [ -8.0612451, 12.7268417 ], [ -8.06117, 12.7261209 ], [ -8.0610439, 12.7258841 ] ] ] } },
{ "type": "Feature", "properties": { "element": "way", "id": 175062350, "amenity": "hospital", "name": "Hôpital Régional de Tombouctou", "pcode": "ML06H01H001", "source": "OMS Survey", "start_date": "1-Jan-1992", "type": null, "wheelchair": null, "who:code_csref": "ML06H01", "who:distance": "0", "who:nbre_village": "0", "operator": null, "email": null, "name:en": null, "phone": null, "healthcare": "hospital", "addr:city": null, "addr:quarter": null, "addr:suburb": null, "handwashing": null, "handwashing:soap": null, "handwashing_number": null, "handwashing_station_distance": null, "handwashing_usability": null, "latrine_emptying_service": null, "note": null, "patient_female": null, "patient_male": null, "sanitation": null, "staff_count": null, "staff_count:doctors": null, "toilets:female": null, "toilets:num_chambers": null, "toilets:staff": null, "wash_maintenance": null, "wash_maintenance_frequency": null, "wash_management": null, "wash_ngo_support": null, "water_point": null, "water_point_improved": null, "water_point_location": null, "water_point_number": null, "water_point_type": null, "water_point_usability": null, "consent": null, "toilets:disposal": null, "wash_funding": null, "addr:street": null, "building:levels": null, "building:material": null, "roof:material": null, "sector": null, "healthcare:speciality": null, "health_facility:type": "hospital", "opening_hours": null, "name:fr": null, "name:es": "Hospital Regional de Tombuctú", "dispensing": null, "electricity": null, "emergency": null, "insurance:health": null, "operator:type": null, "water_source": null, "alt_name": null, "supervised": null, "survey:date": null, "addr:postcode": null, "place": null, "addr:housenumber": null, "name:ar": "المستشفى الجهوي تمبكتو", "wikidata": null, "wikipedia": null, "fixme": null, "barrier": "wall", "landuse": null, "building": null, "addr:hamlet": null, "secteur": null, "health_amenity:type": null, "name:de": null, "operational_status": null, "ocha:type": null, "short_name": null, "name:ja": "トンブクトゥ地域病院", "name:zh": null, "indoor": null, "material": null, "is_in:cercle": null }, "geometry": { "type": "Polygon", "coordinates": [ [ [ -3.006183, 16.7675184 ], [ -3.0056215, 16.7660215 ], [ -3.0054552, 16.7660161 ], [ -3.0054571, 16.7657844 ], [ -3.0046026, 16.7657862 ], [ -3.0046026, 16.765893 ], [ -3.0042832, 16.7658966 ], [ -3.0043002, 16.7675455 ], [ -3.0046612, 16.7675437 ], [ -3.0046631, 16.7674804 ], [ -3.0054741, 16.7674677 ], [ -3.005476, 16.7675329 ], [ -3.006183, 16.7675184 ] ] ] } },
{ "type": "Feature", "properties": { "element": "way", "id": 203831154, "amenity": "hospital", "name": "Hópital-Maternité", "pcode": null, "source": "bing", "start_date": null, "type": null, "wheelchair": null, "who:code_csref": null, "who:distance": null, "who:nbre_village": null, "operator": null, "email": null, "name:en": null, "phone": null, "healthcare": null, "addr:city": null, "addr:quarter": null, "addr:suburb": null, "handwashing": null, "handwashing:soap": null, "handwashing_number": null, "handwashing_station_distance": null, "handwashing_usability": null, "latrine_emptying_service": null, "note": null, "patient_female": null, "patient_male": null, "sanitation": null, "staff_count": null, "staff_count:doctors": null, "toilets:female": null, "toilets:num_chambers": null, "toilets:staff": null, "wash_maintenance": null, "wash_maintenance_frequency": null, "wash_management": null, "wash_ngo_support": null, "water_point": null, "water_point_improved": null, "water_point_location": null, "water_point_number": null, "water_point_type": null, "water_point_usability": null, "consent": null, "toilets:disposal": null, "wash_funding": null, "addr:street": null, "building:levels": null, "building:material": null, "roof:material": null, "sector": null, "healthcare:speciality": null, "health_facility:type": null, "opening_hours": null, "name:fr": null, "name:es": null, "dispensing": null, "electricity": null, "emergency": null, "insurance:health": null, "operator:type": null, "water_source": null, "alt_name": null, "supervised": null, "survey:date": null, "addr:postcode": null, "place": null, "addr:housenumber": null, "name:ar": "مستشفى الولادة", "wikidata": null, "wikipedia": null, "fixme": null, "barrier": null, "landuse": null, "building": "hospital", "addr:hamlet": null, "secteur": null, "health_amenity:type": null, "name:de": null, "operational_status": null, "ocha:type": null, "short_name": null, "name:ja": null, "name:zh": null, "indoor": null, "material": null, "is_in:cercle": null }, "geometry": { "type": "Polygon", "coordinates": [ [ [ 1.4052684, 18.4368452 ], [ 1.4053402, 18.4368068 ], [ 1.4053601, 18.4368401 ], [ 1.4054169, 18.4368097 ], [ 1.4054968, 18.4369439 ], [ 1.4053683, 18.4370128 ], [ 1.4052684, 18.4368452 ] ] ] } },
{ "type": "Feature", "properties": { "element": "way", "id": 204737493, "amenity": "hospital", "name": "Hôpital", "pcode": null, "source": null, "start_date": null, "type": null, "wheelchair": null, "who:code_csref": null, "who:distance": null, "who:nbre_village": null, "operator": null, "email": null, "name:en": null, "phone": null, "healthcare": null, "addr:city": null, "addr:quarter": null, "addr:suburb": null, "handwashing": null, "handwashing:soap": null, "handwashing_number": null, "handwashing_station_distance": null, "handwashing_usability": null, "latrine_emptying_service": null, "note": null, "patient_female": null, "patient_male": null, "sanitation": null, "staff_count": null, "staff_count:doctors": null, "toilets:female": null, "toilets:num_chambers": null, "toilets:staff": null, "wash_maintenance": null, "wash_maintenance_frequency": null, "wash_management": null, "wash_ngo_support": null, "water_point": null, "water_point_improved": null, "water_point_location": null, "water_point_number": null, "water_point_type": null, "water_point_usability": null, "consent": null, "toilets:disposal": null, "wash_funding": null, "addr:street": null, "building:levels": null, "building:material": null, "roof:material": null, "sector": null, "healthcare:speciality": null, "health_facility:type": null, "opening_hours": null, "name:fr": null, "name:es": null, "dispensing": null, "electricity": null, "emergency": null, "insurance:health": null, "operator:type": null, "water_source": null, "alt_name": null, "supervised": null, "survey:date": null, "addr:postcode": null, "place": null, "addr:housenumber": null, "name:ar": null, "wikidata": null, "wikipedia": null, "fixme": null, "barrier": "wall", "landuse": null, "building": null, "addr:hamlet": null, "secteur": null, "health_amenity:type": null, "name:de": null, "operational_status": null, "ocha:type": null, "short_name": null, "name:ja": null, "name:zh": null, "indoor": null, "material": null, "is_in:cercle": null }, "geometry": { "type": "Polygon", "coordinates": [ [ [ -2.9540103, 15.0004232 ], [ -2.9548546, 15.0006147 ], [ -2.9563914, 15.0009632 ], [ -2.9565341, 15.0001353 ], [ -2.9544001, 14.9996329 ], [ -2.9543486, 14.9996195 ], [ -2.9541952, 14.9996213 ], [ -2.9540103, 15.0004232 ] ] ] } },
{ "type": "Feature", "properties": { "element": "way", "id": 208639211, "amenity": "hospital", "name": "Hôpital Somine Dolo Mopti", "pcode": null, "source": "survey", "start_date": null, "type": null, "wheelchair": null, "who:code_csref": null, "who:distance": null, "who:nbre_village": null, "operator": null, "email": null, "name:en": "Hospital Somine Dolo Mopti", "phone": null, "healthcare": "hospital", "addr:city": "Mopti", "addr:quarter": null, "addr:suburb": null, "handwashing": null, "handwashing:soap": null, "handwashing_number": null, "handwashing_station_distance": null, "handwashing_usability": null, "latrine_emptying_service": null, "note": null, "patient_female": null, "patient_male": null, "sanitation": null, "staff_count": null, "staff_count:doctors": null, "toilets:female": null, "toilets:num_chambers": null, "toilets:staff": null, "wash_maintenance": null, "wash_maintenance_frequency": null, "wash_management": null, "wash_ngo_support": null, "water_point": null, "water_point_improved": null, "water_point_location": null, "water_point_number": null, "water_point_type": null, "water_point_usability": null, "consent": null, "toilets:disposal": null, "wash_funding": null, "addr:street": null, "building:levels": null, "building:material": null, "roof:material": null, "sector": null, "healthcare:speciality": null, "health_facility:type": null, "opening_hours": null, "name:fr": null, "name:es": null, "dispensing": null, "electricity": null, "emergency": null, "insurance:health": null, "operator:type": null, "water_source": null, "alt_name": null, "supervised": null, "survey:date": null, "addr:postcode": null, "place": null, "addr:housenumber": null, "name:ar": null, "wikidata": null, "wikipedia": null, "fixme": null, "barrier": null, "landuse": null, "building": null, "addr:hamlet": null, "secteur": null, "health_amenity:type": null, "name:de": null, "operational_status": null, "ocha:type": null, "short_name": null, "name:ja": null, "name:zh": null, "indoor": null, "material": null, "is_in:cercle": null }, "geometry": { "type": "Polygon", "coordinates": [ [ [ -4.1969544, 14.5039149 ], [ -4.1962485, 14.5037137 ], [ -4.1960564, 14.503583 ], [ -4.1959769, 14.5038188 ], [ -4.1959112, 14.5039935 ], [ -4.1957053, 14.5043807 ], [ -4.1955872, 14.504614 ], [ -4.1954728, 14.5048972 ], [ -4.1953091, 14.5048161 ], [ -4.1951982, 14.5052087 ], [ -4.1960764, 14.5056474 ], [ -4.1961292, 14.5055713 ], [ -4.1962656, 14.5053243 ], [ -4.196297, 14.5052543 ], [ -4.1963966, 14.5050522 ], [ -4.1968865, 14.5040544 ], [ -4.1969544, 14.5039149 ] ] ] } },
{ "type": "Feature", "properties": { "element": "way", "id": 209438580, "amenity": "hospital", "name": null, "pcode": null, "source": null, "start_date": null, "type": null, "wheelchair": null, "who:code_csref": null, "who:distance": null, "who:nbre_village": null, "operator": null, "email": null, "name:en": null, "phone": null, "healthcare": "hospital", "addr:city": null, "addr:quarter": null, "addr:suburb": null, "handwashing": null, "handwashing:soap": null, "handwashing_number": null, "handwashing_station_distance": null, "handwashing_usability": null, "latrine_emptying_service": null, "note": null, "patient_female": null, "patient_male": null, "sanitation": null, "staff_count": null, "staff_count:doctors": null, "toilets:female": null, "toilets:num_chambers": null, "toilets:staff": null, "wash_maintenance": null, "wash_maintenance_frequency": null, "wash_management": null, "wash_ngo_support": null, "water_point": null, "water_point_improved": null, "water_point_location": null, "water_point_number": null, "water_point_type": null, "water_point_usability": null, "consent": null, "toilets:disposal": null, "wash_funding": null, "addr:street": null, "building:levels": null, "building:material": null, "roof:material": null, "sector": null, "healthcare:speciality": null, "health_facility:type": null, "opening_hours": null, "name:fr": null, "name:es": null, "dispensing": null, "electricity": null, "emergency": null, "insurance:health": null, "operator:type": null, "water_source": null, "alt_name": null, "supervised": null, "survey:date": null, "addr:postcode": null, "place": null, "addr:housenumber": null, "name:ar": null, "wikidata": null, "wikipedia": null, "fixme": null, "barrier": null, "landuse": null, "building": null, "addr:hamlet": null, "secteur": null, "health_amenity:type": null, "name:de": null, "operational_status": null, "ocha:type": null, "short_name": null, "name:ja": null, "name:zh": null, "indoor": null, "material": null, "is_in:cercle": null }, "geometry": { "type": "Polygon", "coordinates": [ [ [ -10.4594236, 14.2572766 ], [ -10.4593829, 14.2586893 ], [ -10.4601159, 14.2585766 ], [ -10.4613516, 14.2583865 ], [ -10.4614064, 14.2580273 ], [ -10.4614213, 14.2572647 ], [ -10.4597004, 14.257275 ], [ -10.4594236, 14.2572766 ] ] ] } },
{ "type": "Feature", "properties": { "element": "way", "id": 243221003, "amenity": "hospital", "name": "Centre de Santé Communautaire CSCOM DE Samabogo", "pcode": null, "source": null, "start_date": null, "type": null, "wheelchair": null, "who:code_csref": null, "who:distance": null, "who:nbre_village": null, "operator": null, "email": null, "name:en": null, "phone": null, "healthcare": null, "addr:city": null, "addr:quarter": null, "addr:suburb": null, "handwashing": null, "handwashing:soap": null, "handwashing_number": null, "handwashing_station_distance": null, "handwashing_usability": null, "latrine_emptying_service": null, "note": null, "patient_female": null, "patient_male": null, "sanitation": null, "staff_count": null, "staff_count:doctors": null, "toilets:female": null, "toilets:num_chambers": null, "toilets:staff": null, "wash_maintenance": null, "wash_maintenance_frequency": null, "wash_management": null, "wash_ngo_support": null, "water_point": null, "water_point_improved": null, "water_point_location": null, "water_point_number": null, "water_point_type": null, "water_point_usability": null, "consent": null, "toilets:disposal": null, "wash_funding": null, "addr:street": null, "building:levels": null, "building:material": null, "roof:material": null, "sector": null, "healthcare:speciality": null, "health_facility:type": null, "opening_hours": null, "name:fr": null, "name:es": null, "dispensing": null, "electricity": null, "emergency": "no", "insurance:health": null, "operator:type": null, "water_source": null, "alt_name": null, "supervised": null, "survey:date": "2023-04-07", "addr:postcode": null, "place": null, "addr:housenumber": null, "name:ar": null, "wikidata": null, "wikipedia": null, "fixme": null, "barrier": null, "landuse": null, "building": null, "addr:hamlet": null, "secteur": null, "health_amenity:type": null, "name:de": null, "operational_status": null, "ocha:type": null, "short_name": null, "name:ja": null, "name:zh": null, "indoor": null, "material": null, "is_in:cercle": null }, "geometry": { "type": "Polygon", "coordinates": [ [ [ -5.5023531, 12.8543088 ], [ -5.5021994, 12.8543146 ], [ -5.5022029, 12.8542094 ], [ -5.5023424, 12.8542042 ], [ -5.5023531, 12.8543088 ] ] ] } },
{ "type": "Feature", "properties": { "element": "way", "id": 244152652, "amenity": "hospital", "name": "CSCOM", "pcode": null, "source": null, "start_date": null, "type": null, "wheelchair": null, "who:code_csref": null, "who:distance": null, "who:nbre_village": null, "operator": null, "email": null, "name:en": null, "phone": null, "healthcare": null, "addr:city": null, "addr:quarter": null, "addr:suburb": null, "handwashing": null, "handwashing:soap": null, "handwashing_number": null, "handwashing_station_distance": null, "handwashing_usability": null, "latrine_emptying_service": null, "note": null, "patient_female": null, "patient_male": null, "sanitation": null, "staff_count": null, "staff_count:doctors": null, "toilets:female": null, "toilets:num_chambers": null, "toilets:staff": null, "wash_maintenance": null, "wash_maintenance_frequency": null, "wash_management": null, "wash_ngo_support": null, "water_point": null, "water_point_improved": null, "water_point_location": null, "water_point_number": null, "water_point_type": null, "water_point_usability": null, "consent": null, "toilets:disposal": null, "wash_funding": null, "addr:street": null, "building:levels": null, "building:material": null, "roof:material": null, "sector": null, "healthcare:speciality": null, "health_facility:type": null, "opening_hours": null, "name:fr": null, "name:es": null, "dispensing": null, "electricity": null, "emergency": null, "insurance:health": null, "operator:type": null, "water_source": null, "alt_name": null, "supervised": null, "survey:date": null, "addr:postcode": null, "place": null, "addr:housenumber": null, "name:ar": null, "wikidata": null, "wikipedia": null, "fixme": null, "barrier": null, "landuse": null, "building": null, "addr:hamlet": null, "secteur": null, "health_amenity:type": null, "name:de": null, "operational_status": null, "ocha:type": null, "short_name": null, "name:ja": null, "name:zh": null, "indoor": null, "material": null, "is_in:cercle": null }, "geometry": { "type": "Polygon", "coordinates": [ [ [ -8.098638, 12.7509888 ], [ -8.0983322, 12.751151 ], [ -8.0978762, 12.7504081 ], [ -8.0981766, 12.7502197 ], [ -8.0981984, 12.7502561 ], [ -8.098638, 12.7509888 ] ] ] } },
{ "type": "Feature", "properties": { "element": "way", "id": 313406831, "amenity": "hospital", "name": "Hôpital du Mali", "pcode": "ML08H06U005", "source": "OMS Survey", "start_date": "7-Sep-2011", "type": null, "wheelchair": null, "who:code_csref": "ML08H06", "who:distance": "0", "who:nbre_village": "0", "operator": null, "email": null, "name:en": null, "phone": null, "healthcare": "hospital", "addr:city": null, "addr:quarter": null, "addr:suburb": null, "handwashing": null, "handwashing:soap": null, "handwashing_number": null, "handwashing_station_distance": null, "handwashing_usability": null, "latrine_emptying_service": null, "note": null, "patient_female": null, "patient_male": null, "sanitation": null, "staff_count": null, "staff_count:doctors": null, "toilets:female": null, "toilets:num_chambers": null, "toilets:staff": null, "wash_maintenance": null, "wash_maintenance_frequency": null, "wash_management": null, "wash_ngo_support": null, "water_point": null, "water_point_improved": null, "water_point_location": null, "water_point_number": null, "water_point_type": null, "water_point_usability": null, "consent": null, "toilets:disposal": null, "wash_funding": null, "addr:street": null, "building:levels": null, "building:material": null, "roof:material": null, "sector": null, "healthcare:speciality": null, "health_facility:type": "hospital", "opening_hours": null, "name:fr": null, "name:es": null, "dispensing": null, "electricity": null, "emergency": null, "insurance:health": null, "operator:type": null, "water_source": null, "alt_name": null, "supervised": null, "survey:date": null, "addr:postcode": null, "place": null, "addr:housenumber": null, "name:ar": null, "wikidata": null, "wikipedia": null, "fixme": null, "barrier": null, "landuse": null, "building": null, "addr:hamlet": null, "secteur": null, "health_amenity:type": null, "name:de": null, "operational_status": null, "ocha:type": null, "short_name": null, "name:ja": null, "name:zh": null, "indoor": null, "material": null, "is_in:cercle": null }, "geometry": { "type": "Polygon", "coordinates": [ [ [ -7.9120566, 12.6332862 ], [ -7.912057, 12.6333146 ], [ -7.9120578, 12.6333834 ], [ -7.912109, 12.6333828 ], [ -7.9121129, 12.6341171 ], [ -7.9121076, 12.6345922 ], [ -7.9121022, 12.6346694 ], [ -7.9113807, 12.6350371 ], [ -7.909487, 12.6360317 ], [ -7.9090056, 12.6346563 ], [ -7.9093677, 12.634638 ], [ -7.9093677, 12.6345791 ], [ -7.9093905, 12.6345791 ], [ -7.9093945, 12.6332993 ], [ -7.9095199, 12.6333019 ], [ -7.9095206, 12.6333568 ], [ -7.9102179, 12.6333509 ], [ -7.9102179, 12.6332737 ], [ -7.9103287, 12.6332726 ], [ -7.9120566, 12.6332862 ] ] ] } },
{ "type": "Feature", "properties": { "element": "way", "id": 314695939, "amenity": "hospital", "name": "Centre Hospitalo Universitaire Gabriel Touré", "pcode": null, "source": null, "start_date": null, "type": null, "wheelchair": "yes", "who:code_csref": null, "who:distance": null, "who:nbre_village": null, "operator": null, "email": null, "name:en": "Gabriel Touré University Hospital Centre", "phone": null, "healthcare": "dentist;doctor;hospital;laboratory;optometrist;pharmacy", "addr:city": null, "addr:quarter": null, "addr:suburb": null, "handwashing": null, "handwashing:soap": null, "handwashing_number": null, "handwashing_station_distance": null, "handwashing_usability": null, "latrine_emptying_service": null, "note": null, "patient_female": null, "patient_male": null, "sanitation": null, "staff_count": null, "staff_count:doctors": null, "toilets:female": null, "toilets:num_chambers": null, "toilets:staff": null, "wash_maintenance": null, "wash_maintenance_frequency": null, "wash_management": null, "wash_ngo_support": null, "water_point": null, "water_point_improved": null, "water_point_location": null, "water_point_number": null, "water_point_type": null, "water_point_usability": null, "consent": null, "toilets:disposal": null, "wash_funding": null, "addr:street": null, "building:levels": null, "building:material": null, "roof:material": null, "sector": null, "healthcare:speciality": "anaesthetics;blood_check;cardiology;child_psychiatry;dermatology;diagnostic_radiology;emergency;gastroenterology;general;gynaecology;radiology;trauma", "health_facility:type": null, "opening_hours": "24/7", "name:fr": null, "name:es": "Centro Hospitalario Universitario Gabriel Touré", "dispensing": "yes", "electricity": "grid", "emergency": "yes", "insurance:health": "public", "operator:type": null, "water_source": "powered_pump", "alt_name": null, "supervised": null, "survey:date": null, "addr:postcode": null, "place": null, "addr:housenumber": null, "name:ar": null, "wikidata": null, "wikipedia": null, "fixme": null, "barrier": null, "landuse": null, "building": null, "addr:hamlet": null, "secteur": null, "health_amenity:type": "emergency_department;imaging_equipment;intensive_care_unit;laboratory;x_ray", "name:de": "Universitätsklinikum Gabriel Touré", "operational_status": "operational", "ocha:type": null, "short_name": null, "name:ja": null, "name:zh": null, "indoor": null, "material": null, "is_in:cercle": null }, "geometry": { "type": "Polygon", "coordinates": [ [ [ -7.9969307, 12.6503708 ], [ -7.9970316, 12.6516619 ], [ -7.9951917, 12.6523476 ], [ -7.9951438, 12.6523262 ], [ -7.9946815, 12.6509007 ], [ -7.9948259, 12.6506454 ], [ -7.9959418, 12.6505061 ], [ -7.9960733, 12.6504862 ], [ -7.9962245, 12.6504675 ], [ -7.9969307, 12.6503708 ] ] ] } },
{ "type": "Feature", "properties": { "element": "way", "id": 315526763, "amenity": "hospital", "name": null, "pcode": null, "source": null, "start_date": null, "type": null, "wheelchair": null, "who:code_csref": null, "who:distance": null, "who:nbre_village": null, "operator": null, "email": null, "name:en": null, "phone": null, "healthcare": null, "addr:city": null, "addr:quarter": null, "addr:suburb": null, "handwashing": null, "handwashing:soap": null, "handwashing_number": null, "handwashing_station_distance": null, "handwashing_usability": null, "latrine_emptying_service": null, "note": null, "patient_female": null, "patient_male": null, "sanitation": null, "staff_count": null, "staff_count:doctors": null, "toilets:female": null, "toilets:num_chambers": null, "toilets:staff": null, "wash_maintenance": null, "wash_maintenance_frequency": null, "wash_management": null, "wash_ngo_support": null, "water_point": null, "water_point_improved": null, "water_point_location": null, "water_point_number": null, "water_point_type": null, "water_point_usability": null, "consent": null, "toilets:disposal": null, "wash_funding": null, "addr:street": null, "building:levels": null, "building:material": null, "roof:material": null, "sector": null, "healthcare:speciality": null, "health_facility:type": null, "opening_hours": null, "name:fr": null, "name:es": null, "dispensing": null, "electricity": null, "emergency": null, "insurance:health": null, "operator:type": null, "water_source": null, "alt_name": null, "supervised": null, "survey:date": null, "addr:postcode": null, "place": null, "addr:housenumber": null, "name:ar": null, "wikidata": null, "wikipedia": null, "fixme": null, "barrier": null, "landuse": null, "building": null, "addr:hamlet": null, "secteur": null, "health_amenity:type": null, "name:de": null, "operational_status": null, "ocha:type": null, "short_name": null, "name:ja": null, "name:zh": null, "indoor": null, "material": null, "is_in:cercle": null }, "geometry": { "type": "Polygon", "coordinates": [ [ [ -8.0860952, 12.5685018 ], [ -8.086888, 12.5682186 ], [ -8.0865907, 12.5671822 ], [ -8.0858298, 12.5676589 ], [ -8.0860952, 12.5685018 ] ] ] } },
{ "type": "Feature", "properties": { "element": "way", "id": 315559030, "amenity": "hospital", "name": "Reanimacion Hospital de Kati", "pcode": null, "source": null, "start_date": null, "type": null, "wheelchair": null, "who:code_csref": null, "who:distance": null, "who:nbre_village": null, "operator": null, "email": null, "name:en": null, "phone": null, "healthcare": "hospital", "addr:city": null, "addr:quarter": null, "addr:suburb": null, "handwashing": null, "handwashing:soap": null, "handwashing_number": null, "handwashing_station_distance": null, "handwashing_usability": null, "latrine_emptying_service": null, "note": null, "patient_female": null, "patient_male": null, "sanitation": null, "staff_count": null, "staff_count:doctors": null, "toilets:female": null, "toilets:num_chambers": null, "toilets:staff": null, "wash_maintenance": null, "wash_maintenance_frequency": null, "wash_management": null, "wash_ngo_support": null, "water_point": null, "water_point_improved": null, "water_point_location": null, "water_point_number": null, "water_point_type": null, "water_point_usability": null, "consent": null, "toilets:disposal": null, "wash_funding": null, "addr:street": null, "building:levels": null, "building:material": null, "roof:material": null, "sector": null, "healthcare:speciality": null, "health_facility:type": null, "opening_hours": null, "name:fr": null, "name:es": null, "dispensing": null, "electricity": null, "emergency": null, "insurance:health": null, "operator:type": null, "water_source": null, "alt_name": null, "supervised": null, "survey:date": null, "addr:postcode": null, "place": null, "addr:housenumber": null, "name:ar": null, "wikidata": null, "wikipedia": null, "fixme": null, "barrier": null, "landuse": null, "building": null, "addr:hamlet": null, "secteur": null, "health_amenity:type": null, "name:de": null, "operational_status": null, "ocha:type": null, "short_name": null, "name:ja": null, "name:zh": null, "indoor": null, "material": null, "is_in:cercle": null }, "geometry": { "type": "Polygon", "coordinates": [ [ [ -8.0681647, 12.7453877 ], [ -8.0683278, 12.7446733 ], [ -8.0674683, 12.7444943 ], [ -8.0672093, 12.7444404 ], [ -8.0670205, 12.7451763 ], [ -8.0681647, 12.7453877 ] ] ] } },
{ "type": "Feature", "properties": { "element": "way", "id": 316788730, "amenity": "hospital", "name": "CMIE Commune VI", "pcode": null, "source": null, "start_date": null, "type": null, "wheelchair": null, "who:code_csref": null, "who:distance": null, "who:nbre_village": null, "operator": null, "email": null, "name:en": null, "phone": null, "healthcare": "centre", "addr:city": null, "addr:quarter": null, "addr:suburb": null, "handwashing": null, "handwashing:soap": null, "handwashing_number": null, "handwashing_station_distance": null, "handwashing_usability": null, "latrine_emptying_service": null, "note": null, "patient_female": null, "patient_male": null, "sanitation": null, "staff_count": null, "staff_count:doctors": null, "toilets:female": null, "toilets:num_chambers": null, "toilets:staff": null, "wash_maintenance": null, "wash_maintenance_frequency": null, "wash_management": null, "wash_ngo_support": null, "water_point": null, "water_point_improved": null, "water_point_location": null, "water_point_number": null, "water_point_type": null, "water_point_usability": null, "consent": null, "toilets:disposal": null, "wash_funding": null, "addr:street": null, "building:levels": null, "building:material": null, "roof:material": null, "sector": null, "healthcare:speciality": null, "health_facility:type": null, "opening_hours": null, "name:fr": null, "name:es": null, "dispensing": null, "electricity": null, "emergency": null, "insurance:health": null, "operator:type": null, "water_source": null, "alt_name": null, "supervised": null, "survey:date": null, "addr:postcode": null, "place": null, "addr:housenumber": null, "name:ar": null, "wikidata": null, "wikipedia": null, "fixme": null, "barrier": null, "landuse": null, "building": null, "addr:hamlet": null, "secteur": null, "health_amenity:type": null, "name:de": null, "operational_status": null, "ocha:type": null, "short_name": null, "name:ja": null, "name:zh": null, "indoor": null, "material": null, "is_in:cercle": null }, "geometry": { "type": "Polygon", "coordinates": [ [ [ -7.9558121, 12.5886738 ], [ -7.9555671, 12.5889007 ], [ -7.9552913, 12.5885988 ], [ -7.955496, 12.5884349 ], [ -7.9558121, 12.5886738 ] ] ] } },
{ "type": "Feature", "properties": { "element": "way", "id": 317706950, "amenity": "hospital", "name": "Annexe du Centre de santé de référence de Koutiala", "pcode": null, "source": null, "start_date": null, "type": null, "wheelchair": null, "who:code_csref": null, "who:distance": null, "who:nbre_village": null, "operator": null, "email": null, "name:en": null, "phone": null, "healthcare": "hospital", "addr:city": null, "addr:quarter": null, "addr:suburb": null, "handwashing": null, "handwashing:soap": null, "handwashing_number": null, "handwashing_station_distance": null, "handwashing_usability": null, "latrine_emptying_service": null, "note": null, "patient_female": null, "patient_male": null, "sanitation": null, "staff_count": null, "staff_count:doctors": null, "toilets:female": null, "toilets:num_chambers": null, "toilets:staff": null, "wash_maintenance": null, "wash_maintenance_frequency": null, "wash_management": null, "wash_ngo_support": null, "water_point": null, "water_point_improved": null, "water_point_location": null, "water_point_number": null, "water_point_type": null, "water_point_usability": null, "consent": null, "toilets:disposal": null, "wash_funding": null, "addr:street": null, "building:levels": null, "building:material": null, "roof:material": null, "sector": null, "healthcare:speciality": null, "health_facility:type": null, "opening_hours": null, "name:fr": null, "name:es": null, "dispensing": null, "electricity": null, "emergency": null, "insurance:health": null, "operator:type": null, "water_source": null, "alt_name": null, "supervised": null, "survey:date": null, "addr:postcode": null, "place": null, "addr:housenumber": null, "name:ar": null, "wikidata": null, "wikipedia": null, "fixme": null, "barrier": null, "landuse": null, "building": null, "addr:hamlet": null, "secteur": null, "health_amenity:type": null, "name:de": null, "operational_status": null, "ocha:type": null, "short_name": null, "name:ja": null, "name:zh": null, "indoor": null, "material": null, "is_in:cercle": null }, "geometry": { "type": "Polygon", "coordinates": [ [ [ -5.4603015, 12.394177 ], [ -5.4597424, 12.3941051 ], [ -5.4596848, 12.3941307 ], [ -5.4592878, 12.3940599 ], [ -5.4592995, 12.3938727 ], [ -5.4591797, 12.3938464 ], [ -5.4592955, 12.3933654 ], [ -5.4599165, 12.3934707 ], [ -5.4599075, 12.3935331 ], [ -5.460305, 12.3935877 ], [ -5.4603721, 12.3937457 ], [ -5.4603015, 12.394177 ] ] ] } },
{ "type": "Feature", "properties": { "element": "way", "id": 325162015, "amenity": "hospital", "name": "CSCOM de BAMBA", "pcode": null, "source": null, "start_date": null, "type": null, "wheelchair": null, "who:code_csref": null, "who:distance": null, "who:nbre_village": null, "operator": null, "email": null, "name:en": null, "phone": null, "healthcare": null, "addr:city": null, "addr:quarter": null, "addr:suburb": null, "handwashing": null, "handwashing:soap": null, "handwashing_number": null, "handwashing_station_distance": null, "handwashing_usability": null, "latrine_emptying_service": null, "note": null, "patient_female": null, "patient_male": null, "sanitation": null, "staff_count": null, "staff_count:doctors": null, "toilets:female": null, "toilets:num_chambers": null, "toilets:staff": null, "wash_maintenance": null, "wash_maintenance_frequency": null, "wash_management": null, "wash_ngo_support": null, "water_point": null, "water_point_improved": null, "water_point_location": null, "water_point_number": null, "water_point_type": null, "water_point_usability": null, "consent": null, "toilets:disposal": null, "wash_funding": null, "addr:street": null, "building:levels": null, "building:material": null, "roof:material": null, "sector": null, "healthcare:speciality": null, "health_facility:type": null, "opening_hours": null, "name:fr": null, "name:es": null, "dispensing": null, "electricity": null, "emergency": null, "insurance:health": null, "operator:type": null, "water_source": null, "alt_name": null, "supervised": null, "survey:date": null, "addr:postcode": null, "place": null, "addr:housenumber": null, "name:ar": null, "wikidata": null, "wikipedia": null, "fixme": null, "barrier": null, "landuse": null, "building": "yes", "addr:hamlet": null, "secteur": null, "health_amenity:type": null, "name:de": null, "operational_status": null, "ocha:type": null, "short_name": null, "name:ja": null, "name:zh": null, "indoor": null, "material": null, "is_in:cercle": null }, "geometry": { "type": "Polygon", "coordinates": [ [ [ -3.1121595, 14.6471416 ], [ -3.1121081, 14.6471603 ], [ -3.1120769, 14.6470799 ], [ -3.1122231, 14.6470269 ], [ -3.1122565, 14.6471132 ], [ -3.1122067, 14.6471313 ], [ -3.1121917, 14.6470925 ], [ -3.1121468, 14.6471088 ], [ -3.1121595, 14.6471416 ] ] ] } },
{ "type": "Feature", "properties": { "element": "way", "id": 325205437, "amenity": "hospital", "name": "CSCOM de Diankabou", "pcode": null, "source": null, "start_date": null, "type": null, "wheelchair": null, "who:code_csref": null, "who:distance": null, "who:nbre_village": null, "operator": null, "email": null, "name:en": null, "phone": null, "healthcare": "hospital", "addr:city": null, "addr:quarter": null, "addr:suburb": null, "handwashing": null, "handwashing:soap": null, "handwashing_number": null, "handwashing_station_distance": null, "handwashing_usability": null, "latrine_emptying_service": null, "note": null, "patient_female": null, "patient_male": null, "sanitation": null, "staff_count": null, "staff_count:doctors": null, "toilets:female": null, "toilets:num_chambers": null, "toilets:staff": null, "wash_maintenance": null, "wash_maintenance_frequency": null, "wash_management": null, "wash_ngo_support": null, "water_point": null, "water_point_improved": null, "water_point_location": null, "water_point_number": null, "water_point_type": null, "water_point_usability": null, "consent": null, "toilets:disposal": null, "wash_funding": null, "addr:street": null, "building:levels": null, "building:material": null, "roof:material": null, "sector": null, "healthcare:speciality": null, "health_facility:type": null, "opening_hours": null, "name:fr": null, "name:es": null, "dispensing": null, "electricity": null, "emergency": null, "insurance:health": null, "operator:type": null, "water_source": null, "alt_name": null, "supervised": null, "survey:date": null, "addr:postcode": null, "place": null, "addr:housenumber": null, "name:ar": null, "wikidata": null, "wikipedia": null, "fixme": null, "barrier": "fence", "landuse": null, "building": null, "addr:hamlet": null, "secteur": null, "health_amenity:type": null, "name:de": null, "operational_status": null, "ocha:type": null, "short_name": null, "name:ja": null, "name:zh": null, "indoor": null, "material": null, "is_in:cercle": null }, "geometry": { "type": "Polygon", "coordinates": [ [ [ -3.0818731, 14.5860439 ], [ -3.0815481, 14.5861233 ], [ -3.0814456, 14.5857691 ], [ -3.0816292, 14.585714 ], [ -3.0816936, 14.5856961 ], [ -3.08178, 14.5856699 ], [ -3.0818731, 14.5860439 ] ] ] } },
{ "type": "Feature", "properties": { "element": "way", "id": 376095734, "amenity": "hospital", "name": "CSCOM", "pcode": null, "source": null, "start_date": null, "type": null, "wheelchair": null, "who:code_csref": null, "who:distance": null, "who:nbre_village": null, "operator": null, "email": null, "name:en": null, "phone": null, "healthcare": null, "addr:city": null, "addr:quarter": null, "addr:suburb": null, "handwashing": null, "handwashing:soap": null, "handwashing_number": null, "handwashing_station_distance": null, "handwashing_usability": null, "latrine_emptying_service": null, "note": null, "patient_female": null, "patient_male": null, "sanitation": null, "staff_count": null, "staff_count:doctors": null, "toilets:female": null, "toilets:num_chambers": null, "toilets:staff": null, "wash_maintenance": null, "wash_maintenance_frequency": null, "wash_management": null, "wash_ngo_support": null, "water_point": null, "water_point_improved": null, "water_point_location": null, "water_point_number": null, "water_point_type": null, "water_point_usability": null, "consent": null, "toilets:disposal": null, "wash_funding": null, "addr:street": null, "building:levels": null, "building:material": null, "roof:material": null, "sector": null, "healthcare:speciality": null, "health_facility:type": null, "opening_hours": null, "name:fr": null, "name:es": null, "dispensing": null, "electricity": null, "emergency": null, "insurance:health": null, "operator:type": null, "water_source": null, "alt_name": null, "supervised": null, "survey:date": null, "addr:postcode": null, "place": null, "addr:housenumber": null, "name:ar": null, "wikidata": null, "wikipedia": null, "fixme": null, "barrier": null, "landuse": null, "building": null, "addr:hamlet": null, "secteur": null, "health_amenity:type": null, "name:de": null, "operational_status": null, "ocha:type": null, "short_name": null, "name:ja": null, "name:zh": null, "indoor": null, "material": null, "is_in:cercle": null }, "geometry": { "type": "Polygon", "coordinates": [ [ [ -4.258014, 15.3748593 ], [ -4.2580125, 15.3751502 ], [ -4.2580234, 15.375298 ], [ -4.2580181, 15.3753683 ], [ -4.2582673, 15.37539 ], [ -4.2584208, 15.3754023 ], [ -4.2584379, 15.3753036 ], [ -4.2584293, 15.3751474 ], [ -4.2584677, 15.3751268 ], [ -4.2584848, 15.3749377 ], [ -4.2584251, 15.3749459 ], [ -4.2584165, 15.3748925 ], [ -4.258014, 15.3748593 ] ] ] } },
{ "type": "Feature", "properties": { "element": "way", "id": 377731609, "amenity": "hospital", "name": "AsacoMI", "pcode": null, "source": null, "start_date": null, "type": null, "wheelchair": "yes", "who:code_csref": null, "who:distance": null, "who:nbre_village": null, "operator": "community", "email": null, "name:en": null, "phone": "76278351", "healthcare": "hospital", "addr:city": "Bamako", "addr:quarter": "Commune VI", "addr:suburb": "Missabougou", "handwashing": "yes", "handwashing:soap": "yes", "handwashing_number": "15", "handwashing_station_distance": "yes", "handwashing_usability": "15", "latrine_emptying_service": "no", "note": null, "patient_female": "20", "patient_male": "13", "sanitation": "yes", "staff_count": "28", "staff_count:doctors": "2", "toilets:female": "yes", "toilets:num_chambers": "4", "toilets:staff": "yes", "wash_maintenance": "yes", "wash_maintenance_frequency": "once_a_day", "wash_management": "no", "wash_ngo_support": "no", "water_point": "yes", "water_point_improved": "Channeled_on_the_ground_but_not_up_to_the_building_SOMAGEP", "water_point_location": "yes", "water_point_number": "1", "water_point_type": "improved", "water_point_usability": "1", "consent": "yes", "toilets:disposal": null, "wash_funding": null, "addr:street": null, "building:levels": null, "building:material": null, "roof:material": null, "sector": null, "healthcare:speciality": null, "health_facility:type": null, "opening_hours": "24/7", "name:fr": null, "name:es": null, "dispensing": null, "electricity": null, "emergency": null, "insurance:health": null, "operator:type": null, "water_source": null, "alt_name": null, "supervised": null, "survey:date": null, "addr:postcode": null, "place": null, "addr:housenumber": null, "name:ar": null, "wikidata": null, "wikipedia": null, "fixme": null, "barrier": null, "landuse": null, "building": null, "addr:hamlet": null, "secteur": null, "health_amenity:type": null, "name:de": null, "operational_status": null, "ocha:type": null, "short_name": null, "name:ja": null, "name:zh": null, "indoor": null, "material": null, "is_in:cercle": null }, "geometry": { "type": "Polygon", "coordinates": [ [ [ -7.9207238, 12.6322039 ], [ -7.9206911, 12.6322048 ], [ -7.920687, 12.6321705 ], [ -7.9207229, 12.6321675 ], [ -7.9207238, 12.6322039 ] ] ] } },
{ "type": "Feature", "properties": { "element": "way", "id": 410553124, "amenity": "hospital", "name": "CENTRE DE SANTE DE REFERENCE DE NARA", "pcode": null, "source": null, "start_date": null, "type": null, "wheelchair": null, "who:code_csref": null, "who:distance": null, "who:nbre_village": null, "operator": null, "email": null, "name:en": null, "phone": null, "healthcare": "hospital", "addr:city": null, "addr:quarter": null, "addr:suburb": null, "handwashing": null, "handwashing:soap": null, "handwashing_number": null, "handwashing_station_distance": null, "handwashing_usability": null, "latrine_emptying_service": null, "note": null, "patient_female": null, "patient_male": null, "sanitation": null, "staff_count": null, "staff_count:doctors": null, "toilets:female": null, "toilets:num_chambers": null, "toilets:staff": null, "wash_maintenance": null, "wash_maintenance_frequency": null, "wash_management": null, "wash_ngo_support": null, "water_point": null, "water_point_improved": null, "water_point_location": null, "water_point_number": null, "water_point_type": null, "water_point_usability": null, "consent": null, "toilets:disposal": null, "wash_funding": null, "addr:street": null, "building:levels": null, "building:material": null, "roof:material": null, "sector": null, "healthcare:speciality": null, "health_facility:type": null, "opening_hours": null, "name:fr": null, "name:es": null, "dispensing": null, "electricity": null, "emergency": null, "insurance:health": null, "operator:type": null, "water_source": null, "alt_name": null, "supervised": null, "survey:date": null, "addr:postcode": null, "place": null, "addr:housenumber": null, "name:ar": null, "wikidata": null, "wikipedia": null, "fixme": null, "barrier": null, "landuse": null, "building": null, "addr:hamlet": null, "secteur": null, "health_amenity:type": null, "name:de": null, "operational_status": null, "ocha:type": null, "short_name": null, "name:ja": null, "name:zh": null, "indoor": null, "material": null, "is_in:cercle": null }, "geometry": { "type": "Polygon", "coordinates": [ [ [ -7.2967327, 15.1617332 ], [ -7.2967206, 15.1616472 ], [ -7.2967025, 15.161656 ], [ -7.296701, 15.1616137 ], [ -7.2966799, 15.1616065 ], [ -7.2966512, 15.1614244 ], [ -7.2966693, 15.1614244 ], [ -7.2966602, 15.1612948 ], [ -7.2965426, 15.161321 ], [ -7.2965486, 15.1613414 ], [ -7.2963464, 15.1613706 ], [ -7.2963434, 15.1613487 ], [ -7.2962906, 15.1613604 ], [ -7.296277, 15.161273 ], [ -7.2958229, 15.1613487 ], [ -7.2958304, 15.1613691 ], [ -7.2957852, 15.1613778 ], [ -7.2957882, 15.1614288 ], [ -7.2958259, 15.1614259 ], [ -7.2958425, 15.1615162 ], [ -7.2958048, 15.1615191 ], [ -7.2958138, 15.1615773 ], [ -7.2958666, 15.161573 ], [ -7.2958666, 15.1616021 ], [ -7.2960749, 15.1615613 ], [ -7.2960794, 15.1615919 ], [ -7.2962046, 15.1615759 ], [ -7.2962227, 15.1617084 ], [ -7.2961397, 15.1617201 ], [ -7.2961488, 15.1618147 ], [ -7.2961729, 15.1617725 ], [ -7.2963223, 15.1617579 ], [ -7.2963253, 15.1617754 ], [ -7.2966105, 15.1617288 ], [ -7.296615, 15.1617521 ], [ -7.2967327, 15.1617332 ] ] ] } },
{ "type": "Feature", "properties": { "element": "way", "id": 421885626, "amenity": "hospital", "name": "Hôpital Mali Gavardo", "pcode": "ML08H04H002", "source": "OMS Survey", "start_date": "1-Jan-2011", "type": null, "wheelchair": null, "who:code_csref": "ML08H04", "who:distance": "0", "who:nbre_village": "0", "operator": null, "email": null, "name:en": null, "phone": null, "healthcare": null, "addr:city": null, "addr:quarter": null, "addr:suburb": null, "handwashing": null, "handwashing:soap": null, "handwashing_number": null, "handwashing_station_distance": null, "handwashing_usability": null, "latrine_emptying_service": null, "note": null, "patient_female": null, "patient_male": null, "sanitation": null, "staff_count": null, "staff_count:doctors": null, "toilets:female": null, "toilets:num_chambers": null, "toilets:staff": null, "wash_maintenance": null, "wash_maintenance_frequency": null, "wash_management": null, "wash_ngo_support": null, "water_point": null, "water_point_improved": null, "water_point_location": null, "water_point_number": null, "water_point_type": null, "water_point_usability": null, "consent": null, "toilets:disposal": null, "wash_funding": null, "addr:street": null, "building:levels": null, "building:material": null, "roof:material": null, "sector": null, "healthcare:speciality": null, "health_facility:type": "hospital", "opening_hours": null, "name:fr": null, "name:es": null, "dispensing": null, "electricity": null, "emergency": null, "insurance:health": null, "operator:type": null, "water_source": null, "alt_name": null, "supervised": null, "survey:date": null, "addr:postcode": null, "place": null, "addr:housenumber": null, "name:ar": null, "wikidata": null, "wikipedia": null, "fixme": null, "barrier": null, "landuse": null, "building": null, "addr:hamlet": null, "secteur": null, "health_amenity:type": null, "name:de": null, "operational_status": null, "ocha:type": null, "short_name": null, "name:ja": null, "name:zh": null, "indoor": null, "material": null, "is_in:cercle": null }, "geometry": { "type": "Polygon", "coordinates": [ [ [ -8.0542499, 12.5884588 ], [ -8.0529091, 12.5883396 ], [ -8.0529051, 12.5872402 ], [ -8.0541389, 12.5872153 ], [ -8.0542499, 12.5884588 ] ] ] } },
{ "type": "Feature", "properties": { "element": "way", "id": 422311377, "amenity": "hospital", "name": "Clinique Prénatale Mohamed VI", "pcode": null, "source": null, "start_date": null, "type": null, "wheelchair": null, "who:code_csref": null, "who:distance": null, "who:nbre_village": null, "operator": null, "email": null, "name:en": null, "phone": null, "healthcare": "hospital", "addr:city": null, "addr:quarter": null, "addr:suburb": null, "handwashing": null, "handwashing:soap": null, "handwashing_number": null, "handwashing_station_distance": null, "handwashing_usability": null, "latrine_emptying_service": null, "note": null, "patient_female": null, "patient_male": null, "sanitation": null, "staff_count": null, "staff_count:doctors": null, "toilets:female": null, "toilets:num_chambers": null, "toilets:staff": null, "wash_maintenance": null, "wash_maintenance_frequency": null, "wash_management": null, "wash_ngo_support": null, "water_point": null, "water_point_improved": null, "water_point_location": null, "water_point_number": null, "water_point_type": null, "water_point_usability": null, "consent": null, "toilets:disposal": null, "wash_funding": null, "addr:street": null, "building:levels": null, "building:material": null, "roof:material": null, "sector": null, "healthcare:speciality": null, "health_facility:type": null, "opening_hours": null, "name:fr": null, "name:es": null, "dispensing": null, "electricity": null, "emergency": null, "insurance:health": null, "operator:type": null, "water_source": null, "alt_name": "Hôpital Marocain", "supervised": null, "survey:date": null, "addr:postcode": null, "place": null, "addr:housenumber": null, "name:ar": null, "wikidata": null, "wikipedia": null, "fixme": null, "barrier": "wall", "landuse": "grass", "building": null, "addr:hamlet": null, "secteur": null, "health_amenity:type": null, "name:de": null, "operational_status": null, "ocha:type": null, "short_name": null, "name:ja": null, "name:zh": null, "indoor": null, "material": null, "is_in:cercle": null }, "geometry": { "type": "Polygon", "coordinates": [ [ [ -8.0676906, 12.5860385 ], [ -8.0690175, 12.5873046 ], [ -8.0679123, 12.5884079 ], [ -8.0677505, 12.5882535 ], [ -8.0666011, 12.5871569 ], [ -8.0665854, 12.5871419 ], [ -8.0666258, 12.5871015 ], [ -8.067118, 12.5866102 ], [ -8.0672314, 12.586497 ], [ -8.0676906, 12.5860385 ] ] ] } },
{ "type": "Feature", "properties": { "element": "way", "id": 426568420, "amenity": "hospital", "name": "École fondamentale", "pcode": "ML08H04H001", "source": "OMS Survey", "start_date": "24-Nov-1998", "type": null, "wheelchair": null, "who:code_csref": "ML08H04", "who:distance": "0", "who:nbre_village": "0", "operator": null, "email": null, "name:en": null, "phone": null, "healthcare": "hospital", "addr:city": null, "addr:quarter": null, "addr:suburb": null, "handwashing": null, "handwashing:soap": null, "handwashing_number": null, "handwashing_station_distance": null, "handwashing_usability": null, "latrine_emptying_service": null, "note": null, "patient_female": null, "patient_male": null, "sanitation": null, "staff_count": null, "staff_count:doctors": null, "toilets:female": null, "toilets:num_chambers": null, "toilets:staff": null, "wash_maintenance": null, "wash_maintenance_frequency": null, "wash_management": null, "wash_ngo_support": null, "water_point": null, "water_point_improved": null, "water_point_location": null, "water_point_number": null, "water_point_type": null, "water_point_usability": null, "consent": null, "toilets:disposal": null, "wash_funding": null, "addr:street": null, "building:levels": null, "building:material": null, "roof:material": null, "sector": null, "healthcare:speciality": null, "health_facility:type": "hospital", "opening_hours": null, "name:fr": null, "name:es": null, "dispensing": null, "electricity": null, "emergency": null, "insurance:health": null, "operator:type": null, "water_source": null, "alt_name": null, "supervised": null, "survey:date": null, "addr:postcode": null, "place": null, "addr:housenumber": null, "name:ar": null, "wikidata": null, "wikipedia": null, "fixme": "Please check... POI node was misplaced and I moved it here - the most likely actual position nearby from what I see in Bing imagery...", "barrier": null, "landuse": null, "building": null, "addr:hamlet": null, "secteur": null, "health_amenity:type": null, "name:de": null, "operational_status": null, "ocha:type": null, "short_name": null, "name:ja": null, "name:zh": null, "indoor": null, "material": null, "is_in:cercle": null }, "geometry": { "type": "Polygon", "coordinates": [ [ [ -8.021286, 12.6446926 ], [ -8.0198688, 12.6450451 ], [ -8.0195285, 12.6437425 ], [ -8.020843, 12.6434155 ], [ -8.0209457, 12.64339 ], [ -8.021286, 12.6446926 ] ] ] } },
{ "type": "Feature", "properties": { "element": "way", "id": 522218212, "amenity": "hospital", "name": "CSREF", "pcode": null, "source": null, "start_date": null, "type": null, "wheelchair": null, "who:code_csref": null, "who:distance": null, "who:nbre_village": null, "operator": null, "email": null, "name:en": null, "phone": null, "healthcare": null, "addr:city": null, "addr:quarter": null, "addr:suburb": null, "handwashing": null, "handwashing:soap": null, "handwashing_number": null, "handwashing_station_distance": null, "handwashing_usability": null, "latrine_emptying_service": null, "note": null, "patient_female": null, "patient_male": null, "sanitation": null, "staff_count": null, "staff_count:doctors": null, "toilets:female": null, "toilets:num_chambers": null, "toilets:staff": null, "wash_maintenance": null, "wash_maintenance_frequency": null, "wash_management": null, "wash_ngo_support": null, "water_point": null, "water_point_improved": null, "water_point_location": null, "water_point_number": null, "water_point_type": null, "water_point_usability": null, "consent": null, "toilets:disposal": null, "wash_funding": null, "addr:street": null, "building:levels": null, "building:material": null, "roof:material": null, "sector": null, "healthcare:speciality": null, "health_facility:type": null, "opening_hours": null, "name:fr": null, "name:es": null, "dispensing": null, "electricity": null, "emergency": null, "insurance:health": null, "operator:type": null, "water_source": null, "alt_name": null, "supervised": null, "survey:date": null, "addr:postcode": null, "place": null, "addr:housenumber": null, "name:ar": null, "wikidata": null, "wikipedia": null, "fixme": null, "barrier": null, "landuse": null, "building": null, "addr:hamlet": null, "secteur": null, "health_amenity:type": null, "name:de": null, "operational_status": null, "ocha:type": null, "short_name": null, "name:ja": null, "name:zh": null, "indoor": null, "material": null, "is_in:cercle": null }, "geometry": { "type": "Polygon", "coordinates": [ [ [ 1.8444149, 19.3490396 ], [ 1.8444608, 19.348826 ], [ 1.8450189, 19.3489617 ], [ 1.8449822, 19.3491839 ], [ 1.8444149, 19.3490396 ] ] ] } },
{ "type": "Feature", "properties": { "element": "way", "id": 551507749, "amenity": "hospital", "name": "CSCOM d'Aliou", "pcode": null, "source": null, "start_date": null, "type": null, "wheelchair": null, "who:code_csref": null, "who:distance": null, "who:nbre_village": null, "operator": null, "email": null, "name:en": null, "phone": null, "healthcare": "hospital", "addr:city": null, "addr:quarter": null, "addr:suburb": null, "handwashing": null, "handwashing:soap": null, "handwashing_number": null, "handwashing_station_distance": null, "handwashing_usability": null, "latrine_emptying_service": null, "note": null, "patient_female": null, "patient_male": null, "sanitation": null, "staff_count": null, "staff_count:doctors": null, "toilets:female": null, "toilets:num_chambers": null, "toilets:staff": null, "wash_maintenance": null, "wash_maintenance_frequency": null, "wash_management": null, "wash_ngo_support": null, "water_point": null, "water_point_improved": null, "water_point_location": null, "water_point_number": null, "water_point_type": null, "water_point_usability": null, "consent": null, "toilets:disposal": null, "wash_funding": null, "addr:street": null, "building:levels": null, "building:material": null, "roof:material": null, "sector": null, "healthcare:speciality": null, "health_facility:type": null, "opening_hours": null, "name:fr": null, "name:es": null, "dispensing": null, "electricity": null, "emergency": null, "insurance:health": null, "operator:type": null, "water_source": null, "alt_name": null, "supervised": null, "survey:date": null, "addr:postcode": null, "place": null, "addr:housenumber": null, "name:ar": "مركز صحة المجتمع أليو", "wikidata": null, "wikipedia": null, "fixme": null, "barrier": "wall", "landuse": null, "building": null, "addr:hamlet": null, "secteur": null, "health_amenity:type": null, "name:de": null, "operational_status": null, "ocha:type": null, "short_name": null, "name:ja": null, "name:zh": null, "indoor": null, "material": null, "is_in:cercle": null }, "geometry": { "type": "Polygon", "coordinates": [ [ [ 1.4156544, 18.4271237 ], [ 1.4163433, 18.4269089 ], [ 1.4160329, 18.4262223 ], [ 1.4153756, 18.426551 ], [ 1.4156544, 18.4271237 ] ] ] } },
{ "type": "Feature", "properties": { "element": "way", "id": 561223713, "amenity": "hospital", "name": "INRSP", "pcode": null, "source": null, "start_date": null, "type": null, "wheelchair": null, "who:code_csref": null, "who:distance": null, "who:nbre_village": null, "operator": "LABORATOIRE", "email": null, "name:en": null, "phone": null, "healthcare": "hospital", "addr:city": null, "addr:quarter": null, "addr:suburb": null, "handwashing": null, "handwashing:soap": null, "handwashing_number": null, "handwashing_station_distance": null, "handwashing_usability": null, "latrine_emptying_service": null, "note": null, "patient_female": null, "patient_male": null, "sanitation": null, "staff_count": null, "staff_count:doctors": null, "toilets:female": null, "toilets:num_chambers": null, "toilets:staff": null, "wash_maintenance": null, "wash_maintenance_frequency": null, "wash_management": null, "wash_ngo_support": null, "water_point": null, "water_point_improved": null, "water_point_location": null, "water_point_number": null, "water_point_type": null, "water_point_usability": null, "consent": null, "toilets:disposal": null, "wash_funding": null, "addr:street": null, "building:levels": null, "building:material": null, "roof:material": null, "sector": null, "healthcare:speciality": null, "health_facility:type": null, "opening_hours": null, "name:fr": null, "name:es": null, "dispensing": null, "electricity": null, "emergency": null, "insurance:health": null, "operator:type": null, "water_source": null, "alt_name": null, "supervised": null, "survey:date": null, "addr:postcode": null, "place": null, "addr:housenumber": null, "name:ar": null, "wikidata": null, "wikipedia": null, "fixme": null, "barrier": null, "landuse": null, "building": null, "addr:hamlet": null, "secteur": null, "health_amenity:type": null, "name:de": null, "operational_status": null, "ocha:type": null, "short_name": null, "name:ja": null, "name:zh": null, "indoor": null, "material": null, "is_in:cercle": null }, "geometry": { "type": "Polygon", "coordinates": [ [ [ -8.0021708, 12.6450754 ], [ -8.0020219, 12.6454968 ], [ -8.0025409, 12.6456786 ], [ -8.0026683, 12.645239 ], [ -8.0021708, 12.6450754 ] ] ] } },
{ "type": "Feature", "properties": { "element": "way", "id": 570788308, "amenity": "hospital", "name": "Lazaret", "pcode": null, "source": null, "start_date": null, "type": null, "wheelchair": null, "who:code_csref": null, "who:distance": null, "who:nbre_village": null, "operator": null, "email": null, "name:en": null, "phone": null, "healthcare": "hospital", "addr:city": null, "addr:quarter": null, "addr:suburb": null, "handwashing": null, "handwashing:soap": null, "handwashing_number": null, "handwashing_station_distance": null, "handwashing_usability": null, "latrine_emptying_service": null, "note": null, "patient_female": null, "patient_male": null, "sanitation": null, "staff_count": null, "staff_count:doctors": null, "toilets:female": null, "toilets:num_chambers": null, "toilets:staff": null, "wash_maintenance": null, "wash_maintenance_frequency": null, "wash_management": null, "wash_ngo_support": null, "water_point": null, "water_point_improved": null, "water_point_location": null, "water_point_number": null, "water_point_type": null, "water_point_usability": null, "consent": null, "toilets:disposal": null, "wash_funding": null, "addr:street": null, "building:levels": null, "building:material": null, "roof:material": null, "sector": null, "healthcare:speciality": null, "health_facility:type": null, "opening_hours": null, "name:fr": null, "name:es": null, "dispensing": null, "electricity": null, "emergency": null, "insurance:health": null, "operator:type": null, "water_source": null, "alt_name": null, "supervised": null, "survey:date": null, "addr:postcode": null, "place": null, "addr:housenumber": null, "name:ar": null, "wikidata": null, "wikipedia": null, "fixme": null, "barrier": null, "landuse": null, "building": null, "addr:hamlet": null, "secteur": null, "health_amenity:type": null, "name:de": null, "operational_status": null, "ocha:type": null, "short_name": null, "name:ja": null, "name:zh": null, "indoor": null, "material": null, "is_in:cercle": null }, "geometry": { "type": "Polygon", "coordinates": [ [ [ -0.3506849, 16.9551522 ], [ -0.3504312, 16.9546775 ], [ -0.3496991, 16.9549663 ], [ -0.3498845, 16.955436 ], [ -0.3500846, 16.9555087 ], [ -0.3506849, 16.9551522 ] ] ] } },
{ "type": "Feature", "properties": { "element": "way", "id": 579219161, "amenity": "hospital", "name": "Centre de Santé de Réference de Sagabari", "pcode": null, "source": null, "start_date": null, "type": null, "wheelchair": null, "who:code_csref": null, "who:distance": null, "who:nbre_village": null, "operator": null, "email": null, "name:en": null, "phone": null, "healthcare": "hospital", "addr:city": null, "addr:quarter": null, "addr:suburb": null, "handwashing": null, "handwashing:soap": null, "handwashing_number": null, "handwashing_station_distance": null, "handwashing_usability": null, "latrine_emptying_service": null, "note": null, "patient_female": null, "patient_male": null, "sanitation": null, "staff_count": null, "staff_count:doctors": null, "toilets:female": null, "toilets:num_chambers": null, "toilets:staff": null, "wash_maintenance": null, "wash_maintenance_frequency": null, "wash_management": null, "wash_ngo_support": null, "water_point": null, "water_point_improved": null, "water_point_location": null, "water_point_number": null, "water_point_type": null, "water_point_usability": null, "consent": null, "toilets:disposal": null, "wash_funding": null, "addr:street": null, "building:levels": null, "building:material": null, "roof:material": null, "sector": null, "healthcare:speciality": null, "health_facility:type": null, "opening_hours": null, "name:fr": null, "name:es": null, "dispensing": null, "electricity": null, "emergency": null, "insurance:health": null, "operator:type": null, "water_source": null, "alt_name": null, "supervised": null, "survey:date": null, "addr:postcode": null, "place": null, "addr:housenumber": null, "name:ar": null, "wikidata": null, "wikipedia": null, "fixme": null, "barrier": null, "landuse": null, "building": null, "addr:hamlet": null, "secteur": null, "health_amenity:type": null, "name:de": null, "operational_status": null, "ocha:type": null, "short_name": null, "name:ja": null, "name:zh": null, "indoor": null, "material": null, "is_in:cercle": null }, "geometry": { "type": "Polygon", "coordinates": [ [ [ -9.80523, 12.577993 ], [ -9.8047802, 12.5778486 ], [ -9.803554, 12.5783659 ], [ -9.8033321, 12.5782997 ], [ -9.8038189, 12.5763872 ], [ -9.805532, 12.5768803 ], [ -9.80523, 12.577993 ] ] ] } },
{ "type": "Feature", "properties": { "element": "way", "id": 579648925, "amenity": "hospital", "name": "Centre de Santé de Référence de Sefeto", "pcode": null, "source": null, "start_date": null, "type": null, "wheelchair": null, "who:code_csref": null, "who:distance": null, "who:nbre_village": null, "operator": null, "email": null, "name:en": null, "phone": null, "healthcare": "hospital", "addr:city": null, "addr:quarter": null, "addr:suburb": null, "handwashing": null, "handwashing:soap": null, "handwashing_number": null, "handwashing_station_distance": null, "handwashing_usability": null, "latrine_emptying_service": null, "note": null, "patient_female": null, "patient_male": null, "sanitation": null, "staff_count": null, "staff_count:doctors": null, "toilets:female": null, "toilets:num_chambers": null, "toilets:staff": null, "wash_maintenance": null, "wash_maintenance_frequency": null, "wash_management": null, "wash_ngo_support": null, "water_point": null, "water_point_improved": null, "water_point_location": null, "water_point_number": null, "water_point_type": null, "water_point_usability": null, "consent": null, "toilets:disposal": null, "wash_funding": null, "addr:street": null, "building:levels": null, "building:material": null, "roof:material": null, "sector": null, "healthcare:speciality": null, "health_facility:type": null, "opening_hours": null, "name:fr": null, "name:es": null, "dispensing": null, "electricity": null, "emergency": null, "insurance:health": null, "operator:type": null, "water_source": null, "alt_name": null, "supervised": null, "survey:date": null, "addr:postcode": null, "place": null, "addr:housenumber": null, "name:ar": null, "wikidata": null, "wikipedia": null, "fixme": null, "barrier": null, "landuse": null, "building": null, "addr:hamlet": null, "secteur": null, "health_amenity:type": null, "name:de": null, "operational_status": null, "ocha:type": null, "short_name": null, "name:ja": null, "name:zh": null, "indoor": null, "material": null, "is_in:cercle": null }, "geometry": { "type": "Polygon", "coordinates": [ [ [ -9.8395099, 14.1420347 ], [ -9.8396325, 14.1402602 ], [ -9.8377672, 14.1401391 ], [ -9.8377166, 14.1408726 ], [ -9.8377026, 14.1410653 ], [ -9.8376895, 14.1412463 ], [ -9.8376434, 14.1419135 ], [ -9.8395099, 14.1420347 ] ] ] } },
{ "type": "Feature", "properties": { "element": "way", "id": 581186564, "amenity": "hospital", "name": null, "pcode": null, "source": null, "start_date": null, "type": null, "wheelchair": null, "who:code_csref": null, "who:distance": null, "who:nbre_village": null, "operator": null, "email": null, "name:en": null, "phone": null, "healthcare": "hospital", "addr:city": null, "addr:quarter": null, "addr:suburb": null, "handwashing": null, "handwashing:soap": null, "handwashing_number": null, "handwashing_station_distance": null, "handwashing_usability": null, "latrine_emptying_service": null, "note": null, "patient_female": null, "patient_male": null, "sanitation": null, "staff_count": null, "staff_count:doctors": null, "toilets:female": null, "toilets:num_chambers": null, "toilets:staff": null, "wash_maintenance": null, "wash_maintenance_frequency": null, "wash_management": null, "wash_ngo_support": null, "water_point": null, "water_point_improved": null, "water_point_location": null, "water_point_number": null, "water_point_type": null, "water_point_usability": null, "consent": null, "toilets:disposal": null, "wash_funding": null, "addr:street": null, "building:levels": null, "building:material": null, "roof:material": null, "sector": null, "healthcare:speciality": null, "health_facility:type": null, "opening_hours": null, "name:fr": null, "name:es": null, "dispensing": null, "electricity": null, "emergency": null, "insurance:health": null, "operator:type": null, "water_source": null, "alt_name": null, "supervised": null, "survey:date": null, "addr:postcode": null, "place": null, "addr:housenumber": null, "name:ar": null, "wikidata": null, "wikipedia": null, "fixme": null, "barrier": "wall", "landuse": null, "building": null, "addr:hamlet": null, "secteur": null, "health_amenity:type": null, "name:de": null, "operational_status": null, "ocha:type": null, "short_name": null, "name:ja": null, "name:zh": null, "indoor": null, "material": null, "is_in:cercle": null }, "geometry": { "type": "Polygon", "coordinates": [ [ [ -5.0207612, 14.4965576 ], [ -5.0212507, 14.4964576 ], [ -5.0211447, 14.4960123 ], [ -5.0206338, 14.4961239 ], [ -5.0207612, 14.4965576 ] ] ] } },
{ "type": "Feature", "properties": { "element": "way", "id": 590732045, "amenity": "hospital", "name": null, "pcode": null, "source": null, "start_date": null, "type": null, "wheelchair": null, "who:code_csref": null, "who:distance": null, "who:nbre_village": null, "operator": null, "email": null, "name:en": null, "phone": null, "healthcare": "hospital", "addr:city": null, "addr:quarter": null, "addr:suburb": null, "handwashing": null, "handwashing:soap": null, "handwashing_number": null, "handwashing_station_distance": null, "handwashing_usability": null, "latrine_emptying_service": null, "note": null, "patient_female": null, "patient_male": null, "sanitation": null, "staff_count": null, "staff_count:doctors": null, "toilets:female": null, "toilets:num_chambers": null, "toilets:staff": null, "wash_maintenance": null, "wash_maintenance_frequency": null, "wash_management": null, "wash_ngo_support": null, "water_point": null, "water_point_improved": null, "water_point_location": null, "water_point_number": null, "water_point_type": null, "water_point_usability": null, "consent": null, "toilets:disposal": null, "wash_funding": null, "addr:street": null, "building:levels": null, "building:material": null, "roof:material": null, "sector": null, "healthcare:speciality": null, "health_facility:type": null, "opening_hours": null, "name:fr": null, "name:es": null, "dispensing": null, "electricity": null, "emergency": null, "insurance:health": null, "operator:type": null, "water_source": null, "alt_name": null, "supervised": null, "survey:date": null, "addr:postcode": null, "place": null, "addr:housenumber": null, "name:ar": null, "wikidata": null, "wikipedia": null, "fixme": null, "barrier": null, "landuse": null, "building": "yes", "addr:hamlet": null, "secteur": null, "health_amenity:type": null, "name:de": null, "operational_status": null, "ocha:type": null, "short_name": null, "name:ja": null, "name:zh": null, "indoor": null, "material": null, "is_in:cercle": null }, "geometry": { "type": "Polygon", "coordinates": [ [ [ -5.0780954, 14.3636392 ], [ -5.0780176, 14.3636599 ], [ -5.0779982, 14.363592 ], [ -5.078076, 14.3635712 ], [ -5.0780954, 14.3636392 ] ] ] } },
{ "type": "Feature", "properties": { "element": "way", "id": 594200781, "amenity": "hospital", "name": null, "pcode": null, "source": null, "start_date": null, "type": null, "wheelchair": null, "who:code_csref": null, "who:distance": null, "who:nbre_village": null, "operator": null, "email": null, "name:en": null, "phone": null, "healthcare": null, "addr:city": "Bamako", "addr:quarter": "Daoudabougou", "addr:suburb": "Commune V", "handwashing": null, "handwashing:soap": null, "handwashing_number": null, "handwashing_station_distance": null, "handwashing_usability": null, "latrine_emptying_service": null, "note": null, "patient_female": null, "patient_male": null, "sanitation": null, "staff_count": null, "staff_count:doctors": null, "toilets:female": null, "toilets:num_chambers": null, "toilets:staff": null, "wash_maintenance": null, "wash_maintenance_frequency": null, "wash_management": null, "wash_ngo_support": null, "water_point": null, "water_point_improved": null, "water_point_location": null, "water_point_number": null, "water_point_type": null, "water_point_usability": null, "consent": null, "toilets:disposal": null, "wash_funding": null, "addr:street": null, "building:levels": "1", "building:material": "cement_block", "roof:material": "concrete", "sector": "Secteur 2", "healthcare:speciality": null, "health_facility:type": null, "opening_hours": null, "name:fr": null, "name:es": null, "dispensing": null, "electricity": null, "emergency": null, "insurance:health": null, "operator:type": null, "water_source": null, "alt_name": null, "supervised": null, "survey:date": null, "addr:postcode": null, "place": null, "addr:housenumber": null, "name:ar": null, "wikidata": null, "wikipedia": null, "fixme": null, "barrier": null, "landuse": null, "building": "yes", "addr:hamlet": null, "secteur": null, "health_amenity:type": null, "name:de": null, "operational_status": null, "ocha:type": null, "short_name": null, "name:ja": null, "name:zh": null, "indoor": null, "material": null, "is_in:cercle": null }, "geometry": { "type": "Polygon", "coordinates": [ [ [ -7.9838807, 12.6013167 ], [ -7.9838771, 12.6014071 ], [ -7.98386, 12.601411 ], [ -7.9838577, 12.6014222 ], [ -7.9838031, 12.6014179 ], [ -7.9838017, 12.6014274 ], [ -7.9837463, 12.6014261 ], [ -7.9837461, 12.601304 ], [ -7.9838043, 12.6013047 ], [ -7.9838023, 12.6013161 ], [ -7.9838807, 12.6013167 ] ] ] } },
{ "type": "Feature", "properties": { "element": "way", "id": 604074320, "amenity": "hospital", "name": "ASACO TAB", "pcode": null, "source": null, "start_date": null, "type": null, "wheelchair": null, "who:code_csref": null, "who:distance": null, "who:nbre_village": null, "operator": null, "email": null, "name:en": null, "phone": null, "healthcare": null, "addr:city": null, "addr:quarter": null, "addr:suburb": null, "handwashing": null, "handwashing:soap": null, "handwashing_number": null, "handwashing_station_distance": null, "handwashing_usability": null, "latrine_emptying_service": null, "note": null, "patient_female": null, "patient_male": null, "sanitation": null, "staff_count": null, "staff_count:doctors": null, "toilets:female": null, "toilets:num_chambers": null, "toilets:staff": null, "wash_maintenance": null, "wash_maintenance_frequency": null, "wash_management": null, "wash_ngo_support": null, "water_point": null, "water_point_improved": null, "water_point_location": null, "water_point_number": null, "water_point_type": null, "water_point_usability": null, "consent": null, "toilets:disposal": null, "wash_funding": null, "addr:street": null, "building:levels": null, "building:material": null, "roof:material": null, "sector": null, "healthcare:speciality": null, "health_facility:type": null, "opening_hours": null, "name:fr": null, "name:es": null, "dispensing": null, "electricity": null, "emergency": null, "insurance:health": null, "operator:type": null, "water_source": null, "alt_name": null, "supervised": null, "survey:date": null, "addr:postcode": null, "place": null, "addr:housenumber": null, "name:ar": null, "wikidata": null, "wikipedia": null, "fixme": null, "barrier": "wall", "landuse": null, "building": null, "addr:hamlet": null, "secteur": null, "health_amenity:type": null, "name:de": null, "operational_status": null, "ocha:type": null, "short_name": null, "name:ja": null, "name:zh": null, "indoor": null, "material": null, "is_in:cercle": null }, "geometry": { "type": "Polygon", "coordinates": [ [ [ -7.857668, 12.5885508 ], [ -7.8580308, 12.5886302 ], [ -7.8581118, 12.5882775 ], [ -7.857749, 12.5881982 ], [ -7.857668, 12.5885508 ] ] ] } },
{ "type": "Feature", "properties": { "element": "way", "id": 607045463, "amenity": "hospital", "name": "Cscom Kafana", "pcode": null, "source": null, "start_date": null, "type": null, "wheelchair": null, "who:code_csref": null, "who:distance": null, "who:nbre_village": null, "operator": null, "email": null, "name:en": null, "phone": null, "healthcare": null, "addr:city": null, "addr:quarter": null, "addr:suburb": null, "handwashing": null, "handwashing:soap": null, "handwashing_number": null, "handwashing_station_distance": null, "handwashing_usability": null, "latrine_emptying_service": null, "note": null, "patient_female": null, "patient_male": null, "sanitation": null, "staff_count": null, "staff_count:doctors": null, "toilets:female": null, "toilets:num_chambers": null, "toilets:staff": null, "wash_maintenance": null, "wash_maintenance_frequency": null, "wash_management": null, "wash_ngo_support": null, "water_point": null, "water_point_improved": null, "water_point_location": null, "water_point_number": null, "water_point_type": null, "water_point_usability": null, "consent": null, "toilets:disposal": null, "wash_funding": null, "addr:street": null, "building:levels": null, "building:material": null, "roof:material": null, "sector": null, "healthcare:speciality": null, "health_facility:type": null, "opening_hours": null, "name:fr": null, "name:es": null, "dispensing": null, "electricity": null, "emergency": null, "insurance:health": null, "operator:type": null, "water_source": null, "alt_name": null, "supervised": null, "survey:date": null, "addr:postcode": null, "place": null, "addr:housenumber": null, "name:ar": null, "wikidata": null, "wikipedia": null, "fixme": null, "barrier": null, "landuse": null, "building": null, "addr:hamlet": null, "secteur": null, "health_amenity:type": null, "name:de": null, "operational_status": null, "ocha:type": null, "short_name": null, "name:ja": null, "name:zh": null, "indoor": null, "material": null, "is_in:cercle": null }, "geometry": { "type": "Polygon", "coordinates": [ [ [ -6.1384606, 11.5142883 ], [ -6.139091, 11.5143251 ], [ -6.1391902, 11.513329 ], [ -6.1385867, 11.5133763 ], [ -6.1384606, 11.5142883 ] ] ] } },
{ "type": "Feature", "properties": { "element": "way", "id": 650376799, "amenity": "hospital", "name": "Hopital", "pcode": null, "source": null, "start_date": null, "type": null, "wheelchair": null, "who:code_csref": null, "who:distance": null, "who:nbre_village": null, "operator": "SEMAF", "email": null, "name:en": null, "phone": null, "healthcare": null, "addr:city": null, "addr:quarter": null, "addr:suburb": null, "handwashing": null, "handwashing:soap": null, "handwashing_number": null, "handwashing_station_distance": null, "handwashing_usability": null, "latrine_emptying_service": null, "note": null, "patient_female": null, "patient_male": null, "sanitation": null, "staff_count": null, "staff_count:doctors": null, "toilets:female": null, "toilets:num_chambers": null, "toilets:staff": null, "wash_maintenance": null, "wash_maintenance_frequency": null, "wash_management": null, "wash_ngo_support": null, "water_point": null, "water_point_improved": null, "water_point_location": null, "water_point_number": null, "water_point_type": null, "water_point_usability": null, "consent": null, "toilets:disposal": null, "wash_funding": null, "addr:street": null, "building:levels": null, "building:material": null, "roof:material": null, "sector": null, "healthcare:speciality": null, "health_facility:type": null, "opening_hours": null, "name:fr": null, "name:es": null, "dispensing": null, "electricity": null, "emergency": null, "insurance:health": null, "operator:type": null, "water_source": null, "alt_name": null, "supervised": null, "survey:date": null, "addr:postcode": null, "place": null, "addr:housenumber": null, "name:ar": null, "wikidata": null, "wikipedia": null, "fixme": null, "barrier": null, "landuse": null, "building": "yes", "addr:hamlet": null, "secteur": null, "health_amenity:type": null, "name:de": null, "operational_status": null, "ocha:type": null, "short_name": null, "name:ja": null, "name:zh": null, "indoor": null, "material": null, "is_in:cercle": null }, "geometry": { "type": "Polygon", "coordinates": [ [ [ -10.4655933, 13.2225288 ], [ -10.4654109, 13.2225222 ], [ -10.465419, 13.2223695 ], [ -10.4654278, 13.2222007 ], [ -10.4656035, 13.2222059 ], [ -10.4655933, 13.2225288 ] ] ] } },
{ "type": "Feature", "properties": { "element": "way", "id": 674365063, "amenity": "hospital", "name": "Centre Hospitalier Universitaire Point G", "pcode": "ML08H03U001", "source": "OMS Survey;http://www.lib.utexas.edu/maps/ams/west_africa/txu-oclc-6595921-nd29-15-2nd-ed.jpg", "start_date": "1-Jan-1906", "type": null, "wheelchair": null, "who:code_csref": "ML08H03", "who:distance": "0", "who:nbre_village": "0", "operator": null, "email": null, "name:en": null, "phone": null, "healthcare": null, "addr:city": null, "addr:quarter": null, "addr:suburb": null, "handwashing": null, "handwashing:soap": null, "handwashing_number": null, "handwashing_station_distance": null, "handwashing_usability": null, "latrine_emptying_service": null, "note": null, "patient_female": null, "patient_male": null, "sanitation": null, "staff_count": null, "staff_count:doctors": null, "toilets:female": null, "toilets:num_chambers": null, "toilets:staff": null, "wash_maintenance": null, "wash_maintenance_frequency": null, "wash_management": null, "wash_ngo_support": null, "water_point": null, "water_point_improved": null, "water_point_location": null, "water_point_number": null, "water_point_type": null, "water_point_usability": null, "consent": null, "toilets:disposal": null, "wash_funding": null, "addr:street": null, "building:levels": null, "building:material": null, "roof:material": null, "sector": null, "healthcare:speciality": null, "health_facility:type": "hospital", "opening_hours": null, "name:fr": null, "name:es": null, "dispensing": null, "electricity": null, "emergency": null, "insurance:health": null, "operator:type": null, "water_source": null, "alt_name": "Point G", "supervised": null, "survey:date": null, "addr:postcode": null, "place": null, "addr:housenumber": null, "name:ar": null, "wikidata": "Q15108689", "wikipedia": "de:Centre Hospitalier Universitaire du Point-G", "fixme": null, "barrier": null, "landuse": null, "building": null, "addr:hamlet": null, "secteur": null, "health_amenity:type": null, "name:de": null, "operational_status": null, "ocha:type": "ind.", "short_name": "CHU Point G", "name:ja": null, "name:zh": null, "indoor": null, "material": null, "is_in:cercle": null }, "geometry": { "type": "Polygon", "coordinates": [ [ [ -7.9937366, 12.6700745 ], [ -7.9937325, 12.6703454 ], [ -7.9929373, 12.6703676 ], [ -7.9918758, 12.6703264 ], [ -7.9916485, 12.6702786 ], [ -7.9917102, 12.6699267 ], [ -7.9912515, 12.6698468 ], [ -7.9911979, 12.6701857 ], [ -7.9901693, 12.6700089 ], [ -7.9897894, 12.6699377 ], [ -7.9886753, 12.6697171 ], [ -7.9887397, 12.6685343 ], [ -7.9887898, 12.6677578 ], [ -7.9888309, 12.6670897 ], [ -7.9902901, 12.6662204 ], [ -7.9906495, 12.6660063 ], [ -7.9915882, 12.6655353 ], [ -7.9926665, 12.6663308 ], [ -7.9927, 12.6663539 ], [ -7.9929931, 12.6665568 ], [ -7.9939565, 12.6672234 ], [ -7.9944259, 12.6688119 ], [ -7.9946177, 12.6688197 ], [ -7.9945707, 12.6694072 ], [ -7.9945473, 12.6694079 ], [ -7.9945473, 12.669542 ], [ -7.9945157, 12.6695753 ], [ -7.9945057, 12.6696781 ], [ -7.9944514, 12.6696741 ], [ -7.9944279, 12.6700844 ], [ -7.9942723, 12.6700823 ], [ -7.9941084, 12.6700799 ], [ -7.9938647, 12.6700764 ], [ -7.9937366, 12.6700745 ] ] ] } },
{ "type": "Feature", "properties": { "element": "way", "id": 711292844, "amenity": "hospital", "name": "Cabinet médical", "pcode": null, "source": null, "start_date": null, "type": null, "wheelchair": null, "who:code_csref": null, "who:distance": null, "who:nbre_village": null, "operator": null, "email": null, "name:en": null, "phone": null, "healthcare": "hospital", "addr:city": null, "addr:quarter": null, "addr:suburb": null, "handwashing": null, "handwashing:soap": null, "handwashing_number": null, "handwashing_station_distance": null, "handwashing_usability": null, "latrine_emptying_service": null, "note": null, "patient_female": null, "patient_male": null, "sanitation": null, "staff_count": null, "staff_count:doctors": null, "toilets:female": null, "toilets:num_chambers": null, "toilets:staff": null, "wash_maintenance": null, "wash_maintenance_frequency": null, "wash_management": null, "wash_ngo_support": null, "water_point": null, "water_point_improved": null, "water_point_location": null, "water_point_number": null, "water_point_type": null, "water_point_usability": null, "consent": null, "toilets:disposal": null, "wash_funding": null, "addr:street": null, "building:levels": null, "building:material": null, "roof:material": null, "sector": null, "healthcare:speciality": null, "health_facility:type": null, "opening_hours": null, "name:fr": null, "name:es": null, "dispensing": null, "electricity": null, "emergency": null, "insurance:health": null, "operator:type": null, "water_source": null, "alt_name": null, "supervised": null, "survey:date": null, "addr:postcode": null, "place": null, "addr:housenumber": null, "name:ar": null, "wikidata": null, "wikipedia": null, "fixme": null, "barrier": null, "landuse": null, "building": "yes", "addr:hamlet": null, "secteur": null, "health_amenity:type": null, "name:de": null, "operational_status": null, "ocha:type": null, "short_name": null, "name:ja": null, "name:zh": null, "indoor": null, "material": null, "is_in:cercle": null }, "geometry": { "type": "Polygon", "coordinates": [ [ [ -11.716819, 14.5666624 ], [ -11.7168266, 14.566603 ], [ -11.7167182, 14.5665901 ], [ -11.7167106, 14.5666495 ], [ -11.716819, 14.5666624 ] ] ] } },
{ "type": "Feature", "properties": { "element": "way", "id": 766098002, "amenity": "hospital", "name": "CSCOM Dioura", "pcode": null, "source": null, "start_date": null, "type": null, "wheelchair": null, "who:code_csref": null, "who:distance": null, "who:nbre_village": null, "operator": null, "email": null, "name:en": null, "phone": null, "healthcare": "hospital", "addr:city": null, "addr:quarter": null, "addr:suburb": null, "handwashing": null, "handwashing:soap": null, "handwashing_number": null, "handwashing_station_distance": null, "handwashing_usability": null, "latrine_emptying_service": null, "note": null, "patient_female": null, "patient_male": null, "sanitation": null, "staff_count": null, "staff_count:doctors": null, "toilets:female": null, "toilets:num_chambers": null, "toilets:staff": null, "wash_maintenance": null, "wash_maintenance_frequency": null, "wash_management": null, "wash_ngo_support": null, "water_point": null, "water_point_improved": null, "water_point_location": null, "water_point_number": null, "water_point_type": null, "water_point_usability": null, "consent": null, "toilets:disposal": null, "wash_funding": null, "addr:street": null, "building:levels": null, "building:material": null, "roof:material": null, "sector": null, "healthcare:speciality": null, "health_facility:type": null, "opening_hours": null, "name:fr": null, "name:es": null, "dispensing": null, "electricity": null, "emergency": null, "insurance:health": null, "operator:type": null, "water_source": null, "alt_name": null, "supervised": null, "survey:date": null, "addr:postcode": null, "place": null, "addr:housenumber": null, "name:ar": null, "wikidata": null, "wikipedia": null, "fixme": null, "barrier": null, "landuse": null, "building": null, "addr:hamlet": null, "secteur": null, "health_amenity:type": null, "name:de": null, "operational_status": null, "ocha:type": null, "short_name": null, "name:ja": null, "name:zh": null, "indoor": null, "material": null, "is_in:cercle": null }, "geometry": { "type": "Polygon", "coordinates": [ [ [ -5.249514, 14.8259467 ], [ -5.2497918, 14.8259364 ], [ -5.2499548, 14.8258967 ], [ -5.2499806, 14.8258453 ], [ -5.2499846, 14.8255946 ], [ -5.2500416, 14.825507 ], [ -5.2500504, 14.8253916 ], [ -5.2499933, 14.8253559 ], [ -5.2494709, 14.8253003 ], [ -5.249514, 14.8259467 ] ] ] } },
{ "type": "Feature", "properties": { "element": "way", "id": 767928240, "amenity": "hospital", "name": "CSCOM TOGUERE", "pcode": null, "source": "IdyNdiaye", "start_date": null, "type": null, "wheelchair": null, "who:code_csref": null, "who:distance": null, "who:nbre_village": null, "operator": null, "email": null, "name:en": null, "phone": null, "healthcare": null, "addr:city": null, "addr:quarter": null, "addr:suburb": null, "handwashing": null, "handwashing:soap": null, "handwashing_number": null, "handwashing_station_distance": null, "handwashing_usability": null, "latrine_emptying_service": null, "note": null, "patient_female": null, "patient_male": null, "sanitation": null, "staff_count": null, "staff_count:doctors": null, "toilets:female": null, "toilets:num_chambers": null, "toilets:staff": null, "wash_maintenance": null, "wash_maintenance_frequency": null, "wash_management": null, "wash_ngo_support": null, "water_point": null, "water_point_improved": null, "water_point_location": null, "water_point_number": null, "water_point_type": null, "water_point_usability": null, "consent": null, "toilets:disposal": null, "wash_funding": null, "addr:street": null, "building:levels": null, "building:material": null, "roof:material": null, "sector": null, "healthcare:speciality": null, "health_facility:type": null, "opening_hours": null, "name:fr": null, "name:es": null, "dispensing": null, "electricity": null, "emergency": "no", "insurance:health": null, "operator:type": null, "water_source": null, "alt_name": null, "supervised": null, "survey:date": null, "addr:postcode": null, "place": null, "addr:housenumber": null, "name:ar": null, "wikidata": null, "wikipedia": null, "fixme": null, "barrier": null, "landuse": null, "building": null, "addr:hamlet": null, "secteur": null, "health_amenity:type": null, "name:de": null, "operational_status": null, "ocha:type": null, "short_name": null, "name:ja": null, "name:zh": null, "indoor": null, "material": null, "is_in:cercle": null }, "geometry": { "type": "Polygon", "coordinates": [ [ [ -4.592265, 14.9211103 ], [ -4.5920894, 14.9210624 ], [ -4.5921759, 14.9207378 ], [ -4.5923468, 14.9207819 ], [ -4.592265, 14.9211103 ] ] ] } },
{ "type": "Feature", "properties": { "element": "way", "id": 779222296, "amenity": "hospital", "name": "Hopital INPS", "pcode": null, "source": null, "start_date": null, "type": null, "wheelchair": null, "who:code_csref": null, "who:distance": null, "who:nbre_village": null, "operator": null, "email": null, "name:en": null, "phone": null, "healthcare": "hospital", "addr:city": null, "addr:quarter": null, "addr:suburb": null, "handwashing": null, "handwashing:soap": null, "handwashing_number": null, "handwashing_station_distance": null, "handwashing_usability": null, "latrine_emptying_service": null, "note": null, "patient_female": null, "patient_male": null, "sanitation": null, "staff_count": null, "staff_count:doctors": null, "toilets:female": null, "toilets:num_chambers": null, "toilets:staff": null, "wash_maintenance": null, "wash_maintenance_frequency": null, "wash_management": null, "wash_ngo_support": null, "water_point": null, "water_point_improved": null, "water_point_location": null, "water_point_number": null, "water_point_type": null, "water_point_usability": null, "consent": null, "toilets:disposal": null, "wash_funding": null, "addr:street": null, "building:levels": null, "building:material": null, "roof:material": null, "sector": null, "healthcare:speciality": null, "health_facility:type": null, "opening_hours": null, "name:fr": null, "name:es": null, "dispensing": null, "electricity": null, "emergency": null, "insurance:health": null, "operator:type": null, "water_source": null, "alt_name": null, "supervised": null, "survey:date": null, "addr:postcode": null, "place": null, "addr:housenumber": null, "name:ar": null, "wikidata": null, "wikipedia": null, "fixme": null, "barrier": null, "landuse": null, "building": null, "addr:hamlet": null, "secteur": null, "health_amenity:type": null, "name:de": null, "operational_status": null, "ocha:type": null, "short_name": null, "name:ja": null, "name:zh": null, "indoor": null, "material": null, "is_in:cercle": null }, "geometry": { "type": "Polygon", "coordinates": [ [ [ -7.5590525, 12.8583127 ], [ -7.5591543, 12.8583883 ], [ -7.5592026, 12.8584432 ], [ -7.5592697, 12.8584981 ], [ -7.5593796, 12.8585714 ], [ -7.559444, 12.8585452 ], [ -7.5595754, 12.858404 ], [ -7.5597242, 12.8581825 ], [ -7.5594118, 12.857983 ], [ -7.5592938, 12.8580039 ], [ -7.5590525, 12.8583127 ] ] ] } },
{ "type": "Feature", "properties": { "element": "way", "id": 785835050, "amenity": "hospital", "name": "Centre de Santé Communautaire de Manankoro", "pcode": "ML03R02C025", "source": "OMS Survey", "start_date": "1-Sep-1997", "type": null, "wheelchair": "yes", "who:code_csref": "ML03R02", "who:distance": "150", "who:nbre_village": "8", "operator": null, "email": null, "name:en": null, "phone": null, "healthcare": "hospital", "addr:city": null, "addr:quarter": null, "addr:suburb": null, "handwashing": null, "handwashing:soap": null, "handwashing_number": null, "handwashing_station_distance": null, "handwashing_usability": null, "latrine_emptying_service": null, "note": null, "patient_female": null, "patient_male": null, "sanitation": null, "staff_count": null, "staff_count:doctors": null, "toilets:female": null, "toilets:num_chambers": null, "toilets:staff": null, "wash_maintenance": null, "wash_maintenance_frequency": null, "wash_management": null, "wash_ngo_support": null, "water_point": null, "water_point_improved": null, "water_point_location": null, "water_point_number": null, "water_point_type": null, "water_point_usability": null, "consent": null, "toilets:disposal": null, "wash_funding": null, "addr:street": null, "building:levels": null, "building:material": null, "roof:material": null, "sector": null, "healthcare:speciality": null, "health_facility:type": "CSCom", "opening_hours": null, "name:fr": null, "name:es": null, "dispensing": null, "electricity": null, "emergency": null, "insurance:health": null, "operator:type": null, "water_source": null, "alt_name": null, "supervised": null, "survey:date": null, "addr:postcode": null, "place": null, "addr:housenumber": null, "name:ar": null, "wikidata": null, "wikipedia": null, "fixme": null, "barrier": null, "landuse": null, "building": null, "addr:hamlet": null, "secteur": null, "health_amenity:type": null, "name:de": null, "operational_status": null, "ocha:type": null, "short_name": null, "name:ja": null, "name:zh": null, "indoor": null, "material": null, "is_in:cercle": null }, "geometry": { "type": "Polygon", "coordinates": [ [ [ -7.4494216, 10.4581158 ], [ -7.4492524, 10.457579 ], [ -7.4487833, 10.4577188 ], [ -7.4489592, 10.4582511 ], [ -7.4494216, 10.4581158 ] ] ] } },
{ "type": "Feature", "properties": { "element": "way", "id": 791264678, "amenity": "hospital", "name": null, "pcode": null, "source": null, "start_date": null, "type": null, "wheelchair": null, "who:code_csref": null, "who:distance": null, "who:nbre_village": null, "operator": null, "email": null, "name:en": null, "phone": null, "healthcare": "hospital", "addr:city": null, "addr:quarter": null, "addr:suburb": null, "handwashing": null, "handwashing:soap": null, "handwashing_number": null, "handwashing_station_distance": null, "handwashing_usability": null, "latrine_emptying_service": null, "note": null, "patient_female": null, "patient_male": null, "sanitation": null, "staff_count": null, "staff_count:doctors": null, "toilets:female": null, "toilets:num_chambers": null, "toilets:staff": null, "wash_maintenance": null, "wash_maintenance_frequency": null, "wash_management": null, "wash_ngo_support": null, "water_point": null, "water_point_improved": null, "water_point_location": null, "water_point_number": null, "water_point_type": null, "water_point_usability": null, "consent": null, "toilets:disposal": null, "wash_funding": null, "addr:street": null, "building:levels": null, "building:material": null, "roof:material": null, "sector": null, "healthcare:speciality": null, "health_facility:type": null, "opening_hours": null, "name:fr": null, "name:es": null, "dispensing": null, "electricity": null, "emergency": null, "insurance:health": null, "operator:type": null, "water_source": null, "alt_name": null, "supervised": null, "survey:date": null, "addr:postcode": null, "place": null, "addr:housenumber": null, "name:ar": null, "wikidata": null, "wikipedia": null, "fixme": null, "barrier": null, "landuse": null, "building": "hospital", "addr:hamlet": null, "secteur": null, "health_amenity:type": null, "name:de": null, "operational_status": null, "ocha:type": null, "short_name": null, "name:ja": null, "name:zh": null, "indoor": null, "material": null, "is_in:cercle": null }, "geometry": { "type": "Polygon", "coordinates": [ [ [ 2.400586, 15.9160984 ], [ 2.4007045, 15.916103 ], [ 2.4007026, 15.9161472 ], [ 2.4008298, 15.9161522 ], [ 2.4008375, 15.9159698 ], [ 2.4005918, 15.9159603 ], [ 2.400586, 15.9160984 ] ] ] } },
{ "type": "Feature", "properties": { "element": "way", "id": 791267025, "amenity": "hospital", "name": null, "pcode": null, "source": null, "start_date": null, "type": null, "wheelchair": null, "who:code_csref": null, "who:distance": null, "who:nbre_village": null, "operator": null, "email": null, "name:en": null, "phone": null, "healthcare": "hospital", "addr:city": null, "addr:quarter": null, "addr:suburb": null, "handwashing": null, "handwashing:soap": null, "handwashing_number": null, "handwashing_station_distance": null, "handwashing_usability": null, "latrine_emptying_service": null, "note": null, "patient_female": null, "patient_male": null, "sanitation": null, "staff_count": null, "staff_count:doctors": null, "toilets:female": null, "toilets:num_chambers": null, "toilets:staff": null, "wash_maintenance": null, "wash_maintenance_frequency": null, "wash_management": null, "wash_ngo_support": null, "water_point": null, "water_point_improved": null, "water_point_location": null, "water_point_number": null, "water_point_type": null, "water_point_usability": null, "consent": null, "toilets:disposal": null, "wash_funding": null, "addr:street": null, "building:levels": null, "building:material": null, "roof:material": null, "sector": null, "healthcare:speciality": null, "health_facility:type": null, "opening_hours": null, "name:fr": null, "name:es": null, "dispensing": null, "electricity": null, "emergency": null, "insurance:health": null, "operator:type": null, "water_source": null, "alt_name": null, "supervised": null, "survey:date": null, "addr:postcode": null, "place": null, "addr:housenumber": null, "name:ar": null, "wikidata": null, "wikipedia": null, "fixme": null, "barrier": null, "landuse": null, "building": "hospital", "addr:hamlet": null, "secteur": null, "health_amenity:type": null, "name:de": null, "operational_status": null, "ocha:type": null, "short_name": null, "name:ja": null, "name:zh": null, "indoor": null, "material": null, "is_in:cercle": null }, "geometry": { "type": "Polygon", "coordinates": [ [ [ 2.8947784, 15.6287113 ], [ 2.8948347, 15.6287617 ], [ 2.8948702, 15.6287061 ], [ 2.8947784, 15.6287113 ] ] ] } },
{ "type": "Feature", "properties": { "element": "way", "id": 791267667, "amenity": "hospital", "name": null, "pcode": null, "source": null, "start_date": null, "type": null, "wheelchair": null, "who:code_csref": null, "who:distance": null, "who:nbre_village": null, "operator": null, "email": null, "name:en": null, "phone": null, "healthcare": "hospital", "addr:city": null, "addr:quarter": null, "addr:suburb": null, "handwashing": null, "handwashing:soap": null, "handwashing_number": null, "handwashing_station_distance": null, "handwashing_usability": null, "latrine_emptying_service": null, "note": null, "patient_female": null, "patient_male": null, "sanitation": null, "staff_count": null, "staff_count:doctors": null, "toilets:female": null, "toilets:num_chambers": null, "toilets:staff": null, "wash_maintenance": null, "wash_maintenance_frequency": null, "wash_management": null, "wash_ngo_support": null, "water_point": null, "water_point_improved": null, "water_point_location": null, "water_point_number": null, "water_point_type": null, "water_point_usability": null, "consent": null, "toilets:disposal": null, "wash_funding": null, "addr:street": null, "building:levels": null, "building:material": null, "roof:material": null, "sector": null, "healthcare:speciality": null, "health_facility:type": null, "opening_hours": null, "name:fr": null, "name:es": null, "dispensing": null, "electricity": null, "emergency": null, "insurance:health": null, "operator:type": null, "water_source": null, "alt_name": null, "supervised": null, "survey:date": null, "addr:postcode": null, "place": null, "addr:housenumber": null, "name:ar": null, "wikidata": null, "wikipedia": null, "fixme": null, "barrier": null, "landuse": null, "building": null, "addr:hamlet": null, "secteur": null, "health_amenity:type": null, "name:de": null, "operational_status": null, "ocha:type": null, "short_name": null, "name:ja": null, "name:zh": null, "indoor": null, "material": null, "is_in:cercle": null }, "geometry": { "type": "Polygon", "coordinates": [ [ [ 2.3830809, 15.9258066 ], [ 2.3831825, 15.9275361 ], [ 2.3850416, 15.9274431 ], [ 2.384937, 15.9256299 ], [ 2.3839445, 15.9256763 ], [ 2.3839445, 15.9257459 ], [ 2.3830809, 15.9258066 ] ] ] } },
{ "type": "Feature", "properties": { "element": "way", "id": 791268321, "amenity": "hospital", "name": null, "pcode": null, "source": null, "start_date": null, "type": null, "wheelchair": null, "who:code_csref": null, "who:distance": null, "who:nbre_village": null, "operator": null, "email": null, "name:en": null, "phone": null, "healthcare": "hospital", "addr:city": null, "addr:quarter": null, "addr:suburb": null, "handwashing": null, "handwashing:soap": null, "handwashing_number": null, "handwashing_station_distance": null, "handwashing_usability": null, "latrine_emptying_service": null, "note": null, "patient_female": null, "patient_male": null, "sanitation": null, "staff_count": null, "staff_count:doctors": null, "toilets:female": null, "toilets:num_chambers": null, "toilets:staff": null, "wash_maintenance": null, "wash_maintenance_frequency": null, "wash_management": null, "wash_ngo_support": null, "water_point": null, "water_point_improved": null, "water_point_location": null, "water_point_number": null, "water_point_type": null, "water_point_usability": null, "consent": null, "toilets:disposal": null, "wash_funding": null, "addr:street": null, "building:levels": null, "building:material": null, "roof:material": null, "sector": null, "healthcare:speciality": null, "health_facility:type": null, "opening_hours": null, "name:fr": null, "name:es": null, "dispensing": null, "electricity": null, "emergency": null, "insurance:health": null, "operator:type": null, "water_source": null, "alt_name": null, "supervised": null, "survey:date": null, "addr:postcode": null, "place": null, "addr:housenumber": null, "name:ar": null, "wikidata": null, "wikipedia": null, "fixme": null, "barrier": null, "landuse": null, "building": null, "addr:hamlet": null, "secteur": null, "health_amenity:type": null, "name:de": null, "operational_status": null, "ocha:type": null, "short_name": null, "name:ja": null, "name:zh": null, "indoor": null, "material": null, "is_in:cercle": null }, "geometry": { "type": "Polygon", "coordinates": [ [ [ -5.9775182, 14.2543286 ], [ -5.9771769, 14.2544324 ], [ -5.9770454, 14.2540562 ], [ -5.9773972, 14.2539876 ], [ -5.9775182, 14.2543286 ] ] ] } },
{ "type": "Feature", "properties": { "element": "way", "id": 791270359, "amenity": "hospital", "name": "ASACOFA", "pcode": null, "source": null, "start_date": null, "type": null, "wheelchair": null, "who:code_csref": null, "who:distance": null, "who:nbre_village": null, "operator": null, "email": null, "name:en": null, "phone": null, "healthcare": "hospital", "addr:city": null, "addr:quarter": null, "addr:suburb": null, "handwashing": null, "handwashing:soap": null, "handwashing_number": null, "handwashing_station_distance": null, "handwashing_usability": null, "latrine_emptying_service": null, "note": null, "patient_female": null, "patient_male": null, "sanitation": null, "staff_count": null, "staff_count:doctors": null, "toilets:female": null, "toilets:num_chambers": null, "toilets:staff": null, "wash_maintenance": null, "wash_maintenance_frequency": null, "wash_management": null, "wash_ngo_support": null, "water_point": null, "water_point_improved": null, "water_point_location": null, "water_point_number": null, "water_point_type": null, "water_point_usability": null, "consent": null, "toilets:disposal": null, "wash_funding": null, "addr:street": null, "building:levels": null, "building:material": null, "roof:material": null, "sector": null, "healthcare:speciality": null, "health_facility:type": null, "opening_hours": null, "name:fr": null, "name:es": null, "dispensing": null, "electricity": null, "emergency": null, "insurance:health": null, "operator:type": null, "water_source": null, "alt_name": null, "supervised": null, "survey:date": null, "addr:postcode": null, "place": null, "addr:housenumber": null, "name:ar": null, "wikidata": null, "wikipedia": null, "fixme": null, "barrier": null, "landuse": null, "building": null, "addr:hamlet": null, "secteur": null, "health_amenity:type": null, "name:de": null, "operational_status": null, "ocha:type": null, "short_name": null, "name:ja": null, "name:zh": null, "indoor": null, "material": null, "is_in:cercle": null }, "geometry": { "type": "Polygon", "coordinates": [ [ [ -7.9583561, 12.5927528 ], [ -7.9578897, 12.5928 ], [ -7.9578485, 12.5924129 ], [ -7.9584872, 12.5923482 ], [ -7.9585077, 12.5925408 ], [ -7.9583561, 12.5927528 ] ] ] } },
{ "type": "Feature", "properties": { "element": "way", "id": 791276660, "amenity": "hospital", "name": "Laboratoire d'Analyse DIAFOUNOU", "pcode": null, "source": null, "start_date": null, "type": null, "wheelchair": null, "who:code_csref": null, "who:distance": null, "who:nbre_village": null, "operator": null, "email": null, "name:en": null, "phone": null, "healthcare": "hospital", "addr:city": null, "addr:quarter": null, "addr:suburb": null, "handwashing": null, "handwashing:soap": null, "handwashing_number": null, "handwashing_station_distance": null, "handwashing_usability": null, "latrine_emptying_service": null, "note": null, "patient_female": null, "patient_male": null, "sanitation": null, "staff_count": null, "staff_count:doctors": null, "toilets:female": null, "toilets:num_chambers": null, "toilets:staff": null, "wash_maintenance": null, "wash_maintenance_frequency": null, "wash_management": null, "wash_ngo_support": null, "water_point": null, "water_point_improved": null, "water_point_location": null, "water_point_number": null, "water_point_type": null, "water_point_usability": null, "consent": null, "toilets:disposal": null, "wash_funding": null, "addr:street": null, "building:levels": null, "building:material": null, "roof:material": null, "sector": null, "healthcare:speciality": null, "health_facility:type": "laboratory", "opening_hours": null, "name:fr": null, "name:es": null, "dispensing": null, "electricity": null, "emergency": null, "insurance:health": null, "operator:type": null, "water_source": null, "alt_name": null, "supervised": null, "survey:date": null, "addr:postcode": null, "place": null, "addr:housenumber": null, "name:ar": null, "wikidata": null, "wikipedia": null, "fixme": null, "barrier": null, "landuse": null, "building": null, "addr:hamlet": null, "secteur": null, "health_amenity:type": null, "name:de": null, "operational_status": null, "ocha:type": null, "short_name": null, "name:ja": null, "name:zh": null, "indoor": null, "material": null, "is_in:cercle": null }, "geometry": { "type": "Polygon", "coordinates": [ [ [ -8.0340672, 12.6335809 ], [ -8.0340016, 12.6335978 ], [ -8.0339306, 12.633586 ], [ -8.0339126, 12.6335195 ], [ -8.0340004, 12.6334969 ], [ -8.034019, 12.6335653 ], [ -8.0340601, 12.6335547 ], [ -8.0340672, 12.6335809 ] ] ] } },
{ "type": "Feature", "properties": { "element": "way", "id": 791279040, "amenity": "hospital", "name": "Infirmerie Du Camp", "pcode": null, "source": null, "start_date": null, "type": null, "wheelchair": null, "who:code_csref": null, "who:distance": null, "who:nbre_village": null, "operator": null, "email": null, "name:en": null, "phone": null, "healthcare": "hospital", "addr:city": null, "addr:quarter": null, "addr:suburb": null, "handwashing": null, "handwashing:soap": null, "handwashing_number": null, "handwashing_station_distance": null, "handwashing_usability": null, "latrine_emptying_service": null, "note": null, "patient_female": null, "patient_male": null, "sanitation": null, "staff_count": null, "staff_count:doctors": null, "toilets:female": null, "toilets:num_chambers": null, "toilets:staff": null, "wash_maintenance": null, "wash_maintenance_frequency": null, "wash_management": null, "wash_ngo_support": null, "water_point": null, "water_point_improved": null, "water_point_location": null, "water_point_number": null, "water_point_type": null, "water_point_usability": null, "consent": null, "toilets:disposal": null, "wash_funding": null, "addr:street": null, "building:levels": null, "building:material": null, "roof:material": null, "sector": null, "healthcare:speciality": null, "health_facility:type": null, "opening_hours": null, "name:fr": null, "name:es": null, "dispensing": null, "electricity": null, "emergency": null, "insurance:health": null, "operator:type": null, "water_source": null, "alt_name": null, "supervised": null, "survey:date": null, "addr:postcode": null, "place": null, "addr:housenumber": null, "name:ar": null, "wikidata": null, "wikipedia": null, "fixme": null, "barrier": null, "landuse": null, "building": null, "addr:hamlet": null, "secteur": null, "health_amenity:type": null, "name:de": null, "operational_status": null, "ocha:type": null, "short_name": null, "name:ja": null, "name:zh": null, "indoor": null, "material": null, "is_in:cercle": null }, "geometry": { "type": "Polygon", "coordinates": [ [ [ -8.0606143, 12.7274653 ], [ -8.060507, 12.7282581 ], [ -8.0600027, 12.7282162 ], [ -8.059992, 12.7280017 ], [ -8.0599893, 12.7279415 ], [ -8.0600001, 12.7277924 ], [ -8.0600993, 12.7274104 ], [ -8.0601288, 12.7273869 ], [ -8.0606143, 12.7274653 ] ] ] } },
{ "type": "Feature", "properties": { "element": "way", "id": 791280950, "amenity": "hospital", "name": "CSCOM de Dramané", "pcode": null, "source": null, "start_date": null, "type": null, "wheelchair": null, "who:code_csref": null, "who:distance": null, "who:nbre_village": null, "operator": null, "email": null, "name:en": null, "phone": null, "healthcare": "hospital", "addr:city": null, "addr:quarter": null, "addr:suburb": null, "handwashing": null, "handwashing:soap": null, "handwashing_number": null, "handwashing_station_distance": null, "handwashing_usability": null, "latrine_emptying_service": null, "note": null, "patient_female": null, "patient_male": null, "sanitation": null, "staff_count": null, "staff_count:doctors": null, "toilets:female": null, "toilets:num_chambers": null, "toilets:staff": null, "wash_maintenance": null, "wash_maintenance_frequency": null, "wash_management": null, "wash_ngo_support": null, "water_point": null, "water_point_improved": null, "water_point_location": null, "water_point_number": null, "water_point_type": null, "water_point_usability": null, "consent": null, "toilets:disposal": null, "wash_funding": null, "addr:street": null, "building:levels": null, "building:material": null, "roof:material": null, "sector": null, "healthcare:speciality": null, "health_facility:type": null, "opening_hours": null, "name:fr": null, "name:es": null, "dispensing": null, "electricity": null, "emergency": null, "insurance:health": null, "operator:type": null, "water_source": null, "alt_name": null, "supervised": null, "survey:date": null, "addr:postcode": null, "place": null, "addr:housenumber": null, "name:ar": null, "wikidata": null, "wikipedia": null, "fixme": null, "barrier": null, "landuse": null, "building": null, "addr:hamlet": null, "secteur": null, "health_amenity:type": null, "name:de": null, "operational_status": null, "ocha:type": null, "short_name": null, "name:ja": null, "name:zh": null, "indoor": null, "material": null, "is_in:cercle": null }, "geometry": { "type": "Polygon", "coordinates": [ [ [ -11.9007133, 14.6121613 ], [ -11.9001473, 14.6121587 ], [ -11.8998381, 14.611771 ], [ -11.8999153, 14.6112585 ], [ -11.9006596, 14.6112893 ], [ -11.9007133, 14.6121613 ] ] ] } },
{ "type": "Feature", "properties": { "element": "way", "id": 791282604, "amenity": "hospital", "name": "Maternité", "pcode": null, "source": null, "start_date": null, "type": null, "wheelchair": null, "who:code_csref": null, "who:distance": null, "who:nbre_village": null, "operator": null, "email": null, "name:en": null, "phone": null, "healthcare": "hospital", "addr:city": null, "addr:quarter": null, "addr:suburb": null, "handwashing": null, "handwashing:soap": null, "handwashing_number": null, "handwashing_station_distance": null, "handwashing_usability": null, "latrine_emptying_service": null, "note": null, "patient_female": null, "patient_male": null, "sanitation": null, "staff_count": null, "staff_count:doctors": null, "toilets:female": null, "toilets:num_chambers": null, "toilets:staff": null, "wash_maintenance": null, "wash_maintenance_frequency": null, "wash_management": null, "wash_ngo_support": null, "water_point": null, "water_point_improved": null, "water_point_location": null, "water_point_number": null, "water_point_type": null, "water_point_usability": null, "consent": null, "toilets:disposal": null, "wash_funding": null, "addr:street": null, "building:levels": null, "building:material": null, "roof:material": null, "sector": null, "healthcare:speciality": null, "health_facility:type": null, "opening_hours": null, "name:fr": null, "name:es": null, "dispensing": null, "electricity": null, "emergency": null, "insurance:health": null, "operator:type": null, "water_source": null, "alt_name": null, "supervised": null, "survey:date": null, "addr:postcode": null, "place": null, "addr:housenumber": null, "name:ar": null, "wikidata": null, "wikipedia": null, "fixme": null, "barrier": null, "landuse": null, "building": null, "addr:hamlet": null, "secteur": null, "health_amenity:type": null, "name:de": null, "operational_status": null, "ocha:type": null, "short_name": null, "name:ja": null, "name:zh": null, "indoor": null, "material": null, "is_in:cercle": null }, "geometry": { "type": "Polygon", "coordinates": [ [ [ -11.6596561, 14.566188 ], [ -11.6594582, 14.566037 ], [ -11.6596078, 14.5658535 ], [ -11.6598056, 14.5660046 ], [ -11.6596561, 14.566188 ] ] ] } },
{ "type": "Feature", "properties": { "element": "way", "id": 791286961, "amenity": "hospital", "name": "Luxembourg", "pcode": null, "source": null, "start_date": null, "type": null, "wheelchair": null, "who:code_csref": null, "who:distance": null, "who:nbre_village": null, "operator": null, "email": null, "name:en": null, "phone": null, "healthcare": "hospital", "addr:city": null, "addr:quarter": null, "addr:suburb": null, "handwashing": null, "handwashing:soap": null, "handwashing_number": null, "handwashing_station_distance": null, "handwashing_usability": null, "latrine_emptying_service": null, "note": null, "patient_female": null, "patient_male": null, "sanitation": null, "staff_count": null, "staff_count:doctors": null, "toilets:female": null, "toilets:num_chambers": null, "toilets:staff": null, "wash_maintenance": null, "wash_maintenance_frequency": null, "wash_management": null, "wash_ngo_support": null, "water_point": null, "water_point_improved": null, "water_point_location": null, "water_point_number": null, "water_point_type": null, "water_point_usability": null, "consent": null, "toilets:disposal": null, "wash_funding": null, "addr:street": null, "building:levels": null, "building:material": null, "roof:material": null, "sector": null, "healthcare:speciality": null, "health_facility:type": null, "opening_hours": null, "name:fr": "Luxembourg", "name:es": null, "dispensing": null, "electricity": null, "emergency": null, "insurance:health": null, "operator:type": null, "water_source": null, "alt_name": null, "supervised": null, "survey:date": null, "addr:postcode": null, "place": null, "addr:housenumber": null, "name:ar": null, "wikidata": null, "wikipedia": null, "fixme": null, "barrier": null, "landuse": null, "building": "hospital", "addr:hamlet": null, "secteur": null, "health_amenity:type": null, "name:de": null, "operational_status": null, "ocha:type": null, "short_name": null, "name:ja": null, "name:zh": null, "indoor": null, "material": null, "is_in:cercle": null }, "geometry": { "type": "Polygon", "coordinates": [ [ [ -8.0339169, 12.6493649 ], [ -8.033821, 12.6493853 ], [ -8.0337762, 12.6491844 ], [ -8.033872, 12.6491641 ], [ -8.0339169, 12.6493649 ] ] ] } },
{ "type": "Feature", "properties": { "element": "way", "id": 791286962, "amenity": "hospital", "name": "Hôpital mère enfants", "pcode": null, "source": null, "start_date": null, "type": null, "wheelchair": null, "who:code_csref": null, "who:distance": null, "who:nbre_village": null, "operator": null, "email": null, "name:en": null, "phone": null, "healthcare": "hospital", "addr:city": null, "addr:quarter": null, "addr:suburb": null, "handwashing": null, "handwashing:soap": null, "handwashing_number": null, "handwashing_station_distance": null, "handwashing_usability": null, "latrine_emptying_service": null, "note": null, "patient_female": null, "patient_male": null, "sanitation": null, "staff_count": null, "staff_count:doctors": null, "toilets:female": null, "toilets:num_chambers": null, "toilets:staff": null, "wash_maintenance": null, "wash_maintenance_frequency": null, "wash_management": null, "wash_ngo_support": null, "water_point": null, "water_point_improved": null, "water_point_location": null, "water_point_number": null, "water_point_type": null, "water_point_usability": null, "consent": null, "toilets:disposal": null, "wash_funding": null, "addr:street": null, "building:levels": null, "building:material": null, "roof:material": null, "sector": null, "healthcare:speciality": null, "health_facility:type": null, "opening_hours": null, "name:fr": "Hôpital mère enfants", "name:es": null, "dispensing": null, "electricity": null, "emergency": null, "insurance:health": null, "operator:type": null, "water_source": null, "alt_name": null, "supervised": null, "survey:date": null, "addr:postcode": null, "place": null, "addr:housenumber": null, "name:ar": null, "wikidata": null, "wikipedia": null, "fixme": null, "barrier": null, "landuse": null, "building": "hospital", "addr:hamlet": null, "secteur": null, "health_amenity:type": null, "name:de": null, "operational_status": null, "ocha:type": null, "short_name": null, "name:ja": null, "name:zh": null, "indoor": null, "material": null, "is_in:cercle": null }, "geometry": { "type": "Polygon", "coordinates": [ [ [ -8.0341577, 12.6493086 ], [ -8.0339709, 12.6493516 ], [ -8.0339198, 12.64914 ], [ -8.0341066, 12.649097 ], [ -8.0341577, 12.6493086 ] ] ] } },
{ "type": "Feature", "properties": { "element": "way", "id": 791296034, "amenity": "hospital", "name": "CSCOM Koumi", "pcode": null, "source": null, "start_date": null, "type": null, "wheelchair": null, "who:code_csref": null, "who:distance": null, "who:nbre_village": null, "operator": null, "email": null, "name:en": null, "phone": null, "healthcare": "hospital", "addr:city": null, "addr:quarter": null, "addr:suburb": null, "handwashing": null, "handwashing:soap": null, "handwashing_number": null, "handwashing_station_distance": null, "handwashing_usability": null, "latrine_emptying_service": null, "note": null, "patient_female": null, "patient_male": null, "sanitation": null, "staff_count": null, "staff_count:doctors": null, "toilets:female": null, "toilets:num_chambers": null, "toilets:staff": null, "wash_maintenance": null, "wash_maintenance_frequency": null, "wash_management": null, "wash_ngo_support": null, "water_point": null, "water_point_improved": null, "water_point_location": null, "water_point_number": null, "water_point_type": null, "water_point_usability": null, "consent": null, "toilets:disposal": null, "wash_funding": null, "addr:street": null, "building:levels": null, "building:material": null, "roof:material": null, "sector": null, "healthcare:speciality": null, "health_facility:type": null, "opening_hours": null, "name:fr": null, "name:es": null, "dispensing": null, "electricity": null, "emergency": null, "insurance:health": null, "operator:type": null, "water_source": null, "alt_name": null, "supervised": null, "survey:date": null, "addr:postcode": null, "place": null, "addr:housenumber": null, "name:ar": null, "wikidata": null, "wikipedia": null, "fixme": null, "barrier": null, "landuse": null, "building": null, "addr:hamlet": null, "secteur": null, "health_amenity:type": null, "name:de": null, "operational_status": null, "ocha:type": null, "short_name": null, "name:ja": null, "name:zh": null, "indoor": null, "material": null, "is_in:cercle": null }, "geometry": { "type": "Polygon", "coordinates": [ [ [ -7.9618842, 13.5179699 ], [ -7.9618036, 13.5179872 ], [ -7.9617794, 13.5178808 ], [ -7.9617511, 13.5178869 ], [ -7.961725, 13.5177716 ], [ -7.9619074, 13.5177325 ], [ -7.9619338, 13.5178486 ], [ -7.9618602, 13.5178644 ], [ -7.9618842, 13.5179699 ] ] ] } },
{ "type": "Feature", "properties": { "element": "way", "id": 791302414, "amenity": "hospital", "name": null, "pcode": null, "source": null, "start_date": null, "type": null, "wheelchair": null, "who:code_csref": null, "who:distance": null, "who:nbre_village": null, "operator": null, "email": null, "name:en": null, "phone": null, "healthcare": "hospital", "addr:city": null, "addr:quarter": null, "addr:suburb": null, "handwashing": null, "handwashing:soap": null, "handwashing_number": null, "handwashing_station_distance": null, "handwashing_usability": null, "latrine_emptying_service": null, "note": null, "patient_female": null, "patient_male": null, "sanitation": null, "staff_count": null, "staff_count:doctors": null, "toilets:female": null, "toilets:num_chambers": null, "toilets:staff": null, "wash_maintenance": null, "wash_maintenance_frequency": null, "wash_management": null, "wash_ngo_support": null, "water_point": null, "water_point_improved": null, "water_point_location": null, "water_point_number": null, "water_point_type": null, "water_point_usability": null, "consent": null, "toilets:disposal": null, "wash_funding": null, "addr:street": null, "building:levels": null, "building:material": null, "roof:material": null, "sector": null, "healthcare:speciality": null, "health_facility:type": null, "opening_hours": null, "name:fr": null, "name:es": null, "dispensing": null, "electricity": null, "emergency": null, "insurance:health": null, "operator:type": null, "water_source": null, "alt_name": null, "supervised": null, "survey:date": null, "addr:postcode": null, "place": null, "addr:housenumber": null, "name:ar": "مسرح الشرق مستشفيين", "wikidata": null, "wikipedia": null, "fixme": null, "barrier": null, "landuse": null, "building": null, "addr:hamlet": null, "secteur": null, "health_amenity:type": null, "name:de": null, "operational_status": null, "ocha:type": null, "short_name": null, "name:ja": null, "name:zh": "东战区二级医院", "indoor": null, "material": null, "is_in:cercle": null }, "geometry": { "type": "Polygon", "coordinates": [ [ [ -0.0247069, 16.2502692 ], [ -0.0244563, 16.250129 ], [ -0.0245817, 16.2499225 ], [ -0.0248323, 16.250063 ], [ -0.0247069, 16.2502692 ] ] ] } },
{ "type": "Feature", "properties": { "element": "way", "id": 791330730, "amenity": "hospital", "name": "Pavillon Chirurgical", "pcode": null, "source": null, "start_date": null, "type": null, "wheelchair": null, "who:code_csref": null, "who:distance": null, "who:nbre_village": null, "operator": null, "email": null, "name:en": null, "phone": null, "healthcare": "hospital", "addr:city": null, "addr:quarter": null, "addr:suburb": null, "handwashing": null, "handwashing:soap": null, "handwashing_number": null, "handwashing_station_distance": null, "handwashing_usability": null, "latrine_emptying_service": null, "note": null, "patient_female": null, "patient_male": null, "sanitation": null, "staff_count": null, "staff_count:doctors": null, "toilets:female": null, "toilets:num_chambers": null, "toilets:staff": null, "wash_maintenance": null, "wash_maintenance_frequency": null, "wash_management": null, "wash_ngo_support": null, "water_point": null, "water_point_improved": null, "water_point_location": null, "water_point_number": null, "water_point_type": null, "water_point_usability": null, "consent": null, "toilets:disposal": null, "wash_funding": null, "addr:street": null, "building:levels": null, "building:material": null, "roof:material": null, "sector": null, "healthcare:speciality": null, "health_facility:type": null, "opening_hours": null, "name:fr": null, "name:es": null, "dispensing": null, "electricity": null, "emergency": null, "insurance:health": null, "operator:type": null, "water_source": null, "alt_name": null, "supervised": null, "survey:date": null, "addr:postcode": null, "place": null, "addr:housenumber": null, "name:ar": null, "wikidata": null, "wikipedia": null, "fixme": null, "barrier": null, "landuse": null, "building": null, "addr:hamlet": null, "secteur": null, "health_amenity:type": null, "name:de": null, "operational_status": null, "ocha:type": null, "short_name": null, "name:ja": null, "name:zh": null, "indoor": null, "material": null, "is_in:cercle": null }, "geometry": { "type": "Polygon", "coordinates": [ [ [ -8.0598289, 12.7270681 ], [ -8.0597538, 12.7270144 ], [ -8.0596492, 12.7269111 ], [ -8.0596223, 12.7268561 ], [ -8.0598128, 12.7267842 ], [ -8.0598155, 12.7269464 ], [ -8.0598289, 12.7270681 ] ] ] } },
{ "type": "Feature", "properties": { "element": "way", "id": 791341402, "amenity": "hospital", "name": "CS/COM Berrah", "pcode": null, "source": null, "start_date": null, "type": null, "wheelchair": null, "who:code_csref": null, "who:distance": null, "who:nbre_village": null, "operator": null, "email": null, "name:en": null, "phone": null, "healthcare": "hospital", "addr:city": null, "addr:quarter": null, "addr:suburb": null, "handwashing": null, "handwashing:soap": null, "handwashing_number": null, "handwashing_station_distance": null, "handwashing_usability": null, "latrine_emptying_service": null, "note": null, "patient_female": null, "patient_male": null, "sanitation": null, "staff_count": null, "staff_count:doctors": null, "toilets:female": null, "toilets:num_chambers": null, "toilets:staff": null, "wash_maintenance": null, "wash_maintenance_frequency": null, "wash_management": null, "wash_ngo_support": null, "water_point": null, "water_point_improved": null, "water_point_location": null, "water_point_number": null, "water_point_type": null, "water_point_usability": null, "consent": null, "toilets:disposal": null, "wash_funding": null, "addr:street": null, "building:levels": null, "building:material": null, "roof:material": null, "sector": null, "healthcare:speciality": null, "health_facility:type": null, "opening_hours": null, "name:fr": null, "name:es": null, "dispensing": null, "electricity": null, "emergency": null, "insurance:health": null, "operator:type": null, "water_source": null, "alt_name": null, "supervised": null, "survey:date": null, "addr:postcode": null, "place": null, "addr:housenumber": null, "name:ar": null, "wikidata": null, "wikipedia": null, "fixme": null, "barrier": null, "landuse": null, "building": null, "addr:hamlet": null, "secteur": null, "health_amenity:type": null, "name:de": null, "operational_status": null, "ocha:type": null, "short_name": null, "name:ja": null, "name:zh": null, "indoor": null, "material": null, "is_in:cercle": null }, "geometry": { "type": "Polygon", "coordinates": [ [ [ -0.0193533, 16.3269957 ], [ -0.0184329, 16.326893 ], [ -0.0185352, 16.3259848 ], [ -0.0194609, 16.3261182 ], [ -0.0193533, 16.3269957 ] ] ] } },
{ "type": "Feature", "properties": { "element": "way", "id": 791342621, "amenity": "hospital", "name": "CSCOM", "pcode": null, "source": null, "start_date": null, "type": null, "wheelchair": null, "who:code_csref": null, "who:distance": null, "who:nbre_village": null, "operator": null, "email": null, "name:en": null, "phone": null, "healthcare": "hospital", "addr:city": null, "addr:quarter": null, "addr:suburb": null, "handwashing": null, "handwashing:soap": null, "handwashing_number": null, "handwashing_station_distance": null, "handwashing_usability": null, "latrine_emptying_service": null, "note": null, "patient_female": null, "patient_male": null, "sanitation": null, "staff_count": null, "staff_count:doctors": null, "toilets:female": null, "toilets:num_chambers": null, "toilets:staff": null, "wash_maintenance": null, "wash_maintenance_frequency": null, "wash_management": null, "wash_ngo_support": null, "water_point": null, "water_point_improved": null, "water_point_location": null, "water_point_number": null, "water_point_type": null, "water_point_usability": null, "consent": null, "toilets:disposal": null, "wash_funding": null, "addr:street": null, "building:levels": null, "building:material": null, "roof:material": null, "sector": null, "healthcare:speciality": null, "health_facility:type": null, "opening_hours": null, "name:fr": null, "name:es": null, "dispensing": null, "electricity": null, "emergency": null, "insurance:health": null, "operator:type": null, "water_source": null, "alt_name": null, "supervised": null, "survey:date": null, "addr:postcode": null, "place": null, "addr:housenumber": null, "name:ar": null, "wikidata": null, "wikipedia": null, "fixme": null, "barrier": null, "landuse": null, "building": null, "addr:hamlet": null, "secteur": null, "health_amenity:type": null, "name:de": null, "operational_status": null, "ocha:type": null, "short_name": null, "name:ja": null, "name:zh": null, "indoor": null, "material": null, "is_in:cercle": null }, "geometry": { "type": "Polygon", "coordinates": [ [ [ -5.4773051, 12.5117021 ], [ -5.4768462, 12.5116125 ], [ -5.4769382, 12.5111636 ], [ -5.477397, 12.5112532 ], [ -5.4773051, 12.5117021 ] ] ] } },
{ "type": "Feature", "properties": { "element": "way", "id": 791349153, "amenity": "hospital", "name": "CSCOM", "pcode": null, "source": null, "start_date": null, "type": null, "wheelchair": null, "who:code_csref": null, "who:distance": null, "who:nbre_village": null, "operator": null, "email": null, "name:en": null, "phone": null, "healthcare": "hospital", "addr:city": null, "addr:quarter": null, "addr:suburb": null, "handwashing": null, "handwashing:soap": null, "handwashing_number": null, "handwashing_station_distance": null, "handwashing_usability": null, "latrine_emptying_service": null, "note": null, "patient_female": null, "patient_male": null, "sanitation": null, "staff_count": null, "staff_count:doctors": null, "toilets:female": null, "toilets:num_chambers": null, "toilets:staff": null, "wash_maintenance": null, "wash_maintenance_frequency": null, "wash_management": null, "wash_ngo_support": null, "water_point": null, "water_point_improved": null, "water_point_location": null, "water_point_number": null, "water_point_type": null, "water_point_usability": null, "consent": null, "toilets:disposal": null, "wash_funding": null, "addr:street": null, "building:levels": null, "building:material": null, "roof:material": null, "sector": null, "healthcare:speciality": null, "health_facility:type": null, "opening_hours": null, "name:fr": null, "name:es": null, "dispensing": null, "electricity": null, "emergency": null, "insurance:health": null, "operator:type": null, "water_source": null, "alt_name": null, "supervised": null, "survey:date": null, "addr:postcode": null, "place": null, "addr:housenumber": null, "name:ar": null, "wikidata": null, "wikipedia": null, "fixme": null, "barrier": null, "landuse": null, "building": null, "addr:hamlet": null, "secteur": null, "health_amenity:type": null, "name:de": null, "operational_status": null, "ocha:type": null, "short_name": null, "name:ja": null, "name:zh": null, "indoor": null, "material": null, "is_in:cercle": null }, "geometry": { "type": "Polygon", "coordinates": [ [ [ -4.8845598, 12.1022042 ], [ -4.8839849, 12.1023688 ], [ -4.8838395, 12.1018835 ], [ -4.8844145, 12.1017189 ], [ -4.8845598, 12.1022042 ] ] ] } },
{ "type": "Feature", "properties": { "element": "way", "id": 791354259, "amenity": "hospital", "name": "cscom", "pcode": null, "source": null, "start_date": null, "type": null, "wheelchair": null, "who:code_csref": null, "who:distance": null, "who:nbre_village": null, "operator": null, "email": null, "name:en": null, "phone": null, "healthcare": "hospital", "addr:city": null, "addr:quarter": null, "addr:suburb": null, "handwashing": null, "handwashing:soap": null, "handwashing_number": null, "handwashing_station_distance": null, "handwashing_usability": null, "latrine_emptying_service": null, "note": null, "patient_female": null, "patient_male": null, "sanitation": null, "staff_count": null, "staff_count:doctors": null, "toilets:female": null, "toilets:num_chambers": null, "toilets:staff": null, "wash_maintenance": null, "wash_maintenance_frequency": null, "wash_management": null, "wash_ngo_support": null, "water_point": null, "water_point_improved": null, "water_point_location": null, "water_point_number": null, "water_point_type": null, "water_point_usability": null, "consent": null, "toilets:disposal": null, "wash_funding": null, "addr:street": null, "building:levels": null, "building:material": null, "roof:material": null, "sector": null, "healthcare:speciality": null, "health_facility:type": null, "opening_hours": null, "name:fr": null, "name:es": null, "dispensing": null, "electricity": null, "emergency": null, "insurance:health": null, "operator:type": null, "water_source": null, "alt_name": null, "supervised": null, "survey:date": null, "addr:postcode": null, "place": null, "addr:housenumber": null, "name:ar": null, "wikidata": null, "wikipedia": null, "fixme": null, "barrier": null, "landuse": null, "building": null, "addr:hamlet": null, "secteur": null, "health_amenity:type": null, "name:de": null, "operational_status": null, "ocha:type": null, "short_name": null, "name:ja": null, "name:zh": null, "indoor": "wall", "material": "concrete", "is_in:cercle": null }, "geometry": { "type": "Polygon", "coordinates": [ [ [ -11.7043082, 15.2733939 ], [ -11.7042787, 15.2735672 ], [ -11.7039183, 15.2735535 ], [ -11.7039113, 15.2734146 ], [ -11.7039153, 15.2732865 ], [ -11.7040119, 15.2732969 ], [ -11.7040856, 15.2733085 ], [ -11.7043082, 15.2733939 ] ] ] } },
{ "type": "Feature", "properties": { "element": "way", "id": 791360112, "amenity": "hospital", "name": "Soins Cabinet médical", "pcode": null, "source": null, "start_date": null, "type": null, "wheelchair": null, "who:code_csref": null, "who:distance": null, "who:nbre_village": null, "operator": null, "email": null, "name:en": null, "phone": null, "healthcare": "hospital", "addr:city": null, "addr:quarter": null, "addr:suburb": null, "handwashing": null, "handwashing:soap": null, "handwashing_number": null, "handwashing_station_distance": null, "handwashing_usability": null, "latrine_emptying_service": null, "note": null, "patient_female": null, "patient_male": null, "sanitation": null, "staff_count": null, "staff_count:doctors": null, "toilets:female": null, "toilets:num_chambers": null, "toilets:staff": null, "wash_maintenance": null, "wash_maintenance_frequency": null, "wash_management": null, "wash_ngo_support": null, "water_point": null, "water_point_improved": null, "water_point_location": null, "water_point_number": null, "water_point_type": null, "water_point_usability": null, "consent": null, "toilets:disposal": null, "wash_funding": null, "addr:street": null, "building:levels": null, "building:material": null, "roof:material": null, "sector": null, "healthcare:speciality": null, "health_facility:type": null, "opening_hours": "24/7", "name:fr": "Soins Cabinet médical", "name:es": null, "dispensing": null, "electricity": null, "emergency": null, "insurance:health": null, "operator:type": null, "water_source": null, "alt_name": null, "supervised": null, "survey:date": null, "addr:postcode": null, "place": null, "addr:housenumber": null, "name:ar": null, "wikidata": null, "wikipedia": null, "fixme": null, "barrier": null, "landuse": null, "building": null, "addr:hamlet": null, "secteur": null, "health_amenity:type": null, "name:de": null, "operational_status": null, "ocha:type": null, "short_name": null, "name:ja": null, "name:zh": null, "indoor": null, "material": null, "is_in:cercle": null }, "geometry": { "type": "Polygon", "coordinates": [ [ [ -7.6710283, 12.5899682 ], [ -7.6708819, 12.5900004 ], [ -7.6708752, 12.5899664 ], [ -7.67102, 12.5899323 ], [ -7.6710283, 12.5899682 ] ] ] } },
{ "type": "Feature", "properties": { "element": "way", "id": 791361120, "amenity": "hospital", "name": "Centre de sante de Boura", "pcode": null, "source": null, "start_date": null, "type": null, "wheelchair": null, "who:code_csref": null, "who:distance": null, "who:nbre_village": null, "operator": null, "email": null, "name:en": null, "phone": null, "healthcare": "hospital", "addr:city": null, "addr:quarter": null, "addr:suburb": null, "handwashing": null, "handwashing:soap": null, "handwashing_number": null, "handwashing_station_distance": null, "handwashing_usability": null, "latrine_emptying_service": null, "note": null, "patient_female": null, "patient_male": null, "sanitation": null, "staff_count": null, "staff_count:doctors": null, "toilets:female": null, "toilets:num_chambers": null, "toilets:staff": null, "wash_maintenance": null, "wash_maintenance_frequency": null, "wash_management": null, "wash_ngo_support": null, "water_point": null, "water_point_improved": null, "water_point_location": null, "water_point_number": null, "water_point_type": null, "water_point_usability": null, "consent": null, "toilets:disposal": null, "wash_funding": null, "addr:street": null, "building:levels": null, "building:material": null, "roof:material": null, "sector": null, "healthcare:speciality": null, "health_facility:type": null, "opening_hours": null, "name:fr": null, "name:es": null, "dispensing": null, "electricity": null, "emergency": null, "insurance:health": null, "operator:type": null, "water_source": null, "alt_name": null, "supervised": null, "survey:date": null, "addr:postcode": null, "place": null, "addr:housenumber": null, "name:ar": null, "wikidata": null, "wikipedia": null, "fixme": null, "barrier": null, "landuse": null, "building": null, "addr:hamlet": null, "secteur": null, "health_amenity:type": null, "name:de": null, "operational_status": null, "ocha:type": null, "short_name": null, "name:ja": null, "name:zh": null, "indoor": null, "material": null, "is_in:cercle": null }, "geometry": { "type": "Polygon", "coordinates": [ [ [ -4.5455217, 12.4124492 ], [ -4.5452348, 12.4125292 ], [ -4.5450917, 12.4119189 ], [ -4.5456022, 12.411764 ], [ -4.545675, 12.412071 ], [ -4.5455217, 12.4124492 ] ] ] } },
{ "type": "Feature", "properties": { "element": "way", "id": 810565642, "amenity": "hospital", "name": "KASD", "pcode": null, "source": null, "start_date": null, "type": null, "wheelchair": null, "who:code_csref": null, "who:distance": null, "who:nbre_village": null, "operator": "ASD", "email": null, "name:en": null, "phone": null, "healthcare": "hospital", "addr:city": null, "addr:quarter": null, "addr:suburb": null, "handwashing": null, "handwashing:soap": null, "handwashing_number": null, "handwashing_station_distance": null, "handwashing_usability": null, "latrine_emptying_service": null, "note": null, "patient_female": null, "patient_male": null, "sanitation": null, "staff_count": null, "staff_count:doctors": null, "toilets:female": null, "toilets:num_chambers": null, "toilets:staff": null, "wash_maintenance": null, "wash_maintenance_frequency": null, "wash_management": null, "wash_ngo_support": null, "water_point": null, "water_point_improved": null, "water_point_location": null, "water_point_number": null, "water_point_type": null, "water_point_usability": null, "consent": null, "toilets:disposal": null, "wash_funding": null, "addr:street": null, "building:levels": null, "building:material": null, "roof:material": null, "sector": null, "healthcare:speciality": null, "health_facility:type": null, "opening_hours": null, "name:fr": null, "name:es": null, "dispensing": null, "electricity": null, "emergency": null, "insurance:health": null, "operator:type": "public", "water_source": null, "alt_name": null, "supervised": null, "survey:date": null, "addr:postcode": null, "place": null, "addr:housenumber": null, "name:ar": null, "wikidata": null, "wikipedia": null, "fixme": null, "barrier": null, "landuse": null, "building": null, "addr:hamlet": null, "secteur": null, "health_amenity:type": null, "name:de": null, "operational_status": null, "ocha:type": null, "short_name": null, "name:ja": null, "name:zh": null, "indoor": null, "material": null, "is_in:cercle": null }, "geometry": { "type": "Polygon", "coordinates": [ [ [ -10.8779492, 15.0758168 ], [ -10.8778889, 15.0758654 ], [ -10.8778681, 15.0758413 ], [ -10.8778191, 15.0757844 ], [ -10.8778795, 15.0757359 ], [ -10.8779492, 15.0758168 ] ] ] } },
{ "type": "Feature", "properties": { "element": "way", "id": 810565652, "amenity": "hospital", "name": null, "pcode": null, "source": null, "start_date": null, "type": null, "wheelchair": null, "who:code_csref": null, "who:distance": null, "who:nbre_village": null, "operator": null, "email": null, "name:en": null, "phone": null, "healthcare": "hospital", "addr:city": null, "addr:quarter": null, "addr:suburb": null, "handwashing": null, "handwashing:soap": null, "handwashing_number": null, "handwashing_station_distance": null, "handwashing_usability": null, "latrine_emptying_service": null, "note": null, "patient_female": null, "patient_male": null, "sanitation": null, "staff_count": null, "staff_count:doctors": null, "toilets:female": null, "toilets:num_chambers": null, "toilets:staff": null, "wash_maintenance": null, "wash_maintenance_frequency": null, "wash_management": null, "wash_ngo_support": null, "water_point": null, "water_point_improved": null, "water_point_location": null, "water_point_number": null, "water_point_type": null, "water_point_usability": null, "consent": null, "toilets:disposal": null, "wash_funding": null, "addr:street": null, "building:levels": null, "building:material": null, "roof:material": null, "sector": null, "healthcare:speciality": null, "health_facility:type": null, "opening_hours": null, "name:fr": null, "name:es": null, "dispensing": null, "electricity": null, "emergency": null, "insurance:health": null, "operator:type": null, "water_source": null, "alt_name": null, "supervised": null, "survey:date": null, "addr:postcode": null, "place": null, "addr:housenumber": null, "name:ar": null, "wikidata": null, "wikipedia": null, "fixme": null, "barrier": null, "landuse": null, "building": null, "addr:hamlet": null, "secteur": null, "health_amenity:type": null, "name:de": null, "operational_status": null, "ocha:type": null, "short_name": null, "name:ja": null, "name:zh": null, "indoor": null, "material": null, "is_in:cercle": null }, "geometry": { "type": "Polygon", "coordinates": [ [ [ -10.8778944, 15.0764014 ], [ -10.8778669, 15.0764022 ], [ -10.8778654, 15.0763541 ], [ -10.8778929, 15.0763533 ], [ -10.8778944, 15.0764014 ] ] ] } },
{ "type": "Feature", "properties": { "element": "way", "id": 810565653, "amenity": "hospital", "name": null, "pcode": null, "source": null, "start_date": null, "type": null, "wheelchair": null, "who:code_csref": null, "who:distance": null, "who:nbre_village": null, "operator": null, "email": null, "name:en": null, "phone": null, "healthcare": "hospital", "addr:city": null, "addr:quarter": null, "addr:suburb": null, "handwashing": null, "handwashing:soap": null, "handwashing_number": null, "handwashing_station_distance": null, "handwashing_usability": null, "latrine_emptying_service": null, "note": null, "patient_female": null, "patient_male": null, "sanitation": null, "staff_count": null, "staff_count:doctors": null, "toilets:female": null, "toilets:num_chambers": null, "toilets:staff": null, "wash_maintenance": null, "wash_maintenance_frequency": null, "wash_management": null, "wash_ngo_support": null, "water_point": null, "water_point_improved": null, "water_point_location": null, "water_point_number": null, "water_point_type": null, "water_point_usability": null, "consent": null, "toilets:disposal": null, "wash_funding": null, "addr:street": null, "building:levels": null, "building:material": null, "roof:material": null, "sector": null, "healthcare:speciality": null, "health_facility:type": null, "opening_hours": null, "name:fr": null, "name:es": null, "dispensing": null, "electricity": null, "emergency": null, "insurance:health": null, "operator:type": null, "water_source": null, "alt_name": null, "supervised": null, "survey:date": null, "addr:postcode": null, "place": null, "addr:housenumber": null, "name:ar": null, "wikidata": null, "wikipedia": null, "fixme": null, "barrier": null, "landuse": null, "building": null, "addr:hamlet": null, "secteur": null, "health_amenity:type": null, "name:de": null, "operational_status": null, "ocha:type": null, "short_name": null, "name:ja": null, "name:zh": null, "indoor": null, "material": null, "is_in:cercle": null }, "geometry": { "type": "Polygon", "coordinates": [ [ [ -10.8782082, 15.0756239 ], [ -10.8781772, 15.0755775 ], [ -10.8781535, 15.0755922 ], [ -10.878139, 15.0755704 ], [ -10.8781946, 15.0755359 ], [ -10.8781589, 15.0754824 ], [ -10.8780935, 15.0755231 ], [ -10.8780207, 15.0754138 ], [ -10.8779566, 15.0754537 ], [ -10.8780389, 15.075577 ], [ -10.8780638, 15.0755615 ], [ -10.8781355, 15.0756691 ], [ -10.8782082, 15.0756239 ] ] ] } },
{ "type": "Feature", "properties": { "element": "way", "id": 816833522, "amenity": "hospital", "name": "Dispensary", "pcode": null, "source": null, "start_date": null, "type": null, "wheelchair": null, "who:code_csref": null, "who:distance": null, "who:nbre_village": null, "operator": null, "email": null, "name:en": null, "phone": null, "healthcare": "yes", "addr:city": null, "addr:quarter": null, "addr:suburb": null, "handwashing": null, "handwashing:soap": null, "handwashing_number": null, "handwashing_station_distance": null, "handwashing_usability": null, "latrine_emptying_service": null, "note": null, "patient_female": null, "patient_male": null, "sanitation": null, "staff_count": null, "staff_count:doctors": null, "toilets:female": null, "toilets:num_chambers": null, "toilets:staff": null, "wash_maintenance": null, "wash_maintenance_frequency": null, "wash_management": null, "wash_ngo_support": null, "water_point": null, "water_point_improved": null, "water_point_location": null, "water_point_number": null, "water_point_type": null, "water_point_usability": null, "consent": null, "toilets:disposal": null, "wash_funding": null, "addr:street": null, "building:levels": null, "building:material": null, "roof:material": null, "sector": null, "healthcare:speciality": null, "health_facility:type": null, "opening_hours": null, "name:fr": null, "name:es": null, "dispensing": null, "electricity": null, "emergency": null, "insurance:health": null, "operator:type": null, "water_source": null, "alt_name": null, "supervised": null, "survey:date": null, "addr:postcode": null, "place": null, "addr:housenumber": null, "name:ar": null, "wikidata": null, "wikipedia": null, "fixme": null, "barrier": null, "landuse": null, "building": null, "addr:hamlet": null, "secteur": null, "health_amenity:type": null, "name:de": null, "operational_status": null, "ocha:type": null, "short_name": null, "name:ja": null, "name:zh": null, "indoor": null, "material": null, "is_in:cercle": null }, "geometry": { "type": "Polygon", "coordinates": [ [ [ -3.0555459, 14.3116227 ], [ -3.0551793, 14.3117336 ], [ -3.0548197, 14.3118218 ], [ -3.0547333, 14.3114915 ], [ -3.0554198, 14.3112878 ], [ -3.0555459, 14.3116227 ] ] ] } },
{ "type": "Feature", "properties": { "element": "way", "id": 827694104, "amenity": "hospital", "name": "Centre de Santé de Référence de Kita SCFR", "pcode": null, "source": null, "start_date": null, "type": null, "wheelchair": null, "who:code_csref": null, "who:distance": null, "who:nbre_village": null, "operator": "Public", "email": null, "name:en": null, "phone": null, "healthcare": "hospital", "addr:city": null, "addr:quarter": null, "addr:suburb": null, "handwashing": null, "handwashing:soap": null, "handwashing_number": null, "handwashing_station_distance": null, "handwashing_usability": null, "latrine_emptying_service": null, "note": null, "patient_female": null, "patient_male": null, "sanitation": null, "staff_count": null, "staff_count:doctors": null, "toilets:female": null, "toilets:num_chambers": null, "toilets:staff": null, "wash_maintenance": null, "wash_maintenance_frequency": null, "wash_management": null, "wash_ngo_support": null, "water_point": null, "water_point_improved": null, "water_point_location": null, "water_point_number": null, "water_point_type": null, "water_point_usability": null, "consent": null, "toilets:disposal": null, "wash_funding": null, "addr:street": null, "building:levels": null, "building:material": null, "roof:material": null, "sector": null, "healthcare:speciality": null, "health_facility:type": null, "opening_hours": null, "name:fr": null, "name:es": null, "dispensing": null, "electricity": null, "emergency": null, "insurance:health": null, "operator:type": null, "water_source": null, "alt_name": null, "supervised": null, "survey:date": null, "addr:postcode": null, "place": null, "addr:housenumber": null, "name:ar": null, "wikidata": null, "wikipedia": null, "fixme": null, "barrier": null, "landuse": null, "building": null, "addr:hamlet": null, "secteur": null, "health_amenity:type": null, "name:de": null, "operational_status": null, "ocha:type": null, "short_name": null, "name:ja": null, "name:zh": null, "indoor": null, "material": null, "is_in:cercle": null }, "geometry": { "type": "Polygon", "coordinates": [ [ [ -9.4865435, 13.0226138 ], [ -9.4846514, 13.0225975 ], [ -9.4844011, 13.0217082 ], [ -9.485195, 13.0215476 ], [ -9.4859031, 13.0214307 ], [ -9.486288, 13.0213621 ], [ -9.4865435, 13.0226138 ] ] ] } },
{ "type": "Feature", "properties": { "element": "way", "id": 829992687, "amenity": "hospital", "name": null, "pcode": null, "source": null, "start_date": null, "type": null, "wheelchair": null, "who:code_csref": null, "who:distance": null, "who:nbre_village": null, "operator": null, "email": null, "name:en": null, "phone": null, "healthcare": null, "addr:city": "Bamako", "addr:quarter": "Niamakoro", "addr:suburb": "Commune VI", "handwashing": null, "handwashing:soap": null, "handwashing_number": null, "handwashing_station_distance": null, "handwashing_usability": null, "latrine_emptying_service": null, "note": null, "patient_female": null, "patient_male": null, "sanitation": null, "staff_count": null, "staff_count:doctors": null, "toilets:female": null, "toilets:num_chambers": null, "toilets:staff": null, "wash_maintenance": null, "wash_maintenance_frequency": null, "wash_management": null, "wash_ngo_support": null, "water_point": null, "water_point_improved": null, "water_point_location": null, "water_point_number": null, "water_point_type": null, "water_point_usability": null, "consent": null, "toilets:disposal": null, "wash_funding": null, "addr:street": "Rue cite", "building:levels": "1", "building:material": "cement_block", "roof:material": "concrete", "sector": null, "healthcare:speciality": null, "health_facility:type": null, "opening_hours": null, "name:fr": null, "name:es": null, "dispensing": null, "electricity": null, "emergency": null, "insurance:health": null, "operator:type": null, "water_source": null, "alt_name": null, "supervised": null, "survey:date": null, "addr:postcode": null, "place": null, "addr:housenumber": null, "name:ar": null, "wikidata": null, "wikipedia": null, "fixme": null, "barrier": null, "landuse": null, "building": "yes", "addr:hamlet": null, "secteur": null, "health_amenity:type": null, "name:de": null, "operational_status": null, "ocha:type": null, "short_name": null, "name:ja": null, "name:zh": null, "indoor": null, "material": null, "is_in:cercle": null }, "geometry": { "type": "Polygon", "coordinates": [ [ [ -7.9740728, 12.5890835 ], [ -7.9740679, 12.5889732 ], [ -7.9741211, 12.5889717 ], [ -7.9741227, 12.5890004 ], [ -7.9741362, 12.5890002 ], [ -7.9741401, 12.5890807 ], [ -7.9740728, 12.5890835 ] ] ] } },
{ "type": "Feature", "properties": { "element": "way", "id": 830014938, "amenity": "hospital", "name": "Asaconia", "pcode": null, "source": null, "start_date": null, "type": null, "wheelchair": null, "who:code_csref": null, "who:distance": null, "who:nbre_village": null, "operator": null, "email": null, "name:en": null, "phone": null, "healthcare": null, "addr:city": "Bamako", "addr:quarter": "Niamakoro", "addr:suburb": null, "handwashing": null, "handwashing:soap": null, "handwashing_number": null, "handwashing_station_distance": null, "handwashing_usability": null, "latrine_emptying_service": null, "note": null, "patient_female": null, "patient_male": null, "sanitation": null, "staff_count": null, "staff_count:doctors": null, "toilets:female": null, "toilets:num_chambers": null, "toilets:staff": null, "wash_maintenance": null, "wash_maintenance_frequency": null, "wash_management": null, "wash_ngo_support": null, "water_point": null, "water_point_improved": null, "water_point_location": null, "water_point_number": null, "water_point_type": null, "water_point_usability": null, "consent": null, "toilets:disposal": null, "wash_funding": null, "addr:street": null, "building:levels": "1", "building:material": "Brique (Materiel de construction composés d'unité individuelles,géneralement faites d'argile cuite avec un materiau organique melange . Les briques sont rempiles en ranges ordonnées pour former des murs. Souv", "roof:material": "Béton", "sector": null, "healthcare:speciality": null, "health_facility:type": null, "opening_hours": null, "name:fr": null, "name:es": null, "dispensing": null, "electricity": null, "emergency": null, "insurance:health": null, "operator:type": null, "water_source": null, "alt_name": null, "supervised": null, "survey:date": null, "addr:postcode": null, "place": null, "addr:housenumber": null, "name:ar": null, "wikidata": null, "wikipedia": null, "fixme": null, "barrier": null, "landuse": null, "building": "yes", "addr:hamlet": "Commune VI", "secteur": "1", "health_amenity:type": null, "name:de": null, "operational_status": null, "ocha:type": null, "short_name": null, "name:ja": null, "name:zh": null, "indoor": null, "material": null, "is_in:cercle": null }, "geometry": { "type": "Polygon", "coordinates": [ [ [ -7.9771907, 12.5874137 ], [ -7.9771887, 12.5875081 ], [ -7.9769754, 12.5875042 ], [ -7.9769737, 12.5874098 ], [ -7.9771907, 12.5874137 ] ] ] } },
{ "type": "Feature", "properties": { "element": "way", "id": 845437573, "amenity": "hospital", "name": null, "pcode": null, "source": null, "start_date": null, "type": null, "wheelchair": null, "who:code_csref": null, "who:distance": null, "who:nbre_village": null, "operator": null, "email": null, "name:en": null, "phone": null, "healthcare": null, "addr:city": "Bamako", "addr:quarter": "Daoudabougou", "addr:suburb": "Commune V", "handwashing": null, "handwashing:soap": null, "handwashing_number": null, "handwashing_station_distance": null, "handwashing_usability": null, "latrine_emptying_service": null, "note": null, "patient_female": null, "patient_male": null, "sanitation": null, "staff_count": null, "staff_count:doctors": null, "toilets:female": null, "toilets:num_chambers": null, "toilets:staff": null, "wash_maintenance": null, "wash_maintenance_frequency": null, "wash_management": null, "wash_ngo_support": null, "water_point": null, "water_point_improved": null, "water_point_location": null, "water_point_number": null, "water_point_type": null, "water_point_usability": null, "consent": null, "toilets:disposal": null, "wash_funding": null, "addr:street": null, "building:levels": "2", "building:material": "cement_block", "roof:material": "concrete", "sector": "5", "healthcare:speciality": null, "health_facility:type": null, "opening_hours": null, "name:fr": null, "name:es": null, "dispensing": null, "electricity": null, "emergency": null, "insurance:health": null, "operator:type": null, "water_source": null, "alt_name": null, "supervised": null, "survey:date": null, "addr:postcode": null, "place": null, "addr:housenumber": null, "name:ar": null, "wikidata": null, "wikipedia": null, "fixme": null, "barrier": null, "landuse": null, "building": "yes", "addr:hamlet": null, "secteur": null, "health_amenity:type": null, "name:de": null, "operational_status": null, "ocha:type": null, "short_name": null, "name:ja": null, "name:zh": null, "indoor": null, "material": null, "is_in:cercle": null }, "geometry": { "type": "Polygon", "coordinates": [ [ [ -7.9784607, 12.600684 ], [ -7.9784383, 12.6006867 ], [ -7.9784373, 12.6006566 ], [ -7.9784614, 12.6006562 ], [ -7.9784607, 12.600684 ] ] ] } },
{ "type": "Feature", "properties": { "element": "way", "id": 873211459, "amenity": "hospital", "name": null, "pcode": null, "source": null, "start_date": null, "type": null, "wheelchair": null, "who:code_csref": null, "who:distance": null, "who:nbre_village": null, "operator": null, "email": null, "name:en": null, "phone": null, "healthcare": "hospital", "addr:city": null, "addr:quarter": null, "addr:suburb": null, "handwashing": null, "handwashing:soap": null, "handwashing_number": null, "handwashing_station_distance": null, "handwashing_usability": null, "latrine_emptying_service": null, "note": null, "patient_female": null, "patient_male": null, "sanitation": null, "staff_count": null, "staff_count:doctors": null, "toilets:female": null, "toilets:num_chambers": null, "toilets:staff": null, "wash_maintenance": null, "wash_maintenance_frequency": null, "wash_management": null, "wash_ngo_support": null, "water_point": null, "water_point_improved": null, "water_point_location": null, "water_point_number": null, "water_point_type": null, "water_point_usability": null, "consent": null, "toilets:disposal": null, "wash_funding": null, "addr:street": null, "building:levels": null, "building:material": null, "roof:material": null, "sector": null, "healthcare:speciality": null, "health_facility:type": null, "opening_hours": null, "name:fr": null, "name:es": null, "dispensing": null, "electricity": null, "emergency": null, "insurance:health": null, "operator:type": null, "water_source": null, "alt_name": null, "supervised": null, "survey:date": null, "addr:postcode": null, "place": null, "addr:housenumber": null, "name:ar": null, "wikidata": null, "wikipedia": null, "fixme": null, "barrier": null, "landuse": null, "building": null, "addr:hamlet": null, "secteur": null, "health_amenity:type": null, "name:de": null, "operational_status": null, "ocha:type": null, "short_name": null, "name:ja": null, "name:zh": null, "indoor": null, "material": null, "is_in:cercle": null }, "geometry": { "type": "Polygon", "coordinates": [ [ [ -7.9832961, 12.6169676 ], [ -7.9834411, 12.6169775 ], [ -7.9834281, 12.6171884 ], [ -7.9832845, 12.6171819 ], [ -7.9832961, 12.6169676 ] ] ] } },
{ "type": "Feature", "properties": { "element": "way", "id": 900285049, "amenity": "hospital", "name": "Centre de Santé Communitaire", "pcode": null, "source": null, "start_date": null, "type": null, "wheelchair": null, "who:code_csref": null, "who:distance": null, "who:nbre_village": null, "operator": null, "email": null, "name:en": null, "phone": null, "healthcare": "hospital", "addr:city": null, "addr:quarter": null, "addr:suburb": null, "handwashing": null, "handwashing:soap": null, "handwashing_number": null, "handwashing_station_distance": null, "handwashing_usability": null, "latrine_emptying_service": null, "note": null, "patient_female": null, "patient_male": null, "sanitation": null, "staff_count": null, "staff_count:doctors": null, "toilets:female": null, "toilets:num_chambers": null, "toilets:staff": null, "wash_maintenance": null, "wash_maintenance_frequency": null, "wash_management": null, "wash_ngo_support": null, "water_point": null, "water_point_improved": null, "water_point_location": null, "water_point_number": null, "water_point_type": null, "water_point_usability": null, "consent": null, "toilets:disposal": null, "wash_funding": null, "addr:street": null, "building:levels": null, "building:material": null, "roof:material": null, "sector": null, "healthcare:speciality": null, "health_facility:type": null, "opening_hours": null, "name:fr": null, "name:es": null, "dispensing": null, "electricity": null, "emergency": null, "insurance:health": null, "operator:type": null, "water_source": null, "alt_name": null, "supervised": null, "survey:date": null, "addr:postcode": null, "place": null, "addr:housenumber": null, "name:ar": null, "wikidata": null, "wikipedia": null, "fixme": null, "barrier": null, "landuse": null, "building": null, "addr:hamlet": null, "secteur": null, "health_amenity:type": null, "name:de": null, "operational_status": null, "ocha:type": null, "short_name": null, "name:ja": null, "name:zh": null, "indoor": null, "material": null, "is_in:cercle": null }, "geometry": { "type": "Polygon", "coordinates": [ [ [ -5.5398511, 13.0966164 ], [ -5.5393173, 13.0967089 ], [ -5.539464, 13.0974103 ], [ -5.5399177, 13.0973376 ], [ -5.5398511, 13.0966164 ] ] ] } },
{ "type": "Feature", "properties": { "element": "way", "id": 917787639, "amenity": "hospital", "name": "Hopital Somine Dolo Sevaré", "pcode": null, "source": null, "start_date": null, "type": null, "wheelchair": null, "who:code_csref": null, "who:distance": null, "who:nbre_village": null, "operator": null, "email": null, "name:en": "Somine Dolo Hospital Sevare", "phone": null, "healthcare": "hospital", "addr:city": null, "addr:quarter": null, "addr:suburb": null, "handwashing": null, "handwashing:soap": null, "handwashing_number": null, "handwashing_station_distance": null, "handwashing_usability": null, "latrine_emptying_service": null, "note": null, "patient_female": null, "patient_male": null, "sanitation": null, "staff_count": null, "staff_count:doctors": null, "toilets:female": null, "toilets:num_chambers": null, "toilets:staff": null, "wash_maintenance": null, "wash_maintenance_frequency": null, "wash_management": null, "wash_ngo_support": null, "water_point": null, "water_point_improved": null, "water_point_location": null, "water_point_number": null, "water_point_type": null, "water_point_usability": null, "consent": null, "toilets:disposal": null, "wash_funding": null, "addr:street": null, "building:levels": null, "building:material": null, "roof:material": null, "sector": null, "healthcare:speciality": null, "health_facility:type": null, "opening_hours": null, "name:fr": null, "name:es": null, "dispensing": null, "electricity": null, "emergency": null, "insurance:health": null, "operator:type": null, "water_source": null, "alt_name": null, "supervised": null, "survey:date": null, "addr:postcode": null, "place": null, "addr:housenumber": null, "name:ar": null, "wikidata": null, "wikipedia": null, "fixme": null, "barrier": null, "landuse": null, "building": null, "addr:hamlet": null, "secteur": null, "health_amenity:type": null, "name:de": null, "operational_status": null, "ocha:type": null, "short_name": null, "name:ja": null, "name:zh": null, "indoor": null, "material": null, "is_in:cercle": null }, "geometry": { "type": "Polygon", "coordinates": [ [ [ -4.0834555, 14.5421047 ], [ -4.0848075, 14.5421425 ], [ -4.0848075, 14.5420858 ], [ -4.0849937, 14.5420874 ], [ -4.0850347, 14.5420877 ], [ -4.0852111, 14.5417803 ], [ -4.0852232, 14.541458 ], [ -4.0853637, 14.5414939 ], [ -4.0853933, 14.5412394 ], [ -4.0856454, 14.5412342 ], [ -4.0856534, 14.5403775 ], [ -4.0852788, 14.5402115 ], [ -4.0844489, 14.5398826 ], [ -4.0841148, 14.5397361 ], [ -4.0840313, 14.5398826 ], [ -4.0839719, 14.5399724 ], [ -4.0839228, 14.5400664 ], [ -4.0839261, 14.5401088 ], [ -4.0837037, 14.5404941 ], [ -4.0836259, 14.5405769 ], [ -4.083336, 14.5410837 ], [ -4.0832341, 14.5413017 ], [ -4.0831291, 14.5414061 ], [ -4.0828824, 14.5418627 ], [ -4.0834555, 14.5421047 ] ] ] } },
{ "type": "Feature", "properties": { "element": "way", "id": 1099456139, "amenity": "hospital", "name": "Hôpital Régional de Sikasso", "pcode": null, "source": null, "start_date": null, "type": null, "wheelchair": null, "who:code_csref": null, "who:distance": null, "who:nbre_village": null, "operator": null, "email": null, "name:en": null, "phone": null, "healthcare": "hospital", "addr:city": null, "addr:quarter": null, "addr:suburb": null, "handwashing": null, "handwashing:soap": null, "handwashing_number": null, "handwashing_station_distance": null, "handwashing_usability": null, "latrine_emptying_service": null, "note": null, "patient_female": null, "patient_male": null, "sanitation": null, "staff_count": null, "staff_count:doctors": null, "toilets:female": null, "toilets:num_chambers": null, "toilets:staff": null, "wash_maintenance": null, "wash_maintenance_frequency": null, "wash_management": null, "wash_ngo_support": null, "water_point": null, "water_point_improved": null, "water_point_location": null, "water_point_number": null, "water_point_type": null, "water_point_usability": null, "consent": null, "toilets:disposal": null, "wash_funding": null, "addr:street": null, "building:levels": null, "building:material": null, "roof:material": null, "sector": null, "healthcare:speciality": "gynaecology;paediatrics;surgery", "health_facility:type": null, "opening_hours": null, "name:fr": null, "name:es": null, "dispensing": null, "electricity": null, "emergency": null, "insurance:health": null, "operator:type": null, "water_source": null, "alt_name": null, "supervised": null, "survey:date": null, "addr:postcode": null, "place": null, "addr:housenumber": null, "name:ar": null, "wikidata": null, "wikipedia": null, "fixme": null, "barrier": null, "landuse": null, "building": null, "addr:hamlet": null, "secteur": null, "health_amenity:type": null, "name:de": null, "operational_status": null, "ocha:type": null, "short_name": null, "name:ja": null, "name:zh": null, "indoor": null, "material": null, "is_in:cercle": null }, "geometry": { "type": "Polygon", "coordinates": [ [ [ -5.6858472, 11.3063236 ], [ -5.6867672, 11.3062447 ], [ -5.6869872, 11.3052558 ], [ -5.6869711, 11.3052137 ], [ -5.6856112, 11.3053531 ], [ -5.6855096, 11.3045693 ], [ -5.6837378, 11.3047113 ], [ -5.6840301, 11.3076808 ], [ -5.6851942, 11.3075756 ], [ -5.6851835, 11.3075282 ], [ -5.6854812, 11.3074967 ], [ -5.6854946, 11.3075414 ], [ -5.6859694, 11.3074941 ], [ -5.6858472, 11.3063236 ] ] ] } },
{ "type": "Feature", "properties": { "element": "way", "id": 1188973728, "amenity": "hospital", "name": null, "pcode": null, "source": null, "start_date": null, "type": null, "wheelchair": null, "who:code_csref": null, "who:distance": null, "who:nbre_village": null, "operator": null, "email": null, "name:en": null, "phone": null, "healthcare": "hospital", "addr:city": null, "addr:quarter": null, "addr:suburb": null, "handwashing": null, "handwashing:soap": null, "handwashing_number": null, "handwashing_station_distance": null, "handwashing_usability": null, "latrine_emptying_service": null, "note": null, "patient_female": null, "patient_male": null, "sanitation": null, "staff_count": null, "staff_count:doctors": null, "toilets:female": null, "toilets:num_chambers": null, "toilets:staff": null, "wash_maintenance": null, "wash_maintenance_frequency": null, "wash_management": null, "wash_ngo_support": null, "water_point": null, "water_point_improved": null, "water_point_location": null, "water_point_number": null, "water_point_type": null, "water_point_usability": null, "consent": null, "toilets:disposal": null, "wash_funding": null, "addr:street": null, "building:levels": null, "building:material": null, "roof:material": null, "sector": null, "healthcare:speciality": null, "health_facility:type": null, "opening_hours": null, "name:fr": null, "name:es": null, "dispensing": null, "electricity": null, "emergency": null, "insurance:health": null, "operator:type": null, "water_source": null, "alt_name": null, "supervised": null, "survey:date": null, "addr:postcode": null, "place": null, "addr:housenumber": null, "name:ar": null, "wikidata": null, "wikipedia": null, "fixme": null, "barrier": null, "landuse": null, "building": null, "addr:hamlet": null, "secteur": null, "health_amenity:type": null, "name:de": null, "operational_status": null, "ocha:type": null, "short_name": null, "name:ja": null, "name:zh": null, "indoor": null, "material": null, "is_in:cercle": null }, "geometry": { "type": "Polygon", "coordinates": [ [ [ -6.8771523, 11.0792394 ], [ -6.8759721, 11.0785234 ], [ -6.876581, 11.0778127 ], [ -6.8777075, 11.0785313 ], [ -6.8771523, 11.0792394 ] ] ] } },
{ "type": "Feature", "properties": { "element": "way", "id": 1222695659, "amenity": "hospital", "name": "Hôpital Mgr Jean Gabriel Diarra", "pcode": null, "source": null, "start_date": null, "type": null, "wheelchair": null, "who:code_csref": null, "who:distance": null, "who:nbre_village": null, "operator": null, "email": null, "name:en": null, "phone": null, "healthcare": "hospital", "addr:city": null, "addr:quarter": null, "addr:suburb": null, "handwashing": null, "handwashing:soap": null, "handwashing_number": null, "handwashing_station_distance": null, "handwashing_usability": null, "latrine_emptying_service": null, "note": null, "patient_female": null, "patient_male": null, "sanitation": null, "staff_count": null, "staff_count:doctors": null, "toilets:female": null, "toilets:num_chambers": null, "toilets:staff": null, "wash_maintenance": null, "wash_maintenance_frequency": null, "wash_management": null, "wash_ngo_support": null, "water_point": null, "water_point_improved": null, "water_point_location": null, "water_point_number": null, "water_point_type": null, "water_point_usability": null, "consent": null, "toilets:disposal": null, "wash_funding": null, "addr:street": null, "building:levels": null, "building:material": null, "roof:material": null, "sector": null, "healthcare:speciality": null, "health_facility:type": null, "opening_hours": null, "name:fr": null, "name:es": null, "dispensing": null, "electricity": null, "emergency": null, "insurance:health": null, "operator:type": null, "water_source": null, "alt_name": null, "supervised": null, "survey:date": null, "addr:postcode": null, "place": null, "addr:housenumber": null, "name:ar": null, "wikidata": null, "wikipedia": null, "fixme": null, "barrier": null, "landuse": null, "building": null, "addr:hamlet": null, "secteur": null, "health_amenity:type": null, "name:de": null, "operational_status": null, "ocha:type": null, "short_name": null, "name:ja": null, "name:zh": null, "indoor": null, "material": null, "is_in:cercle": null }, "geometry": { "type": "Polygon", "coordinates": [ [ [ -4.8986347, 13.2620454 ], [ -4.8954344, 13.2622387 ], [ -4.8961517, 13.2638821 ], [ -4.8989768, 13.2627972 ], [ -4.8986347, 13.2620454 ] ] ] } },
{ "type": "Feature", "properties": { "element": "way", "id": 1518644196, "amenity": "hospital", "name": "Centre de Santé de Référence de Nara", "pcode": "ML02R08C000", "source": "OMS Survey", "start_date": "1-Jan-1991", "type": null, "wheelchair": null, "who:code_csref": "ML02R08", "who:distance": "375", "who:nbre_village": "0", "operator": null, "email": null, "name:en": null, "phone": null, "healthcare": "hospital", "addr:city": null, "addr:quarter": null, "addr:suburb": null, "handwashing": null, "handwashing:soap": null, "handwashing_number": null, "handwashing_station_distance": null, "handwashing_usability": null, "latrine_emptying_service": null, "note": null, "patient_female": null, "patient_male": null, "sanitation": null, "staff_count": null, "staff_count:doctors": null, "toilets:female": null, "toilets:num_chambers": null, "toilets:staff": null, "wash_maintenance": null, "wash_maintenance_frequency": null, "wash_management": null, "wash_ngo_support": null, "water_point": null, "water_point_improved": null, "water_point_location": null, "water_point_number": null, "water_point_type": null, "water_point_usability": null, "consent": null, "toilets:disposal": null, "wash_funding": null, "addr:street": null, "building:levels": null, "building:material": null, "roof:material": null, "sector": null, "healthcare:speciality": null, "health_facility:type": "CSRef", "opening_hours": null, "name:fr": null, "name:es": null, "dispensing": null, "electricity": null, "emergency": null, "insurance:health": null, "operator:type": null, "water_source": null, "alt_name": null, "supervised": null, "survey:date": null, "addr:postcode": null, "place": null, "addr:housenumber": null, "name:ar": null, "wikidata": null, "wikipedia": null, "fixme": null, "barrier": null, "landuse": null, "building": null, "addr:hamlet": null, "secteur": null, "health_amenity:type": null, "name:de": null, "operational_status": null, "ocha:type": null, "short_name": null, "name:ja": null, "name:zh": null, "indoor": null, "material": null, "is_in:cercle": null }, "geometry": { "type": "Polygon", "coordinates": [ [ [ -7.2979964, 15.1618505 ], [ -7.296311, 15.1604567 ], [ -7.295006, 15.1619321 ], [ -7.2950231, 15.1623985 ], [ -7.295996, 15.1627458 ], [ -7.2968156, 15.1626718 ], [ -7.2970455, 15.1628731 ], [ -7.2979964, 15.1618505 ] ] ] } }
]
}
