{
"type": "FeatureCollection",
"name": "niger_hospitals",
"crs": { "type": "name", "properties": { "name": "urn:ogc:def:crs:OGC:1.3:CRS84" } },
"features": [
{ "type": "Feature", "properties": { "element": "node", "id": 2425327794, "amenity": "hospital", "name": "Centre Hospitalier Régional de Dosso", "project:mappingforniger": "yes", "source": "servey", "addr:city": null, "addr:street": null, "email": null, "emergency": null, "healthcare": null, "healthcare:speciality": null, "operator": null, "iso3": null, "contact:email": null, "projet:mappingforniger": null, "barrier": null, "wheelchair": null, "description:fr": null, "shop": null, "website": null, "description": null, "operator:type": null, "landuse": null, "name:en": null, "building": null, "alt_name": null, "project:pdevii": null, "survey:date": null, "wikidata": null, "addr:country": null, "name:ar": null, "name:fr": null, "opening_hours": null, "phone": null, "short_name": null, "fence_type": null, "height": null, "name:es": null, "name:pt": null, "fee": null, "check_date": null, "internet_access": null, "payment:cash": null, "wikipedia": null, "layer": null, "payment:cards": null, "payment:credit_cards": null, "payment:debit_cards": null, "access": null, "name:ha": null, "fixme": null }, "geometry": { "type": "Point", "coordinates": [ 3.2003374, 13.0469477 ] } },
{ "type": "Feature", "properties": { "element": "node", "id": 2724924473, "amenity": "hospital", "name": "Maternité Boukoki", "project:mappingforniger": null, "source": null, "addr:city": null, "addr:street": null, "email": null, "emergency": null, "healthcare": "yes", "healthcare:speciality": null, "operator": null, "iso3": null, "contact:email": null, "projet:mappingforniger": null, "barrier": "wall", "wheelchair": "yes", "description:fr": null, "shop": null, "website": null, "description": null, "operator:type": null, "landuse": null, "name:en": null, "building": null, "alt_name": null, "project:pdevii": null, "survey:date": null, "wikidata": null, "addr:country": null, "name:ar": null, "name:fr": null, "opening_hours": null, "phone": null, "short_name": null, "fence_type": null, "height": null, "name:es": null, "name:pt": null, "fee": null, "check_date": null, "internet_access": null, "payment:cash": null, "wikipedia": null, "layer": null, "payment:cards": null, "payment:credit_cards": null, "payment:debit_cards": null, "access": null, "name:ha": null, "fixme": null }, "geometry": { "type": "Point", "coordinates": [ 2.1195422, 13.5339247 ] } },
{ "type": "Feature", "properties": { "element": "node", "id": 3091098183, "amenity": "hospital", "name": "Centre Hospitalier de Magaria", "project:mappingforniger": null, "source": "survey", "addr:city": null, "addr:street": null, "email": null, "emergency": null, "healthcare": "hospital", "healthcare:speciality": null, "operator": null, "iso3": null, "contact:email": "alidoukam@gmail.com", "projet:mappingforniger": "yes", "barrier": null, "wheelchair": null, "description:fr": null, "shop": null, "website": null, "description": null, "operator:type": null, "landuse": null, "name:en": null, "building": null, "alt_name": null, "project:pdevii": null, "survey:date": null, "wikidata": null, "addr:country": null, "name:ar": null, "name:fr": null, "opening_hours": null, "phone": null, "short_name": null, "fence_type": null, "height": null, "name:es": null, "name:pt": null, "fee": null, "check_date": null, "internet_access": null, "payment:cash": null, "wikipedia": null, "layer": null, "payment:cards": null, "payment:credit_cards": null, "payment:debit_cards": null, "access": null, "name:ha": null, "fixme": null }, "geometry": { "type": "Point", "coordinates": [ 8.9106039, 12.9962137 ] } },
{ "type": "Feature", "properties": { "element": "node", "id": 4462355156, "amenity": "hospital", "name": "CSI Nayi Lawan", "project:mappingforniger": null, "source": null, "addr:city": null, "addr:street": null, "email": null, "emergency": null, "healthcare": null, "healthcare:speciality": null, "operator": null, "iso3": null, "contact:email": null, "projet:mappingforniger": null, "barrier": null, "wheelchair": null, "description:fr": null, "shop": null, "website": null, "description": null, "operator:type": null, "landuse": null, "name:en": null, "building": null, "alt_name": null, "project:pdevii": null, "survey:date": null, "wikidata": null, "addr:country": null, "name:ar": null, "name:fr": null, "opening_hours": null, "phone": null, "short_name": null, "fence_type": null, "height": null, "name:es": null, "name:pt": null, "fee": null, "check_date": null, "internet_access": null, "payment:cash": null, "wikipedia": null, "layer": null, "payment:cards": null, "payment:credit_cards": null, "payment:debit_cards": null, "access": null, "name:ha": null, "fixme": null }, "geometry": { "type": "Point", "coordinates": [ 11.9748638, 13.3854499 ] } },
{ "type": "Feature", "properties": { "element": "node", "id": 4618858184, "amenity": "hospital", "name": null, "project:mappingforniger": null, "source": null, "addr:city": null, "addr:street": null, "email": null, "emergency": null, "healthcare": null, "healthcare:speciality": null, "operator": null, "iso3": null, "contact:email": null, "projet:mappingforniger": null, "barrier": null, "wheelchair": null, "description:fr": null, "shop": null, "website": null, "description": null, "operator:type": null, "landuse": null, "name:en": null, "building": null, "alt_name": null, "project:pdevii": null, "survey:date": null, "wikidata": null, "addr:country": null, "name:ar": null, "name:fr": null, "opening_hours": null, "phone": null, "short_name": null, "fence_type": null, "height": null, "name:es": null, "name:pt": null, "fee": null, "check_date": null, "internet_access": null, "payment:cash": null, "wikipedia": null, "layer": null, "payment:cards": null, "payment:credit_cards": null, "payment:debit_cards": null, "access": null, "name:ha": null, "fixme": null }, "geometry": { "type": "Point", "coordinates": [ 12.0240235, 13.2152795 ] } },
{ "type": "Feature", "properties": { "element": "node", "id": 5158937121, "amenity": "hospital", "name": "CSI Boudouri", "project:mappingforniger": null, "source": null, "addr:city": null, "addr:street": null, "email": null, "emergency": null, "healthcare": null, "healthcare:speciality": null, "operator": null, "iso3": null, "contact:email": null, "projet:mappingforniger": null, "barrier": null, "wheelchair": null, "description:fr": null, "shop": null, "website": null, "description": null, "operator:type": null, "landuse": null, "name:en": null, "building": null, "alt_name": null, "project:pdevii": null, "survey:date": null, "wikidata": null, "addr:country": null, "name:ar": null, "name:fr": null, "opening_hours": null, "phone": null, "short_name": null, "fence_type": null, "height": null, "name:es": null, "name:pt": null, "fee": null, "check_date": null, "internet_access": null, "payment:cash": null, "wikipedia": null, "layer": null, "payment:cards": null, "payment:credit_cards": null, "payment:debit_cards": null, "access": null, "name:ha": null, "fixme": null }, "geometry": { "type": "Point", "coordinates": [ 12.4893433, 13.2676143 ] } },
{ "type": "Feature", "properties": { "element": "node", "id": 6518603095, "amenity": "hospital", "name": "Centre de Recherche Médicale et Sanitaire", "project:mappingforniger": null, "source": null, "addr:city": null, "addr:street": null, "email": null, "emergency": null, "healthcare": "hospital", "healthcare:speciality": "vaccination", "operator": null, "iso3": null, "contact:email": null, "projet:mappingforniger": null, "barrier": null, "wheelchair": null, "description:fr": "Centre de référénce pour le test PCR Covid-19", "shop": "medical_supply", "website": "www.cermes.net", "description": null, "operator:type": null, "landuse": null, "name:en": null, "building": null, "alt_name": null, "project:pdevii": null, "survey:date": null, "wikidata": null, "addr:country": null, "name:ar": null, "name:fr": null, "opening_hours": null, "phone": null, "short_name": null, "fence_type": null, "height": null, "name:es": null, "name:pt": null, "fee": null, "check_date": null, "internet_access": null, "payment:cash": null, "wikipedia": null, "layer": null, "payment:cards": null, "payment:credit_cards": null, "payment:debit_cards": null, "access": null, "name:ha": null, "fixme": null }, "geometry": { "type": "Point", "coordinates": [ 2.0888117, 13.5284305 ] } },
{ "type": "Feature", "properties": { "element": "node", "id": 7035978852, "amenity": "hospital", "name": null, "project:mappingforniger": null, "source": null, "addr:city": null, "addr:street": null, "email": null, "emergency": null, "healthcare": null, "healthcare:speciality": null, "operator": null, "iso3": null, "contact:email": null, "projet:mappingforniger": null, "barrier": null, "wheelchair": null, "description:fr": null, "shop": null, "website": null, "description": null, "operator:type": null, "landuse": null, "name:en": null, "building": null, "alt_name": null, "project:pdevii": null, "survey:date": null, "wikidata": null, "addr:country": null, "name:ar": null, "name:fr": null, "opening_hours": null, "phone": null, "short_name": null, "fence_type": null, "height": null, "name:es": null, "name:pt": null, "fee": null, "check_date": null, "internet_access": null, "payment:cash": null, "wikipedia": null, "layer": null, "payment:cards": null, "payment:credit_cards": null, "payment:debit_cards": null, "access": null, "name:ha": null, "fixme": null }, "geometry": { "type": "Point", "coordinates": [ 8.094541, 17.0585193 ] } },
{ "type": "Feature", "properties": { "element": "node", "id": 7258932886, "amenity": "hospital", "name": "Polyclinique Aïr soins", "project:mappingforniger": null, "source": null, "addr:city": null, "addr:street": null, "email": null, "emergency": null, "healthcare": "hospital", "healthcare:speciality": null, "operator": null, "iso3": null, "contact:email": null, "projet:mappingforniger": null, "barrier": null, "wheelchair": null, "description:fr": null, "shop": null, "website": null, "description": null, "operator:type": null, "landuse": null, "name:en": null, "building": null, "alt_name": null, "project:pdevii": null, "survey:date": null, "wikidata": null, "addr:country": null, "name:ar": null, "name:fr": null, "opening_hours": null, "phone": null, "short_name": null, "fence_type": null, "height": null, "name:es": null, "name:pt": null, "fee": null, "check_date": null, "internet_access": null, "payment:cash": null, "wikipedia": null, "layer": null, "payment:cards": null, "payment:credit_cards": null, "payment:debit_cards": null, "access": null, "name:ha": null, "fixme": null }, "geometry": { "type": "Point", "coordinates": [ 8.001015, 16.9763479 ] } },
{ "type": "Feature", "properties": { "element": "node", "id": 7562922185, "amenity": "hospital", "name": "Case Lari", "project:mappingforniger": null, "source": null, "addr:city": null, "addr:street": null, "email": null, "emergency": null, "healthcare": "hospital", "healthcare:speciality": null, "operator": null, "iso3": null, "contact:email": null, "projet:mappingforniger": null, "barrier": null, "wheelchair": null, "description:fr": null, "shop": null, "website": null, "description": null, "operator:type": null, "landuse": null, "name:en": null, "building": null, "alt_name": null, "project:pdevii": null, "survey:date": null, "wikidata": null, "addr:country": null, "name:ar": null, "name:fr": null, "opening_hours": null, "phone": null, "short_name": null, "fence_type": null, "height": null, "name:es": null, "name:pt": null, "fee": null, "check_date": null, "internet_access": null, "payment:cash": null, "wikipedia": null, "layer": null, "payment:cards": null, "payment:credit_cards": null, "payment:debit_cards": null, "access": null, "name:ha": null, "fixme": null }, "geometry": { "type": "Point", "coordinates": [ 13.1884703, 14.3349508 ] } },
{ "type": "Feature", "properties": { "element": "node", "id": 7624013450, "amenity": "hospital", "name": "Grand Hopital", "project:mappingforniger": null, "source": null, "addr:city": null, "addr:street": null, "email": null, "emergency": null, "healthcare": "hospital", "healthcare:speciality": null, "operator": null, "iso3": null, "contact:email": null, "projet:mappingforniger": null, "barrier": null, "wheelchair": null, "description:fr": null, "shop": null, "website": null, "description": null, "operator:type": null, "landuse": null, "name:en": null, "building": null, "alt_name": null, "project:pdevii": null, "survey:date": null, "wikidata": null, "addr:country": null, "name:ar": null, "name:fr": null, "opening_hours": null, "phone": null, "short_name": null, "fence_type": null, "height": null, "name:es": null, "name:pt": null, "fee": null, "check_date": null, "internet_access": null, "payment:cash": null, "wikipedia": null, "layer": null, "payment:cards": null, "payment:credit_cards": null, "payment:debit_cards": null, "access": null, "name:ha": null, "fixme": null }, "geometry": { "type": "Point", "coordinates": [ 7.9902728, 13.7540998 ] } },
{ "type": "Feature", "properties": { "element": "node", "id": 7643882535, "amenity": "hospital", "name": "CSI Nayi Lawan", "project:mappingforniger": null, "source": null, "addr:city": null, "addr:street": null, "email": null, "emergency": null, "healthcare": null, "healthcare:speciality": null, "operator": null, "iso3": null, "contact:email": null, "projet:mappingforniger": null, "barrier": null, "wheelchair": null, "description:fr": null, "shop": null, "website": null, "description": null, "operator:type": null, "landuse": null, "name:en": null, "building": null, "alt_name": null, "project:pdevii": null, "survey:date": null, "wikidata": null, "addr:country": null, "name:ar": null, "name:fr": null, "opening_hours": null, "phone": null, "short_name": null, "fence_type": null, "height": null, "name:es": null, "name:pt": null, "fee": null, "check_date": null, "internet_access": null, "payment:cash": null, "wikipedia": null, "layer": null, "payment:cards": null, "payment:credit_cards": null, "payment:debit_cards": null, "access": null, "name:ha": null, "fixme": null }, "geometry": { "type": "Point", "coordinates": [ 11.9748182, 13.3854499 ] } },
{ "type": "Feature", "properties": { "element": "node", "id": 7694827547, "amenity": "hospital", "name": "CHR", "project:mappingforniger": null, "source": null, "addr:city": null, "addr:street": null, "email": null, "emergency": null, "healthcare": null, "healthcare:speciality": null, "operator": null, "iso3": null, "contact:email": null, "projet:mappingforniger": null, "barrier": null, "wheelchair": null, "description:fr": null, "shop": null, "website": null, "description": null, "operator:type": null, "landuse": null, "name:en": null, "building": null, "alt_name": null, "project:pdevii": null, "survey:date": null, "wikidata": null, "addr:country": null, "name:ar": null, "name:fr": null, "opening_hours": null, "phone": null, "short_name": null, "fence_type": null, "height": null, "name:es": null, "name:pt": null, "fee": null, "check_date": null, "internet_access": null, "payment:cash": null, "wikipedia": null, "layer": null, "payment:cards": null, "payment:credit_cards": null, "payment:debit_cards": null, "access": null, "name:ha": null, "fixme": null }, "geometry": { "type": "Point", "coordinates": [ 5.2686933, 14.8951782 ] } },
{ "type": "Feature", "properties": { "element": "node", "id": 7816092808, "amenity": "hospital", "name": "Centre National De Référence de la DREPANOCYTOSE", "project:mappingforniger": null, "source": null, "addr:city": null, "addr:street": null, "email": null, "emergency": null, "healthcare": "hospital", "healthcare:speciality": null, "operator": null, "iso3": null, "contact:email": null, "projet:mappingforniger": null, "barrier": null, "wheelchair": null, "description:fr": null, "shop": null, "website": null, "description": null, "operator:type": null, "landuse": null, "name:en": null, "building": null, "alt_name": null, "project:pdevii": null, "survey:date": null, "wikidata": null, "addr:country": null, "name:ar": null, "name:fr": null, "opening_hours": null, "phone": null, "short_name": null, "fence_type": null, "height": null, "name:es": null, "name:pt": null, "fee": null, "check_date": null, "internet_access": null, "payment:cash": null, "wikipedia": null, "layer": null, "payment:cards": null, "payment:credit_cards": null, "payment:debit_cards": null, "access": null, "name:ha": null, "fixme": null }, "geometry": { "type": "Point", "coordinates": [ 2.111842, 13.5040195 ] } },
{ "type": "Feature", "properties": { "element": "node", "id": 8001331104, "amenity": "hospital", "name": "CSI Makouaroua", "project:mappingforniger": null, "source": null, "addr:city": null, "addr:street": null, "email": null, "emergency": null, "healthcare": null, "healthcare:speciality": null, "operator": null, "iso3": null, "contact:email": null, "projet:mappingforniger": null, "barrier": null, "wheelchair": null, "description:fr": null, "shop": null, "website": null, "description": null, "operator:type": null, "landuse": null, "name:en": null, "building": null, "alt_name": null, "project:pdevii": null, "survey:date": null, "wikidata": null, "addr:country": null, "name:ar": null, "name:fr": null, "opening_hours": null, "phone": null, "short_name": null, "fence_type": null, "height": null, "name:es": null, "name:pt": null, "fee": null, "check_date": null, "internet_access": null, "payment:cash": null, "wikipedia": null, "layer": null, "payment:cards": null, "payment:credit_cards": null, "payment:debit_cards": null, "access": null, "name:ha": null, "fixme": null }, "geometry": { "type": "Point", "coordinates": [ 3.8527995, 12.7917349 ] } },
{ "type": "Feature", "properties": { "element": "node", "id": 8023371777, "amenity": "hospital", "name": "district de sanam", "project:mappingforniger": null, "source": null, "addr:city": null, "addr:street": null, "email": null, "emergency": null, "healthcare": null, "healthcare:speciality": null, "operator": null, "iso3": null, "contact:email": null, "projet:mappingforniger": null, "barrier": null, "wheelchair": null, "description:fr": null, "shop": null, "website": null, "description": null, "operator:type": null, "landuse": null, "name:en": null, "building": null, "alt_name": null, "project:pdevii": null, "survey:date": null, "wikidata": null, "addr:country": null, "name:ar": null, "name:fr": null, "opening_hours": null, "phone": null, "short_name": null, "fence_type": null, "height": null, "name:es": null, "name:pt": null, "fee": null, "check_date": null, "internet_access": null, "payment:cash": null, "wikipedia": null, "layer": null, "payment:cards": null, "payment:credit_cards": null, "payment:debit_cards": null, "access": null, "name:ha": null, "fixme": null }, "geometry": { "type": "Point", "coordinates": [ 3.9235353, 14.838679 ] } },
{ "type": "Feature", "properties": { "element": "node", "id": 8568784548, "amenity": "hospital", "name": "CASE DE SATE DE LINGUI", "project:mappingforniger": null, "source": null, "addr:city": null, "addr:street": null, "email": null, "emergency": null, "healthcare": null, "healthcare:speciality": null, "operator": null, "iso3": null, "contact:email": null, "projet:mappingforniger": null, "barrier": null, "wheelchair": null, "description:fr": null, "shop": null, "website": null, "description": null, "operator:type": null, "landuse": null, "name:en": null, "building": null, "alt_name": null, "project:pdevii": null, "survey:date": null, "wikidata": null, "addr:country": null, "name:ar": null, "name:fr": null, "opening_hours": null, "phone": null, "short_name": null, "fence_type": null, "height": null, "name:es": null, "name:pt": null, "fee": null, "check_date": null, "internet_access": null, "payment:cash": null, "wikipedia": null, "layer": null, "payment:cards": null, "payment:credit_cards": null, "payment:debit_cards": null, "access": null, "name:ha": null, "fixme": null }, "geometry": { "type": "Point", "coordinates": [ 8.9809431, 13.4703215 ] } },
{ "type": "Feature", "properties": { "element": "node", "id": 9809444519, "amenity": "hospital", "name": "Hopital Malbaza", "project:mappingforniger": null, "source": null, "addr:city": null, "addr:street": null, "email": null, "emergency": null, "healthcare": null, "healthcare:speciality": null, "operator": null, "iso3": null, "contact:email": null, "projet:mappingforniger": null, "barrier": null, "wheelchair": null, "description:fr": null, "shop": null, "website": null, "description": null, "operator:type": null, "landuse": null, "name:en": null, "building": null, "alt_name": null, "project:pdevii": null, "survey:date": null, "wikidata": null, "addr:country": null, "name:ar": null, "name:fr": null, "opening_hours": null, "phone": null, "short_name": null, "fence_type": null, "height": null, "name:es": null, "name:pt": null, "fee": null, "check_date": null, "internet_access": null, "payment:cash": null, "wikipedia": null, "layer": null, "payment:cards": null, "payment:credit_cards": null, "payment:debit_cards": null, "access": null, "name:ha": null, "fixme": null }, "geometry": { "type": "Point", "coordinates": [ 5.5045849, 13.9629306 ] } },
{ "type": "Feature", "properties": { "element": "node", "id": 9810407793, "amenity": "hospital", "name": "CLINIQUE Habou", "project:mappingforniger": null, "source": null, "addr:city": null, "addr:street": null, "email": null, "emergency": null, "healthcare": null, "healthcare:speciality": null, "operator": null, "iso3": null, "contact:email": null, "projet:mappingforniger": null, "barrier": null, "wheelchair": null, "description:fr": null, "shop": null, "website": null, "description": null, "operator:type": null, "landuse": null, "name:en": null, "building": null, "alt_name": null, "project:pdevii": null, "survey:date": null, "wikidata": null, "addr:country": null, "name:ar": null, "name:fr": null, "opening_hours": null, "phone": null, "short_name": null, "fence_type": null, "height": null, "name:es": null, "name:pt": null, "fee": null, "check_date": null, "internet_access": null, "payment:cash": null, "wikipedia": null, "layer": null, "payment:cards": null, "payment:credit_cards": null, "payment:debit_cards": null, "access": null, "name:ha": null, "fixme": null }, "geometry": { "type": "Point", "coordinates": [ 5.5070606, 13.9625219 ] } },
{ "type": "Feature", "properties": { "element": "node", "id": 9994500261, "amenity": "hospital", "name": "Hopital de District de Guidan Roumdji", "project:mappingforniger": null, "source": null, "addr:city": null, "addr:street": null, "email": null, "emergency": null, "healthcare": "hospital", "healthcare:speciality": null, "operator": null, "iso3": null, "contact:email": null, "projet:mappingforniger": null, "barrier": null, "wheelchair": null, "description:fr": null, "shop": null, "website": null, "description": null, "operator:type": null, "landuse": null, "name:en": null, "building": null, "alt_name": null, "project:pdevii": null, "survey:date": null, "wikidata": null, "addr:country": null, "name:ar": null, "name:fr": null, "opening_hours": null, "phone": null, "short_name": null, "fence_type": null, "height": null, "name:es": null, "name:pt": null, "fee": null, "check_date": null, "internet_access": null, "payment:cash": null, "wikipedia": null, "layer": null, "payment:cards": null, "payment:credit_cards": null, "payment:debit_cards": null, "access": null, "name:ha": null, "fixme": null }, "geometry": { "type": "Point", "coordinates": [ 6.6970146, 13.6642863 ] } },
{ "type": "Feature", "properties": { "element": "node", "id": 9995104273, "amenity": "hospital", "name": "CSI Guidan Roumdji", "project:mappingforniger": null, "source": null, "addr:city": null, "addr:street": null, "email": null, "emergency": null, "healthcare": "hospital", "healthcare:speciality": null, "operator": null, "iso3": null, "contact:email": null, "projet:mappingforniger": null, "barrier": null, "wheelchair": null, "description:fr": null, "shop": null, "website": null, "description": null, "operator:type": null, "landuse": null, "name:en": null, "building": null, "alt_name": null, "project:pdevii": null, "survey:date": null, "wikidata": null, "addr:country": null, "name:ar": null, "name:fr": null, "opening_hours": null, "phone": null, "short_name": null, "fence_type": null, "height": null, "name:es": null, "name:pt": null, "fee": null, "check_date": null, "internet_access": null, "payment:cash": null, "wikipedia": null, "layer": null, "payment:cards": null, "payment:credit_cards": null, "payment:debit_cards": null, "access": null, "name:ha": null, "fixme": null }, "geometry": { "type": "Point", "coordinates": [ 6.6872111, 13.6613777 ] } },
{ "type": "Feature", "properties": { "element": "node", "id": 10187996116, "amenity": "hospital", "name": "Hôpital de Téra", "project:mappingforniger": null, "source": null, "addr:city": "Téra", "addr:street": null, "email": null, "emergency": null, "healthcare": "hospital", "healthcare:speciality": "general;gynaecology;paediatrics;biology;ophthalmology", "operator": "Direction départementale de la Santé", "iso3": null, "contact:email": null, "projet:mappingforniger": null, "barrier": null, "wheelchair": null, "description:fr": null, "shop": null, "website": null, "description": null, "operator:type": "public", "landuse": null, "name:en": null, "building": null, "alt_name": null, "project:pdevii": null, "survey:date": null, "wikidata": null, "addr:country": null, "name:ar": null, "name:fr": null, "opening_hours": null, "phone": null, "short_name": null, "fence_type": null, "height": null, "name:es": null, "name:pt": null, "fee": null, "check_date": null, "internet_access": null, "payment:cash": null, "wikipedia": null, "layer": null, "payment:cards": null, "payment:credit_cards": null, "payment:debit_cards": null, "access": null, "name:ha": null, "fixme": null }, "geometry": { "type": "Point", "coordinates": [ 0.7571465, 14.0078429 ] } },
{ "type": "Feature", "properties": { "element": "node", "id": 10565110392, "amenity": "hospital", "name": "CSI Magama", "project:mappingforniger": null, "source": null, "addr:city": null, "addr:street": null, "email": null, "emergency": null, "healthcare": null, "healthcare:speciality": null, "operator": null, "iso3": null, "contact:email": null, "projet:mappingforniger": null, "barrier": null, "wheelchair": null, "description:fr": null, "shop": null, "website": null, "description": null, "operator:type": null, "landuse": null, "name:en": null, "building": null, "alt_name": null, "project:pdevii": null, "survey:date": null, "wikidata": null, "addr:country": null, "name:ar": null, "name:fr": null, "opening_hours": null, "phone": null, "short_name": null, "fence_type": null, "height": null, "name:es": null, "name:pt": null, "fee": null, "check_date": null, "internet_access": null, "payment:cash": null, "wikipedia": null, "layer": null, "payment:cards": null, "payment:credit_cards": null, "payment:debit_cards": null, "access": null, "name:ha": null, "fixme": null }, "geometry": { "type": "Point", "coordinates": [ 2.1042371, 13.5938678 ] } },
{ "type": "Feature", "properties": { "element": "node", "id": 10567931237, "amenity": "hospital", "name": "Clinique médicale Innovation", "project:mappingforniger": null, "source": null, "addr:city": null, "addr:street": null, "email": null, "emergency": null, "healthcare": "hospital", "healthcare:speciality": null, "operator": null, "iso3": null, "contact:email": null, "projet:mappingforniger": null, "barrier": null, "wheelchair": null, "description:fr": null, "shop": null, "website": null, "description": null, "operator:type": null, "landuse": null, "name:en": null, "building": null, "alt_name": null, "project:pdevii": null, "survey:date": null, "wikidata": null, "addr:country": null, "name:ar": null, "name:fr": null, "opening_hours": null, "phone": null, "short_name": null, "fence_type": null, "height": null, "name:es": null, "name:pt": null, "fee": null, "check_date": null, "internet_access": null, "payment:cash": null, "wikipedia": null, "layer": null, "payment:cards": null, "payment:credit_cards": null, "payment:debit_cards": null, "access": null, "name:ha": null, "fixme": null }, "geometry": { "type": "Point", "coordinates": [ 2.0915575, 13.5580212 ] } },
{ "type": "Feature", "properties": { "element": "node", "id": 11028070442, "amenity": "hospital", "name": "CSI Foulan Koira", "project:mappingforniger": null, "source": null, "addr:city": null, "addr:street": null, "email": null, "emergency": null, "healthcare": null, "healthcare:speciality": null, "operator": null, "iso3": null, "contact:email": null, "projet:mappingforniger": null, "barrier": null, "wheelchair": null, "description:fr": null, "shop": null, "website": null, "description": "Koirategui", "operator:type": null, "landuse": null, "name:en": null, "building": null, "alt_name": null, "project:pdevii": null, "survey:date": null, "wikidata": null, "addr:country": null, "name:ar": null, "name:fr": null, "opening_hours": null, "phone": null, "short_name": null, "fence_type": null, "height": null, "name:es": null, "name:pt": null, "fee": null, "check_date": null, "internet_access": null, "payment:cash": null, "wikipedia": null, "layer": null, "payment:cards": null, "payment:credit_cards": null, "payment:debit_cards": null, "access": null, "name:ha": null, "fixme": null }, "geometry": { "type": "Point", "coordinates": [ 2.1136027, 13.5864874 ] } },
{ "type": "Feature", "properties": { "element": "node", "id": 11038544676, "amenity": "hospital", "name": "Case de Santé", "project:mappingforniger": null, "source": null, "addr:city": null, "addr:street": null, "email": null, "emergency": null, "healthcare": null, "healthcare:speciality": null, "operator": null, "iso3": null, "contact:email": null, "projet:mappingforniger": null, "barrier": null, "wheelchair": null, "description:fr": null, "shop": null, "website": null, "description": null, "operator:type": null, "landuse": null, "name:en": null, "building": null, "alt_name": null, "project:pdevii": null, "survey:date": null, "wikidata": null, "addr:country": null, "name:ar": null, "name:fr": null, "opening_hours": null, "phone": null, "short_name": null, "fence_type": null, "height": null, "name:es": null, "name:pt": null, "fee": null, "check_date": null, "internet_access": null, "payment:cash": null, "wikipedia": null, "layer": null, "payment:cards": null, "payment:credit_cards": null, "payment:debit_cards": null, "access": null, "name:ha": null, "fixme": null }, "geometry": { "type": "Point", "coordinates": [ 7.4768501, 13.6900534 ] } },
{ "type": "Feature", "properties": { "element": "node", "id": 11051969599, "amenity": "hospital", "name": "CSI Magami", "project:mappingforniger": null, "source": null, "addr:city": null, "addr:street": null, "email": null, "emergency": null, "healthcare": null, "healthcare:speciality": null, "operator": null, "iso3": null, "contact:email": null, "projet:mappingforniger": null, "barrier": null, "wheelchair": null, "description:fr": null, "shop": null, "website": null, "description": null, "operator:type": null, "landuse": null, "name:en": null, "building": null, "alt_name": null, "project:pdevii": null, "survey:date": null, "wikidata": null, "addr:country": null, "name:ar": null, "name:fr": null, "opening_hours": null, "phone": null, "short_name": null, "fence_type": null, "height": null, "name:es": null, "name:pt": null, "fee": null, "check_date": null, "internet_access": null, "payment:cash": null, "wikipedia": null, "layer": null, "payment:cards": null, "payment:credit_cards": null, "payment:debit_cards": null, "access": null, "name:ha": null, "fixme": null }, "geometry": { "type": "Point", "coordinates": [ 7.5356791, 13.4196046 ] } },
{ "type": "Feature", "properties": { "element": "node", "id": 11078149788, "amenity": "hospital", "name": "Case de santé de Dan Dodo", "project:mappingforniger": null, "source": null, "addr:city": null, "addr:street": null, "email": null, "emergency": null, "healthcare": null, "healthcare:speciality": null, "operator": null, "iso3": null, "contact:email": null, "projet:mappingforniger": null, "barrier": null, "wheelchair": null, "description:fr": null, "shop": null, "website": null, "description": null, "operator:type": null, "landuse": null, "name:en": null, "building": null, "alt_name": null, "project:pdevii": null, "survey:date": null, "wikidata": null, "addr:country": null, "name:ar": null, "name:fr": null, "opening_hours": null, "phone": null, "short_name": null, "fence_type": null, "height": null, "name:es": null, "name:pt": null, "fee": null, "check_date": null, "internet_access": null, "payment:cash": null, "wikipedia": null, "layer": null, "payment:cards": null, "payment:credit_cards": null, "payment:debit_cards": null, "access": null, "name:ha": null, "fixme": null }, "geometry": { "type": "Point", "coordinates": [ 8.1394476, 13.2992843 ] } },
{ "type": "Feature", "properties": { "element": "node", "id": 11078212034, "amenity": "hospital", "name": "CSI Romaza", "project:mappingforniger": null, "source": null, "addr:city": null, "addr:street": null, "email": null, "emergency": null, "healthcare": null, "healthcare:speciality": null, "operator": null, "iso3": null, "contact:email": null, "projet:mappingforniger": null, "barrier": null, "wheelchair": null, "description:fr": null, "shop": null, "website": null, "description": null, "operator:type": null, "landuse": null, "name:en": null, "building": null, "alt_name": null, "project:pdevii": null, "survey:date": null, "wikidata": null, "addr:country": null, "name:ar": null, "name:fr": null, "opening_hours": null, "phone": null, "short_name": null, "fence_type": null, "height": null, "name:es": null, "name:pt": null, "fee": null, "check_date": null, "internet_access": null, "payment:cash": null, "wikipedia": null, "layer": null, "payment:cards": null, "payment:credit_cards": null, "payment:debit_cards": null, "access": null, "name:ha": null, "fixme": null }, "geometry": { "type": "Point", "coordinates": [ 8.1494987, 13.3245849 ] } },
{ "type": "Feature", "properties": { "element": "node", "id": 11080417474, "amenity": "hospital", "name": "CSI Hawandawaki", "project:mappingforniger": null, "source": null, "addr:city": null, "addr:street": null, "email": null, "emergency": null, "healthcare": null, "healthcare:speciality": null, "operator": null, "iso3": null, "contact:email": null, "projet:mappingforniger": null, "barrier": null, "wheelchair": null, "description:fr": null, "shop": null, "website": null, "description": null, "operator:type": null, "landuse": null, "name:en": null, "building": null, "alt_name": null, "project:pdevii": null, "survey:date": null, "wikidata": null, "addr:country": null, "name:ar": null, "name:fr": null, "opening_hours": null, "phone": null, "short_name": null, "fence_type": null, "height": null, "name:es": null, "name:pt": null, "fee": null, "check_date": null, "internet_access": null, "payment:cash": null, "wikipedia": null, "layer": null, "payment:cards": null, "payment:credit_cards": null, "payment:debit_cards": null, "access": null, "name:ha": null, "fixme": null }, "geometry": { "type": "Point", "coordinates": [ 8.2413146, 13.3414354 ] } },
{ "type": "Feature", "properties": { "element": "node", "id": 11088636586, "amenity": "hospital", "name": "Case de Santé Gabaouri", "project:mappingforniger": null, "source": null, "addr:city": null, "addr:street": null, "email": null, "emergency": null, "healthcare": null, "healthcare:speciality": null, "operator": null, "iso3": null, "contact:email": null, "projet:mappingforniger": null, "barrier": null, "wheelchair": null, "description:fr": null, "shop": null, "website": null, "description": null, "operator:type": null, "landuse": null, "name:en": null, "building": null, "alt_name": null, "project:pdevii": null, "survey:date": null, "wikidata": null, "addr:country": null, "name:ar": null, "name:fr": null, "opening_hours": null, "phone": null, "short_name": null, "fence_type": null, "height": null, "name:es": null, "name:pt": null, "fee": null, "check_date": null, "internet_access": null, "payment:cash": null, "wikipedia": null, "layer": null, "payment:cards": null, "payment:credit_cards": null, "payment:debit_cards": null, "access": null, "name:ha": null, "fixme": null }, "geometry": { "type": "Point", "coordinates": [ 8.1757944, 13.4163229 ] } },
{ "type": "Feature", "properties": { "element": "node", "id": 11089863930, "amenity": "hospital", "name": "Case de Santé de Afaram", "project:mappingforniger": null, "source": null, "addr:city": null, "addr:street": null, "email": null, "emergency": null, "healthcare": null, "healthcare:speciality": null, "operator": null, "iso3": null, "contact:email": null, "projet:mappingforniger": null, "barrier": null, "wheelchair": null, "description:fr": null, "shop": null, "website": null, "description": null, "operator:type": null, "landuse": null, "name:en": null, "building": null, "alt_name": null, "project:pdevii": null, "survey:date": null, "wikidata": null, "addr:country": null, "name:ar": null, "name:fr": null, "opening_hours": null, "phone": null, "short_name": null, "fence_type": null, "height": null, "name:es": null, "name:pt": null, "fee": null, "check_date": null, "internet_access": null, "payment:cash": null, "wikipedia": null, "layer": null, "payment:cards": null, "payment:credit_cards": null, "payment:debit_cards": null, "access": null, "name:ha": null, "fixme": null }, "geometry": { "type": "Point", "coordinates": [ 8.3337617, 13.462505 ] } },
{ "type": "Feature", "properties": { "element": "node", "id": 11090361254, "amenity": "hospital", "name": "CSI Korgon", "project:mappingforniger": null, "source": null, "addr:city": null, "addr:street": null, "email": null, "emergency": null, "healthcare": null, "healthcare:speciality": null, "operator": null, "iso3": null, "contact:email": null, "projet:mappingforniger": null, "barrier": null, "wheelchair": null, "description:fr": null, "shop": null, "website": null, "description": null, "operator:type": null, "landuse": null, "name:en": null, "building": null, "alt_name": null, "project:pdevii": null, "survey:date": null, "wikidata": null, "addr:country": null, "name:ar": null, "name:fr": null, "opening_hours": null, "phone": null, "short_name": null, "fence_type": null, "height": null, "name:es": null, "name:pt": null, "fee": null, "check_date": null, "internet_access": null, "payment:cash": null, "wikipedia": null, "layer": null, "payment:cards": null, "payment:credit_cards": null, "payment:debit_cards": null, "access": null, "name:ha": null, "fixme": null }, "geometry": { "type": "Point", "coordinates": [ 8.2568257, 13.4505039 ] } },
{ "type": "Feature", "properties": { "element": "node", "id": 11093514611, "amenity": "hospital", "name": "Case de Santé Baba Rotchi", "project:mappingforniger": null, "source": null, "addr:city": null, "addr:street": null, "email": null, "emergency": null, "healthcare": null, "healthcare:speciality": null, "operator": null, "iso3": null, "contact:email": null, "projet:mappingforniger": null, "barrier": null, "wheelchair": null, "description:fr": null, "shop": null, "website": null, "description": null, "operator:type": null, "landuse": null, "name:en": null, "building": null, "alt_name": null, "project:pdevii": null, "survey:date": null, "wikidata": null, "addr:country": null, "name:ar": null, "name:fr": null, "opening_hours": null, "phone": null, "short_name": null, "fence_type": null, "height": null, "name:es": null, "name:pt": null, "fee": null, "check_date": null, "internet_access": null, "payment:cash": null, "wikipedia": null, "layer": null, "payment:cards": null, "payment:credit_cards": null, "payment:debit_cards": null, "access": null, "name:ha": null, "fixme": null }, "geometry": { "type": "Point", "coordinates": [ 8.3433113, 13.3604406 ] } },
{ "type": "Feature", "properties": { "element": "node", "id": 11577124538, "amenity": "hospital", "name": "Magaria", "project:mappingforniger": null, "source": "MSFsurvey", "addr:city": null, "addr:street": null, "email": null, "emergency": null, "healthcare": "hospital", "healthcare:speciality": null, "operator": null, "iso3": "ner", "contact:email": null, "projet:mappingforniger": null, "barrier": null, "wheelchair": null, "description:fr": null, "shop": null, "website": null, "description": null, "operator:type": null, "landuse": null, "name:en": null, "building": null, "alt_name": null, "project:pdevii": null, "survey:date": null, "wikidata": null, "addr:country": null, "name:ar": null, "name:fr": null, "opening_hours": null, "phone": null, "short_name": null, "fence_type": null, "height": null, "name:es": null, "name:pt": null, "fee": null, "check_date": null, "internet_access": null, "payment:cash": null, "wikipedia": null, "layer": null, "payment:cards": null, "payment:credit_cards": null, "payment:debit_cards": null, "access": null, "name:ha": null, "fixme": null }, "geometry": { "type": "Point", "coordinates": [ 8.9099081, 12.9998653 ] } },
{ "type": "Feature", "properties": { "element": "node", "id": 11647016747, "amenity": "hospital", "name": "Safa", "project:mappingforniger": null, "source": "MSFsurvey", "addr:city": null, "addr:street": null, "email": null, "emergency": null, "healthcare": null, "healthcare:speciality": null, "operator": null, "iso3": "ner", "contact:email": null, "projet:mappingforniger": null, "barrier": null, "wheelchair": null, "description:fr": null, "shop": null, "website": null, "description": null, "operator:type": null, "landuse": null, "name:en": null, "building": null, "alt_name": null, "project:pdevii": null, "survey:date": null, "wikidata": null, "addr:country": null, "name:ar": null, "name:fr": null, "opening_hours": null, "phone": null, "short_name": null, "fence_type": null, "height": null, "name:es": null, "name:pt": null, "fee": null, "check_date": null, "internet_access": null, "payment:cash": null, "wikipedia": null, "layer": null, "payment:cards": null, "payment:credit_cards": null, "payment:debit_cards": null, "access": null, "name:ha": null, "fixme": null }, "geometry": { "type": "Point", "coordinates": [ 2.9422898, 13.4174741 ] } },
{ "type": "Feature", "properties": { "element": "node", "id": 11665295832, "amenity": "hospital", "name": "Hd Dakoro", "project:mappingforniger": null, "source": "MSFsurvey", "addr:city": null, "addr:street": null, "email": null, "emergency": null, "healthcare": null, "healthcare:speciality": null, "operator": null, "iso3": "ner", "contact:email": null, "projet:mappingforniger": null, "barrier": null, "wheelchair": null, "description:fr": null, "shop": null, "website": null, "description": null, "operator:type": null, "landuse": null, "name:en": null, "building": null, "alt_name": null, "project:pdevii": null, "survey:date": null, "wikidata": null, "addr:country": null, "name:ar": null, "name:fr": null, "opening_hours": null, "phone": null, "short_name": null, "fence_type": null, "height": null, "name:es": null, "name:pt": null, "fee": null, "check_date": null, "internet_access": null, "payment:cash": null, "wikipedia": null, "layer": null, "payment:cards": null, "payment:credit_cards": null, "payment:debit_cards": null, "access": null, "name:ha": null, "fixme": null }, "geometry": { "type": "Point", "coordinates": [ 6.759899, 14.5098195 ] } },
{ "type": "Feature", "properties": { "element": "node", "id": 12104449326, "amenity": "hospital", "name": "Hopital de district GOTHEYE", "project:mappingforniger": null, "source": null, "addr:city": null, "addr:street": null, "email": null, "emergency": null, "healthcare": "hospital", "healthcare:speciality": null, "operator": null, "iso3": null, "contact:email": null, "projet:mappingforniger": null, "barrier": null, "wheelchair": null, "description:fr": null, "shop": null, "website": null, "description": null, "operator:type": null, "landuse": null, "name:en": null, "building": null, "alt_name": null, "project:pdevii": null, "survey:date": null, "wikidata": null, "addr:country": null, "name:ar": null, "name:fr": null, "opening_hours": null, "phone": null, "short_name": null, "fence_type": null, "height": null, "name:es": null, "name:pt": null, "fee": null, "check_date": null, "internet_access": null, "payment:cash": null, "wikipedia": null, "layer": null, "payment:cards": null, "payment:credit_cards": null, "payment:debit_cards": null, "access": null, "name:ha": null, "fixme": null }, "geometry": { "type": "Point", "coordinates": [ 1.5622756, 13.8547034 ] } },
{ "type": "Feature", "properties": { "element": "node", "id": 12106745820, "amenity": "hospital", "name": "DIRECTION DE SANITAIRE DE LA POLICE", "project:mappingforniger": null, "source": null, "addr:city": null, "addr:street": null, "email": null, "emergency": null, "healthcare": "hospital", "healthcare:speciality": "dermatology;general;gynaecology;psychiatry;biochemistry", "operator": "POLICE", "iso3": null, "contact:email": null, "projet:mappingforniger": null, "barrier": null, "wheelchair": null, "description:fr": null, "shop": null, "website": null, "description": null, "operator:type": "public", "landuse": null, "name:en": null, "building": null, "alt_name": null, "project:pdevii": null, "survey:date": null, "wikidata": null, "addr:country": null, "name:ar": null, "name:fr": null, "opening_hours": null, "phone": null, "short_name": null, "fence_type": null, "height": null, "name:es": null, "name:pt": null, "fee": null, "check_date": null, "internet_access": null, "payment:cash": null, "wikipedia": null, "layer": null, "payment:cards": null, "payment:credit_cards": null, "payment:debit_cards": null, "access": null, "name:ha": null, "fixme": null }, "geometry": { "type": "Point", "coordinates": [ 2.1208251, 13.4967938 ] } },
{ "type": "Feature", "properties": { "element": "way", "id": 221472038, "amenity": "hospital", "name": "Hopital Djibril Kari Ousman - Centre de Meres et de l’Enfant", "project:mappingforniger": null, "source": "survey", "addr:city": null, "addr:street": null, "email": null, "emergency": null, "healthcare": "hospital", "healthcare:speciality": null, "operator": null, "iso3": null, "contact:email": null, "projet:mappingforniger": null, "barrier": "wall", "wheelchair": null, "description:fr": null, "shop": null, "website": null, "description": null, "operator:type": null, "landuse": null, "name:en": null, "building": null, "alt_name": null, "project:pdevii": "yes", "survey:date": "2016-04-16", "wikidata": null, "addr:country": null, "name:ar": null, "name:fr": null, "opening_hours": null, "phone": null, "short_name": null, "fence_type": null, "height": null, "name:es": null, "name:pt": null, "fee": null, "check_date": null, "internet_access": null, "payment:cash": null, "wikipedia": null, "layer": null, "payment:cards": null, "payment:credit_cards": null, "payment:debit_cards": null, "access": null, "name:ha": null, "fixme": null }, "geometry": { "type": "Polygon", "coordinates": [ [ [ 7.9648681, 16.953764 ], [ 7.9643531, 16.9549672 ], [ 7.966001, 16.9557217 ], [ 7.9665498, 16.954431 ], [ 7.9658712, 16.9541462 ], [ 7.9657623, 16.9541951 ], [ 7.9656684, 16.9541589 ], [ 7.9655424, 16.9541104 ], [ 7.9655037, 16.9540077 ], [ 7.9648681, 16.953764 ] ] ] } },
{ "type": "Feature", "properties": { "element": "way", "id": 226236422, "amenity": "hospital", "name": "Centre mère et enfant", "project:mappingforniger": null, "source": "survey", "addr:city": null, "addr:street": null, "email": null, "emergency": null, "healthcare": null, "healthcare:speciality": null, "operator": null, "iso3": null, "contact:email": null, "projet:mappingforniger": null, "barrier": "wall", "wheelchair": null, "description:fr": null, "shop": null, "website": null, "description": null, "operator:type": null, "landuse": null, "name:en": null, "building": null, "alt_name": null, "project:pdevii": "yes", "survey:date": null, "wikidata": null, "addr:country": null, "name:ar": null, "name:fr": null, "opening_hours": null, "phone": null, "short_name": null, "fence_type": null, "height": null, "name:es": null, "name:pt": null, "fee": null, "check_date": null, "internet_access": null, "payment:cash": null, "wikipedia": null, "layer": null, "payment:cards": null, "payment:credit_cards": null, "payment:debit_cards": null, "access": null, "name:ha": null, "fixme": null }, "geometry": { "type": "Polygon", "coordinates": [ [ [ 12.5935801, 13.3117286 ], [ 12.5954412, 13.3114372 ], [ 12.5955577, 13.3123183 ], [ 12.5956493, 13.3128927 ], [ 12.595581, 13.3129788 ], [ 12.5949808, 13.3130089 ], [ 12.5947904, 13.3128848 ], [ 12.5946147, 13.3129123 ], [ 12.5945209, 13.3130389 ], [ 12.5940423, 13.3130193 ], [ 12.5938671, 13.3130297 ], [ 12.593792, 13.3129749 ], [ 12.5937741, 13.3128664 ], [ 12.5935801, 13.3117286 ] ] ] } },
{ "type": "Feature", "properties": { "element": "way", "id": 229239641, "amenity": "hospital", "name": "Centre de Santé Mere et Enfant", "project:mappingforniger": null, "source": "survey", "addr:city": null, "addr:street": null, "email": null, "emergency": null, "healthcare": "hospital", "healthcare:speciality": null, "operator": null, "iso3": null, "contact:email": null, "projet:mappingforniger": null, "barrier": "wall", "wheelchair": null, "description:fr": null, "shop": null, "website": null, "description": null, "operator:type": null, "landuse": null, "name:en": null, "building": null, "alt_name": null, "project:pdevii": "yes", "survey:date": "2016-04-21", "wikidata": null, "addr:country": null, "name:ar": null, "name:fr": null, "opening_hours": null, "phone": null, "short_name": null, "fence_type": null, "height": null, "name:es": null, "name:pt": null, "fee": null, "check_date": null, "internet_access": null, "payment:cash": null, "wikipedia": null, "layer": null, "payment:cards": null, "payment:credit_cards": null, "payment:debit_cards": null, "access": null, "name:ha": null, "fixme": null }, "geometry": { "type": "Polygon", "coordinates": [ [ [ 5.3076828, 14.8846784 ], [ 5.3070176, 14.8845228 ], [ 5.3068996, 14.8846161 ], [ 5.306744, 14.8845695 ], [ 5.3066421, 14.8844502 ], [ 5.3059662, 14.8843103 ], [ 5.3056765, 14.8873068 ], [ 5.3074253, 14.8876801 ], [ 5.3076828, 14.8846784 ] ] ] } },
{ "type": "Feature", "properties": { "element": "way", "id": 246189003, "amenity": "hospital", "name": "Centre Hospitalier Régional (CHR)", "project:mappingforniger": null, "source": null, "addr:city": null, "addr:street": null, "email": null, "emergency": null, "healthcare": null, "healthcare:speciality": null, "operator": null, "iso3": null, "contact:email": null, "projet:mappingforniger": null, "barrier": "wall", "wheelchair": null, "description:fr": null, "shop": null, "website": null, "description": null, "operator:type": null, "landuse": null, "name:en": null, "building": null, "alt_name": null, "project:pdevii": null, "survey:date": null, "wikidata": null, "addr:country": null, "name:ar": null, "name:fr": "Centre Hospitalier Régional (CHR)", "opening_hours": null, "phone": null, "short_name": null, "fence_type": null, "height": null, "name:es": null, "name:pt": null, "fee": null, "check_date": null, "internet_access": null, "payment:cash": null, "wikipedia": null, "layer": null, "payment:cards": null, "payment:credit_cards": null, "payment:debit_cards": null, "access": null, "name:ha": null, "fixme": null }, "geometry": { "type": "Polygon", "coordinates": [ [ [ 12.6078925, 13.3139928 ], [ 12.6088056, 13.3150965 ], [ 12.6090432, 13.3148916 ], [ 12.6099288, 13.3141279 ], [ 12.6099052, 13.3141 ], [ 12.6099228, 13.3140859 ], [ 12.6098822, 13.3140379 ], [ 12.6087143, 13.3127101 ], [ 12.6086646, 13.3126779 ], [ 12.6085874, 13.3126993 ], [ 12.6078925, 13.3139928 ] ] ] } },
{ "type": "Feature", "properties": { "element": "way", "id": 247122602, "amenity": "hospital", "name": "Medecin San Frontiers", "project:mappingforniger": null, "source": null, "addr:city": null, "addr:street": null, "email": null, "emergency": null, "healthcare": null, "healthcare:speciality": null, "operator": null, "iso3": null, "contact:email": null, "projet:mappingforniger": null, "barrier": null, "wheelchair": null, "description:fr": null, "shop": null, "website": null, "description": null, "operator:type": null, "landuse": null, "name:en": null, "building": null, "alt_name": null, "project:pdevii": null, "survey:date": null, "wikidata": null, "addr:country": null, "name:ar": null, "name:fr": "Medecin San Frontiers", "opening_hours": null, "phone": null, "short_name": null, "fence_type": null, "height": null, "name:es": null, "name:pt": null, "fee": null, "check_date": null, "internet_access": null, "payment:cash": null, "wikipedia": null, "layer": null, "payment:cards": null, "payment:credit_cards": null, "payment:debit_cards": null, "access": null, "name:ha": null, "fixme": null }, "geometry": { "type": "Polygon", "coordinates": [ [ [ 7.060841, 13.5672422 ], [ 7.0610084, 13.5668145 ], [ 7.0605255, 13.5666403 ], [ 7.0609228, 13.5655424 ], [ 7.0619743, 13.5659513 ], [ 7.0613044, 13.5674467 ], [ 7.060841, 13.5672422 ] ] ] } },
{ "type": "Feature", "properties": { "element": "way", "id": 258248047, "amenity": "hospital", "name": "Distrrict sanitaire de Togone", "project:mappingforniger": null, "source": null, "addr:city": null, "addr:street": null, "email": null, "emergency": null, "healthcare": "hospital", "healthcare:speciality": null, "operator": null, "iso3": null, "contact:email": null, "projet:mappingforniger": null, "barrier": "wall", "wheelchair": null, "description:fr": null, "shop": null, "website": null, "description": null, "operator:type": null, "landuse": "residential", "name:en": null, "building": null, "alt_name": null, "project:pdevii": null, "survey:date": null, "wikidata": null, "addr:country": null, "name:ar": null, "name:fr": null, "opening_hours": null, "phone": null, "short_name": null, "fence_type": null, "height": null, "name:es": null, "name:pt": null, "fee": null, "check_date": null, "internet_access": null, "payment:cash": null, "wikipedia": null, "layer": null, "payment:cards": null, "payment:credit_cards": null, "payment:debit_cards": null, "access": null, "name:ha": null, "fixme": null }, "geometry": { "type": "Polygon", "coordinates": [ [ [ 4.0212923, 13.7030999 ], [ 4.0225819, 13.7036144 ], [ 4.0229376, 13.7027727 ], [ 4.0216479, 13.7022583 ], [ 4.0212923, 13.7030999 ] ] ] } },
{ "type": "Feature", "properties": { "element": "way", "id": 273002552, "amenity": "hospital", "name": "Salle de Soin", "project:mappingforniger": null, "source": "bing", "addr:city": null, "addr:street": null, "email": null, "emergency": null, "healthcare": "hospital", "healthcare:speciality": null, "operator": null, "iso3": null, "contact:email": null, "projet:mappingforniger": null, "barrier": null, "wheelchair": null, "description:fr": null, "shop": null, "website": null, "description": null, "operator:type": null, "landuse": null, "name:en": null, "building": null, "alt_name": null, "project:pdevii": null, "survey:date": null, "wikidata": null, "addr:country": null, "name:ar": null, "name:fr": null, "opening_hours": null, "phone": null, "short_name": null, "fence_type": null, "height": null, "name:es": null, "name:pt": null, "fee": null, "check_date": null, "internet_access": null, "payment:cash": null, "wikipedia": null, "layer": null, "payment:cards": null, "payment:credit_cards": null, "payment:debit_cards": null, "access": null, "name:ha": null, "fixme": null }, "geometry": { "type": "Polygon", "coordinates": [ [ [ 2.1250195, 13.5024419 ], [ 2.1248305, 13.5025069 ], [ 2.1248057, 13.5024387 ], [ 2.1248662, 13.5024179 ], [ 2.1248161, 13.50228 ], [ 2.1249445, 13.5022359 ], [ 2.1250195, 13.5024419 ] ] ] } },
{ "type": "Feature", "properties": { "element": "way", "id": 273008342, "amenity": "hospital", "name": "Centre National Dermatho-Lèpre", "project:mappingforniger": null, "source": "survey;local knowledge", "addr:city": null, "addr:street": "Avenue Kaocen", "email": null, "emergency": null, "healthcare": "yes", "healthcare:speciality": "dermatovenereology;dermatology;der", "operator": "Fondation Raoul Faulereau", "iso3": null, "contact:email": null, "projet:mappingforniger": null, "barrier": null, "wheelchair": "yes", "description:fr": null, "shop": null, "website": null, "description": null, "operator:type": "public", "landuse": null, "name:en": "National Centre For Dermatology and Leprology", "building": null, "alt_name": null, "project:pdevii": null, "survey:date": null, "wikidata": null, "addr:country": null, "name:ar": null, "name:fr": "Centre National Dermatho-Lèpre", "opening_hours": null, "phone": null, "short_name": null, "fence_type": null, "height": null, "name:es": null, "name:pt": null, "fee": null, "check_date": "2024-02-20", "internet_access": "no", "payment:cash": "yes", "wikipedia": null, "layer": null, "payment:cards": null, "payment:credit_cards": null, "payment:debit_cards": null, "access": null, "name:ha": null, "fixme": null }, "geometry": { "type": "Polygon", "coordinates": [ [ [ 2.1202349, 13.5321271 ], [ 2.120367, 13.5325342 ], [ 2.119955, 13.5326605 ], [ 2.1196958, 13.53274 ], [ 2.1193073, 13.5328591 ], [ 2.1192748, 13.5328691 ], [ 2.1191427, 13.532462 ], [ 2.1195355, 13.5323416 ], [ 2.1197263, 13.5322831 ], [ 2.1202349, 13.5321271 ] ] ] } },
{ "type": "Feature", "properties": { "element": "way", "id": 308752310, "amenity": "hospital", "name": "Hôpital National de Niamey", "project:mappingforniger": null, "source": "survery;mappingforniger", "addr:city": "Niamey", "addr:street": "Avenue François Mitterrand", "email": null, "emergency": null, "healthcare": "hospital", "healthcare:speciality": null, "operator": null, "iso3": null, "contact:email": null, "projet:mappingforniger": null, "barrier": null, "wheelchair": null, "description:fr": null, "shop": null, "website": null, "description": null, "operator:type": null, "landuse": null, "name:en": "National Hospital of Niamey", "building": null, "alt_name": null, "project:pdevii": null, "survey:date": null, "wikidata": "Q6973409", "addr:country": null, "name:ar": null, "name:fr": "Hôpital National de Niamey", "opening_hours": null, "phone": null, "short_name": null, "fence_type": null, "height": null, "name:es": null, "name:pt": null, "fee": null, "check_date": null, "internet_access": null, "payment:cash": null, "wikipedia": "de:Nationalkrankenhaus Niamey", "layer": null, "payment:cards": null, "payment:credit_cards": null, "payment:debit_cards": null, "access": null, "name:ha": null, "fixme": null }, "geometry": { "type": "Polygon", "coordinates": [ [ [ 2.1008124, 13.5139633 ], [ 2.100842, 13.5139559 ], [ 2.1008831, 13.5139441 ], [ 2.1009504, 13.5139455 ], [ 2.1010339, 13.5139266 ], [ 2.1013037, 13.5138592 ], [ 2.1015943, 13.5138272 ], [ 2.1017101, 13.5138144 ], [ 2.1020675, 13.5137851 ], [ 2.1021728, 13.5138737 ], [ 2.1022217, 13.5139149 ], [ 2.1024637, 13.5136278 ], [ 2.1031461, 13.512838 ], [ 2.1031361, 13.5127881 ], [ 2.1027745, 13.512493 ], [ 2.1020713, 13.5121719 ], [ 2.1018051, 13.5120813 ], [ 2.1014007, 13.5120606 ], [ 2.1014041, 13.5118694 ], [ 2.1014215, 13.5118344 ], [ 2.1010993, 13.511699 ], [ 2.1007625, 13.5118101 ], [ 2.1007635, 13.51186 ], [ 2.1007545, 13.5118694 ], [ 2.1007608, 13.5119017 ], [ 2.1006327, 13.5121396 ], [ 2.1002423, 13.5122505 ], [ 2.0999202, 13.5125414 ], [ 2.09991, 13.5126281 ], [ 2.0999631, 13.5128148 ], [ 2.1000214, 13.5130291 ], [ 2.1001661, 13.5133518 ], [ 2.1000945, 13.5133961 ], [ 2.1000181, 13.5134369 ], [ 2.0998941, 13.513369 ], [ 2.0998618, 13.5133595 ], [ 2.099582, 13.5132774 ], [ 2.0994165, 13.5133268 ], [ 2.0995052, 13.5136176 ], [ 2.0995886, 13.5138908 ], [ 2.0996986, 13.5142511 ], [ 2.1006713, 13.5139979 ], [ 2.1007474, 13.51398 ], [ 2.1008124, 13.5139633 ] ] ] } },
{ "type": "Feature", "properties": { "element": "way", "id": 312100528, "amenity": "hospital", "name": "Centre de Santé pour la Mére et l'Enfant", "project:mappingforniger": null, "source": null, "addr:city": null, "addr:street": null, "email": null, "emergency": null, "healthcare": "hospital", "healthcare:speciality": null, "operator": "Etat", "iso3": null, "contact:email": null, "projet:mappingforniger": null, "barrier": "wall", "wheelchair": null, "description:fr": null, "shop": null, "website": null, "description": null, "operator:type": null, "landuse": null, "name:en": null, "building": null, "alt_name": null, "project:pdevii": null, "survey:date": null, "wikidata": null, "addr:country": null, "name:ar": null, "name:fr": null, "opening_hours": null, "phone": null, "short_name": null, "fence_type": null, "height": null, "name:es": null, "name:pt": null, "fee": null, "check_date": null, "internet_access": null, "payment:cash": null, "wikipedia": null, "layer": null, "payment:cards": null, "payment:credit_cards": null, "payment:debit_cards": null, "access": null, "name:ha": null, "fixme": null }, "geometry": { "type": "Polygon", "coordinates": [ [ [ 3.211003, 13.0386887 ], [ 3.2128514, 13.0386677 ], [ 3.2128466, 13.0379831 ], [ 3.2127478, 13.0378905 ], [ 3.2127478, 13.0377784 ], [ 3.2127478, 13.0377192 ], [ 3.2128314, 13.037608 ], [ 3.2128344, 13.0369412 ], [ 3.2109798, 13.0369669 ], [ 3.211003, 13.0386887 ] ] ] } },
{ "type": "Feature", "properties": { "element": "way", "id": 313223242, "amenity": "hospital", "name": "CURE Niger", "project:mappingforniger": null, "source": null, "addr:city": null, "addr:street": null, "email": null, "emergency": null, "healthcare": "hospital", "healthcare:speciality": null, "operator": null, "iso3": null, "contact:email": null, "projet:mappingforniger": null, "barrier": "wall", "wheelchair": null, "description:fr": null, "shop": null, "website": null, "description": null, "operator:type": null, "landuse": null, "name:en": null, "building": null, "alt_name": null, "project:pdevii": null, "survey:date": null, "wikidata": null, "addr:country": null, "name:ar": null, "name:fr": null, "opening_hours": null, "phone": null, "short_name": null, "fence_type": null, "height": null, "name:es": null, "name:pt": null, "fee": null, "check_date": null, "internet_access": null, "payment:cash": null, "wikipedia": null, "layer": null, "payment:cards": null, "payment:credit_cards": null, "payment:debit_cards": null, "access": null, "name:ha": null, "fixme": null }, "geometry": { "type": "Polygon", "coordinates": [ [ [ 2.1155225, 13.5514167 ], [ 2.1154813, 13.5513785 ], [ 2.1155625, 13.5502551 ], [ 2.1162076, 13.5503004 ], [ 2.1170209, 13.5503742 ], [ 2.1172991, 13.5503995 ], [ 2.1172059, 13.5515436 ], [ 2.1164931, 13.5514898 ], [ 2.1155225, 13.5514167 ] ] ] } },
{ "type": "Feature", "properties": { "element": "way", "id": 315961915, "amenity": "hospital", "name": null, "project:mappingforniger": null, "source": null, "addr:city": null, "addr:street": null, "email": null, "emergency": null, "healthcare": "hospital", "healthcare:speciality": null, "operator": null, "iso3": null, "contact:email": null, "projet:mappingforniger": null, "barrier": null, "wheelchair": null, "description:fr": null, "shop": null, "website": null, "description": null, "operator:type": null, "landuse": null, "name:en": null, "building": "yes", "alt_name": null, "project:pdevii": null, "survey:date": null, "wikidata": null, "addr:country": null, "name:ar": null, "name:fr": null, "opening_hours": null, "phone": null, "short_name": null, "fence_type": null, "height": null, "name:es": null, "name:pt": null, "fee": null, "check_date": null, "internet_access": null, "payment:cash": null, "wikipedia": null, "layer": null, "payment:cards": null, "payment:credit_cards": null, "payment:debit_cards": null, "access": null, "name:ha": null, "fixme": null }, "geometry": { "type": "Polygon", "coordinates": [ [ [ 13.1238992, 13.6676479 ], [ 13.1239284, 13.6675622 ], [ 13.1241122, 13.6676212 ], [ 13.124083, 13.6677069 ], [ 13.1239701, 13.6676707 ], [ 13.1238992, 13.6676479 ] ] ] } },
{ "type": "Feature", "properties": { "element": "way", "id": 316412448, "amenity": "hospital", "name": "kojimeri", "project:mappingforniger": null, "source": "Bing", "addr:city": null, "addr:street": null, "email": null, "emergency": null, "healthcare": "hospital", "healthcare:speciality": null, "operator": null, "iso3": null, "contact:email": null, "projet:mappingforniger": null, "barrier": "wall", "wheelchair": null, "description:fr": null, "shop": null, "website": null, "description": null, "operator:type": null, "landuse": null, "name:en": null, "building": null, "alt_name": null, "project:pdevii": null, "survey:date": null, "wikidata": null, "addr:country": null, "name:ar": null, "name:fr": null, "opening_hours": null, "phone": null, "short_name": null, "fence_type": null, "height": null, "name:es": null, "name:pt": null, "fee": null, "check_date": null, "internet_access": null, "payment:cash": null, "wikipedia": null, "layer": null, "payment:cards": null, "payment:credit_cards": null, "payment:debit_cards": null, "access": null, "name:ha": null, "fixme": null }, "geometry": { "type": "Polygon", "coordinates": [ [ [ 11.0938089, 13.4122603 ], [ 11.0940086, 13.4114135 ], [ 11.0940203, 13.4113641 ], [ 11.0949132, 13.4116194 ], [ 11.0947075, 13.4124721 ], [ 11.0938089, 13.4122603 ] ] ] } },
{ "type": "Feature", "properties": { "element": "way", "id": 320007801, "amenity": "hospital", "name": "CSI", "project:mappingforniger": null, "source": null, "addr:city": null, "addr:street": null, "email": null, "emergency": null, "healthcare": "hospital", "healthcare:speciality": null, "operator": null, "iso3": null, "contact:email": null, "projet:mappingforniger": null, "barrier": "wall", "wheelchair": null, "description:fr": null, "shop": null, "website": null, "description": null, "operator:type": null, "landuse": null, "name:en": null, "building": null, "alt_name": null, "project:pdevii": null, "survey:date": null, "wikidata": null, "addr:country": null, "name:ar": null, "name:fr": null, "opening_hours": null, "phone": null, "short_name": null, "fence_type": null, "height": null, "name:es": null, "name:pt": null, "fee": null, "check_date": null, "internet_access": null, "payment:cash": null, "wikipedia": null, "layer": null, "payment:cards": null, "payment:credit_cards": null, "payment:debit_cards": null, "access": null, "name:ha": null, "fixme": null }, "geometry": { "type": "Polygon", "coordinates": [ [ [ 3.0733731, 13.8930201 ], [ 3.0743728, 13.8930731 ], [ 3.0744235, 13.8911144 ], [ 3.074425, 13.8910571 ], [ 3.0727687, 13.8912358 ], [ 3.0727817, 13.8912742 ], [ 3.0733731, 13.8930201 ] ] ] } },
{ "type": "Feature", "properties": { "element": "way", "id": 324242300, "amenity": "hospital", "name": "Centre de Santé Intégré de Boutti", "project:mappingforniger": null, "source": null, "addr:city": null, "addr:street": null, "email": null, "emergency": null, "healthcare": null, "healthcare:speciality": null, "operator": null, "iso3": null, "contact:email": null, "projet:mappingforniger": null, "barrier": null, "wheelchair": null, "description:fr": null, "shop": null, "website": null, "description": null, "operator:type": null, "landuse": null, "name:en": null, "building": null, "alt_name": null, "project:pdevii": null, "survey:date": null, "wikidata": null, "addr:country": null, "name:ar": null, "name:fr": null, "opening_hours": null, "phone": null, "short_name": null, "fence_type": null, "height": null, "name:es": null, "name:pt": null, "fee": null, "check_date": null, "internet_access": null, "payment:cash": null, "wikipedia": null, "layer": null, "payment:cards": null, "payment:credit_cards": null, "payment:debit_cards": null, "access": null, "name:ha": null, "fixme": null }, "geometry": { "type": "Polygon", "coordinates": [ [ [ 11.3303666, 13.9888098 ], [ 11.3305249, 13.988232 ], [ 11.3313912, 13.9884194 ], [ 11.3312652, 13.9891273 ], [ 11.3306348, 13.9889763 ], [ 11.3306482, 13.9888748 ], [ 11.3303666, 13.9888098 ] ] ] } },
{ "type": "Feature", "properties": { "element": "way", "id": 324255337, "amenity": "hospital", "name": "Hôpital de district de Mainé Soroa", "project:mappingforniger": null, "source": "Bing", "addr:city": null, "addr:street": null, "email": null, "emergency": null, "healthcare": null, "healthcare:speciality": null, "operator": null, "iso3": null, "contact:email": null, "projet:mappingforniger": null, "barrier": "wall", "wheelchair": null, "description:fr": null, "shop": null, "website": null, "description": null, "operator:type": null, "landuse": null, "name:en": null, "building": null, "alt_name": null, "project:pdevii": null, "survey:date": null, "wikidata": null, "addr:country": null, "name:ar": null, "name:fr": null, "opening_hours": null, "phone": null, "short_name": null, "fence_type": null, "height": null, "name:es": null, "name:pt": null, "fee": null, "check_date": null, "internet_access": null, "payment:cash": null, "wikipedia": null, "layer": null, "payment:cards": null, "payment:credit_cards": null, "payment:debit_cards": null, "access": null, "name:ha": null, "fixme": null }, "geometry": { "type": "Polygon", "coordinates": [ [ [ 12.023166, 13.2161835 ], [ 12.0233549, 13.2162021 ], [ 12.0236846, 13.2162447 ], [ 12.0243862, 13.2163276 ], [ 12.0249297, 13.2163682 ], [ 12.0249442, 13.2162895 ], [ 12.0249901, 13.2160398 ], [ 12.0250281, 13.2158336 ], [ 12.0251693, 13.2150662 ], [ 12.0245215, 13.2149748 ], [ 12.024482, 13.2149689 ], [ 12.0243015, 13.2149458 ], [ 12.0240946, 13.2149213 ], [ 12.0239499, 13.2149334 ], [ 12.0233394, 13.2148318 ], [ 12.023166, 13.2161835 ] ] ] } },
{ "type": "Feature", "properties": { "element": "way", "id": 387423989, "amenity": "hospital", "name": "Case de santé Alo;case de santé olo", "project:mappingforniger": null, "source": "Bing", "addr:city": null, "addr:street": null, "email": null, "emergency": null, "healthcare": "hospital", "healthcare:speciality": null, "operator": null, "iso3": null, "contact:email": null, "projet:mappingforniger": null, "barrier": null, "wheelchair": null, "description:fr": null, "shop": null, "website": null, "description": null, "operator:type": null, "landuse": "healthcare", "name:en": null, "building": null, "alt_name": null, "project:pdevii": null, "survey:date": null, "wikidata": null, "addr:country": null, "name:ar": null, "name:fr": "case de santé olo", "opening_hours": null, "phone": null, "short_name": null, "fence_type": null, "height": null, "name:es": null, "name:pt": null, "fee": null, "check_date": null, "internet_access": null, "payment:cash": null, "wikipedia": null, "layer": null, "payment:cards": null, "payment:credit_cards": null, "payment:debit_cards": null, "access": null, "name:ha": null, "fixme": null }, "geometry": { "type": "Polygon", "coordinates": [ [ [ 13.2594732, 14.6601547 ], [ 13.2595742, 14.6596353 ], [ 13.2587618, 14.6594876 ], [ 13.2586956, 14.6598281 ], [ 13.2593347, 14.6603223 ], [ 13.2594732, 14.6601547 ] ] ] } },
{ "type": "Feature", "properties": { "element": "way", "id": 399591443, "amenity": "hospital", "name": "Alissa", "project:mappingforniger": null, "source": null, "addr:city": null, "addr:street": null, "email": null, "emergency": null, "healthcare": null, "healthcare:speciality": null, "operator": null, "iso3": null, "contact:email": null, "projet:mappingforniger": null, "barrier": null, "wheelchair": null, "description:fr": null, "shop": null, "website": null, "description": null, "operator:type": null, "landuse": null, "name:en": null, "building": null, "alt_name": null, "project:pdevii": null, "survey:date": null, "wikidata": null, "addr:country": null, "name:ar": null, "name:fr": null, "opening_hours": null, "phone": null, "short_name": null, "fence_type": null, "height": null, "name:es": null, "name:pt": null, "fee": null, "check_date": null, "internet_access": null, "payment:cash": null, "wikipedia": null, "layer": null, "payment:cards": null, "payment:credit_cards": null, "payment:debit_cards": null, "access": null, "name:ha": null, "fixme": null }, "geometry": { "type": "Polygon", "coordinates": [ [ [ 2.1042653, 13.5187758 ], [ 2.104367, 13.5188013 ], [ 2.1043764, 13.5187847 ], [ 2.1044291, 13.5187959 ], [ 2.1044237, 13.5188194 ], [ 2.1044711, 13.5188277 ], [ 2.1045133, 13.5186771 ], [ 2.1043046, 13.518624 ], [ 2.1042653, 13.5187758 ] ] ] } },
{ "type": "Feature", "properties": { "element": "way", "id": 415309384, "amenity": "hospital", "name": "CSI Kirbitoa", "project:mappingforniger": null, "source": "Bing", "addr:city": null, "addr:street": null, "email": null, "emergency": null, "healthcare": "hospital", "healthcare:speciality": null, "operator": null, "iso3": null, "contact:email": null, "projet:mappingforniger": null, "barrier": null, "wheelchair": null, "description:fr": null, "shop": null, "website": null, "description": null, "operator:type": null, "landuse": null, "name:en": null, "building": null, "alt_name": null, "project:pdevii": null, "survey:date": null, "wikidata": null, "addr:country": null, "name:ar": null, "name:fr": null, "opening_hours": null, "phone": null, "short_name": null, "fence_type": null, "height": null, "name:es": null, "name:pt": null, "fee": null, "check_date": null, "internet_access": null, "payment:cash": null, "wikipedia": null, "layer": null, "payment:cards": null, "payment:credit_cards": null, "payment:debit_cards": null, "access": null, "name:ha": null, "fixme": null }, "geometry": { "type": "Polygon", "coordinates": [ [ [ 10.772395, 13.3982717 ], [ 10.772792, 13.3975098 ], [ 10.7716762, 13.3970715 ], [ 10.7713651, 13.3978073 ], [ 10.772395, 13.3982717 ] ] ] } },
{ "type": "Feature", "properties": { "element": "way", "id": 429630485, "amenity": "hospital", "name": "Centre de Santé Integré", "project:mappingforniger": null, "source": "Bing", "addr:city": null, "addr:street": null, "email": null, "emergency": null, "healthcare": "hospital", "healthcare:speciality": null, "operator": null, "iso3": null, "contact:email": null, "projet:mappingforniger": null, "barrier": "wall", "wheelchair": null, "description:fr": null, "shop": null, "website": null, "description": null, "operator:type": null, "landuse": null, "name:en": null, "building": null, "alt_name": null, "project:pdevii": null, "survey:date": null, "wikidata": null, "addr:country": null, "name:ar": null, "name:fr": "Centre de Santé Integré", "opening_hours": null, "phone": null, "short_name": null, "fence_type": null, "height": null, "name:es": null, "name:pt": null, "fee": null, "check_date": null, "internet_access": null, "payment:cash": null, "wikipedia": null, "layer": null, "payment:cards": null, "payment:credit_cards": null, "payment:debit_cards": null, "access": null, "name:ha": null, "fixme": null }, "geometry": { "type": "Polygon", "coordinates": [ [ [ 12.0233483, 13.2146993 ], [ 12.0244606, 13.214758 ], [ 12.0247726, 13.2147745 ], [ 12.0255745, 13.2148168 ], [ 12.0255611, 13.2138063 ], [ 12.0250533, 13.2138001 ], [ 12.0247645, 13.2137966 ], [ 12.0240537, 13.213788 ], [ 12.0240189, 13.2139577 ], [ 12.0234475, 13.2138846 ], [ 12.0233502, 13.2146834 ], [ 12.0233483, 13.2146993 ] ] ] } },
{ "type": "Feature", "properties": { "element": "way", "id": 431617211, "amenity": "hospital", "name": "District Sanitaire Ville de Zinder", "project:mappingforniger": null, "source": "bing;survey", "addr:city": null, "addr:street": null, "email": null, "emergency": null, "healthcare": "hospital", "healthcare:speciality": null, "operator": null, "iso3": null, "contact:email": null, "projet:mappingforniger": null, "barrier": null, "wheelchair": null, "description:fr": null, "shop": null, "website": null, "description": null, "operator:type": null, "landuse": null, "name:en": null, "building": "yes", "alt_name": null, "project:pdevii": "yes", "survey:date": null, "wikidata": null, "addr:country": null, "name:ar": null, "name:fr": null, "opening_hours": null, "phone": null, "short_name": null, "fence_type": null, "height": null, "name:es": null, "name:pt": null, "fee": null, "check_date": null, "internet_access": null, "payment:cash": null, "wikipedia": null, "layer": null, "payment:cards": null, "payment:credit_cards": null, "payment:debit_cards": null, "access": null, "name:ha": null, "fixme": null }, "geometry": { "type": "Polygon", "coordinates": [ [ [ 8.9851849, 13.8139946 ], [ 8.9850751, 13.8139432 ], [ 8.9849987, 13.814097 ], [ 8.984849, 13.814115 ], [ 8.9848629, 13.8142246 ], [ 8.9850838, 13.814198 ], [ 8.9851849, 13.8139946 ] ] ] } },
{ "type": "Feature", "properties": { "element": "way", "id": 442543034, "amenity": "hospital", "name": "Hopital Regional Poudrière", "project:mappingforniger": null, "source": "bing", "addr:city": null, "addr:street": null, "email": null, "emergency": null, "healthcare": "hospital", "healthcare:speciality": null, "operator": null, "iso3": null, "contact:email": null, "projet:mappingforniger": null, "barrier": "wall", "wheelchair": null, "description:fr": null, "shop": null, "website": null, "description": null, "operator:type": null, "landuse": null, "name:en": null, "building": null, "alt_name": null, "project:pdevii": "yes", "survey:date": null, "wikidata": null, "addr:country": null, "name:ar": null, "name:fr": null, "opening_hours": null, "phone": null, "short_name": null, "fence_type": null, "height": null, "name:es": null, "name:pt": null, "fee": null, "check_date": "2026-04-20", "internet_access": null, "payment:cash": null, "wikipedia": null, "layer": null, "payment:cards": null, "payment:credit_cards": null, "payment:debit_cards": null, "access": null, "name:ha": null, "fixme": null }, "geometry": { "type": "Polygon", "coordinates": [ [ [ 2.1375092, 13.5145338 ], [ 2.1378813, 13.514845 ], [ 2.1384976, 13.5153926 ], [ 2.1389774, 13.5148583 ], [ 2.1389274, 13.5140524 ], [ 2.1375325, 13.5128828 ], [ 2.1367448, 13.5137598 ], [ 2.1367603, 13.5139028 ], [ 2.1375092, 13.5145338 ] ] ] } },
{ "type": "Feature", "properties": { "element": "way", "id": 450141217, "amenity": "hospital", "name": "CSI de Boukoki 4", "project:mappingforniger": null, "source": null, "addr:city": null, "addr:street": null, "email": null, "emergency": null, "healthcare": "hospital", "healthcare:speciality": null, "operator": null, "iso3": null, "contact:email": null, "projet:mappingforniger": null, "barrier": "wall", "wheelchair": null, "description:fr": null, "shop": null, "website": null, "description": null, "operator:type": null, "landuse": null, "name:en": "Boukoki 4 Health Center", "building": null, "alt_name": null, "project:pdevii": null, "survey:date": null, "wikidata": null, "addr:country": null, "name:ar": null, "name:fr": null, "opening_hours": null, "phone": null, "short_name": null, "fence_type": null, "height": null, "name:es": null, "name:pt": null, "fee": null, "check_date": "2026-04-20", "internet_access": null, "payment:cash": null, "wikipedia": null, "layer": null, "payment:cards": null, "payment:credit_cards": null, "payment:debit_cards": null, "access": null, "name:ha": null, "fixme": null }, "geometry": { "type": "Polygon", "coordinates": [ [ [ 2.1280511, 13.5325256 ], [ 2.1284124, 13.5321212 ], [ 2.1282066, 13.5319474 ], [ 2.1279971, 13.5317706 ], [ 2.127822, 13.5319666 ], [ 2.1277308, 13.5320688 ], [ 2.1276358, 13.532175 ], [ 2.1277758, 13.5322932 ], [ 2.1280511, 13.5325256 ] ] ] } },
{ "type": "Feature", "properties": { "element": "way", "id": 453649697, "amenity": "hospital", "name": "Clinique Afoua", "project:mappingforniger": null, "source": "bing", "addr:city": null, "addr:street": "Rue de la Magia", "email": null, "emergency": "yes", "healthcare": "hospital", "healthcare:speciality": null, "operator": null, "iso3": null, "contact:email": null, "projet:mappingforniger": null, "barrier": null, "wheelchair": null, "description:fr": null, "shop": null, "website": null, "description": null, "operator:type": null, "landuse": null, "name:en": "Afoua Clinic", "building": "yes", "alt_name": null, "project:pdevii": null, "survey:date": null, "wikidata": null, "addr:country": null, "name:ar": null, "name:fr": null, "opening_hours": null, "phone": null, "short_name": null, "fence_type": null, "height": null, "name:es": null, "name:pt": null, "fee": null, "check_date": null, "internet_access": null, "payment:cash": null, "wikipedia": null, "layer": null, "payment:cards": null, "payment:credit_cards": null, "payment:debit_cards": null, "access": null, "name:ha": null, "fixme": null }, "geometry": { "type": "Polygon", "coordinates": [ [ [ 2.0979757, 13.5281376 ], [ 2.0979769, 13.5281852 ], [ 2.0980615, 13.5281832 ], [ 2.0980603, 13.5281356 ], [ 2.0979757, 13.5281376 ] ] ] } },
{ "type": "Feature", "properties": { "element": "way", "id": 454227846, "amenity": "hospital", "name": "CSI DE TALLADJE", "project:mappingforniger": null, "source": null, "addr:city": null, "addr:street": null, "email": null, "emergency": null, "healthcare": "hospital", "healthcare:speciality": null, "operator": null, "iso3": null, "contact:email": null, "projet:mappingforniger": null, "barrier": "wall", "wheelchair": null, "description:fr": null, "shop": null, "website": null, "description": null, "operator:type": null, "landuse": null, "name:en": null, "building": null, "alt_name": null, "project:pdevii": null, "survey:date": null, "wikidata": null, "addr:country": null, "name:ar": null, "name:fr": null, "opening_hours": null, "phone": null, "short_name": null, "fence_type": null, "height": null, "name:es": null, "name:pt": null, "fee": null, "check_date": null, "internet_access": null, "payment:cash": null, "wikipedia": null, "layer": null, "payment:cards": null, "payment:credit_cards": null, "payment:debit_cards": null, "access": null, "name:ha": null, "fixme": null }, "geometry": { "type": "Polygon", "coordinates": [ [ [ 2.1521679, 13.4979178 ], [ 2.1524224, 13.4969251 ], [ 2.1535167, 13.4971904 ], [ 2.1532621, 13.4981831 ], [ 2.1521679, 13.4979178 ] ] ] } },
{ "type": "Feature", "properties": { "element": "way", "id": 492335467, "amenity": "hospital", "name": null, "project:mappingforniger": null, "source": null, "addr:city": null, "addr:street": null, "email": null, "emergency": null, "healthcare": null, "healthcare:speciality": null, "operator": null, "iso3": null, "contact:email": null, "projet:mappingforniger": null, "barrier": null, "wheelchair": null, "description:fr": null, "shop": null, "website": null, "description": null, "operator:type": null, "landuse": null, "name:en": null, "building": "yes", "alt_name": null, "project:pdevii": null, "survey:date": null, "wikidata": null, "addr:country": null, "name:ar": null, "name:fr": null, "opening_hours": null, "phone": null, "short_name": null, "fence_type": null, "height": null, "name:es": null, "name:pt": null, "fee": null, "check_date": null, "internet_access": null, "payment:cash": null, "wikipedia": null, "layer": null, "payment:cards": null, "payment:credit_cards": null, "payment:debit_cards": null, "access": null, "name:ha": null, "fixme": null }, "geometry": { "type": "Polygon", "coordinates": [ [ [ 13.3510851, 13.7676562 ], [ 13.3511393, 13.767581 ], [ 13.351203, 13.7676242 ], [ 13.3511714, 13.767668 ], [ 13.3511554, 13.7676571 ], [ 13.3511327, 13.7676886 ], [ 13.3510851, 13.7676562 ] ] ] } },
{ "type": "Feature", "properties": { "element": "way", "id": 500900264, "amenity": "hospital", "name": "Hopital de district de Gouré", "project:mappingforniger": null, "source": null, "addr:city": null, "addr:street": null, "email": null, "emergency": null, "healthcare": null, "healthcare:speciality": null, "operator": null, "iso3": null, "contact:email": null, "projet:mappingforniger": null, "barrier": null, "wheelchair": null, "description:fr": null, "shop": null, "website": null, "description": null, "operator:type": null, "landuse": null, "name:en": null, "building": null, "alt_name": null, "project:pdevii": null, "survey:date": null, "wikidata": null, "addr:country": null, "name:ar": "مستشفى منطقة غوري", "name:fr": null, "opening_hours": null, "phone": null, "short_name": null, "fence_type": null, "height": null, "name:es": null, "name:pt": null, "fee": null, "check_date": null, "internet_access": null, "payment:cash": null, "wikipedia": null, "layer": null, "payment:cards": null, "payment:credit_cards": null, "payment:debit_cards": null, "access": null, "name:ha": null, "fixme": null }, "geometry": { "type": "Polygon", "coordinates": [ [ [ 10.2703569, 13.9878379 ], [ 10.2693773, 13.9874007 ], [ 10.2699729, 13.9861442 ], [ 10.2709525, 13.9865813 ], [ 10.2703569, 13.9878379 ] ] ] } },
{ "type": "Feature", "properties": { "element": "way", "id": 503786691, "amenity": "hospital", "name": null, "project:mappingforniger": null, "source": null, "addr:city": null, "addr:street": null, "email": null, "emergency": null, "healthcare": null, "healthcare:speciality": null, "operator": null, "iso3": null, "contact:email": null, "projet:mappingforniger": null, "barrier": null, "wheelchair": null, "description:fr": null, "shop": null, "website": null, "description": null, "operator:type": null, "landuse": null, "name:en": null, "building": null, "alt_name": null, "project:pdevii": null, "survey:date": null, "wikidata": null, "addr:country": null, "name:ar": null, "name:fr": null, "opening_hours": null, "phone": null, "short_name": null, "fence_type": null, "height": null, "name:es": null, "name:pt": null, "fee": null, "check_date": null, "internet_access": null, "payment:cash": null, "wikipedia": null, "layer": null, "payment:cards": null, "payment:credit_cards": null, "payment:debit_cards": null, "access": null, "name:ha": null, "fixme": null }, "geometry": { "type": "Polygon", "coordinates": [ [ [ 8.052891, 13.5449752 ], [ 8.0530521, 13.5449825 ], [ 8.0530578, 13.5448647 ], [ 8.0528967, 13.5448573 ], [ 8.052891, 13.5449752 ] ] ] } },
{ "type": "Feature", "properties": { "element": "way", "id": 524039035, "amenity": "hospital", "name": "DAN BOUZOU Hospital", "project:mappingforniger": null, "source": null, "addr:city": null, "addr:street": null, "email": "muhammadmukhtar5294@gmail.com", "emergency": null, "healthcare": null, "healthcare:speciality": null, "operator": null, "iso3": null, "contact:email": null, "projet:mappingforniger": null, "barrier": null, "wheelchair": null, "description:fr": null, "shop": null, "website": null, "description": null, "operator:type": null, "landuse": null, "name:en": null, "building": "yes", "alt_name": null, "project:pdevii": null, "survey:date": null, "wikidata": null, "addr:country": null, "name:ar": null, "name:fr": null, "opening_hours": null, "phone": null, "short_name": null, "fence_type": null, "height": null, "name:es": null, "name:pt": null, "fee": null, "check_date": null, "internet_access": null, "payment:cash": null, "wikipedia": null, "layer": null, "payment:cards": null, "payment:credit_cards": null, "payment:debit_cards": null, "access": null, "name:ha": null, "fixme": null }, "geometry": { "type": "Polygon", "coordinates": [ [ [ 7.5506373, 13.6566107 ], [ 7.5506493, 13.6566751 ], [ 7.5508265, 13.6566438 ], [ 7.5508144, 13.6565794 ], [ 7.5506373, 13.6566107 ] ] ] } },
{ "type": "Feature", "properties": { "element": "way", "id": 531657374, "amenity": "hospital", "name": "CSI DAN BOUZOU", "project:mappingforniger": null, "source": null, "addr:city": null, "addr:street": null, "email": null, "emergency": null, "healthcare": null, "healthcare:speciality": null, "operator": null, "iso3": null, "contact:email": null, "projet:mappingforniger": null, "barrier": "fence", "wheelchair": null, "description:fr": null, "shop": null, "website": null, "description": null, "operator:type": null, "landuse": null, "name:en": null, "building": null, "alt_name": null, "project:pdevii": null, "survey:date": null, "wikidata": null, "addr:country": null, "name:ar": null, "name:fr": null, "opening_hours": null, "phone": null, "short_name": null, "fence_type": "grillage", "height": "2", "name:es": null, "name:pt": null, "fee": null, "check_date": null, "internet_access": null, "payment:cash": null, "wikipedia": null, "layer": null, "payment:cards": null, "payment:credit_cards": null, "payment:debit_cards": null, "access": null, "name:ha": null, "fixme": null }, "geometry": { "type": "Polygon", "coordinates": [ [ [ 7.5505364, 13.6572857 ], [ 7.5503299, 13.6564048 ], [ 7.5517085, 13.6561102 ], [ 7.5518882, 13.657012 ], [ 7.5505364, 13.6572857 ] ] ] } },
{ "type": "Feature", "properties": { "element": "way", "id": 532898940, "amenity": "hospital", "name": "CSI de Waraou", "project:mappingforniger": null, "source": null, "addr:city": null, "addr:street": null, "email": null, "emergency": null, "healthcare": null, "healthcare:speciality": null, "operator": null, "iso3": null, "contact:email": null, "projet:mappingforniger": null, "barrier": null, "wheelchair": null, "description:fr": null, "shop": null, "website": null, "description": null, "operator:type": null, "landuse": null, "name:en": null, "building": null, "alt_name": null, "project:pdevii": null, "survey:date": null, "wikidata": null, "addr:country": null, "name:ar": null, "name:fr": null, "opening_hours": null, "phone": null, "short_name": null, "fence_type": null, "height": null, "name:es": null, "name:pt": null, "fee": null, "check_date": null, "internet_access": null, "payment:cash": null, "wikipedia": null, "layer": null, "payment:cards": null, "payment:credit_cards": null, "payment:debit_cards": null, "access": null, "name:ha": null, "fixme": null }, "geometry": { "type": "Polygon", "coordinates": [ [ [ 1.1541706, 13.6666046 ], [ 1.1542498, 13.6665694 ], [ 1.1542819, 13.6665785 ], [ 1.154298, 13.6665629 ], [ 1.1543383, 13.6665681 ], [ 1.1543772, 13.6665564 ], [ 1.1544254, 13.6665525 ], [ 1.1544442, 13.6666007 ], [ 1.1544375, 13.6666658 ], [ 1.1544107, 13.6668496 ], [ 1.154408, 13.666873 ], [ 1.1543664, 13.666877 ], [ 1.1542605, 13.66689 ], [ 1.1541867, 13.66689 ], [ 1.1540982, 13.6668756 ], [ 1.1540633, 13.6668717 ], [ 1.1540271, 13.6668626 ], [ 1.1539896, 13.6668131 ], [ 1.1539923, 13.6667727 ], [ 1.1539896, 13.6667206 ], [ 1.1541706, 13.6666046 ] ] ] } },
{ "type": "Feature", "properties": { "element": "way", "id": 532924725, "amenity": "hospital", "name": "Hôpital Régional d'Agadez", "project:mappingforniger": null, "source": null, "addr:city": null, "addr:street": null, "email": null, "emergency": null, "healthcare": "hospital", "healthcare:speciality": null, "operator": null, "iso3": null, "contact:email": null, "projet:mappingforniger": null, "barrier": null, "wheelchair": null, "description:fr": null, "shop": null, "website": null, "description": null, "operator:type": null, "landuse": null, "name:en": null, "building": null, "alt_name": null, "project:pdevii": "yes", "survey:date": "2016-04-15", "wikidata": null, "addr:country": null, "name:ar": "المستشفى الجهوي أغاديز", "name:fr": null, "opening_hours": null, "phone": null, "short_name": null, "fence_type": null, "height": null, "name:es": null, "name:pt": null, "fee": null, "check_date": null, "internet_access": null, "payment:cash": null, "wikipedia": null, "layer": null, "payment:cards": null, "payment:credit_cards": null, "payment:debit_cards": null, "access": null, "name:ha": null, "fixme": null }, "geometry": { "type": "Polygon", "coordinates": [ [ [ 7.9981756, 16.9870622 ], [ 7.9981464, 16.9887837 ], [ 7.9966267, 16.9887601 ], [ 7.9966086, 16.9893653 ], [ 7.9968553, 16.9896065 ], [ 7.9968493, 16.9898994 ], [ 7.9968451, 16.9901077 ], [ 7.9965715, 16.9902975 ], [ 7.9965715, 16.9909747 ], [ 7.9968451, 16.9912312 ], [ 7.9969417, 16.9912364 ], [ 7.9971402, 16.9914262 ], [ 7.9971455, 16.9915031 ], [ 7.9976069, 16.9919187 ], [ 7.9977034, 16.9919135 ], [ 7.9999189, 16.9897229 ], [ 7.9999458, 16.9877221 ], [ 7.9990494, 16.9870875 ], [ 7.9981756, 16.9870622 ] ] ] } },
{ "type": "Feature", "properties": { "element": "way", "id": 534510066, "amenity": "hospital", "name": "CSI Kellé", "project:mappingforniger": null, "source": null, "addr:city": null, "addr:street": null, "email": null, "emergency": null, "healthcare": null, "healthcare:speciality": null, "operator": null, "iso3": null, "contact:email": null, "projet:mappingforniger": null, "barrier": null, "wheelchair": null, "description:fr": null, "shop": null, "website": null, "description": null, "operator:type": null, "landuse": null, "name:en": null, "building": null, "alt_name": null, "project:pdevii": null, "survey:date": null, "wikidata": null, "addr:country": null, "name:ar": null, "name:fr": null, "opening_hours": null, "phone": null, "short_name": null, "fence_type": null, "height": null, "name:es": null, "name:pt": null, "fee": null, "check_date": null, "internet_access": null, "payment:cash": null, "wikipedia": null, "layer": null, "payment:cards": null, "payment:credit_cards": null, "payment:debit_cards": null, "access": null, "name:ha": null, "fixme": null }, "geometry": { "type": "Polygon", "coordinates": [ [ [ 10.1162237, 14.2793437 ], [ 10.1161904, 14.2797537 ], [ 10.1168385, 14.2798031 ], [ 10.1170629, 14.2798202 ], [ 10.1170962, 14.2794102 ], [ 10.1162237, 14.2793437 ] ] ] } },
{ "type": "Feature", "properties": { "element": "way", "id": 535372004, "amenity": "hospital", "name": "Hopital d'Ayorou", "project:mappingforniger": null, "source": null, "addr:city": null, "addr:street": null, "email": null, "emergency": null, "healthcare": null, "healthcare:speciality": null, "operator": "Public", "iso3": null, "contact:email": null, "projet:mappingforniger": null, "barrier": null, "wheelchair": null, "description:fr": null, "shop": null, "website": null, "description": null, "operator:type": null, "landuse": null, "name:en": null, "building": null, "alt_name": null, "project:pdevii": null, "survey:date": null, "wikidata": null, "addr:country": null, "name:ar": null, "name:fr": null, "opening_hours": null, "phone": null, "short_name": null, "fence_type": null, "height": null, "name:es": null, "name:pt": null, "fee": null, "check_date": null, "internet_access": null, "payment:cash": null, "wikipedia": null, "layer": null, "payment:cards": null, "payment:credit_cards": null, "payment:debit_cards": null, "access": null, "name:ha": null, "fixme": null }, "geometry": { "type": "Polygon", "coordinates": [ [ [ 0.9186474, 14.7354599 ], [ 0.9191369, 14.7356325 ], [ 0.9189558, 14.7361707 ], [ 0.9185944, 14.7360492 ], [ 0.9186474, 14.7354599 ] ] ] } },
{ "type": "Feature", "properties": { "element": "way", "id": 543005297, "amenity": "hospital", "name": null, "project:mappingforniger": null, "source": null, "addr:city": null, "addr:street": null, "email": null, "emergency": null, "healthcare": "hospital", "healthcare:speciality": null, "operator": null, "iso3": null, "contact:email": null, "projet:mappingforniger": null, "barrier": null, "wheelchair": null, "description:fr": null, "shop": null, "website": null, "description": null, "operator:type": null, "landuse": null, "name:en": null, "building": null, "alt_name": null, "project:pdevii": null, "survey:date": null, "wikidata": null, "addr:country": null, "name:ar": null, "name:fr": null, "opening_hours": null, "phone": null, "short_name": null, "fence_type": null, "height": null, "name:es": null, "name:pt": null, "fee": null, "check_date": null, "internet_access": null, "payment:cash": null, "wikipedia": null, "layer": null, "payment:cards": null, "payment:credit_cards": null, "payment:debit_cards": null, "access": null, "name:ha": null, "fixme": null }, "geometry": { "type": "Polygon", "coordinates": [ [ [ 8.0522616, 13.5451774 ], [ 8.0528755, 13.5452302 ], [ 8.0531308, 13.5452522 ], [ 8.0531649, 13.5449892 ], [ 8.052891, 13.5449752 ], [ 8.0528967, 13.5448573 ], [ 8.0522924, 13.5448558 ], [ 8.0522616, 13.5451774 ] ] ] } },
{ "type": "Feature", "properties": { "element": "way", "id": 548626314, "amenity": "hospital", "name": "Hôpital Général de Référence de Niamey", "project:mappingforniger": null, "source": "Mapbox", "addr:city": null, "addr:street": null, "email": null, "emergency": null, "healthcare": "hospital", "healthcare:speciality": null, "operator": "public", "iso3": null, "contact:email": null, "projet:mappingforniger": null, "barrier": "wall", "wheelchair": null, "description:fr": null, "shop": null, "website": null, "description": null, "operator:type": null, "landuse": null, "name:en": null, "building": null, "alt_name": null, "project:pdevii": null, "survey:date": null, "wikidata": null, "addr:country": null, "name:ar": null, "name:fr": null, "opening_hours": null, "phone": null, "short_name": "HGR", "fence_type": null, "height": null, "name:es": null, "name:pt": null, "fee": null, "check_date": null, "internet_access": null, "payment:cash": null, "wikipedia": null, "layer": null, "payment:cards": null, "payment:credit_cards": null, "payment:debit_cards": null, "access": null, "name:ha": null, "fixme": null }, "geometry": { "type": "Polygon", "coordinates": [ [ [ 2.0888291, 13.5871184 ], [ 2.0905591, 13.5873195 ], [ 2.0912921, 13.5874068 ], [ 2.0913712, 13.5873299 ], [ 2.0914365, 13.5873387 ], [ 2.0916585, 13.5873603 ], [ 2.0916931, 13.587367 ], [ 2.0917315, 13.5873716 ], [ 2.0917638, 13.5873753 ], [ 2.0918205, 13.5874681 ], [ 2.092607, 13.5875574 ], [ 2.0926419, 13.587515 ], [ 2.0926697, 13.5875182 ], [ 2.0927666, 13.5875293 ], [ 2.0927908, 13.5875815 ], [ 2.0934365, 13.5876538 ], [ 2.0951095, 13.5849104 ], [ 2.0950901, 13.5848887 ], [ 2.0904103, 13.584351 ], [ 2.0897018, 13.586288 ], [ 2.0896962, 13.5863274 ], [ 2.0897109, 13.5863496 ], [ 2.0897257, 13.5863653 ], [ 2.0897221, 13.5864033 ], [ 2.089719, 13.5864369 ], [ 2.0897015, 13.58645 ], [ 2.0896881, 13.5864487 ], [ 2.0895513, 13.5864265 ], [ 2.0888224, 13.5870946 ], [ 2.0888291, 13.5871184 ] ] ] } },
{ "type": "Feature", "properties": { "element": "way", "id": 609694238, "amenity": "hospital", "name": "Centre Hospitalier de Magaria", "project:mappingforniger": null, "source": null, "addr:city": "Magaria", "addr:street": null, "email": null, "emergency": "yes", "healthcare": "hospital", "healthcare:speciality": "paediatrics;maternity;general;ophthalmology;emergency", "operator": "Governo / Médicos Sem Fronteiras", "iso3": null, "contact:email": null, "projet:mappingforniger": null, "barrier": null, "wheelchair": null, "description:fr": null, "shop": null, "website": null, "description": null, "operator:type": null, "landuse": null, "name:en": "Magaria Hospital Center", "building": null, "alt_name": null, "project:pdevii": null, "survey:date": null, "wikidata": null, "addr:country": null, "name:ar": null, "name:fr": null, "opening_hours": null, "phone": null, "short_name": null, "fence_type": null, "height": null, "name:es": "Centro Hospitalario de Magaria", "name:pt": "Centro Hospitalar de Magaria", "fee": null, "check_date": null, "internet_access": null, "payment:cash": null, "wikipedia": null, "layer": null, "payment:cards": null, "payment:credit_cards": null, "payment:debit_cards": null, "access": null, "name:ha": null, "fixme": null }, "geometry": { "type": "Polygon", "coordinates": [ [ [ 8.911474, 12.9967196 ], [ 8.911609, 12.9960283 ], [ 8.9108653, 12.9958842 ], [ 8.91022, 12.9957863 ], [ 8.9100006, 12.9957863 ], [ 8.9095125, 12.9958308 ], [ 8.909435, 12.9964336 ], [ 8.9098667, 12.9965062 ], [ 8.911474, 12.9967196 ] ] ] } },
{ "type": "Feature", "properties": { "element": "way", "id": 609695206, "amenity": "hospital", "name": "Pédiatrie", "project:mappingforniger": null, "source": null, "addr:city": "Magaria", "addr:street": null, "email": null, "emergency": "yes", "healthcare": "hospital", "healthcare:speciality": "nutrition;paediatrics", "operator": "MSF - Médicins Sans Frontières", "iso3": null, "contact:email": null, "projet:mappingforniger": null, "barrier": null, "wheelchair": null, "description:fr": null, "shop": null, "website": null, "description": null, "operator:type": null, "landuse": null, "name:en": "Paediatrics", "building": null, "alt_name": null, "project:pdevii": null, "survey:date": null, "wikidata": null, "addr:country": null, "name:ar": null, "name:fr": null, "opening_hours": null, "phone": null, "short_name": null, "fence_type": null, "height": null, "name:es": "Pediatría", "name:pt": "Pediatria", "fee": "no", "check_date": null, "internet_access": null, "payment:cash": null, "wikipedia": null, "layer": null, "payment:cards": null, "payment:credit_cards": null, "payment:debit_cards": null, "access": null, "name:ha": null, "fixme": null }, "geometry": { "type": "Polygon", "coordinates": [ [ [ 8.909435, 12.9964336 ], [ 8.9098667, 12.9965062 ], [ 8.9099623, 12.9965232 ], [ 8.9100111, 12.9962618 ], [ 8.9100969, 12.9962696 ], [ 8.9102114, 12.9958275 ], [ 8.91022, 12.9957863 ], [ 8.909858, 12.9957934 ], [ 8.9095125, 12.9958308 ], [ 8.909435, 12.9964336 ] ] ] } },
{ "type": "Feature", "properties": { "element": "way", "id": 613783771, "amenity": "hospital", "name": "Enfermaria feminina e criança", "project:mappingforniger": null, "source": null, "addr:city": "Magaria", "addr:street": null, "email": null, "emergency": null, "healthcare": "hospital", "healthcare:speciality": "paediatrics;general", "operator": "Prefeitura de Magaria", "iso3": null, "contact:email": null, "projet:mappingforniger": null, "barrier": null, "wheelchair": null, "description:fr": null, "shop": null, "website": null, "description": null, "operator:type": null, "landuse": null, "name:en": null, "building": null, "alt_name": null, "project:pdevii": null, "survey:date": null, "wikidata": null, "addr:country": null, "name:ar": null, "name:fr": null, "opening_hours": null, "phone": null, "short_name": null, "fence_type": null, "height": null, "name:es": null, "name:pt": null, "fee": null, "check_date": null, "internet_access": null, "payment:cash": null, "wikipedia": null, "layer": null, "payment:cards": null, "payment:credit_cards": null, "payment:debit_cards": null, "access": null, "name:ha": null, "fixme": null }, "geometry": { "type": "Polygon", "coordinates": [ [ [ 8.9103436, 12.9960106 ], [ 8.9104109, 12.9960275 ], [ 8.9104686, 12.9958514 ], [ 8.9103975, 12.9958326 ], [ 8.9103436, 12.9960106 ] ] ] } },
{ "type": "Feature", "properties": { "element": "way", "id": 613783773, "amenity": "hospital", "name": "Serviço de Oftalmologia", "project:mappingforniger": null, "source": null, "addr:city": "Magaria", "addr:street": null, "email": null, "emergency": null, "healthcare": "hospital", "healthcare:speciality": "ophthalmology", "operator": "Minicípio de Magaria", "iso3": null, "contact:email": null, "projet:mappingforniger": null, "barrier": null, "wheelchair": null, "description:fr": null, "shop": null, "website": null, "description": null, "operator:type": null, "landuse": null, "name:en": null, "building": "yes", "alt_name": null, "project:pdevii": null, "survey:date": null, "wikidata": null, "addr:country": null, "name:ar": null, "name:fr": null, "opening_hours": null, "phone": null, "short_name": null, "fence_type": null, "height": null, "name:es": null, "name:pt": null, "fee": null, "check_date": null, "internet_access": null, "payment:cash": null, "wikipedia": null, "layer": null, "payment:cards": null, "payment:credit_cards": null, "payment:debit_cards": null, "access": null, "name:ha": null, "fixme": null }, "geometry": { "type": "Polygon", "coordinates": [ [ [ 8.911276, 12.99651 ], [ 8.911294, 12.9963117 ], [ 8.9114009, 12.9963208 ], [ 8.9113977, 12.9963557 ], [ 8.9114086, 12.9963567 ], [ 8.9113939, 12.9965201 ], [ 8.911276, 12.99651 ] ] ] } },
{ "type": "Feature", "properties": { "element": "way", "id": 613783776, "amenity": "hospital", "name": "Escritório Administrativo do Hospital de Magaria", "project:mappingforniger": null, "source": null, "addr:city": "Magaria", "addr:street": null, "email": null, "emergency": null, "healthcare": "hospital", "healthcare:speciality": null, "operator": "Minicipio de Magaria", "iso3": null, "contact:email": null, "projet:mappingforniger": null, "barrier": null, "wheelchair": null, "description:fr": null, "shop": null, "website": null, "description": null, "operator:type": null, "landuse": null, "name:en": null, "building": "yes", "alt_name": null, "project:pdevii": null, "survey:date": null, "wikidata": null, "addr:country": null, "name:ar": null, "name:fr": null, "opening_hours": null, "phone": null, "short_name": null, "fence_type": null, "height": null, "name:es": null, "name:pt": null, "fee": null, "check_date": null, "internet_access": null, "payment:cash": null, "wikipedia": null, "layer": null, "payment:cards": null, "payment:credit_cards": null, "payment:debit_cards": null, "access": null, "name:ha": null, "fixme": null }, "geometry": { "type": "Polygon", "coordinates": [ [ [ 8.9112523, 12.9961922 ], [ 8.9112976, 12.9962047 ], [ 8.911357, 12.9960006 ], [ 8.9113052, 12.9959863 ], [ 8.9112985, 12.9960094 ], [ 8.9112513, 12.9959964 ], [ 8.9112049, 12.9961557 ], [ 8.9112586, 12.9961706 ], [ 8.9112523, 12.9961922 ] ] ] } },
{ "type": "Feature", "properties": { "element": "way", "id": 613783781, "amenity": "hospital", "name": "Bloco Cirúrgico-Obstétrico do Hospital de Magaria", "project:mappingforniger": null, "source": null, "addr:city": "Magaria", "addr:street": null, "email": null, "emergency": null, "healthcare": "hospital", "healthcare:speciality": "surgery", "operator": "Minicipio de Magaria", "iso3": null, "contact:email": null, "projet:mappingforniger": null, "barrier": null, "wheelchair": null, "description:fr": null, "shop": null, "website": null, "description": null, "operator:type": null, "landuse": null, "name:en": null, "building": null, "alt_name": null, "project:pdevii": null, "survey:date": null, "wikidata": null, "addr:country": null, "name:ar": null, "name:fr": null, "opening_hours": null, "phone": null, "short_name": null, "fence_type": null, "height": null, "name:es": null, "name:pt": null, "fee": null, "check_date": null, "internet_access": null, "payment:cash": null, "wikipedia": null, "layer": null, "payment:cards": null, "payment:credit_cards": null, "payment:debit_cards": null, "access": null, "name:ha": null, "fixme": null }, "geometry": { "type": "Polygon", "coordinates": [ [ [ 8.9106127, 12.9960841 ], [ 8.9106842, 12.9961058 ], [ 8.9107292, 12.9959647 ], [ 8.910674, 12.995948 ], [ 8.9106896, 12.9958992 ], [ 8.9105559, 12.9958587 ], [ 8.9105388, 12.9959122 ], [ 8.9105073, 12.9959027 ], [ 8.9104933, 12.9959465 ], [ 8.9104731, 12.9959404 ], [ 8.9104564, 12.9959928 ], [ 8.9106255, 12.996044 ], [ 8.9106127, 12.9960841 ] ] ] } },
{ "type": "Feature", "properties": { "element": "way", "id": 628910576, "amenity": "hospital", "name": null, "project:mappingforniger": null, "source": null, "addr:city": null, "addr:street": null, "email": null, "emergency": null, "healthcare": "hospital", "healthcare:speciality": null, "operator": null, "iso3": null, "contact:email": null, "projet:mappingforniger": null, "barrier": null, "wheelchair": null, "description:fr": null, "shop": null, "website": null, "description": null, "operator:type": null, "landuse": null, "name:en": null, "building": null, "alt_name": null, "project:pdevii": null, "survey:date": null, "wikidata": null, "addr:country": null, "name:ar": null, "name:fr": null, "opening_hours": null, "phone": null, "short_name": null, "fence_type": null, "height": null, "name:es": null, "name:pt": null, "fee": null, "check_date": null, "internet_access": null, "payment:cash": null, "wikipedia": null, "layer": null, "payment:cards": null, "payment:credit_cards": null, "payment:debit_cards": null, "access": null, "name:ha": null, "fixme": null }, "geometry": { "type": "Polygon", "coordinates": [ [ [ 4.0386226, 13.6413399 ], [ 4.0388043, 13.6413565 ], [ 4.0388217, 13.6411669 ], [ 4.0387338, 13.6411614 ], [ 4.0386972, 13.6412528 ], [ 4.0386298, 13.6412697 ], [ 4.0386226, 13.6413399 ] ] ] } },
{ "type": "Feature", "properties": { "element": "way", "id": 789361619, "amenity": "hospital", "name": "Hopital Militaire", "project:mappingforniger": null, "source": "survey", "addr:city": null, "addr:street": null, "email": null, "emergency": null, "healthcare": "hospital", "healthcare:speciality": null, "operator": null, "iso3": null, "contact:email": null, "projet:mappingforniger": null, "barrier": null, "wheelchair": null, "description:fr": null, "shop": null, "website": null, "description": null, "operator:type": null, "landuse": null, "name:en": null, "building": null, "alt_name": null, "project:pdevii": null, "survey:date": null, "wikidata": null, "addr:country": null, "name:ar": null, "name:fr": null, "opening_hours": null, "phone": null, "short_name": null, "fence_type": null, "height": null, "name:es": null, "name:pt": null, "fee": null, "check_date": null, "internet_access": null, "payment:cash": null, "wikipedia": null, "layer": null, "payment:cards": null, "payment:credit_cards": null, "payment:debit_cards": null, "access": null, "name:ha": null, "fixme": null }, "geometry": { "type": "Polygon", "coordinates": [ [ [ 2.1207575, 13.4929131 ], [ 2.1201395, 13.49266 ], [ 2.1202255, 13.4924571 ], [ 2.1202751, 13.4923495 ], [ 2.1202784, 13.4923319 ], [ 2.1203919, 13.4923774 ], [ 2.1206105, 13.4918616 ], [ 2.1207755, 13.4914723 ], [ 2.1213255, 13.4916796 ], [ 2.1208173, 13.4928786 ], [ 2.1207575, 13.4929131 ] ] ] } },
{ "type": "Feature", "properties": { "element": "way", "id": 789361620, "amenity": "hospital", "name": "Clinique Jean Caba", "project:mappingforniger": null, "source": null, "addr:city": null, "addr:street": null, "email": null, "emergency": null, "healthcare": "hospital", "healthcare:speciality": null, "operator": null, "iso3": null, "contact:email": null, "projet:mappingforniger": null, "barrier": null, "wheelchair": null, "description:fr": null, "shop": null, "website": null, "description": null, "operator:type": null, "landuse": null, "name:en": null, "building": null, "alt_name": null, "project:pdevii": null, "survey:date": null, "wikidata": null, "addr:country": null, "name:ar": null, "name:fr": null, "opening_hours": null, "phone": null, "short_name": null, "fence_type": null, "height": null, "name:es": null, "name:pt": null, "fee": null, "check_date": null, "internet_access": null, "payment:cash": null, "wikipedia": null, "layer": "1", "payment:cards": null, "payment:credit_cards": null, "payment:debit_cards": null, "access": null, "name:ha": null, "fixme": null }, "geometry": { "type": "Polygon", "coordinates": [ [ [ 2.1118275, 13.5070328 ], [ 2.11174, 13.5069443 ], [ 2.1118065, 13.5066014 ], [ 2.1120467, 13.5066598 ], [ 2.1119805, 13.5070192 ], [ 2.111956, 13.5070181 ], [ 2.1119455, 13.5070487 ], [ 2.1118275, 13.5070328 ] ] ] } },
{ "type": "Feature", "properties": { "element": "way", "id": 789361621, "amenity": "hospital", "name": "Centre Hospitalier Universitaire", "project:mappingforniger": null, "source": null, "addr:city": "Niamey", "addr:street": "Rue LM - 7", "email": null, "emergency": null, "healthcare": "hospital", "healthcare:speciality": null, "operator": null, "iso3": null, "contact:email": null, "projet:mappingforniger": null, "barrier": null, "wheelchair": null, "description:fr": null, "shop": null, "website": null, "description": null, "operator:type": null, "landuse": null, "name:en": null, "building": null, "alt_name": "CHU", "project:pdevii": null, "survey:date": null, "wikidata": null, "addr:country": "NE", "name:ar": null, "name:fr": null, "opening_hours": null, "phone": null, "short_name": null, "fence_type": null, "height": null, "name:es": null, "name:pt": null, "fee": null, "check_date": null, "internet_access": null, "payment:cash": null, "wikipedia": null, "layer": null, "payment:cards": null, "payment:credit_cards": null, "payment:debit_cards": null, "access": null, "name:ha": null, "fixme": null }, "geometry": { "type": "Polygon", "coordinates": [ [ [ 2.0801476, 13.5035692 ], [ 2.0800964, 13.502963 ], [ 2.0807276, 13.5029584 ], [ 2.0811839, 13.5029551 ], [ 2.0811786, 13.5031567 ], [ 2.0811679, 13.5035624 ], [ 2.0801476, 13.5035692 ] ] ] } },
{ "type": "Feature", "properties": { "element": "way", "id": 789361623, "amenity": "hospital", "name": "Polycliniques Magori", "project:mappingforniger": "yes", "source": "bing", "addr:city": null, "addr:street": "Boulevard de la Liberté", "email": null, "emergency": null, "healthcare": "hospital", "healthcare:speciality": null, "operator": null, "iso3": null, "contact:email": null, "projet:mappingforniger": null, "barrier": null, "wheelchair": null, "description:fr": null, "shop": null, "website": null, "description": null, "operator:type": null, "landuse": null, "name:en": "Magori Policlinics", "building": null, "alt_name": null, "project:pdevii": null, "survey:date": null, "wikidata": null, "addr:country": null, "name:ar": null, "name:fr": null, "opening_hours": "24/7", "phone": null, "short_name": null, "fence_type": null, "height": null, "name:es": null, "name:pt": null, "fee": null, "check_date": null, "internet_access": null, "payment:cash": null, "wikipedia": null, "layer": null, "payment:cards": null, "payment:credit_cards": null, "payment:debit_cards": null, "access": null, "name:ha": null, "fixme": null }, "geometry": { "type": "Polygon", "coordinates": [ [ [ 2.1284117, 13.5037704 ], [ 2.1279146, 13.5033582 ], [ 2.1282652, 13.5029584 ], [ 2.1283256, 13.5030084 ], [ 2.1284002, 13.5030703 ], [ 2.1284854, 13.503141 ], [ 2.1285714, 13.5032122 ], [ 2.1285892, 13.503227 ], [ 2.1287623, 13.5033705 ], [ 2.1284117, 13.5037704 ] ] ] } },
{ "type": "Feature", "properties": { "element": "way", "id": 789361624, "amenity": "hospital", "name": null, "project:mappingforniger": null, "source": null, "addr:city": null, "addr:street": null, "email": null, "emergency": null, "healthcare": "hospital", "healthcare:speciality": null, "operator": null, "iso3": null, "contact:email": null, "projet:mappingforniger": null, "barrier": null, "wheelchair": null, "description:fr": null, "shop": null, "website": null, "description": null, "operator:type": null, "landuse": null, "name:en": null, "building": null, "alt_name": null, "project:pdevii": null, "survey:date": null, "wikidata": null, "addr:country": null, "name:ar": null, "name:fr": null, "opening_hours": null, "phone": null, "short_name": null, "fence_type": null, "height": null, "name:es": null, "name:pt": null, "fee": null, "check_date": null, "internet_access": null, "payment:cash": null, "wikipedia": null, "layer": null, "payment:cards": null, "payment:credit_cards": null, "payment:debit_cards": null, "access": null, "name:ha": null, "fixme": null }, "geometry": { "type": "Polygon", "coordinates": [ [ [ 3.1997339, 13.0476459 ], [ 3.1998183, 13.0463576 ], [ 3.1999245, 13.046355 ], [ 3.2012617, 13.0466011 ], [ 3.2013511, 13.0466461 ], [ 3.2013926, 13.046861 ], [ 3.2015408, 13.0477467 ], [ 3.200839, 13.0477075 ], [ 3.2000315, 13.0476625 ], [ 3.1997339, 13.0476459 ] ] ] } },
{ "type": "Feature", "properties": { "element": "way", "id": 789361625, "amenity": "hospital", "name": "Hopital de District Madaoua", "project:mappingforniger": null, "source": null, "addr:city": null, "addr:street": null, "email": null, "emergency": null, "healthcare": "hospital", "healthcare:speciality": null, "operator": null, "iso3": null, "contact:email": null, "projet:mappingforniger": null, "barrier": null, "wheelchair": null, "description:fr": null, "shop": null, "website": null, "description": null, "operator:type": null, "landuse": null, "name:en": null, "building": null, "alt_name": null, "project:pdevii": null, "survey:date": null, "wikidata": null, "addr:country": null, "name:ar": null, "name:fr": null, "opening_hours": null, "phone": null, "short_name": null, "fence_type": null, "height": null, "name:es": null, "name:pt": null, "fee": null, "check_date": null, "internet_access": null, "payment:cash": null, "wikipedia": null, "layer": null, "payment:cards": null, "payment:credit_cards": null, "payment:debit_cards": null, "access": null, "name:ha": null, "fixme": null }, "geometry": { "type": "Polygon", "coordinates": [ [ [ 5.9561481, 14.07587 ], [ 5.9547268, 14.075553 ], [ 5.9546474, 14.0755077 ], [ 5.95473, 14.0753802 ], [ 5.9551237, 14.0750865 ], [ 5.9556429, 14.0747979 ], [ 5.956029, 14.0745585 ], [ 5.9566797, 14.0741586 ], [ 5.9572874, 14.0751755 ], [ 5.9561481, 14.07587 ] ] ] } },
{ "type": "Feature", "properties": { "element": "way", "id": 789361626, "amenity": "hospital", "name": "Hopital Regional de Zinder", "project:mappingforniger": "yes", "source": "survey", "addr:city": null, "addr:street": null, "email": null, "emergency": null, "healthcare": "hospital", "healthcare:speciality": null, "operator": null, "iso3": null, "contact:email": null, "projet:mappingforniger": null, "barrier": null, "wheelchair": null, "description:fr": null, "shop": null, "website": null, "description": null, "operator:type": null, "landuse": null, "name:en": null, "building": null, "alt_name": null, "project:pdevii": null, "survey:date": null, "wikidata": null, "addr:country": null, "name:ar": null, "name:fr": null, "opening_hours": null, "phone": null, "short_name": null, "fence_type": null, "height": null, "name:es": null, "name:pt": null, "fee": null, "check_date": null, "internet_access": null, "payment:cash": null, "wikipedia": null, "layer": null, "payment:cards": null, "payment:credit_cards": null, "payment:debit_cards": null, "access": null, "name:ha": null, "fixme": null }, "geometry": { "type": "Polygon", "coordinates": [ [ [ 8.9864449, 13.8023441 ], [ 8.986402, 13.8024991 ], [ 8.9860144, 13.8024222 ], [ 8.9861539, 13.8020185 ], [ 8.9862719, 13.8020413 ], [ 8.9863564, 13.8019775 ], [ 8.9864912, 13.802195 ], [ 8.9864449, 13.8023441 ] ] ] } },
{ "type": "Feature", "properties": { "element": "way", "id": 789361629, "amenity": "hospital", "name": null, "project:mappingforniger": null, "source": null, "addr:city": null, "addr:street": null, "email": null, "emergency": null, "healthcare": "hospital", "healthcare:speciality": null, "operator": null, "iso3": null, "contact:email": null, "projet:mappingforniger": null, "barrier": null, "wheelchair": null, "description:fr": null, "shop": null, "website": null, "description": null, "operator:type": null, "landuse": null, "name:en": null, "building": null, "alt_name": null, "project:pdevii": null, "survey:date": null, "wikidata": null, "addr:country": null, "name:ar": null, "name:fr": null, "opening_hours": null, "phone": null, "short_name": null, "fence_type": null, "height": null, "name:es": null, "name:pt": null, "fee": null, "check_date": null, "internet_access": null, "payment:cash": null, "wikipedia": null, "layer": null, "payment:cards": null, "payment:credit_cards": null, "payment:debit_cards": null, "access": null, "name:ha": null, "fixme": null }, "geometry": { "type": "Polygon", "coordinates": [ [ [ 13.123889, 13.6680881 ], [ 13.124515, 13.6681715 ], [ 13.1247366, 13.6674756 ], [ 13.1244228, 13.6674 ], [ 13.1240258, 13.6672801 ], [ 13.123551, 13.6672697 ], [ 13.1234357, 13.6672723 ], [ 13.1232667, 13.6676294 ], [ 13.1231165, 13.6679603 ], [ 13.1231742, 13.6680152 ], [ 13.1235081, 13.6680516 ], [ 13.1236583, 13.6680646 ], [ 13.123889, 13.6680881 ] ] ] } },
{ "type": "Feature", "properties": { "element": "way", "id": 789361630, "amenity": "hospital", "name": null, "project:mappingforniger": null, "source": null, "addr:city": null, "addr:street": null, "email": null, "emergency": null, "healthcare": "hospital", "healthcare:speciality": null, "operator": null, "iso3": null, "contact:email": null, "projet:mappingforniger": null, "barrier": null, "wheelchair": null, "description:fr": null, "shop": null, "website": null, "description": null, "operator:type": null, "landuse": null, "name:en": null, "building": null, "alt_name": null, "project:pdevii": null, "survey:date": null, "wikidata": null, "addr:country": null, "name:ar": null, "name:fr": null, "opening_hours": null, "phone": null, "short_name": null, "fence_type": null, "height": null, "name:es": null, "name:pt": null, "fee": null, "check_date": null, "internet_access": null, "payment:cash": null, "wikipedia": null, "layer": null, "payment:cards": null, "payment:credit_cards": null, "payment:debit_cards": null, "access": null, "name:ha": null, "fixme": null }, "geometry": { "type": "Polygon", "coordinates": [ [ [ 13.3095652, 13.6981621 ], [ 13.3096228, 13.6977481 ], [ 13.3101007, 13.6977788 ], [ 13.3101048, 13.6981971 ], [ 13.3099787, 13.6981945 ], [ 13.3097681, 13.6981853 ], [ 13.3096727, 13.6981853 ], [ 13.3095652, 13.6981621 ] ] ] } },
{ "type": "Feature", "properties": { "element": "way", "id": 789361632, "amenity": "hospital", "name": "District Sanitaire de Matankari", "project:mappingforniger": null, "source": null, "addr:city": null, "addr:street": null, "email": null, "emergency": null, "healthcare": "hospital", "healthcare:speciality": null, "operator": "public", "iso3": null, "contact:email": null, "projet:mappingforniger": null, "barrier": null, "wheelchair": null, "description:fr": null, "shop": null, "website": null, "description": null, "operator:type": null, "landuse": null, "name:en": "Healthy District of Matankari", "building": null, "alt_name": null, "project:pdevii": null, "survey:date": null, "wikidata": null, "addr:country": null, "name:ar": null, "name:fr": null, "opening_hours": null, "phone": null, "short_name": null, "fence_type": null, "height": null, "name:es": null, "name:pt": null, "fee": null, "check_date": null, "internet_access": null, "payment:cash": null, "wikipedia": null, "layer": null, "payment:cards": null, "payment:credit_cards": null, "payment:debit_cards": null, "access": null, "name:ha": null, "fixme": null }, "geometry": { "type": "Polygon", "coordinates": [ [ [ 4.0059152, 13.7729929 ], [ 4.0050222, 13.7716705 ], [ 4.0063783, 13.7708066 ], [ 4.0072704, 13.7721263 ], [ 4.0059152, 13.7729929 ] ] ] } },
{ "type": "Feature", "properties": { "element": "way", "id": 789361633, "amenity": "hospital", "name": "Maternité Issaka Gazobi", "project:mappingforniger": null, "source": null, "addr:city": null, "addr:street": null, "email": null, "emergency": null, "healthcare": "hospital", "healthcare:speciality": null, "operator": null, "iso3": null, "contact:email": null, "projet:mappingforniger": null, "barrier": null, "wheelchair": null, "description:fr": null, "shop": null, "website": null, "description": null, "operator:type": null, "landuse": null, "name:en": null, "building": null, "alt_name": null, "project:pdevii": null, "survey:date": null, "wikidata": null, "addr:country": null, "name:ar": null, "name:fr": null, "opening_hours": null, "phone": null, "short_name": null, "fence_type": null, "height": null, "name:es": null, "name:pt": null, "fee": null, "check_date": "2024-06-27", "internet_access": null, "payment:cash": null, "wikipedia": null, "layer": null, "payment:cards": null, "payment:credit_cards": null, "payment:debit_cards": null, "access": null, "name:ha": null, "fixme": null }, "geometry": { "type": "Polygon", "coordinates": [ [ [ 2.1117575, 13.510347 ], [ 2.1118272, 13.5100523 ], [ 2.1113363, 13.509974 ], [ 2.1112666, 13.5102948 ], [ 2.1114436, 13.5103261 ], [ 2.1115509, 13.5103261 ], [ 2.1117575, 13.510347 ] ] ] } },
{ "type": "Feature", "properties": { "element": "way", "id": 789361634, "amenity": "hospital", "name": "Centre de Santé Intégré de Boukoki", "project:mappingforniger": null, "source": null, "addr:city": null, "addr:street": "Avenue Idrissa Alaoma", "email": null, "emergency": "no", "healthcare": "yes", "healthcare:speciality": "general;emergency", "operator": null, "iso3": null, "contact:email": null, "projet:mappingforniger": null, "barrier": null, "wheelchair": "yes", "description:fr": null, "shop": null, "website": null, "description": null, "operator:type": "public", "landuse": null, "name:en": "Health Integred Center of Boukoki", "building": null, "alt_name": null, "project:pdevii": null, "survey:date": null, "wikidata": null, "addr:country": null, "name:ar": null, "name:fr": "Centre de Santé Intégré de Boukoki", "opening_hours": null, "phone": null, "short_name": null, "fence_type": null, "height": null, "name:es": null, "name:pt": null, "fee": null, "check_date": "2024-02-20", "internet_access": "no", "payment:cash": "yes", "wikipedia": null, "layer": null, "payment:cards": "no", "payment:credit_cards": "no", "payment:debit_cards": "no", "access": null, "name:ha": null, "fixme": null }, "geometry": { "type": "Polygon", "coordinates": [ [ [ 2.120367, 13.5325342 ], [ 2.119955, 13.5326605 ], [ 2.1196958, 13.53274 ], [ 2.1198051, 13.5331348 ], [ 2.1198899, 13.5334179 ], [ 2.1199019, 13.5334523 ], [ 2.1200956, 13.5333857 ], [ 2.120162, 13.533365 ], [ 2.1202166, 13.5333479 ], [ 2.1206036, 13.5332304 ], [ 2.1205373, 13.5330206 ], [ 2.1204643, 13.5327899 ], [ 2.120367, 13.5325342 ] ] ] } },
{ "type": "Feature", "properties": { "element": "way", "id": 789361638, "amenity": "hospital", "name": "CSI Lamordé", "project:mappingforniger": null, "source": null, "addr:city": null, "addr:street": null, "email": null, "emergency": null, "healthcare": "hospital", "healthcare:speciality": null, "operator": null, "iso3": null, "contact:email": null, "projet:mappingforniger": null, "barrier": null, "wheelchair": null, "description:fr": null, "shop": null, "website": null, "description": null, "operator:type": null, "landuse": null, "name:en": null, "building": null, "alt_name": null, "project:pdevii": null, "survey:date": null, "wikidata": null, "addr:country": null, "name:ar": null, "name:fr": null, "opening_hours": null, "phone": null, "short_name": null, "fence_type": null, "height": null, "name:es": null, "name:pt": null, "fee": null, "check_date": null, "internet_access": null, "payment:cash": null, "wikipedia": null, "layer": null, "payment:cards": null, "payment:credit_cards": null, "payment:debit_cards": null, "access": null, "name:ha": null, "fixme": null }, "geometry": { "type": "Polygon", "coordinates": [ [ [ 2.0777421, 13.5083667 ], [ 2.0779656, 13.508368 ], [ 2.0781016, 13.5083667 ], [ 2.0781018, 13.5081687 ], [ 2.0781031, 13.5080396 ], [ 2.0781057, 13.5079783 ], [ 2.0781053, 13.5079412 ], [ 2.0776532, 13.5079688 ], [ 2.0776579, 13.5080412 ], [ 2.0776601, 13.5081056 ], [ 2.0776632, 13.5081675 ], [ 2.0777503, 13.5081713 ], [ 2.0777421, 13.5083667 ] ] ] } },
{ "type": "Feature", "properties": { "element": "way", "id": 789361639, "amenity": "hospital", "name": "Hôpital de Gawèye", "project:mappingforniger": null, "source": "survey", "addr:city": null, "addr:street": null, "email": null, "emergency": null, "healthcare": "hospital", "healthcare:speciality": null, "operator": null, "iso3": null, "contact:email": null, "projet:mappingforniger": null, "barrier": null, "wheelchair": null, "description:fr": null, "shop": null, "website": null, "description": null, "operator:type": null, "landuse": null, "name:en": null, "building": null, "alt_name": null, "project:pdevii": null, "survey:date": null, "wikidata": "Q64760712", "addr:country": null, "name:ar": null, "name:fr": null, "opening_hours": null, "phone": null, "short_name": null, "fence_type": null, "height": null, "name:es": null, "name:pt": null, "fee": null, "check_date": null, "internet_access": null, "payment:cash": null, "wikipedia": "de:Distriktkrankenhaus Gawèye", "layer": null, "payment:cards": null, "payment:credit_cards": null, "payment:debit_cards": null, "access": null, "name:ha": null, "fixme": null }, "geometry": { "type": "Polygon", "coordinates": [ [ [ 2.1066501, 13.4880361 ], [ 2.106276, 13.4874143 ], [ 2.1073548, 13.4867866 ], [ 2.1077372, 13.4874093 ], [ 2.1066501, 13.4880361 ] ] ] } },
{ "type": "Feature", "properties": { "element": "way", "id": 789361642, "amenity": "hospital", "name": "CSI/Karadjé", "project:mappingforniger": null, "source": "survery", "addr:city": null, "addr:street": null, "email": null, "emergency": null, "healthcare": "hospital", "healthcare:speciality": null, "operator": null, "iso3": null, "contact:email": null, "projet:mappingforniger": null, "barrier": null, "wheelchair": null, "description:fr": null, "shop": null, "website": null, "description": null, "operator:type": null, "landuse": null, "name:en": null, "building": null, "alt_name": null, "project:pdevii": null, "survey:date": null, "wikidata": null, "addr:country": null, "name:ar": null, "name:fr": null, "opening_hours": null, "phone": null, "short_name": null, "fence_type": null, "height": null, "name:es": null, "name:pt": null, "fee": null, "check_date": null, "internet_access": null, "payment:cash": null, "wikipedia": null, "layer": null, "payment:cards": null, "payment:credit_cards": null, "payment:debit_cards": null, "access": null, "name:ha": null, "fixme": null }, "geometry": { "type": "Polygon", "coordinates": [ [ [ 2.0908415, 13.4944076 ], [ 2.0907501, 13.4944155 ], [ 2.0903688, 13.4941033 ], [ 2.0907256, 13.4936626 ], [ 2.0911837, 13.4940133 ], [ 2.0908415, 13.4944076 ] ] ] } },
{ "type": "Feature", "properties": { "element": "way", "id": 789361645, "amenity": "hospital", "name": "Centre Hospitalier Regional", "project:mappingforniger": null, "source": "survey", "addr:city": null, "addr:street": null, "email": null, "emergency": null, "healthcare": "hospital", "healthcare:speciality": null, "operator": null, "iso3": null, "contact:email": null, "projet:mappingforniger": null, "barrier": null, "wheelchair": null, "description:fr": null, "shop": null, "website": null, "description": null, "operator:type": null, "landuse": null, "name:en": null, "building": null, "alt_name": null, "project:pdevii": "yes", "survey:date": null, "wikidata": null, "addr:country": null, "name:ar": null, "name:fr": null, "opening_hours": null, "phone": null, "short_name": "CHR", "fence_type": null, "height": null, "name:es": null, "name:pt": null, "fee": null, "check_date": null, "internet_access": null, "payment:cash": null, "wikipedia": null, "layer": null, "payment:cards": null, "payment:credit_cards": null, "payment:debit_cards": null, "access": null, "name:ha": null, "fixme": null }, "geometry": { "type": "Polygon", "coordinates": [ [ [ 7.1060771, 13.4903857 ], [ 7.1083472, 13.4889018 ], [ 7.1067355, 13.4865358 ], [ 7.1066277, 13.4864685 ], [ 7.1044951, 13.4879355 ], [ 7.1044785, 13.4880096 ], [ 7.1060771, 13.4903857 ] ] ] } },
{ "type": "Feature", "properties": { "element": "way", "id": 789361647, "amenity": "hospital", "name": "District Sanitaire Agadez Commune", "project:mappingforniger": null, "source": null, "addr:city": null, "addr:street": null, "email": null, "emergency": null, "healthcare": "hospital", "healthcare:speciality": null, "operator": null, "iso3": null, "contact:email": null, "projet:mappingforniger": null, "barrier": null, "wheelchair": null, "description:fr": null, "shop": null, "website": null, "description": null, "operator:type": null, "landuse": null, "name:en": null, "building": null, "alt_name": null, "project:pdevii": "yes", "survey:date": null, "wikidata": null, "addr:country": null, "name:ar": null, "name:fr": null, "opening_hours": null, "phone": null, "short_name": null, "fence_type": null, "height": null, "name:es": null, "name:pt": null, "fee": null, "check_date": null, "internet_access": null, "payment:cash": null, "wikipedia": null, "layer": null, "payment:cards": null, "payment:credit_cards": null, "payment:debit_cards": null, "access": null, "name:ha": null, "fixme": null }, "geometry": { "type": "Polygon", "coordinates": [ [ [ 7.9895344, 16.9778864 ], [ 7.9896068, 16.9778248 ], [ 7.9895732, 16.9768863 ], [ 7.988204, 16.97672 ], [ 7.9877963, 16.9774169 ], [ 7.9878386, 16.9775123 ], [ 7.9887837, 16.9777193 ], [ 7.9888538, 16.9777349 ], [ 7.9895344, 16.9778864 ] ] ] } },
{ "type": "Feature", "properties": { "element": "way", "id": 789361648, "amenity": "hospital", "name": "direction départemental de la santé", "project:mappingforniger": null, "source": null, "addr:city": null, "addr:street": null, "email": null, "emergency": null, "healthcare": "hospital", "healthcare:speciality": null, "operator": null, "iso3": null, "contact:email": null, "projet:mappingforniger": null, "barrier": null, "wheelchair": null, "description:fr": null, "shop": null, "website": null, "description": null, "operator:type": null, "landuse": null, "name:en": null, "building": null, "alt_name": null, "project:pdevii": null, "survey:date": null, "wikidata": null, "addr:country": null, "name:ar": null, "name:fr": null, "opening_hours": null, "phone": null, "short_name": null, "fence_type": null, "height": null, "name:es": null, "name:pt": null, "fee": null, "check_date": null, "internet_access": null, "payment:cash": null, "wikipedia": null, "layer": null, "payment:cards": null, "payment:credit_cards": null, "payment:debit_cards": null, "access": null, "name:ha": null, "fixme": null }, "geometry": { "type": "Polygon", "coordinates": [ [ [ 5.2545788, 13.7988202 ], [ 5.255991, 13.7992869 ], [ 5.2561948, 13.7985184 ], [ 5.2560393, 13.7983517 ], [ 5.2556584, 13.7982371 ], [ 5.2553848, 13.7980339 ], [ 5.2552346, 13.7974452 ], [ 5.2552053, 13.7972826 ], [ 5.2545748, 13.7970701 ], [ 5.2541456, 13.7980496 ], [ 5.2543817, 13.7982058 ], [ 5.2545426, 13.7983465 ], [ 5.254611, 13.7984572 ], [ 5.2546284, 13.7986643 ], [ 5.2545788, 13.7988202 ] ] ] } },
{ "type": "Feature", "properties": { "element": "way", "id": 789361652, "amenity": "hospital", "name": "Marternité Birni", "project:mappingforniger": null, "source": "survey", "addr:city": null, "addr:street": null, "email": null, "emergency": null, "healthcare": "hospital", "healthcare:speciality": null, "operator": null, "iso3": null, "contact:email": null, "projet:mappingforniger": null, "barrier": null, "wheelchair": null, "description:fr": null, "shop": null, "website": null, "description": null, "operator:type": null, "landuse": null, "name:en": null, "building": null, "alt_name": null, "project:pdevii": "yes", "survey:date": null, "wikidata": null, "addr:country": null, "name:ar": null, "name:fr": null, "opening_hours": null, "phone": null, "short_name": null, "fence_type": null, "height": null, "name:es": null, "name:pt": null, "fee": null, "check_date": null, "internet_access": null, "payment:cash": null, "wikipedia": null, "layer": null, "payment:cards": null, "payment:credit_cards": null, "payment:debit_cards": null, "access": null, "name:ha": null, "fixme": null }, "geometry": { "type": "Polygon", "coordinates": [ [ [ 8.9998077, 13.792746 ], [ 8.999888, 13.7925681 ], [ 8.9999353, 13.7925874 ], [ 9.0000381, 13.7924029 ], [ 9.0001993, 13.792467 ], [ 9.0001814, 13.792902 ], [ 8.9998077, 13.792746 ] ] ] } },
{ "type": "Feature", "properties": { "element": "way", "id": 789361655, "amenity": "hospital", "name": "Hopital Ophtamologique MAKKAA", "project:mappingforniger": null, "source": "survey", "addr:city": null, "addr:street": null, "email": null, "emergency": null, "healthcare": "hospital", "healthcare:speciality": null, "operator": null, "iso3": null, "contact:email": null, "projet:mappingforniger": null, "barrier": null, "wheelchair": null, "description:fr": null, "shop": null, "website": null, "description": null, "operator:type": null, "landuse": null, "name:en": null, "building": null, "alt_name": null, "project:pdevii": "yes", "survey:date": null, "wikidata": null, "addr:country": null, "name:ar": null, "name:fr": null, "opening_hours": null, "phone": null, "short_name": null, "fence_type": null, "height": null, "name:es": null, "name:pt": null, "fee": null, "check_date": null, "internet_access": null, "payment:cash": null, "wikipedia": null, "layer": null, "payment:cards": null, "payment:credit_cards": null, "payment:debit_cards": null, "access": null, "name:ha": null, "fixme": null }, "geometry": { "type": "Polygon", "coordinates": [ [ [ 7.1326873, 13.4915469 ], [ 7.1329011, 13.4905107 ], [ 7.1337567, 13.4906821 ], [ 7.1335692, 13.4915734 ], [ 7.1326873, 13.4915469 ] ] ] } },
{ "type": "Feature", "properties": { "element": "way", "id": 789361656, "amenity": "hospital", "name": "Hôpital De District Sanitaire", "project:mappingforniger": null, "source": "survey", "addr:city": null, "addr:street": null, "email": null, "emergency": null, "healthcare": "hospital", "healthcare:speciality": null, "operator": null, "iso3": null, "contact:email": null, "projet:mappingforniger": null, "barrier": null, "wheelchair": null, "description:fr": null, "shop": null, "website": null, "description": null, "operator:type": null, "landuse": null, "name:en": null, "building": null, "alt_name": null, "project:pdevii": "yes", "survey:date": null, "wikidata": null, "addr:country": null, "name:ar": null, "name:fr": null, "opening_hours": null, "phone": null, "short_name": null, "fence_type": null, "height": null, "name:es": null, "name:pt": null, "fee": null, "check_date": null, "internet_access": null, "payment:cash": null, "wikipedia": null, "layer": null, "payment:cards": null, "payment:credit_cards": null, "payment:debit_cards": null, "access": null, "name:ha": null, "fixme": null }, "geometry": { "type": "Polygon", "coordinates": [ [ [ 1.4504862, 14.2067504 ], [ 1.4504433, 14.2066516 ], [ 1.4503763, 14.2064124 ], [ 1.4503173, 14.206194 ], [ 1.4502287, 14.2057831 ], [ 1.4501831, 14.2055543 ], [ 1.4514181, 14.2053093 ], [ 1.4515979, 14.2054367 ], [ 1.4518849, 14.2065964 ], [ 1.4517159, 14.206677 ], [ 1.451571, 14.2067082 ], [ 1.4514181, 14.2067264 ], [ 1.4504862, 14.2067504 ] ] ] } },
{ "type": "Feature", "properties": { "element": "way", "id": 789361657, "amenity": "hospital", "name": "Hopital Ophtalmologue Makka", "project:mappingforniger": null, "source": "survey", "addr:city": null, "addr:street": null, "email": null, "emergency": null, "healthcare": "hospital", "healthcare:speciality": null, "operator": null, "iso3": null, "contact:email": null, "projet:mappingforniger": null, "barrier": null, "wheelchair": null, "description:fr": null, "shop": null, "website": null, "description": null, "operator:type": null, "landuse": null, "name:en": null, "building": null, "alt_name": null, "project:pdevii": null, "survey:date": null, "wikidata": null, "addr:country": null, "name:ar": null, "name:fr": null, "opening_hours": null, "phone": null, "short_name": null, "fence_type": null, "height": null, "name:es": null, "name:pt": null, "fee": null, "check_date": null, "internet_access": null, "payment:cash": null, "wikipedia": null, "layer": null, "payment:cards": null, "payment:credit_cards": null, "payment:debit_cards": null, "access": null, "name:ha": null, "fixme": null }, "geometry": { "type": "Polygon", "coordinates": [ [ [ 2.1469269, 13.5100171 ], [ 2.146369, 13.5095346 ], [ 2.1469075, 13.5089254 ], [ 2.1474918, 13.5094246 ], [ 2.1469269, 13.5100171 ] ] ] } },
{ "type": "Feature", "properties": { "element": "way", "id": 789361660, "amenity": "hospital", "name": "hôpital district Nguigmi", "project:mappingforniger": null, "source": null, "addr:city": null, "addr:street": null, "email": null, "emergency": null, "healthcare": "hospital", "healthcare:speciality": null, "operator": null, "iso3": null, "contact:email": null, "projet:mappingforniger": null, "barrier": null, "wheelchair": null, "description:fr": null, "shop": null, "website": null, "description": null, "operator:type": null, "landuse": null, "name:en": null, "building": null, "alt_name": null, "project:pdevii": null, "survey:date": null, "wikidata": null, "addr:country": null, "name:ar": "حي المستشفى انقوقمي", "name:fr": "hôpital district Nguigmi", "opening_hours": null, "phone": null, "short_name": null, "fence_type": null, "height": null, "name:es": null, "name:pt": null, "fee": null, "check_date": null, "internet_access": null, "payment:cash": null, "wikipedia": null, "layer": null, "payment:cards": null, "payment:credit_cards": null, "payment:debit_cards": null, "access": null, "name:ha": null, "fixme": null }, "geometry": { "type": "Polygon", "coordinates": [ [ [ 13.1149332, 14.2570325 ], [ 13.1150191, 14.2566841 ], [ 13.1150808, 14.2565177 ], [ 13.1152846, 14.2563878 ], [ 13.1154241, 14.256315 ], [ 13.1157299, 14.2561252 ], [ 13.116395, 14.25638 ], [ 13.1160437, 14.257321 ], [ 13.1149332, 14.2570325 ] ] ] } },
{ "type": "Feature", "properties": { "element": "way", "id": 789897733, "amenity": "hospital", "name": "Hôpital de district Ngourti", "project:mappingforniger": null, "source": null, "addr:city": null, "addr:street": null, "email": null, "emergency": null, "healthcare": "hospital", "healthcare:speciality": null, "operator": null, "iso3": null, "contact:email": null, "projet:mappingforniger": null, "barrier": null, "wheelchair": null, "description:fr": null, "shop": null, "website": null, "description": null, "operator:type": null, "landuse": null, "name:en": null, "building": null, "alt_name": null, "project:pdevii": null, "survey:date": null, "wikidata": null, "addr:country": null, "name:ar": null, "name:fr": "Hôpital de district Ngourti", "opening_hours": null, "phone": null, "short_name": null, "fence_type": null, "height": null, "name:es": null, "name:pt": null, "fee": null, "check_date": null, "internet_access": null, "payment:cash": null, "wikipedia": null, "layer": null, "payment:cards": null, "payment:credit_cards": null, "payment:debit_cards": null, "access": null, "name:ha": null, "fixme": null }, "geometry": { "type": "Polygon", "coordinates": [ [ [ 13.1895161, 15.3256795 ], [ 13.1879707, 15.3252066 ], [ 13.1885038, 15.323477 ], [ 13.190059, 15.3239368 ], [ 13.1895161, 15.3256795 ] ] ] } },
{ "type": "Feature", "properties": { "element": "way", "id": 789897734, "amenity": "hospital", "name": "CSI DIFFA", "project:mappingforniger": null, "source": null, "addr:city": null, "addr:street": null, "email": null, "emergency": null, "healthcare": "hospital", "healthcare:speciality": null, "operator": null, "iso3": null, "contact:email": null, "projet:mappingforniger": null, "barrier": null, "wheelchair": null, "description:fr": null, "shop": null, "website": null, "description": null, "operator:type": null, "landuse": null, "name:en": null, "building": null, "alt_name": null, "project:pdevii": null, "survey:date": null, "wikidata": null, "addr:country": null, "name:ar": null, "name:fr": null, "opening_hours": null, "phone": null, "short_name": null, "fence_type": null, "height": null, "name:es": null, "name:pt": null, "fee": null, "check_date": null, "internet_access": null, "payment:cash": null, "wikipedia": null, "layer": null, "payment:cards": null, "payment:credit_cards": null, "payment:debit_cards": null, "access": null, "name:ha": null, "fixme": null }, "geometry": { "type": "Polygon", "coordinates": [ [ [ 12.6133944, 13.3176203 ], [ 12.6130699, 13.317279 ], [ 12.6132174, 13.3172242 ], [ 12.613263, 13.3172477 ], [ 12.6134756, 13.317077 ], [ 12.6137205, 13.3173004 ], [ 12.6133944, 13.3176203 ] ] ] } },
{ "type": "Feature", "properties": { "element": "way", "id": 789897736, "amenity": "hospital", "name": "CSI Karagou", "project:mappingforniger": null, "source": null, "addr:city": null, "addr:street": null, "email": null, "emergency": null, "healthcare": "hospital", "healthcare:speciality": null, "operator": null, "iso3": null, "contact:email": null, "projet:mappingforniger": null, "barrier": null, "wheelchair": null, "description:fr": null, "shop": null, "website": null, "description": null, "operator:type": null, "landuse": null, "name:en": null, "building": null, "alt_name": null, "project:pdevii": null, "survey:date": null, "wikidata": null, "addr:country": null, "name:ar": null, "name:fr": null, "opening_hours": null, "phone": null, "short_name": null, "fence_type": null, "height": null, "name:es": null, "name:pt": null, "fee": null, "check_date": null, "internet_access": null, "payment:cash": null, "wikipedia": null, "layer": null, "payment:cards": null, "payment:credit_cards": null, "payment:debit_cards": null, "access": null, "name:ha": null, "fixme": null }, "geometry": { "type": "Polygon", "coordinates": [ [ [ 10.9777101, 13.5155795 ], [ 10.9775739, 13.5154767 ], [ 10.9776756, 13.5152257 ], [ 10.978261, 13.5154135 ], [ 10.9782061, 13.5155103 ], [ 10.9780557, 13.5154925 ], [ 10.978015, 13.5155756 ], [ 10.9777101, 13.5155795 ] ] ] } },
{ "type": "Feature", "properties": { "element": "way", "id": 789897739, "amenity": "hospital", "name": "CSI Cheri", "project:mappingforniger": null, "source": null, "addr:city": null, "addr:street": null, "email": null, "emergency": null, "healthcare": "hospital", "healthcare:speciality": null, "operator": null, "iso3": null, "contact:email": null, "projet:mappingforniger": null, "barrier": null, "wheelchair": null, "description:fr": null, "shop": null, "website": null, "description": null, "operator:type": null, "landuse": null, "name:en": null, "building": null, "alt_name": null, "project:pdevii": null, "survey:date": null, "wikidata": null, "addr:country": null, "name:ar": null, "name:fr": null, "opening_hours": null, "phone": null, "short_name": null, "fence_type": null, "height": null, "name:es": null, "name:pt": null, "fee": null, "check_date": null, "internet_access": null, "payment:cash": null, "wikipedia": null, "layer": null, "payment:cards": null, "payment:credit_cards": null, "payment:debit_cards": null, "access": null, "name:ha": null, "fixme": null }, "geometry": { "type": "Polygon", "coordinates": [ [ [ 11.385909, 13.4250233 ], [ 11.3858822, 13.425005 ], [ 11.3858902, 13.4247441 ], [ 11.3860994, 13.4246189 ], [ 11.3865849, 13.4245772 ], [ 11.3865581, 13.4247311 ], [ 11.3865152, 13.4247859 ], [ 11.3864696, 13.4249268 ], [ 11.3864186, 13.4250076 ], [ 11.3862979, 13.4250181 ], [ 11.3860646, 13.4250076 ], [ 11.3859895, 13.4250285 ], [ 11.385909, 13.4250233 ] ] ] } },
{ "type": "Feature", "properties": { "element": "way", "id": 789897742, "amenity": "hospital", "name": "CSI Nayi Lawan", "project:mappingforniger": null, "source": null, "addr:city": null, "addr:street": null, "email": null, "emergency": null, "healthcare": "hospital", "healthcare:speciality": null, "operator": null, "iso3": null, "contact:email": null, "projet:mappingforniger": null, "barrier": null, "wheelchair": null, "description:fr": null, "shop": null, "website": null, "description": null, "operator:type": null, "landuse": null, "name:en": null, "building": null, "alt_name": null, "project:pdevii": null, "survey:date": null, "wikidata": null, "addr:country": null, "name:ar": null, "name:fr": null, "opening_hours": null, "phone": null, "short_name": null, "fence_type": null, "height": null, "name:es": null, "name:pt": null, "fee": null, "check_date": null, "internet_access": null, "payment:cash": null, "wikipedia": null, "layer": null, "payment:cards": null, "payment:credit_cards": null, "payment:debit_cards": null, "access": null, "name:ha": null, "fixme": null }, "geometry": { "type": "Polygon", "coordinates": [ [ [ 11.9748499, 13.3856885 ], [ 11.9748253, 13.3858255 ], [ 11.9748073, 13.3858842 ], [ 11.9747604, 13.385895 ], [ 11.9747202, 13.385893 ], [ 11.974604, 13.3858799 ], [ 11.9744676, 13.3858516 ], [ 11.9743469, 13.3858081 ], [ 11.9743107, 13.3855884 ], [ 11.9743542, 13.3855282 ], [ 11.9743649, 13.3854812 ], [ 11.9748638, 13.3854499 ], [ 11.9748499, 13.3856885 ] ] ] } },
{ "type": "Feature", "properties": { "element": "way", "id": 789897743, "amenity": "hospital", "name": "case de santé Nguel kolo", "project:mappingforniger": null, "source": null, "addr:city": null, "addr:street": null, "email": null, "emergency": null, "healthcare": "hospital", "healthcare:speciality": null, "operator": null, "iso3": null, "contact:email": null, "projet:mappingforniger": null, "barrier": null, "wheelchair": null, "description:fr": null, "shop": null, "website": null, "description": null, "operator:type": null, "landuse": null, "name:en": null, "building": null, "alt_name": null, "project:pdevii": null, "survey:date": null, "wikidata": null, "addr:country": null, "name:ar": null, "name:fr": null, "opening_hours": null, "phone": null, "short_name": null, "fence_type": null, "height": null, "name:es": null, "name:pt": null, "fee": null, "check_date": null, "internet_access": null, "payment:cash": null, "wikipedia": null, "layer": null, "payment:cards": null, "payment:credit_cards": null, "payment:debit_cards": null, "access": null, "name:ha": null, "fixme": null }, "geometry": { "type": "Polygon", "coordinates": [ [ [ 12.3662724, 13.4178386 ], [ 12.365556, 13.4177262 ], [ 12.3656734, 13.4169576 ], [ 12.3664863, 13.4170961 ], [ 12.3662724, 13.4178386 ] ] ] } },
{ "type": "Feature", "properties": { "element": "way", "id": 789897744, "amenity": "hospital", "name": "CSI Issari", "project:mappingforniger": null, "source": null, "addr:city": null, "addr:street": null, "email": null, "emergency": null, "healthcare": "hospital", "healthcare:speciality": null, "operator": null, "iso3": null, "contact:email": null, "projet:mappingforniger": null, "barrier": null, "wheelchair": null, "description:fr": null, "shop": null, "website": null, "description": null, "operator:type": null, "landuse": null, "name:en": null, "building": null, "alt_name": null, "project:pdevii": null, "survey:date": null, "wikidata": null, "addr:country": null, "name:ar": null, "name:fr": null, "opening_hours": null, "phone": null, "short_name": null, "fence_type": null, "height": null, "name:es": null, "name:pt": null, "fee": null, "check_date": null, "internet_access": null, "payment:cash": null, "wikipedia": null, "layer": null, "payment:cards": null, "payment:credit_cards": null, "payment:debit_cards": null, "access": null, "name:ha": null, "fixme": null }, "geometry": { "type": "Polygon", "coordinates": [ [ [ 12.2874803, 13.6454512 ], [ 12.2865255, 13.645274 ], [ 12.2865523, 13.6451515 ], [ 12.2866301, 13.6451462 ], [ 12.2868217, 13.6446259 ], [ 12.2868478, 13.6443347 ], [ 12.287545, 13.6444303 ], [ 12.2874803, 13.6454512 ] ] ] } },
{ "type": "Feature", "properties": { "element": "way", "id": 789897754, "amenity": "hospital", "name": "CSI urbain Nguimi", "project:mappingforniger": null, "source": null, "addr:city": null, "addr:street": null, "email": null, "emergency": null, "healthcare": "hospital", "healthcare:speciality": null, "operator": null, "iso3": null, "contact:email": null, "projet:mappingforniger": null, "barrier": null, "wheelchair": null, "description:fr": null, "shop": null, "website": null, "description": null, "operator:type": null, "landuse": null, "name:en": null, "building": null, "alt_name": null, "project:pdevii": null, "survey:date": null, "wikidata": null, "addr:country": null, "name:ar": null, "name:fr": null, "opening_hours": null, "phone": null, "short_name": null, "fence_type": null, "height": null, "name:es": null, "name:pt": null, "fee": null, "check_date": null, "internet_access": null, "payment:cash": null, "wikipedia": null, "layer": null, "payment:cards": null, "payment:credit_cards": null, "payment:debit_cards": null, "access": null, "name:ha": null, "fixme": null }, "geometry": { "type": "Polygon", "coordinates": [ [ [ 13.1033897, 14.2488582 ], [ 13.1023805, 14.2476975 ], [ 13.1029679, 14.2472087 ], [ 13.1039905, 14.2484085 ], [ 13.1033897, 14.2488582 ] ] ] } },
{ "type": "Feature", "properties": { "element": "way", "id": 789897755, "amenity": "hospital", "name": "Case de santé de Kawa", "project:mappingforniger": null, "source": null, "addr:city": null, "addr:street": null, "email": null, "emergency": null, "healthcare": "hospital", "healthcare:speciality": null, "operator": null, "iso3": null, "contact:email": null, "projet:mappingforniger": null, "barrier": null, "wheelchair": null, "description:fr": null, "shop": null, "website": null, "description": null, "operator:type": null, "landuse": null, "name:en": null, "building": null, "alt_name": null, "project:pdevii": null, "survey:date": null, "wikidata": null, "addr:country": null, "name:ar": null, "name:fr": null, "opening_hours": null, "phone": null, "short_name": null, "fence_type": null, "height": null, "name:es": null, "name:pt": null, "fee": null, "check_date": null, "internet_access": null, "payment:cash": null, "wikipedia": null, "layer": null, "payment:cards": null, "payment:credit_cards": null, "payment:debit_cards": null, "access": null, "name:ha": null, "fixme": null }, "geometry": { "type": "Polygon", "coordinates": [ [ [ 12.906574, 14.0592726 ], [ 12.9056713, 14.0591233 ], [ 12.9058311, 14.0582143 ], [ 12.9067339, 14.0583637 ], [ 12.906574, 14.0592726 ] ] ] } },
{ "type": "Feature", "properties": { "element": "way", "id": 789897756, "amenity": "hospital", "name": "Hôpital Sonichar", "project:mappingforniger": null, "source": null, "addr:city": null, "addr:street": null, "email": null, "emergency": null, "healthcare": "hospital", "healthcare:speciality": null, "operator": null, "iso3": null, "contact:email": null, "projet:mappingforniger": null, "barrier": null, "wheelchair": null, "description:fr": null, "shop": null, "website": null, "description": null, "operator:type": null, "landuse": null, "name:en": null, "building": null, "alt_name": null, "project:pdevii": null, "survey:date": null, "wikidata": null, "addr:country": null, "name:ar": null, "name:fr": null, "opening_hours": null, "phone": null, "short_name": null, "fence_type": null, "height": null, "name:es": null, "name:pt": null, "fee": null, "check_date": null, "internet_access": null, "payment:cash": null, "wikipedia": null, "layer": null, "payment:cards": null, "payment:credit_cards": null, "payment:debit_cards": null, "access": null, "name:ha": null, "fixme": null }, "geometry": { "type": "Polygon", "coordinates": [ [ [ 7.8401294, 17.2659877 ], [ 7.8397866, 17.2659638 ], [ 7.8398121, 17.2656286 ], [ 7.8400045, 17.2656419 ], [ 7.8400142, 17.2655143 ], [ 7.840131, 17.2655224 ], [ 7.8401288, 17.2655507 ], [ 7.8402116, 17.2655565 ], [ 7.8402031, 17.2656673 ], [ 7.8404505, 17.2656845 ], [ 7.8404229, 17.2660465 ], [ 7.8402408, 17.2660338 ], [ 7.8401265, 17.2660259 ], [ 7.8401294, 17.2659877 ] ] ] } },
{ "type": "Feature", "properties": { "element": "way", "id": 789960496, "amenity": "hospital", "name": "CSI Agadem", "project:mappingforniger": null, "source": null, "addr:city": null, "addr:street": null, "email": null, "emergency": null, "healthcare": "hospital", "healthcare:speciality": null, "operator": null, "iso3": null, "contact:email": null, "projet:mappingforniger": null, "barrier": null, "wheelchair": null, "description:fr": null, "shop": null, "website": null, "description": null, "operator:type": null, "landuse": null, "name:en": null, "building": null, "alt_name": null, "project:pdevii": null, "survey:date": null, "wikidata": null, "addr:country": null, "name:ar": null, "name:fr": null, "opening_hours": null, "phone": null, "short_name": null, "fence_type": null, "height": null, "name:es": null, "name:pt": null, "fee": null, "check_date": null, "internet_access": null, "payment:cash": null, "wikipedia": null, "layer": null, "payment:cards": null, "payment:credit_cards": null, "payment:debit_cards": null, "access": null, "name:ha": null, "fixme": null }, "geometry": { "type": "Polygon", "coordinates": [ [ [ 13.2866681, 16.8420408 ], [ 13.2867032, 16.8418876 ], [ 13.2867194, 16.8418176 ], [ 13.2867512, 16.8416795 ], [ 13.286774, 16.8415759 ], [ 13.286788, 16.8415286 ], [ 13.2861141, 16.8413841 ], [ 13.2859942, 16.8418964 ], [ 13.2866681, 16.8420408 ] ] ] } },
{ "type": "Feature", "properties": { "element": "way", "id": 789960497, "amenity": "hospital", "name": "Centre de la Femme et de l'Enfant", "project:mappingforniger": null, "source": null, "addr:city": null, "addr:street": null, "email": null, "emergency": null, "healthcare": "hospital", "healthcare:speciality": null, "operator": null, "iso3": null, "contact:email": null, "projet:mappingforniger": null, "barrier": null, "wheelchair": null, "description:fr": null, "shop": null, "website": null, "description": null, "operator:type": null, "landuse": null, "name:en": null, "building": null, "alt_name": null, "project:pdevii": null, "survey:date": null, "wikidata": null, "addr:country": null, "name:ar": null, "name:fr": null, "opening_hours": null, "phone": null, "short_name": null, "fence_type": null, "height": null, "name:es": null, "name:pt": null, "fee": null, "check_date": null, "internet_access": null, "payment:cash": null, "wikipedia": null, "layer": null, "payment:cards": null, "payment:credit_cards": null, "payment:debit_cards": null, "access": null, "name:ha": null, "fixme": null }, "geometry": { "type": "Polygon", "coordinates": [ [ [ 2.091286, 13.535771 ], [ 2.0919525, 13.5357321 ], [ 2.0919076, 13.5350065 ], [ 2.0915315, 13.5350286 ], [ 2.0912411, 13.5350455 ], [ 2.091286, 13.535771 ] ] ] } },
{ "type": "Feature", "properties": { "element": "way", "id": 789960498, "amenity": "hospital", "name": "Hopital district Tanout", "project:mappingforniger": null, "source": null, "addr:city": null, "addr:street": "Rue, Elhadj Abdallah Aboussah", "email": null, "emergency": null, "healthcare": "hospital", "healthcare:speciality": null, "operator": null, "iso3": null, "contact:email": null, "projet:mappingforniger": null, "barrier": null, "wheelchair": null, "description:fr": null, "shop": null, "website": null, "description": null, "operator:type": null, "landuse": null, "name:en": null, "building": null, "alt_name": null, "project:pdevii": null, "survey:date": null, "wikidata": null, "addr:country": null, "name:ar": null, "name:fr": null, "opening_hours": null, "phone": null, "short_name": null, "fence_type": null, "height": null, "name:es": null, "name:pt": null, "fee": null, "check_date": null, "internet_access": null, "payment:cash": null, "wikipedia": null, "layer": null, "payment:cards": null, "payment:credit_cards": null, "payment:debit_cards": null, "access": null, "name:ha": null, "fixme": null }, "geometry": { "type": "Polygon", "coordinates": [ [ [ 8.8829193, 14.9802187 ], [ 8.8829559, 14.9799591 ], [ 8.883005, 14.9799655 ], [ 8.8830016, 14.9799897 ], [ 8.8831836, 14.9800137 ], [ 8.8831504, 14.9802491 ], [ 8.8829193, 14.9802187 ] ] ] } },
{ "type": "Feature", "properties": { "element": "way", "id": 789960499, "amenity": "hospital", "name": "Madarounfa", "project:mappingforniger": null, "source": null, "addr:city": null, "addr:street": null, "email": null, "emergency": null, "healthcare": "hospital", "healthcare:speciality": null, "operator": null, "iso3": null, "contact:email": null, "projet:mappingforniger": null, "barrier": null, "wheelchair": null, "description:fr": null, "shop": null, "website": null, "description": null, "operator:type": null, "landuse": null, "name:en": null, "building": null, "alt_name": null, "project:pdevii": null, "survey:date": null, "wikidata": null, "addr:country": null, "name:ar": null, "name:fr": null, "opening_hours": null, "phone": null, "short_name": null, "fence_type": null, "height": null, "name:es": null, "name:pt": null, "fee": null, "check_date": null, "internet_access": null, "payment:cash": null, "wikipedia": null, "layer": null, "payment:cards": null, "payment:credit_cards": null, "payment:debit_cards": null, "access": null, "name:ha": null, "fixme": null }, "geometry": { "type": "Polygon", "coordinates": [ [ [ 7.1609499, 13.3018284 ], [ 7.1609807, 13.3017617 ], [ 7.1609322, 13.3017475 ], [ 7.1609827, 13.3015634 ], [ 7.1610215, 13.3014623 ], [ 7.1614566, 13.3016896 ], [ 7.1613336, 13.301837 ], [ 7.1611802, 13.301737 ], [ 7.1611463, 13.3017932 ], [ 7.1611124, 13.3017804 ], [ 7.1610308, 13.3018839 ], [ 7.1609499, 13.3018284 ] ] ] } },
{ "type": "Feature", "properties": { "element": "way", "id": 791009920, "amenity": "hospital", "name": "CSI Banigoungou", "project:mappingforniger": null, "source": null, "addr:city": null, "addr:street": null, "email": null, "emergency": null, "healthcare": "hospital", "healthcare:speciality": null, "operator": null, "iso3": null, "contact:email": null, "projet:mappingforniger": null, "barrier": null, "wheelchair": null, "description:fr": null, "shop": null, "website": null, "description": null, "operator:type": null, "landuse": null, "name:en": null, "building": null, "alt_name": null, "project:pdevii": null, "survey:date": null, "wikidata": null, "addr:country": null, "name:ar": null, "name:fr": null, "opening_hours": null, "phone": null, "short_name": null, "fence_type": null, "height": null, "name:es": null, "name:pt": null, "fee": null, "check_date": null, "internet_access": null, "payment:cash": null, "wikipedia": null, "layer": null, "payment:cards": null, "payment:credit_cards": null, "payment:debit_cards": null, "access": null, "name:ha": null, "fixme": null }, "geometry": { "type": "Polygon", "coordinates": [ [ [ 2.165953, 13.4299839 ], [ 2.1664143, 13.430263 ], [ 2.1662695, 13.4307595 ], [ 2.1661139, 13.4306578 ], [ 2.1657464, 13.4306278 ], [ 2.1656432, 13.4305665 ], [ 2.1657813, 13.4302156 ], [ 2.165953, 13.4299839 ] ] ] } },
{ "type": "Feature", "properties": { "element": "way", "id": 807255347, "amenity": "hospital", "name": "Centre de Santé Integré de Gayi", "project:mappingforniger": null, "source": null, "addr:city": null, "addr:street": null, "email": null, "emergency": null, "healthcare": "hospital", "healthcare:speciality": null, "operator": null, "iso3": null, "contact:email": null, "projet:mappingforniger": null, "barrier": null, "wheelchair": null, "description:fr": null, "shop": null, "website": null, "description": null, "operator:type": null, "landuse": null, "name:en": null, "building": null, "alt_name": null, "project:pdevii": null, "survey:date": null, "wikidata": null, "addr:country": null, "name:ar": null, "name:fr": null, "opening_hours": null, "phone": null, "short_name": null, "fence_type": null, "height": null, "name:es": null, "name:pt": null, "fee": null, "check_date": null, "internet_access": null, "payment:cash": null, "wikipedia": null, "layer": null, "payment:cards": null, "payment:credit_cards": null, "payment:debit_cards": null, "access": null, "name:ha": null, "fixme": null }, "geometry": { "type": "Polygon", "coordinates": [ [ [ 9.3591337, 13.4845517 ], [ 9.3590173, 13.4850532 ], [ 9.3587169, 13.4851746 ], [ 9.3583558, 13.4850953 ], [ 9.3585136, 13.4844156 ], [ 9.3591337, 13.4845517 ] ] ] } },
{ "type": "Feature", "properties": { "element": "way", "id": 807256639, "amenity": "hospital", "name": "Hôpital de District de Zinder", "project:mappingforniger": null, "source": null, "addr:city": null, "addr:street": null, "email": null, "emergency": null, "healthcare": "hospital", "healthcare:speciality": null, "operator": "MSP", "iso3": null, "contact:email": null, "projet:mappingforniger": null, "barrier": null, "wheelchair": null, "description:fr": null, "shop": null, "website": null, "description": null, "operator:type": "government", "landuse": null, "name:en": null, "building": null, "alt_name": null, "project:pdevii": null, "survey:date": null, "wikidata": null, "addr:country": null, "name:ar": null, "name:fr": null, "opening_hours": null, "phone": null, "short_name": null, "fence_type": null, "height": null, "name:es": null, "name:pt": null, "fee": null, "check_date": null, "internet_access": null, "payment:cash": null, "wikipedia": null, "layer": null, "payment:cards": null, "payment:credit_cards": null, "payment:debit_cards": null, "access": null, "name:ha": null, "fixme": null }, "geometry": { "type": "Polygon", "coordinates": [ [ [ 8.9853034, 13.813935 ], [ 8.9846696, 13.813676 ], [ 8.9845164, 13.8139945 ], [ 8.9840069, 13.8152052 ], [ 8.9846113, 13.8154522 ], [ 8.9848168, 13.814978 ], [ 8.9847307, 13.8149405 ], [ 8.9849952, 13.8143264 ], [ 8.9850873, 13.8143658 ], [ 8.9852493, 13.8141671 ], [ 8.9853034, 13.813935 ] ] ] } },
{ "type": "Feature", "properties": { "element": "way", "id": 808785692, "amenity": "hospital", "name": "case de santé Bone gral", "project:mappingforniger": null, "source": null, "addr:city": null, "addr:street": null, "email": null, "emergency": null, "healthcare": "hospital", "healthcare:speciality": null, "operator": null, "iso3": null, "contact:email": null, "projet:mappingforniger": null, "barrier": null, "wheelchair": null, "description:fr": null, "shop": null, "website": null, "description": null, "operator:type": null, "landuse": null, "name:en": null, "building": null, "alt_name": null, "project:pdevii": null, "survey:date": null, "wikidata": null, "addr:country": null, "name:ar": null, "name:fr": null, "opening_hours": null, "phone": null, "short_name": null, "fence_type": null, "height": null, "name:es": null, "name:pt": null, "fee": null, "check_date": null, "internet_access": null, "payment:cash": null, "wikipedia": null, "layer": null, "payment:cards": null, "payment:credit_cards": null, "payment:debit_cards": null, "access": null, "name:ha": null, "fixme": null }, "geometry": { "type": "Polygon", "coordinates": [ [ [ 13.0663453, 14.2124148 ], [ 13.066248, 14.2122492 ], [ 13.0662639, 14.2120835 ], [ 13.0664992, 14.2118167 ], [ 13.0666895, 14.2122877 ], [ 13.0663453, 14.2124148 ] ] ] } },
{ "type": "Feature", "properties": { "element": "way", "id": 839765323, "amenity": "hospital", "name": "Tulotulo Lawanti Health Post", "project:mappingforniger": null, "source": null, "addr:city": "yusufari", "addr:street": "Tulotulo", "email": null, "emergency": null, "healthcare": "hospital", "healthcare:speciality": null, "operator": "primary", "iso3": null, "contact:email": null, "projet:mappingforniger": null, "barrier": null, "wheelchair": null, "description:fr": null, "shop": null, "website": null, "description": null, "operator:type": "state_primary_heath_care", "landuse": null, "name:en": null, "building": null, "alt_name": null, "project:pdevii": null, "survey:date": null, "wikidata": null, "addr:country": null, "name:ar": null, "name:fr": null, "opening_hours": null, "phone": null, "short_name": null, "fence_type": null, "height": null, "name:es": null, "name:pt": null, "fee": null, "check_date": null, "internet_access": null, "payment:cash": null, "wikipedia": null, "layer": null, "payment:cards": null, "payment:credit_cards": null, "payment:debit_cards": null, "access": null, "name:ha": null, "fixme": null }, "geometry": { "type": "Polygon", "coordinates": [ [ [ 11.0084051, 13.3709812 ], [ 11.008566, 13.370993 ], [ 11.0085781, 13.370869 ], [ 11.0084355, 13.3708366 ], [ 11.0084051, 13.3709812 ] ] ] } },
{ "type": "Feature", "properties": { "element": "way", "id": 860856199, "amenity": "hospital", "name": null, "project:mappingforniger": null, "source": null, "addr:city": null, "addr:street": null, "email": null, "emergency": null, "healthcare": null, "healthcare:speciality": null, "operator": null, "iso3": null, "contact:email": null, "projet:mappingforniger": null, "barrier": null, "wheelchair": null, "description:fr": null, "shop": null, "website": null, "description": null, "operator:type": null, "landuse": null, "name:en": null, "building": null, "alt_name": null, "project:pdevii": null, "survey:date": null, "wikidata": null, "addr:country": null, "name:ar": null, "name:fr": null, "opening_hours": null, "phone": null, "short_name": null, "fence_type": null, "height": null, "name:es": null, "name:pt": null, "fee": null, "check_date": null, "internet_access": null, "payment:cash": null, "wikipedia": null, "layer": null, "payment:cards": null, "payment:credit_cards": null, "payment:debit_cards": null, "access": null, "name:ha": null, "fixme": null }, "geometry": { "type": "Polygon", "coordinates": [ [ [ 3.9231437, 14.8377456 ], [ 3.9229453, 14.8389849 ], [ 3.9241254, 14.8390316 ], [ 3.9243883, 14.8382901 ], [ 3.9231437, 14.8377456 ] ] ] } },
{ "type": "Feature", "properties": { "element": "way", "id": 909590199, "amenity": "hospital", "name": "Military basecamp Hospital", "project:mappingforniger": null, "source": null, "addr:city": null, "addr:street": null, "email": null, "emergency": "yes", "healthcare": null, "healthcare:speciality": null, "operator": null, "iso3": null, "contact:email": null, "projet:mappingforniger": null, "barrier": null, "wheelchair": null, "description:fr": null, "shop": null, "website": null, "description": null, "operator:type": null, "landuse": null, "name:en": null, "building": null, "alt_name": null, "project:pdevii": null, "survey:date": null, "wikidata": null, "addr:country": null, "name:ar": null, "name:fr": null, "opening_hours": null, "phone": null, "short_name": null, "fence_type": null, "height": null, "name:es": null, "name:pt": null, "fee": null, "check_date": null, "internet_access": null, "payment:cash": null, "wikipedia": null, "layer": null, "payment:cards": null, "payment:credit_cards": null, "payment:debit_cards": null, "access": "permit", "name:ha": null, "fixme": null }, "geometry": { "type": "Polygon", "coordinates": [ [ [ 2.1649007, 13.4945988 ], [ 2.1649061, 13.494145 ], [ 2.1645239, 13.4941254 ], [ 2.1644689, 13.4941359 ], [ 2.1644367, 13.4941632 ], [ 2.1644206, 13.4942011 ], [ 2.1644126, 13.4945362 ], [ 2.164426, 13.4945701 ], [ 2.1644635, 13.494591 ], [ 2.1645132, 13.494591 ], [ 2.1649007, 13.4945988 ] ] ] } },
{ "type": "Feature", "properties": { "element": "way", "id": 960868154, "amenity": "hospital", "name": "CSI Bandi", "project:mappingforniger": null, "source": null, "addr:city": null, "addr:street": null, "email": null, "emergency": null, "healthcare": "hospital", "healthcare:speciality": null, "operator": null, "iso3": null, "contact:email": null, "projet:mappingforniger": null, "barrier": null, "wheelchair": null, "description:fr": null, "shop": null, "website": null, "description": null, "operator:type": null, "landuse": null, "name:en": null, "building": null, "alt_name": null, "project:pdevii": null, "survey:date": null, "wikidata": null, "addr:country": null, "name:ar": null, "name:fr": null, "opening_hours": null, "phone": null, "short_name": null, "fence_type": null, "height": null, "name:es": null, "name:pt": null, "fee": null, "check_date": null, "internet_access": null, "payment:cash": null, "wikipedia": null, "layer": null, "payment:cards": null, "payment:credit_cards": null, "payment:debit_cards": null, "access": null, "name:ha": null, "fixme": null }, "geometry": { "type": "Polygon", "coordinates": [ [ [ 12.9437186, 13.5121865 ], [ 12.9436362, 13.5124067 ], [ 12.9434128, 13.5128418 ], [ 12.9433741, 13.5129903 ], [ 12.9433663, 13.5130649 ], [ 12.9434124, 13.5133164 ], [ 12.9436075, 13.5133862 ], [ 12.9439074, 13.5136762 ], [ 12.9441157, 13.5131091 ], [ 12.94411, 13.5128335 ], [ 12.9442111, 13.5125021 ], [ 12.9442171, 13.5123101 ], [ 12.9437186, 13.5121865 ] ] ] } },
{ "type": "Feature", "properties": { "element": "way", "id": 960875654, "amenity": "hospital", "name": "CSI Dagaya", "project:mappingforniger": null, "source": null, "addr:city": null, "addr:street": null, "email": null, "emergency": null, "healthcare": "hospital", "healthcare:speciality": null, "operator": null, "iso3": null, "contact:email": null, "projet:mappingforniger": null, "barrier": null, "wheelchair": null, "description:fr": null, "shop": null, "website": null, "description": null, "operator:type": null, "landuse": null, "name:en": null, "building": null, "alt_name": null, "project:pdevii": null, "survey:date": null, "wikidata": null, "addr:country": null, "name:ar": null, "name:fr": null, "opening_hours": null, "phone": null, "short_name": null, "fence_type": null, "height": null, "name:es": null, "name:pt": null, "fee": null, "check_date": null, "internet_access": null, "payment:cash": null, "wikipedia": null, "layer": null, "payment:cards": null, "payment:credit_cards": null, "payment:debit_cards": null, "access": null, "name:ha": null, "fixme": null }, "geometry": { "type": "Polygon", "coordinates": [ [ [ 13.0645826, 13.5550423 ], [ 13.0648033, 13.5559842 ], [ 13.0639137, 13.5561501 ], [ 13.0638196, 13.555852 ], [ 13.0637495, 13.5554568 ], [ 13.0638965, 13.5554183 ], [ 13.0638511, 13.5552327 ], [ 13.0645826, 13.5550423 ] ] ] } },
{ "type": "Feature", "properties": { "element": "way", "id": 1022423388, "amenity": "hospital", "name": null, "project:mappingforniger": null, "source": null, "addr:city": null, "addr:street": null, "email": null, "emergency": null, "healthcare": "hospital", "healthcare:speciality": null, "operator": null, "iso3": null, "contact:email": null, "projet:mappingforniger": null, "barrier": null, "wheelchair": null, "description:fr": null, "shop": null, "website": null, "description": null, "operator:type": null, "landuse": null, "name:en": null, "building": null, "alt_name": null, "project:pdevii": null, "survey:date": null, "wikidata": null, "addr:country": null, "name:ar": null, "name:fr": null, "opening_hours": null, "phone": null, "short_name": null, "fence_type": null, "height": null, "name:es": null, "name:pt": null, "fee": null, "check_date": null, "internet_access": null, "payment:cash": null, "wikipedia": null, "layer": null, "payment:cards": null, "payment:credit_cards": null, "payment:debit_cards": null, "access": null, "name:ha": null, "fixme": null }, "geometry": { "type": "Polygon", "coordinates": [ [ [ 1.4622763, 14.2031118 ], [ 1.4622888, 14.2025878 ], [ 1.4622944, 14.2022098 ], [ 1.463219, 14.2022152 ], [ 1.4632024, 14.2031405 ], [ 1.4627757, 14.2031382 ], [ 1.4622763, 14.2031118 ] ] ] } },
{ "type": "Feature", "properties": { "element": "way", "id": 1024173105, "amenity": "hospital", "name": "Centre de Santé Intégré de Tagabati", "project:mappingforniger": null, "source": null, "addr:city": null, "addr:street": null, "email": null, "emergency": null, "healthcare": "hospital", "healthcare:speciality": null, "operator": null, "iso3": null, "contact:email": null, "projet:mappingforniger": null, "barrier": null, "wheelchair": null, "description:fr": null, "shop": null, "website": null, "description": null, "operator:type": null, "landuse": null, "name:en": null, "building": null, "alt_name": null, "project:pdevii": null, "survey:date": null, "wikidata": null, "addr:country": null, "name:ar": null, "name:fr": null, "opening_hours": null, "phone": null, "short_name": null, "fence_type": null, "height": null, "name:es": null, "name:pt": null, "fee": null, "check_date": null, "internet_access": null, "payment:cash": null, "wikipedia": null, "layer": null, "payment:cards": null, "payment:credit_cards": null, "payment:debit_cards": null, "access": null, "name:ha": null, "fixme": null }, "geometry": { "type": "Polygon", "coordinates": [ [ [ 1.8834151, 13.6452151 ], [ 1.8835223, 13.6448562 ], [ 1.8837927, 13.6449325 ], [ 1.8836854, 13.6452914 ], [ 1.8834151, 13.6452151 ] ] ] } },
{ "type": "Feature", "properties": { "element": "way", "id": 1032039788, "amenity": "hospital", "name": "Hopital de District de Kollo", "project:mappingforniger": null, "source": null, "addr:city": null, "addr:street": null, "email": null, "emergency": null, "healthcare": "hospital", "healthcare:speciality": null, "operator": null, "iso3": null, "contact:email": null, "projet:mappingforniger": null, "barrier": null, "wheelchair": null, "description:fr": null, "shop": null, "website": null, "description": null, "operator:type": null, "landuse": null, "name:en": null, "building": null, "alt_name": null, "project:pdevii": null, "survey:date": null, "wikidata": null, "addr:country": null, "name:ar": null, "name:fr": null, "opening_hours": null, "phone": null, "short_name": null, "fence_type": null, "height": null, "name:es": null, "name:pt": null, "fee": null, "check_date": null, "internet_access": null, "payment:cash": null, "wikipedia": null, "layer": null, "payment:cards": null, "payment:credit_cards": null, "payment:debit_cards": null, "access": null, "name:ha": null, "fixme": null }, "geometry": { "type": "Polygon", "coordinates": [ [ [ 2.3207118, 13.3383172 ], [ 2.3207211, 13.3382303 ], [ 2.3199632, 13.3375198 ], [ 2.3180467, 13.3391566 ], [ 2.3180406, 13.3392406 ], [ 2.3186414, 13.3399361 ], [ 2.3187092, 13.3399631 ], [ 2.3187985, 13.3399541 ], [ 2.3189587, 13.3398342 ], [ 2.3207118, 13.3383172 ] ] ] } },
{ "type": "Feature", "properties": { "element": "way", "id": 1032616799, "amenity": "hospital", "name": "Hôpital de District de Say", "project:mappingforniger": null, "source": null, "addr:city": null, "addr:street": null, "email": null, "emergency": null, "healthcare": "hospital", "healthcare:speciality": null, "operator": null, "iso3": null, "contact:email": null, "projet:mappingforniger": null, "barrier": null, "wheelchair": null, "description:fr": null, "shop": null, "website": null, "description": null, "operator:type": null, "landuse": null, "name:en": "Say County Hospital", "building": null, "alt_name": null, "project:pdevii": null, "survey:date": null, "wikidata": null, "addr:country": null, "name:ar": null, "name:fr": "Hôpital de District de Say", "opening_hours": null, "phone": null, "short_name": null, "fence_type": null, "height": null, "name:es": null, "name:pt": null, "fee": null, "check_date": null, "internet_access": null, "payment:cash": null, "wikipedia": null, "layer": null, "payment:cards": null, "payment:credit_cards": null, "payment:debit_cards": null, "access": null, "name:ha": "Asibintin Gundumar Sayi", "fixme": null }, "geometry": { "type": "Polygon", "coordinates": [ [ [ 2.3627949, 13.1026591 ], [ 2.3630729, 13.1011512 ], [ 2.3615492, 13.1008849 ], [ 2.3612713, 13.1023925 ], [ 2.3627949, 13.1026591 ] ] ] } },
{ "type": "Feature", "properties": { "element": "way", "id": 1032616803, "amenity": "hospital", "name": "CSI de Say", "project:mappingforniger": null, "source": null, "addr:city": null, "addr:street": null, "email": null, "emergency": null, "healthcare": null, "healthcare:speciality": null, "operator": null, "iso3": null, "contact:email": null, "projet:mappingforniger": null, "barrier": null, "wheelchair": null, "description:fr": null, "shop": null, "website": null, "description": null, "operator:type": null, "landuse": null, "name:en": null, "building": null, "alt_name": null, "project:pdevii": null, "survey:date": null, "wikidata": null, "addr:country": null, "name:ar": null, "name:fr": null, "opening_hours": null, "phone": null, "short_name": null, "fence_type": null, "height": null, "name:es": null, "name:pt": null, "fee": null, "check_date": null, "internet_access": null, "payment:cash": null, "wikipedia": null, "layer": null, "payment:cards": null, "payment:credit_cards": null, "payment:debit_cards": null, "access": null, "name:ha": null, "fixme": null }, "geometry": { "type": "Polygon", "coordinates": [ [ [ 2.3669879, 13.1014354 ], [ 2.3672215, 13.1006529 ], [ 2.3666305, 13.1004391 ], [ 2.366411, 13.1013699 ], [ 2.3669879, 13.1014354 ] ] ] } },
{ "type": "Feature", "properties": { "element": "way", "id": 1090511774, "amenity": "hospital", "name": null, "project:mappingforniger": null, "source": null, "addr:city": null, "addr:street": null, "email": null, "emergency": null, "healthcare": "hospital", "healthcare:speciality": null, "operator": null, "iso3": null, "contact:email": null, "projet:mappingforniger": null, "barrier": null, "wheelchair": null, "description:fr": null, "shop": null, "website": null, "description": null, "operator:type": null, "landuse": null, "name:en": null, "building": null, "alt_name": null, "project:pdevii": null, "survey:date": null, "wikidata": null, "addr:country": null, "name:ar": null, "name:fr": null, "opening_hours": null, "phone": null, "short_name": null, "fence_type": null, "height": null, "name:es": null, "name:pt": null, "fee": null, "check_date": null, "internet_access": null, "payment:cash": null, "wikipedia": null, "layer": null, "payment:cards": null, "payment:credit_cards": null, "payment:debit_cards": null, "access": null, "name:ha": null, "fixme": "not observed on imagery. Please confirm" }, "geometry": { "type": "Polygon", "coordinates": [ [ [ 2.1426965, 13.5065145 ], [ 2.1431135, 13.5060678 ], [ 2.1427992, 13.5057211 ], [ 2.1423278, 13.5062265 ], [ 2.1426965, 13.5065145 ] ] ] } },
{ "type": "Feature", "properties": { "element": "way", "id": 1090759682, "amenity": "hospital", "name": "CSI de Kiota", "project:mappingforniger": null, "source": null, "addr:city": null, "addr:street": null, "email": null, "emergency": null, "healthcare": "hospital", "healthcare:speciality": null, "operator": null, "iso3": null, "contact:email": null, "projet:mappingforniger": null, "barrier": null, "wheelchair": null, "description:fr": null, "shop": null, "website": null, "description": null, "operator:type": null, "landuse": null, "name:en": null, "building": null, "alt_name": null, "project:pdevii": null, "survey:date": null, "wikidata": null, "addr:country": null, "name:ar": null, "name:fr": null, "opening_hours": null, "phone": null, "short_name": null, "fence_type": null, "height": null, "name:es": null, "name:pt": null, "fee": null, "check_date": null, "internet_access": null, "payment:cash": null, "wikipedia": null, "layer": null, "payment:cards": null, "payment:credit_cards": null, "payment:debit_cards": null, "access": null, "name:ha": null, "fixme": null }, "geometry": { "type": "Polygon", "coordinates": [ [ [ 2.9577967, 13.2967925 ], [ 2.9593917, 13.2965055 ], [ 2.9591681, 13.2953284 ], [ 2.957573, 13.2956152 ], [ 2.9577967, 13.2967925 ] ] ] } },
{ "type": "Feature", "properties": { "element": "way", "id": 1092754646, "amenity": "hospital", "name": "CSI_Djirataoua", "project:mappingforniger": null, "source": null, "addr:city": null, "addr:street": null, "email": null, "emergency": null, "healthcare": null, "healthcare:speciality": null, "operator": null, "iso3": null, "contact:email": null, "projet:mappingforniger": null, "barrier": null, "wheelchair": null, "description:fr": null, "shop": null, "website": null, "description": null, "operator:type": null, "landuse": null, "name:en": null, "building": "yes", "alt_name": null, "project:pdevii": null, "survey:date": null, "wikidata": null, "addr:country": null, "name:ar": null, "name:fr": null, "opening_hours": null, "phone": null, "short_name": null, "fence_type": null, "height": null, "name:es": null, "name:pt": null, "fee": null, "check_date": null, "internet_access": null, "payment:cash": null, "wikipedia": null, "layer": null, "payment:cards": null, "payment:credit_cards": null, "payment:debit_cards": null, "access": null, "name:ha": null, "fixme": null }, "geometry": { "type": "Polygon", "coordinates": [ [ [ 7.161364, 13.4184898 ], [ 7.1618345, 13.4186731 ], [ 7.1619648, 13.4183567 ], [ 7.1614942, 13.4181734 ], [ 7.161364, 13.4184898 ] ] ] } },
{ "type": "Feature", "properties": { "element": "way", "id": 1094236399, "amenity": "hospital", "name": "Maternité Goumar", "project:mappingforniger": null, "source": null, "addr:city": null, "addr:street": null, "email": null, "emergency": null, "healthcare": null, "healthcare:speciality": null, "operator": null, "iso3": null, "contact:email": null, "projet:mappingforniger": null, "barrier": null, "wheelchair": null, "description:fr": null, "shop": null, "website": null, "description": null, "operator:type": null, "landuse": null, "name:en": null, "building": null, "alt_name": null, "project:pdevii": null, "survey:date": null, "wikidata": null, "addr:country": null, "name:ar": null, "name:fr": null, "opening_hours": null, "phone": null, "short_name": null, "fence_type": null, "height": null, "name:es": null, "name:pt": null, "fee": null, "check_date": null, "internet_access": null, "payment:cash": null, "wikipedia": null, "layer": null, "payment:cards": null, "payment:credit_cards": null, "payment:debit_cards": null, "access": null, "name:ha": null, "fixme": null }, "geometry": { "type": "Polygon", "coordinates": [ [ [ 7.056858, 13.5650982 ], [ 7.0577905, 13.5654853 ], [ 7.0582219, 13.5645033 ], [ 7.0572893, 13.5641162 ], [ 7.056858, 13.5650982 ] ] ] } },
{ "type": "Feature", "properties": { "element": "way", "id": 1094363724, "amenity": "hospital", "name": "csi karma", "project:mappingforniger": null, "source": null, "addr:city": null, "addr:street": null, "email": null, "emergency": null, "healthcare": null, "healthcare:speciality": null, "operator": null, "iso3": null, "contact:email": null, "projet:mappingforniger": null, "barrier": null, "wheelchair": null, "description:fr": null, "shop": null, "website": null, "description": null, "operator:type": null, "landuse": null, "name:en": null, "building": null, "alt_name": null, "project:pdevii": null, "survey:date": null, "wikidata": null, "addr:country": null, "name:ar": null, "name:fr": null, "opening_hours": null, "phone": null, "short_name": null, "fence_type": null, "height": null, "name:es": null, "name:pt": null, "fee": null, "check_date": null, "internet_access": null, "payment:cash": null, "wikipedia": null, "layer": null, "payment:cards": null, "payment:credit_cards": null, "payment:debit_cards": null, "access": null, "name:ha": null, "fixme": null }, "geometry": { "type": "Polygon", "coordinates": [ [ [ 1.8057507, 13.6754697 ], [ 1.8056269, 13.6748481 ], [ 1.805923, 13.6748128 ], [ 1.8059965, 13.6754269 ], [ 1.8057507, 13.6754697 ] ] ] } },
{ "type": "Feature", "properties": { "element": "way", "id": 1110334084, "amenity": "hospital", "name": "CSI de Maibizaza", "project:mappingforniger": null, "source": null, "addr:city": null, "addr:street": null, "email": null, "emergency": null, "healthcare": null, "healthcare:speciality": null, "operator": "public", "iso3": null, "contact:email": null, "projet:mappingforniger": null, "barrier": null, "wheelchair": null, "description:fr": null, "shop": null, "website": null, "description": null, "operator:type": null, "landuse": null, "name:en": null, "building": "yes", "alt_name": null, "project:pdevii": null, "survey:date": null, "wikidata": null, "addr:country": null, "name:ar": null, "name:fr": null, "opening_hours": null, "phone": null, "short_name": null, "fence_type": null, "height": null, "name:es": null, "name:pt": null, "fee": null, "check_date": null, "internet_access": null, "payment:cash": null, "wikipedia": null, "layer": null, "payment:cards": null, "payment:credit_cards": null, "payment:debit_cards": null, "access": null, "name:ha": null, "fixme": null }, "geometry": { "type": "Polygon", "coordinates": [ [ [ 3.9506847, 13.9145626 ], [ 3.9507973, 13.9145574 ], [ 3.9507922, 13.9144535 ], [ 3.9506796, 13.9144587 ], [ 3.9506847, 13.9145626 ] ] ] } },
{ "type": "Feature", "properties": { "element": "way", "id": 1128318586, "amenity": "hospital", "name": "Clinique Médicale Innovation", "project:mappingforniger": null, "source": null, "addr:city": "Niamey", "addr:street": null, "email": null, "emergency": "yes", "healthcare": "hospital", "healthcare:speciality": "paediatric_surgery;general;paediatrics;gynaecology;orthopaedics;cardiology;surgery;endocrinology;maternité", "operator": null, "iso3": null, "contact:email": null, "projet:mappingforniger": null, "barrier": null, "wheelchair": null, "description:fr": null, "shop": null, "website": null, "description": null, "operator:type": null, "landuse": null, "name:en": null, "building": null, "alt_name": null, "project:pdevii": null, "survey:date": null, "wikidata": null, "addr:country": null, "name:ar": null, "name:fr": null, "opening_hours": null, "phone": "+227 88350835 / 80295720", "short_name": null, "fence_type": null, "height": null, "name:es": null, "name:pt": null, "fee": null, "check_date": null, "internet_access": null, "payment:cash": null, "wikipedia": null, "layer": null, "payment:cards": null, "payment:credit_cards": null, "payment:debit_cards": null, "access": null, "name:ha": null, "fixme": null }, "geometry": { "type": "Polygon", "coordinates": [ [ [ 2.091571, 13.5581753 ], [ 2.0915809, 13.5580378 ], [ 2.0915814, 13.5580349 ], [ 2.0917374, 13.5580319 ], [ 2.0917466, 13.5581762 ], [ 2.0916817, 13.5581776 ], [ 2.0916459, 13.5581781 ], [ 2.091571, 13.5581753 ] ] ] } },
{ "type": "Feature", "properties": { "element": "way", "id": 1158693494, "amenity": "hospital", "name": "Centre de Santé Integré de Dar Es Salam", "project:mappingforniger": null, "source": null, "addr:city": null, "addr:street": null, "email": null, "emergency": null, "healthcare": "hospital", "healthcare:speciality": null, "operator": "public", "iso3": null, "contact:email": null, "projet:mappingforniger": null, "barrier": null, "wheelchair": null, "description:fr": null, "shop": null, "website": null, "description": null, "operator:type": null, "landuse": null, "name:en": null, "building": null, "alt_name": null, "project:pdevii": null, "survey:date": null, "wikidata": null, "addr:country": null, "name:ar": null, "name:fr": null, "opening_hours": null, "phone": null, "short_name": null, "fence_type": null, "height": null, "name:es": null, "name:pt": null, "fee": null, "check_date": null, "internet_access": null, "payment:cash": null, "wikipedia": null, "layer": null, "payment:cards": null, "payment:credit_cards": null, "payment:debit_cards": null, "access": null, "name:ha": null, "fixme": null }, "geometry": { "type": "Polygon", "coordinates": [ [ [ 2.1042453, 13.5496285 ], [ 2.1042902, 13.5504955 ], [ 2.1043593, 13.5505575 ], [ 2.1047159, 13.550583 ], [ 2.1052618, 13.550622 ], [ 2.1053329, 13.5497067 ], [ 2.1042453, 13.5496285 ] ] ] } },
{ "type": "Feature", "properties": { "element": "way", "id": 1159711722, "amenity": "hospital", "name": "Dispensaire Boukoki", "project:mappingforniger": null, "source": "survey", "addr:city": null, "addr:street": null, "email": null, "emergency": null, "healthcare": "yes", "healthcare:speciality": null, "operator": null, "iso3": null, "contact:email": null, "projet:mappingforniger": null, "barrier": null, "wheelchair": "yes", "description:fr": null, "shop": null, "website": null, "description": null, "operator:type": null, "landuse": null, "name:en": null, "building": null, "alt_name": null, "project:pdevii": null, "survey:date": null, "wikidata": null, "addr:country": null, "name:ar": null, "name:fr": null, "opening_hours": null, "phone": null, "short_name": null, "fence_type": null, "height": null, "name:es": null, "name:pt": null, "fee": null, "check_date": null, "internet_access": null, "payment:cash": null, "wikipedia": null, "layer": null, "payment:cards": null, "payment:credit_cards": null, "payment:debit_cards": null, "access": null, "name:ha": null, "fixme": null }, "geometry": { "type": "Polygon", "coordinates": [ [ [ 2.1200956, 13.5333857 ], [ 2.1199019, 13.5334523 ], [ 2.1199823, 13.5337065 ], [ 2.1201847, 13.5343463 ], [ 2.1209153, 13.5341288 ], [ 2.1206287, 13.5333027 ], [ 2.1206036, 13.5332304 ], [ 2.1202166, 13.5333479 ], [ 2.120162, 13.533365 ], [ 2.1200956, 13.5333857 ] ] ] } },
{ "type": "Feature", "properties": { "element": "way", "id": 1174523207, "amenity": "hospital", "name": "Hôpital de Référence de Maradi", "project:mappingforniger": null, "source": null, "addr:city": null, "addr:street": null, "email": null, "emergency": null, "healthcare": "hospital", "healthcare:speciality": null, "operator": null, "iso3": null, "contact:email": null, "projet:mappingforniger": null, "barrier": null, "wheelchair": null, "description:fr": null, "shop": null, "website": null, "description": null, "operator:type": null, "landuse": null, "name:en": null, "building": null, "alt_name": null, "project:pdevii": null, "survey:date": null, "wikidata": "Q118516680", "addr:country": null, "name:ar": null, "name:fr": null, "opening_hours": null, "phone": null, "short_name": null, "fence_type": null, "height": null, "name:es": null, "name:pt": null, "fee": null, "check_date": null, "internet_access": null, "payment:cash": null, "wikipedia": null, "layer": null, "payment:cards": null, "payment:credit_cards": null, "payment:debit_cards": null, "access": null, "name:ha": null, "fixme": null }, "geometry": { "type": "Polygon", "coordinates": [ [ [ 7.1420718, 13.4858194 ], [ 7.1421672, 13.4848349 ], [ 7.1421699, 13.4848098 ], [ 7.1423091, 13.4833706 ], [ 7.1426906, 13.4834063 ], [ 7.1445526, 13.4835804 ], [ 7.1446252, 13.4835872 ], [ 7.1446201, 13.483644 ], [ 7.1443894, 13.4860484 ], [ 7.1424468, 13.4858565 ], [ 7.1420718, 13.4858194 ] ] ] } },
{ "type": "Feature", "properties": { "element": "way", "id": 1174746326, "amenity": "hospital", "name": "Hôpital de District de Damagaram Takaya", "project:mappingforniger": null, "source": null, "addr:city": null, "addr:street": null, "email": null, "emergency": null, "healthcare": "hospital", "healthcare:speciality": null, "operator": null, "iso3": null, "contact:email": null, "projet:mappingforniger": null, "barrier": null, "wheelchair": null, "description:fr": null, "shop": null, "website": null, "description": null, "operator:type": null, "landuse": null, "name:en": null, "building": null, "alt_name": null, "project:pdevii": null, "survey:date": null, "wikidata": null, "addr:country": null, "name:ar": null, "name:fr": null, "opening_hours": null, "phone": null, "short_name": null, "fence_type": null, "height": null, "name:es": null, "name:pt": null, "fee": null, "check_date": null, "internet_access": null, "payment:cash": null, "wikipedia": null, "layer": null, "payment:cards": null, "payment:credit_cards": null, "payment:debit_cards": null, "access": null, "name:ha": null, "fixme": null }, "geometry": { "type": "Polygon", "coordinates": [ [ [ 9.4777218, 14.1441366 ], [ 9.4783683, 14.1426281 ], [ 9.481481, 14.1439181 ], [ 9.4808212, 14.1454188 ], [ 9.4777218, 14.1441366 ] ] ] } },
{ "type": "Feature", "properties": { "element": "way", "id": 1174746327, "amenity": "hospital", "name": "Centre de Santé Intégré de Damagaram Takaya", "project:mappingforniger": null, "source": null, "addr:city": null, "addr:street": null, "email": null, "emergency": null, "healthcare": "hospital", "healthcare:speciality": null, "operator": null, "iso3": null, "contact:email": null, "projet:mappingforniger": null, "barrier": null, "wheelchair": null, "description:fr": null, "shop": null, "website": null, "description": null, "operator:type": null, "landuse": null, "name:en": null, "building": null, "alt_name": null, "project:pdevii": null, "survey:date": null, "wikidata": null, "addr:country": null, "name:ar": null, "name:fr": null, "opening_hours": null, "phone": null, "short_name": null, "fence_type": null, "height": null, "name:es": null, "name:pt": null, "fee": null, "check_date": null, "internet_access": null, "payment:cash": null, "wikipedia": null, "layer": null, "payment:cards": null, "payment:credit_cards": null, "payment:debit_cards": null, "access": null, "name:ha": null, "fixme": null }, "geometry": { "type": "Polygon", "coordinates": [ [ [ 9.4812186, 14.1417035 ], [ 9.4822108, 14.1421193 ], [ 9.4825544, 14.1413481 ], [ 9.4815622, 14.1409324 ], [ 9.4812186, 14.1417035 ] ] ] } },
{ "type": "Feature", "properties": { "element": "way", "id": 1186878593, "amenity": "hospital", "name": "MATERNITE", "project:mappingforniger": null, "source": null, "addr:city": null, "addr:street": null, "email": null, "emergency": null, "healthcare": "hospital", "healthcare:speciality": null, "operator": null, "iso3": null, "contact:email": null, "projet:mappingforniger": null, "barrier": null, "wheelchair": null, "description:fr": null, "shop": null, "website": null, "description": null, "operator:type": null, "landuse": null, "name:en": null, "building": null, "alt_name": null, "project:pdevii": null, "survey:date": null, "wikidata": null, "addr:country": null, "name:ar": null, "name:fr": null, "opening_hours": null, "phone": null, "short_name": null, "fence_type": null, "height": null, "name:es": null, "name:pt": null, "fee": null, "check_date": null, "internet_access": null, "payment:cash": null, "wikipedia": null, "layer": null, "payment:cards": null, "payment:credit_cards": null, "payment:debit_cards": null, "access": null, "name:ha": null, "fixme": null }, "geometry": { "type": "Polygon", "coordinates": [ [ [ 2.1987226, 13.5376321 ], [ 2.1996699, 13.5379713 ], [ 2.1999323, 13.5372098 ], [ 2.1989722, 13.5369117 ], [ 2.1987226, 13.5376321 ] ] ] } },
{ "type": "Feature", "properties": { "element": "way", "id": 1278434957, "amenity": "hospital", "name": "Hôpital de District de Gaya", "project:mappingforniger": null, "source": null, "addr:city": "Gaya", "addr:street": null, "email": null, "emergency": null, "healthcare": "hospital", "healthcare:speciality": "general", "operator": "Prefecture de Gaya", "iso3": null, "contact:email": null, "projet:mappingforniger": null, "barrier": "wall", "wheelchair": null, "description:fr": null, "shop": null, "website": null, "description": null, "operator:type": "government", "landuse": null, "name:en": null, "building": null, "alt_name": null, "project:pdevii": null, "survey:date": null, "wikidata": null, "addr:country": null, "name:ar": null, "name:fr": null, "opening_hours": null, "phone": null, "short_name": null, "fence_type": null, "height": null, "name:es": null, "name:pt": null, "fee": null, "check_date": null, "internet_access": null, "payment:cash": null, "wikipedia": null, "layer": null, "payment:cards": null, "payment:credit_cards": null, "payment:debit_cards": null, "access": null, "name:ha": null, "fixme": null }, "geometry": { "type": "Polygon", "coordinates": [ [ [ 3.4582938, 11.8913532 ], [ 3.4586059, 11.891073 ], [ 3.4587513, 11.8909188 ], [ 3.4589953, 11.8906801 ], [ 3.4592468, 11.8904266 ], [ 3.4598513, 11.89009 ], [ 3.4594589, 11.889414 ], [ 3.4591195, 11.8888195 ], [ 3.458065, 11.8894303 ], [ 3.4575289, 11.8904151 ], [ 3.4576296, 11.8905389 ], [ 3.4582938, 11.8913532 ] ] ] } },
{ "type": "Feature", "properties": { "element": "way", "id": 1283586610, "amenity": "hospital", "name": null, "project:mappingforniger": null, "source": null, "addr:city": null, "addr:street": null, "email": null, "emergency": null, "healthcare": "hospital", "healthcare:speciality": null, "operator": null, "iso3": null, "contact:email": null, "projet:mappingforniger": null, "barrier": null, "wheelchair": null, "description:fr": null, "shop": null, "website": null, "description": null, "operator:type": null, "landuse": null, "name:en": null, "building": null, "alt_name": null, "project:pdevii": null, "survey:date": null, "wikidata": null, "addr:country": null, "name:ar": null, "name:fr": null, "opening_hours": null, "phone": null, "short_name": null, "fence_type": null, "height": null, "name:es": null, "name:pt": null, "fee": null, "check_date": null, "internet_access": null, "payment:cash": null, "wikipedia": null, "layer": null, "payment:cards": null, "payment:credit_cards": null, "payment:debit_cards": null, "access": null, "name:ha": null, "fixme": null }, "geometry": { "type": "Polygon", "coordinates": [ [ [ 2.1172059, 13.5515436 ], [ 2.1177434, 13.5515668 ], [ 2.1178427, 13.5515711 ], [ 2.1179326, 13.5504433 ], [ 2.1172991, 13.5503995 ], [ 2.1172059, 13.5515436 ] ] ] } },
{ "type": "Feature", "properties": { "element": "way", "id": 1302371023, "amenity": "hospital", "name": "Hôpital de District de Filingué", "project:mappingforniger": null, "source": null, "addr:city": null, "addr:street": null, "email": null, "emergency": null, "healthcare": "hospital", "healthcare:speciality": null, "operator": null, "iso3": null, "contact:email": null, "projet:mappingforniger": null, "barrier": null, "wheelchair": null, "description:fr": null, "shop": null, "website": null, "description": null, "operator:type": null, "landuse": null, "name:en": null, "building": null, "alt_name": null, "project:pdevii": null, "survey:date": null, "wikidata": "Q118541852", "addr:country": null, "name:ar": null, "name:fr": null, "opening_hours": null, "phone": null, "short_name": null, "fence_type": null, "height": null, "name:es": null, "name:pt": null, "fee": null, "check_date": null, "internet_access": null, "payment:cash": null, "wikipedia": null, "layer": null, "payment:cards": null, "payment:credit_cards": null, "payment:debit_cards": null, "access": null, "name:ha": null, "fixme": null }, "geometry": { "type": "Polygon", "coordinates": [ [ [ 3.3216862, 14.3478698 ], [ 3.3216809, 14.3473605 ], [ 3.322853, 14.3473163 ], [ 3.3229388, 14.3473839 ], [ 3.3230622, 14.3482934 ], [ 3.3221476, 14.3484051 ], [ 3.3216862, 14.3478698 ] ] ] } },
{ "type": "Feature", "properties": { "element": "way", "id": 1304235873, "amenity": "hospital", "name": "Clinique Bani Bani", "project:mappingforniger": null, "source": null, "addr:city": null, "addr:street": null, "email": null, "emergency": null, "healthcare": "hospital", "healthcare:speciality": "general;echographie;maternity", "operator": null, "iso3": null, "contact:email": null, "projet:mappingforniger": null, "barrier": null, "wheelchair": null, "description:fr": null, "shop": null, "website": null, "description": null, "operator:type": null, "landuse": null, "name:en": null, "building": null, "alt_name": null, "project:pdevii": null, "survey:date": null, "wikidata": null, "addr:country": null, "name:ar": null, "name:fr": null, "opening_hours": null, "phone": null, "short_name": null, "fence_type": null, "height": null, "name:es": null, "name:pt": null, "fee": null, "check_date": null, "internet_access": null, "payment:cash": null, "wikipedia": null, "layer": null, "payment:cards": null, "payment:credit_cards": null, "payment:debit_cards": null, "access": null, "name:ha": null, "fixme": null }, "geometry": { "type": "Polygon", "coordinates": [ [ [ 2.0697903, 13.4925316 ], [ 2.069797, 13.4925642 ], [ 2.0697045, 13.4926281 ], [ 2.0696776, 13.4924664 ], [ 2.0697702, 13.4924573 ], [ 2.0697675, 13.492443 ], [ 2.0697889, 13.4924456 ], [ 2.0698064, 13.4924508 ], [ 2.0698131, 13.4924769 ], [ 2.0698761, 13.4924638 ], [ 2.0698828, 13.4925082 ], [ 2.0698345, 13.4925134 ], [ 2.0698479, 13.4925642 ], [ 2.0698037, 13.4925812 ], [ 2.0697903, 13.4925316 ] ] ] } },
{ "type": "Feature", "properties": { "element": "way", "id": 1367336200, "amenity": "hospital", "name": null, "project:mappingforniger": null, "source": null, "addr:city": null, "addr:street": null, "email": null, "emergency": null, "healthcare": "hospital", "healthcare:speciality": null, "operator": null, "iso3": null, "contact:email": null, "projet:mappingforniger": null, "barrier": null, "wheelchair": null, "description:fr": null, "shop": null, "website": null, "description": null, "operator:type": null, "landuse": null, "name:en": null, "building": null, "alt_name": null, "project:pdevii": null, "survey:date": null, "wikidata": null, "addr:country": null, "name:ar": null, "name:fr": null, "opening_hours": null, "phone": null, "short_name": null, "fence_type": null, "height": null, "name:es": null, "name:pt": null, "fee": null, "check_date": null, "internet_access": null, "payment:cash": null, "wikipedia": null, "layer": null, "payment:cards": null, "payment:credit_cards": null, "payment:debit_cards": null, "access": null, "name:ha": null, "fixme": null }, "geometry": { "type": "Polygon", "coordinates": [ [ [ 3.1796917, 12.765878 ], [ 3.1795574, 12.7660231 ], [ 3.1790343, 12.7660205 ], [ 3.1791068, 12.7654398 ], [ 3.1797254, 12.765427 ], [ 3.1796917, 12.765878 ] ] ] } },
{ "type": "Feature", "properties": { "element": "way", "id": 1454321621, "amenity": "hospital", "name": "Hôpital de District d'Aguié", "project:mappingforniger": null, "source": null, "addr:city": null, "addr:street": null, "email": null, "emergency": null, "healthcare": "hospital", "healthcare:speciality": null, "operator": null, "iso3": null, "contact:email": null, "projet:mappingforniger": null, "barrier": null, "wheelchair": null, "description:fr": null, "shop": null, "website": null, "description": null, "operator:type": null, "landuse": null, "name:en": null, "building": null, "alt_name": null, "project:pdevii": null, "survey:date": null, "wikidata": null, "addr:country": null, "name:ar": null, "name:fr": null, "opening_hours": null, "phone": null, "short_name": null, "fence_type": null, "height": null, "name:es": null, "name:pt": null, "fee": null, "check_date": null, "internet_access": null, "payment:cash": null, "wikipedia": null, "layer": null, "payment:cards": null, "payment:credit_cards": null, "payment:debit_cards": null, "access": null, "name:ha": null, "fixme": null }, "geometry": { "type": "Polygon", "coordinates": [ [ [ 7.7816169, 13.5047297 ], [ 7.7818179, 13.5036407 ], [ 7.7831845, 13.5039697 ], [ 7.7829864, 13.505031 ], [ 7.7816169, 13.5047297 ] ] ] } }
]
}
