{
"type": "FeatureCollection",
"name": "togo_hospitals",
"crs": { "type": "name", "properties": { "name": "urn:ogc:def:crs:OGC:1.3:CRS84" } },
"features": [
{ "type": "Feature", "properties": { "element": "node", "id": 1291724394, "amenity": "hospital", "name": "Croix Rouge", "health_facility:type": null, "healthcare": null, "operator": null, "operator:type": null, "source": null, "short_name": null, "source:date": null, "disused": null, "description": null, "phone": null, "name:fr": null, "name:en": null, "addr:street": null, "email": null, "opening_hours": null, "addr:city": null, "emergency": null, "healthcare:speciality": null, "building": null, "fixme": null, "wikidata": null, "addr:municipality": null, "staff_count:doctors": null, "staff_count:nurses": null, "barrier": null, "height": null, "capacity:beds": null, "healthcare:cholera": null, "landuse": null, "addr:postcode": null, "note": null, "wheelchair": null, "abandoned": null, "website": null }, "geometry": { "type": "Point", "coordinates": [ 1.2183584, 9.5630569 ] } },
{ "type": "Feature", "properties": { "element": "node", "id": 1292960067, "amenity": "hospital", "name": "Clinique Tout est grâce", "health_facility:type": null, "healthcare": null, "operator": null, "operator:type": null, "source": null, "short_name": null, "source:date": null, "disused": null, "description": null, "phone": null, "name:fr": null, "name:en": null, "addr:street": null, "email": null, "opening_hours": null, "addr:city": null, "emergency": null, "healthcare:speciality": null, "building": null, "fixme": null, "wikidata": null, "addr:municipality": null, "staff_count:doctors": null, "staff_count:nurses": null, "barrier": null, "height": null, "capacity:beds": null, "healthcare:cholera": null, "landuse": null, "addr:postcode": null, "note": null, "wheelchair": null, "abandoned": null, "website": null }, "geometry": { "type": "Point", "coordinates": [ 1.2037914, 9.5520529 ] } },
{ "type": "Feature", "properties": { "element": "node", "id": 2407209028, "amenity": "hospital", "name": "Laboratoire d'Analyses Médicales", "health_facility:type": "laboratory", "healthcare": "hospital", "operator": "ONG Chance de Vivre; SILD Togo", "operator:type": "ngo", "source": "Bing;survey", "short_name": null, "source:date": null, "disused": null, "description": null, "phone": null, "name:fr": null, "name:en": null, "addr:street": null, "email": null, "opening_hours": null, "addr:city": null, "emergency": null, "healthcare:speciality": null, "building": null, "fixme": null, "wikidata": null, "addr:municipality": null, "staff_count:doctors": null, "staff_count:nurses": null, "barrier": null, "height": null, "capacity:beds": null, "healthcare:cholera": null, "landuse": null, "addr:postcode": null, "note": null, "wheelchair": null, "abandoned": null, "website": null }, "geometry": { "type": "Point", "coordinates": [ 0.6769506, 7.0109047 ] } },
{ "type": "Feature", "properties": { "element": "node", "id": 2435398462, "amenity": "hospital", "name": "Centre Médico-Social d'Agoè-Nyivé", "health_facility:type": null, "healthcare": null, "operator": null, "operator:type": null, "source": "bing; survey", "short_name": null, "source:date": null, "disused": null, "description": null, "phone": null, "name:fr": null, "name:en": null, "addr:street": null, "email": null, "opening_hours": null, "addr:city": null, "emergency": null, "healthcare:speciality": null, "building": null, "fixme": null, "wikidata": null, "addr:municipality": null, "staff_count:doctors": null, "staff_count:nurses": null, "barrier": null, "height": null, "capacity:beds": null, "healthcare:cholera": null, "landuse": null, "addr:postcode": null, "note": null, "wheelchair": null, "abandoned": null, "website": null }, "geometry": { "type": "Point", "coordinates": [ 1.2101698, 6.2239604 ] } },
{ "type": "Feature", "properties": { "element": "node", "id": 2642979522, "amenity": "hospital", "name": "Centre medico-social de secours Christ Roi", "health_facility:type": null, "healthcare": null, "operator": null, "operator:type": null, "source": null, "short_name": "CMS Christ Roi", "source:date": null, "disused": null, "description": null, "phone": null, "name:fr": null, "name:en": null, "addr:street": null, "email": null, "opening_hours": null, "addr:city": null, "emergency": null, "healthcare:speciality": null, "building": null, "fixme": null, "wikidata": null, "addr:municipality": null, "staff_count:doctors": null, "staff_count:nurses": null, "barrier": null, "height": null, "capacity:beds": null, "healthcare:cholera": null, "landuse": null, "addr:postcode": null, "note": null, "wheelchair": null, "abandoned": null, "website": null }, "geometry": { "type": "Point", "coordinates": [ 1.2064404, 6.1204623 ] } },
{ "type": "Feature", "properties": { "element": "node", "id": 2999860534, "amenity": "hospital", "name": "Centre Hospitalier d'Aneho Adjido", "health_facility:type": null, "healthcare": null, "operator": null, "operator:type": null, "source": "bing;survey 2014", "short_name": "CHA", "source:date": "2014/08/06", "disused": null, "description": null, "phone": null, "name:fr": null, "name:en": null, "addr:street": null, "email": null, "opening_hours": null, "addr:city": null, "emergency": null, "healthcare:speciality": null, "building": null, "fixme": null, "wikidata": null, "addr:municipality": null, "staff_count:doctors": null, "staff_count:nurses": null, "barrier": null, "height": null, "capacity:beds": null, "healthcare:cholera": null, "landuse": null, "addr:postcode": null, "note": null, "wheelchair": null, "abandoned": null, "website": null }, "geometry": { "type": "Point", "coordinates": [ 1.6089395, 6.2368165 ] } },
{ "type": "Feature", "properties": { "element": "node", "id": 3022452153, "amenity": "hospital", "name": "Centre de santé de Kodjoviakopé", "health_facility:type": null, "healthcare": null, "operator": null, "operator:type": null, "source": null, "short_name": null, "source:date": null, "disused": null, "description": null, "phone": null, "name:fr": null, "name:en": null, "addr:street": null, "email": null, "opening_hours": null, "addr:city": null, "emergency": null, "healthcare:speciality": null, "building": null, "fixme": null, "wikidata": null, "addr:municipality": null, "staff_count:doctors": null, "staff_count:nurses": null, "barrier": null, "height": null, "capacity:beds": null, "healthcare:cholera": null, "landuse": null, "addr:postcode": null, "note": null, "wheelchair": null, "abandoned": null, "website": null }, "geometry": { "type": "Point", "coordinates": [ 1.2059168, 6.1168602 ] } },
{ "type": "Feature", "properties": { "element": "node", "id": 3859947896, "amenity": "hospital", "name": "cabinet médical st Kisito", "health_facility:type": null, "healthcare": "hospital", "operator": null, "operator:type": null, "source": null, "short_name": null, "source:date": null, "disused": null, "description": null, "phone": null, "name:fr": null, "name:en": null, "addr:street": null, "email": null, "opening_hours": null, "addr:city": null, "emergency": null, "healthcare:speciality": null, "building": null, "fixme": null, "wikidata": null, "addr:municipality": null, "staff_count:doctors": null, "staff_count:nurses": null, "barrier": null, "height": null, "capacity:beds": null, "healthcare:cholera": null, "landuse": null, "addr:postcode": null, "note": null, "wheelchair": null, "abandoned": null, "website": null }, "geometry": { "type": "Point", "coordinates": [ 1.218404, 6.1570725 ] } },
{ "type": "Feature", "properties": { "element": "node", "id": 4160139089, "amenity": "hospital", "name": "Centre Médico-Social de Kévé", "health_facility:type": null, "healthcare": null, "operator": null, "operator:type": "public", "source": "Survey", "short_name": null, "source:date": null, "disused": "no", "description": null, "phone": null, "name:fr": null, "name:en": null, "addr:street": null, "email": null, "opening_hours": null, "addr:city": null, "emergency": null, "healthcare:speciality": null, "building": null, "fixme": null, "wikidata": null, "addr:municipality": null, "staff_count:doctors": null, "staff_count:nurses": null, "barrier": null, "height": null, "capacity:beds": null, "healthcare:cholera": null, "landuse": null, "addr:postcode": null, "note": null, "wheelchair": null, "abandoned": null, "website": null }, "geometry": { "type": "Point", "coordinates": [ 0.9275299, 6.4319204 ] } },
{ "type": "Feature", "properties": { "element": "node", "id": 4328284004, "amenity": "hospital", "name": "Autel D'elie", "health_facility:type": null, "healthcare": null, "operator": null, "operator:type": null, "source": null, "short_name": null, "source:date": null, "disused": null, "description": "+22892507822 | +22893764670", "phone": "+22822226313", "name:fr": null, "name:en": null, "addr:street": null, "email": null, "opening_hours": null, "addr:city": null, "emergency": null, "healthcare:speciality": null, "building": null, "fixme": null, "wikidata": null, "addr:municipality": null, "staff_count:doctors": null, "staff_count:nurses": null, "barrier": null, "height": null, "capacity:beds": null, "healthcare:cholera": null, "landuse": null, "addr:postcode": null, "note": null, "wheelchair": null, "abandoned": null, "website": null }, "geometry": { "type": "Point", "coordinates": [ 1.2441679, 6.1408452 ] } },
{ "type": "Feature", "properties": { "element": "node", "id": 4351615282, "amenity": "hospital", "name": "usp Atti Tovou", "health_facility:type": null, "healthcare": null, "operator": null, "operator:type": null, "source": null, "short_name": null, "source:date": null, "disused": null, "description": null, "phone": null, "name:fr": null, "name:en": null, "addr:street": null, "email": null, "opening_hours": null, "addr:city": null, "emergency": null, "healthcare:speciality": null, "building": null, "fixme": null, "wikidata": null, "addr:municipality": null, "staff_count:doctors": null, "staff_count:nurses": null, "barrier": null, "height": null, "capacity:beds": null, "healthcare:cholera": null, "landuse": null, "addr:postcode": null, "note": null, "wheelchair": null, "abandoned": null, "website": null }, "geometry": { "type": "Point", "coordinates": [ 0.8686804, 6.5507303 ] } },
{ "type": "Feature", "properties": { "element": "node", "id": 4351625229, "amenity": "hospital", "name": "Clinique des Cocotiers", "health_facility:type": null, "healthcare": null, "operator": null, "operator:type": null, "source": null, "short_name": null, "source:date": null, "disused": null, "description": null, "phone": null, "name:fr": null, "name:en": null, "addr:street": null, "email": null, "opening_hours": null, "addr:city": null, "emergency": null, "healthcare:speciality": null, "building": null, "fixme": null, "wikidata": null, "addr:municipality": null, "staff_count:doctors": null, "staff_count:nurses": null, "barrier": null, "height": null, "capacity:beds": null, "healthcare:cholera": null, "landuse": null, "addr:postcode": null, "note": null, "wheelchair": null, "abandoned": null, "website": null }, "geometry": { "type": "Point", "coordinates": [ 1.2140953, 6.1335117 ] } },
{ "type": "Feature", "properties": { "element": "node", "id": 4582705789, "amenity": "hospital", "name": "Polyclinique Saint Joseph", "health_facility:type": null, "healthcare": null, "operator": null, "operator:type": null, "source": null, "short_name": null, "source:date": null, "disused": null, "description": null, "phone": null, "name:fr": "Polyclinique Saint Joseph", "name:en": null, "addr:street": null, "email": null, "opening_hours": null, "addr:city": null, "emergency": null, "healthcare:speciality": null, "building": null, "fixme": null, "wikidata": null, "addr:municipality": null, "staff_count:doctors": null, "staff_count:nurses": null, "barrier": null, "height": null, "capacity:beds": null, "healthcare:cholera": null, "landuse": null, "addr:postcode": null, "note": null, "wheelchair": null, "abandoned": null, "website": null }, "geometry": { "type": "Point", "coordinates": [ 1.2409883, 6.1741816 ] } },
{ "type": "Feature", "properties": { "element": "node", "id": 5170743421, "amenity": "hospital", "name": "Hospital d'Anié", "health_facility:type": null, "healthcare": "hospital", "operator": null, "operator:type": null, "source": null, "short_name": null, "source:date": null, "disused": null, "description": null, "phone": null, "name:fr": null, "name:en": "Anié Hospital", "addr:street": null, "email": null, "opening_hours": null, "addr:city": null, "emergency": null, "healthcare:speciality": null, "building": null, "fixme": null, "wikidata": null, "addr:municipality": null, "staff_count:doctors": null, "staff_count:nurses": null, "barrier": null, "height": null, "capacity:beds": null, "healthcare:cholera": null, "landuse": null, "addr:postcode": null, "note": null, "wheelchair": null, "abandoned": null, "website": null }, "geometry": { "type": "Point", "coordinates": [ 1.1966501, 7.7564862 ] } },
{ "type": "Feature", "properties": { "element": "node", "id": 5198088758, "amenity": "hospital", "name": "CMS le rocher", "health_facility:type": null, "healthcare": null, "operator": null, "operator:type": null, "source": null, "short_name": null, "source:date": null, "disused": null, "description": null, "phone": null, "name:fr": null, "name:en": null, "addr:street": null, "email": null, "opening_hours": null, "addr:city": null, "emergency": null, "healthcare:speciality": null, "building": null, "fixme": null, "wikidata": null, "addr:municipality": null, "staff_count:doctors": null, "staff_count:nurses": null, "barrier": null, "height": null, "capacity:beds": null, "healthcare:cholera": null, "landuse": null, "addr:postcode": null, "note": null, "wheelchair": null, "abandoned": null, "website": null }, "geometry": { "type": "Point", "coordinates": [ 1.1740012, 6.2354871 ] } },
{ "type": "Feature", "properties": { "element": "node", "id": 5315000556, "amenity": "hospital", "name": "Infirmerie", "health_facility:type": null, "healthcare": null, "operator": null, "operator:type": null, "source": null, "short_name": null, "source:date": null, "disused": null, "description": null, "phone": null, "name:fr": null, "name:en": null, "addr:street": null, "email": null, "opening_hours": null, "addr:city": null, "emergency": null, "healthcare:speciality": null, "building": null, "fixme": null, "wikidata": null, "addr:municipality": null, "staff_count:doctors": null, "staff_count:nurses": null, "barrier": null, "height": null, "capacity:beds": null, "healthcare:cholera": null, "landuse": null, "addr:postcode": null, "note": null, "wheelchair": null, "abandoned": null, "website": null }, "geometry": { "type": "Point", "coordinates": [ 1.1722822, 6.1748253 ] } },
{ "type": "Feature", "properties": { "element": "node", "id": 5516178023, "amenity": "hospital", "name": "Kolowaré", "health_facility:type": null, "healthcare": null, "operator": null, "operator:type": null, "source": null, "short_name": null, "source:date": null, "disused": null, "description": null, "phone": null, "name:fr": null, "name:en": null, "addr:street": null, "email": null, "opening_hours": null, "addr:city": null, "emergency": null, "healthcare:speciality": null, "building": null, "fixme": null, "wikidata": null, "addr:municipality": null, "staff_count:doctors": null, "staff_count:nurses": null, "barrier": null, "height": null, "capacity:beds": null, "healthcare:cholera": null, "landuse": null, "addr:postcode": null, "note": null, "wheelchair": null, "abandoned": null, "website": null }, "geometry": { "type": "Point", "coordinates": [ 1.289112, 8.9547395 ] } },
{ "type": "Feature", "properties": { "element": "node", "id": 5775782196, "amenity": "hospital", "name": "Professeur Agree DAMOROU", "health_facility:type": null, "healthcare": null, "operator": null, "operator:type": null, "source": null, "short_name": null, "source:date": null, "disused": null, "description": "spécialiste des maladies du coeur, des artères et des veines hypertension artérielle", "phone": null, "name:fr": null, "name:en": null, "addr:street": null, "email": null, "opening_hours": null, "addr:city": null, "emergency": null, "healthcare:speciality": null, "building": null, "fixme": null, "wikidata": null, "addr:municipality": null, "staff_count:doctors": null, "staff_count:nurses": null, "barrier": null, "height": null, "capacity:beds": null, "healthcare:cholera": null, "landuse": null, "addr:postcode": null, "note": null, "wheelchair": null, "abandoned": null, "website": null }, "geometry": { "type": "Point", "coordinates": [ 1.1808283, 6.22373 ] } },
{ "type": "Feature", "properties": { "element": "node", "id": 5834851637, "amenity": "hospital", "name": "CMS Ste Marie Madeleine", "health_facility:type": null, "healthcare": "hospital", "operator": null, "operator:type": null, "source": null, "short_name": null, "source:date": null, "disused": null, "description": null, "phone": "+22822331259", "name:fr": null, "name:en": null, "addr:street": "35 Rue , Bé Klikame", "email": null, "opening_hours": null, "addr:city": null, "emergency": null, "healthcare:speciality": null, "building": null, "fixme": null, "wikidata": null, "addr:municipality": null, "staff_count:doctors": null, "staff_count:nurses": null, "barrier": null, "height": null, "capacity:beds": null, "healthcare:cholera": null, "landuse": null, "addr:postcode": null, "note": null, "wheelchair": null, "abandoned": null, "website": null }, "geometry": { "type": "Point", "coordinates": [ 1.2055473, 6.1703705 ] } },
{ "type": "Feature", "properties": { "element": "node", "id": 5837058827, "amenity": "hospital", "name": "polyclinique de tsevie", "health_facility:type": null, "healthcare": null, "operator": null, "operator:type": null, "source": null, "short_name": null, "source:date": null, "disused": null, "description": null, "phone": null, "name:fr": null, "name:en": null, "addr:street": null, "email": null, "opening_hours": null, "addr:city": null, "emergency": null, "healthcare:speciality": null, "building": null, "fixme": null, "wikidata": null, "addr:municipality": null, "staff_count:doctors": null, "staff_count:nurses": null, "barrier": null, "height": null, "capacity:beds": null, "healthcare:cholera": null, "landuse": null, "addr:postcode": null, "note": null, "wheelchair": null, "abandoned": null, "website": null }, "geometry": { "type": "Point", "coordinates": [ 1.2118962, 6.4205352 ] } },
{ "type": "Feature", "properties": { "element": "node", "id": 5871234665, "amenity": "hospital", "name": "Centre Médico-social TSO NAKLE", "health_facility:type": null, "healthcare": null, "operator": null, "operator:type": null, "source": null, "short_name": null, "source:date": null, "disused": null, "description": null, "phone": null, "name:fr": null, "name:en": null, "addr:street": null, "email": null, "opening_hours": null, "addr:city": null, "emergency": null, "healthcare:speciality": null, "building": null, "fixme": null, "wikidata": null, "addr:municipality": null, "staff_count:doctors": null, "staff_count:nurses": null, "barrier": null, "height": null, "capacity:beds": null, "healthcare:cholera": null, "landuse": null, "addr:postcode": null, "note": null, "wheelchair": null, "abandoned": null, "website": null }, "geometry": { "type": "Point", "coordinates": [ 1.2056469, 6.4351999 ] } },
{ "type": "Feature", "properties": { "element": "node", "id": 5979208429, "amenity": "hospital", "name": "MATERNITE BETHEL", "health_facility:type": null, "healthcare": null, "operator": null, "operator:type": null, "source": null, "short_name": null, "source:date": null, "disused": null, "description": null, "phone": null, "name:fr": null, "name:en": null, "addr:street": null, "email": null, "opening_hours": null, "addr:city": null, "emergency": null, "healthcare:speciality": null, "building": null, "fixme": null, "wikidata": null, "addr:municipality": null, "staff_count:doctors": null, "staff_count:nurses": null, "barrier": null, "height": null, "capacity:beds": null, "healthcare:cholera": null, "landuse": null, "addr:postcode": null, "note": null, "wheelchair": null, "abandoned": null, "website": null }, "geometry": { "type": "Point", "coordinates": [ 0.6374205, 6.9057873 ] } },
{ "type": "Feature", "properties": { "element": "node", "id": 5994363050, "amenity": "hospital", "name": "centre medico social siloe", "health_facility:type": null, "healthcare": null, "operator": null, "operator:type": null, "source": null, "short_name": null, "source:date": null, "disused": null, "description": null, "phone": null, "name:fr": null, "name:en": null, "addr:street": null, "email": null, "opening_hours": null, "addr:city": null, "emergency": null, "healthcare:speciality": null, "building": null, "fixme": null, "wikidata": null, "addr:municipality": null, "staff_count:doctors": null, "staff_count:nurses": null, "barrier": null, "height": null, "capacity:beds": null, "healthcare:cholera": null, "landuse": null, "addr:postcode": null, "note": null, "wheelchair": null, "abandoned": null, "website": null }, "geometry": { "type": "Point", "coordinates": [ 0.6245562, 6.8960861 ] } },
{ "type": "Feature", "properties": { "element": "node", "id": 6152351786, "amenity": "hospital", "name": "Clinique Chirurgicale de Lomé", "health_facility:type": null, "healthcare": "clinic", "operator": null, "operator:type": null, "source": null, "short_name": null, "source:date": null, "disused": null, "description": null, "phone": null, "name:fr": null, "name:en": null, "addr:street": null, "email": null, "opening_hours": null, "addr:city": null, "emergency": null, "healthcare:speciality": null, "building": null, "fixme": null, "wikidata": null, "addr:municipality": null, "staff_count:doctors": null, "staff_count:nurses": null, "barrier": null, "height": null, "capacity:beds": null, "healthcare:cholera": null, "landuse": null, "addr:postcode": null, "note": null, "wheelchair": null, "abandoned": null, "website": null }, "geometry": { "type": "Point", "coordinates": [ 1.1931818, 6.1894379 ] } },
{ "type": "Feature", "properties": { "element": "node", "id": 6332097828, "amenity": "hospital", "name": "Dispensaire de Sévagan", "health_facility:type": null, "healthcare": "nurse", "operator": null, "operator:type": null, "source": "bing;survey", "short_name": null, "source:date": null, "disused": null, "description": "USP Type 1 (Classification centre de santé au Togo)", "phone": null, "name:fr": null, "name:en": null, "addr:street": null, "email": null, "opening_hours": null, "addr:city": null, "emergency": null, "healthcare:speciality": null, "building": null, "fixme": null, "wikidata": null, "addr:municipality": null, "staff_count:doctors": null, "staff_count:nurses": null, "barrier": null, "height": null, "capacity:beds": null, "healthcare:cholera": null, "landuse": null, "addr:postcode": null, "note": null, "wheelchair": null, "abandoned": null, "website": null }, "geometry": { "type": "Point", "coordinates": [ 1.4305723, 6.3020007 ] } },
{ "type": "Feature", "properties": { "element": "node", "id": 6640926886, "amenity": "hospital", "name": "USP Goubi", "health_facility:type": null, "healthcare": null, "operator": null, "operator:type": null, "source": null, "short_name": null, "source:date": null, "disused": null, "description": null, "phone": null, "name:fr": null, "name:en": null, "addr:street": null, "email": null, "opening_hours": null, "addr:city": null, "emergency": null, "healthcare:speciality": null, "building": null, "fixme": null, "wikidata": null, "addr:municipality": null, "staff_count:doctors": null, "staff_count:nurses": null, "barrier": null, "height": null, "capacity:beds": null, "healthcare:cholera": null, "landuse": null, "addr:postcode": null, "note": null, "wheelchair": null, "abandoned": null, "website": null }, "geometry": { "type": "Point", "coordinates": [ 1.4667024, 8.6516271 ] } },
{ "type": "Feature", "properties": { "element": "node", "id": 7053630364, "amenity": "hospital", "name": "Centre Hospitalier Préfectoral de Kpalimé", "health_facility:type": null, "healthcare": null, "operator": null, "operator:type": "public", "source": null, "short_name": null, "source:date": null, "disused": null, "description": null, "phone": null, "name:fr": null, "name:en": null, "addr:street": null, "email": null, "opening_hours": null, "addr:city": null, "emergency": null, "healthcare:speciality": null, "building": null, "fixme": null, "wikidata": null, "addr:municipality": null, "staff_count:doctors": null, "staff_count:nurses": null, "barrier": null, "height": null, "capacity:beds": null, "healthcare:cholera": null, "landuse": null, "addr:postcode": null, "note": null, "wheelchair": null, "abandoned": null, "website": null }, "geometry": { "type": "Point", "coordinates": [ 0.6279024, 6.9119259 ] } },
{ "type": "Feature", "properties": { "element": "node", "id": 7057633995, "amenity": "hospital", "name": "Centre de Santé Thérapie Alternative", "health_facility:type": null, "healthcare": null, "operator": null, "operator:type": null, "source": null, "short_name": null, "source:date": null, "disused": null, "description": null, "phone": null, "name:fr": null, "name:en": null, "addr:street": null, "email": null, "opening_hours": null, "addr:city": null, "emergency": null, "healthcare:speciality": null, "building": null, "fixme": null, "wikidata": null, "addr:municipality": null, "staff_count:doctors": null, "staff_count:nurses": null, "barrier": null, "height": null, "capacity:beds": null, "healthcare:cholera": null, "landuse": null, "addr:postcode": null, "note": null, "wheelchair": null, "abandoned": null, "website": null }, "geometry": { "type": "Point", "coordinates": [ 0.6382873, 6.9144448 ] } },
{ "type": "Feature", "properties": { "element": "node", "id": 7070272580, "amenity": "hospital", "name": "CMS ALEHERI", "health_facility:type": null, "healthcare": null, "operator": null, "operator:type": null, "source": null, "short_name": null, "source:date": null, "disused": null, "description": null, "phone": null, "name:fr": null, "name:en": null, "addr:street": null, "email": null, "opening_hours": null, "addr:city": null, "emergency": null, "healthcare:speciality": null, "building": null, "fixme": null, "wikidata": null, "addr:municipality": null, "staff_count:doctors": null, "staff_count:nurses": null, "barrier": null, "height": null, "capacity:beds": null, "healthcare:cholera": null, "landuse": null, "addr:postcode": null, "note": null, "wheelchair": null, "abandoned": null, "website": null }, "geometry": { "type": "Point", "coordinates": [ 1.1449479, 8.9847666 ] } },
{ "type": "Feature", "properties": { "element": "node", "id": 7079728041, "amenity": "hospital", "name": "CHR de Sokodé", "health_facility:type": null, "healthcare": null, "operator": null, "operator:type": null, "source": null, "short_name": null, "source:date": null, "disused": null, "description": null, "phone": null, "name:fr": null, "name:en": null, "addr:street": null, "email": null, "opening_hours": null, "addr:city": null, "emergency": null, "healthcare:speciality": null, "building": null, "fixme": null, "wikidata": null, "addr:municipality": null, "staff_count:doctors": null, "staff_count:nurses": null, "barrier": null, "height": null, "capacity:beds": null, "healthcare:cholera": null, "landuse": null, "addr:postcode": null, "note": null, "wheelchair": null, "abandoned": null, "website": null }, "geometry": { "type": "Point", "coordinates": [ 1.1348359, 8.9843744 ] } },
{ "type": "Feature", "properties": { "element": "node", "id": 7081976006, "amenity": "hospital", "name": "Centre Médico-humanitaire Santé Solidaire", "health_facility:type": null, "healthcare": null, "operator": null, "operator:type": null, "source": null, "short_name": null, "source:date": null, "disused": null, "description": null, "phone": null, "name:fr": null, "name:en": null, "addr:street": null, "email": null, "opening_hours": null, "addr:city": null, "emergency": null, "healthcare:speciality": null, "building": null, "fixme": null, "wikidata": null, "addr:municipality": null, "staff_count:doctors": null, "staff_count:nurses": null, "barrier": null, "height": null, "capacity:beds": null, "healthcare:cholera": null, "landuse": null, "addr:postcode": null, "note": null, "wheelchair": null, "abandoned": null, "website": null }, "geometry": { "type": "Point", "coordinates": [ 0.629027, 6.9020971 ] } },
{ "type": "Feature", "properties": { "element": "node", "id": 7081976008, "amenity": "hospital", "name": "Clinique Celidem", "health_facility:type": null, "healthcare": null, "operator": null, "operator:type": null, "source": null, "short_name": null, "source:date": null, "disused": null, "description": null, "phone": null, "name:fr": null, "name:en": null, "addr:street": null, "email": null, "opening_hours": null, "addr:city": null, "emergency": null, "healthcare:speciality": null, "building": null, "fixme": null, "wikidata": null, "addr:municipality": null, "staff_count:doctors": null, "staff_count:nurses": null, "barrier": null, "height": null, "capacity:beds": null, "healthcare:cholera": null, "landuse": null, "addr:postcode": null, "note": null, "wheelchair": null, "abandoned": null, "website": null }, "geometry": { "type": "Point", "coordinates": [ 0.6300838, 6.9038718 ] } },
{ "type": "Feature", "properties": { "element": "node", "id": 7151418311, "amenity": "hospital", "name": "Dispensaire Palakoko", "health_facility:type": null, "healthcare": null, "operator": null, "operator:type": null, "source": null, "short_name": null, "source:date": null, "disused": null, "description": null, "phone": null, "name:fr": null, "name:en": null, "addr:street": null, "email": null, "opening_hours": null, "addr:city": null, "emergency": null, "healthcare:speciality": null, "building": null, "fixme": null, "wikidata": null, "addr:municipality": null, "staff_count:doctors": null, "staff_count:nurses": null, "barrier": null, "height": null, "capacity:beds": null, "healthcare:cholera": null, "landuse": null, "addr:postcode": null, "note": null, "wheelchair": null, "abandoned": null, "website": null }, "geometry": { "type": "Point", "coordinates": [ 1.0951717, 7.8371267 ] } },
{ "type": "Feature", "properties": { "element": "node", "id": 7416976876, "amenity": "hospital", "name": null, "health_facility:type": null, "healthcare": null, "operator": null, "operator:type": null, "source": null, "short_name": null, "source:date": null, "disused": null, "description": null, "phone": null, "name:fr": null, "name:en": null, "addr:street": null, "email": null, "opening_hours": null, "addr:city": null, "emergency": null, "healthcare:speciality": null, "building": null, "fixme": null, "wikidata": null, "addr:municipality": null, "staff_count:doctors": null, "staff_count:nurses": null, "barrier": null, "height": null, "capacity:beds": null, "healthcare:cholera": null, "landuse": null, "addr:postcode": null, "note": null, "wheelchair": null, "abandoned": null, "website": null }, "geometry": { "type": "Point", "coordinates": [ 1.1448741, 6.2563345 ] } },
{ "type": "Feature", "properties": { "element": "node", "id": 7501888286, "amenity": "hospital", "name": "Dispensaire Agomé Séva", "health_facility:type": null, "healthcare": "nurse", "operator": null, "operator:type": null, "source": null, "short_name": null, "source:date": null, "disused": null, "description": "USP Type 1 (Classification centre de santé au Togo)", "phone": null, "name:fr": null, "name:en": null, "addr:street": "Afagnagan - Aklokou", "email": null, "opening_hours": null, "addr:city": null, "emergency": null, "healthcare:speciality": null, "building": null, "fixme": null, "wikidata": null, "addr:municipality": null, "staff_count:doctors": null, "staff_count:nurses": null, "barrier": null, "height": null, "capacity:beds": null, "healthcare:cholera": null, "landuse": null, "addr:postcode": null, "note": null, "wheelchair": null, "abandoned": null, "website": null }, "geometry": { "type": "Point", "coordinates": [ 1.742768, 6.4703157 ] } },
{ "type": "Feature", "properties": { "element": "node", "id": 7501888487, "amenity": "hospital", "name": "Dispensaire de Batonou Bas-Mono", "health_facility:type": null, "healthcare": "nurse", "operator": null, "operator:type": null, "source": null, "short_name": null, "source:date": null, "disused": null, "description": "USP Type 1 (Classification centre de santé au Togo)", "phone": null, "name:fr": null, "name:en": null, "addr:street": "Afagnagan - Aklakou", "email": "emilekounke@gmail.com", "opening_hours": "24/7", "addr:city": null, "emergency": null, "healthcare:speciality": null, "building": null, "fixme": null, "wikidata": null, "addr:municipality": null, "staff_count:doctors": null, "staff_count:nurses": null, "barrier": null, "height": null, "capacity:beds": null, "healthcare:cholera": null, "landuse": null, "addr:postcode": null, "note": null, "wheelchair": null, "abandoned": null, "website": null }, "geometry": { "type": "Point", "coordinates": [ 1.7519651, 6.4455986 ] } },
{ "type": "Feature", "properties": { "element": "node", "id": 7501895888, "amenity": "hospital", "name": "Centre Médico social Shalom", "health_facility:type": null, "healthcare": "hospital", "operator": null, "operator:type": null, "source": null, "short_name": null, "source:date": null, "disused": null, "description": null, "phone": "+228 92454455", "name:fr": null, "name:en": null, "addr:street": "Voix Express de la CEDEAO", "email": "cmsshalom.eadt@gmail.com", "opening_hours": "24/7", "addr:city": "Agoè", "emergency": "yes", "healthcare:speciality": "prise_en_charge_médico-sanitaires;general", "building": null, "fixme": null, "wikidata": null, "addr:municipality": null, "staff_count:doctors": null, "staff_count:nurses": null, "barrier": null, "height": null, "capacity:beds": null, "healthcare:cholera": null, "landuse": null, "addr:postcode": null, "note": null, "wheelchair": null, "abandoned": null, "website": null }, "geometry": { "type": "Point", "coordinates": [ 1.1853269, 6.2399325 ] } },
{ "type": "Feature", "properties": { "element": "node", "id": 7625773626, "amenity": "hospital", "name": "Dispensaire de Djéta", "health_facility:type": null, "healthcare": "nurse", "operator": null, "operator:type": null, "source": null, "short_name": null, "source:date": null, "disused": null, "description": "USP Type 1 (Classification centre de santé au Togo)", "phone": null, "name:fr": null, "name:en": null, "addr:street": null, "email": null, "opening_hours": null, "addr:city": null, "emergency": null, "healthcare:speciality": null, "building": null, "fixme": null, "wikidata": null, "addr:municipality": null, "staff_count:doctors": null, "staff_count:nurses": null, "barrier": null, "height": null, "capacity:beds": null, "healthcare:cholera": null, "landuse": null, "addr:postcode": null, "note": null, "wheelchair": null, "abandoned": null, "website": null }, "geometry": { "type": "Point", "coordinates": [ 1.7341474, 6.2692505 ] } },
{ "type": "Feature", "properties": { "element": "node", "id": 7625773627, "amenity": "hospital", "name": "Centre de santé d'Agbannakin", "health_facility:type": null, "healthcare": "nurse", "operator": null, "operator:type": null, "source": null, "short_name": null, "source:date": null, "disused": null, "description": "USP Type 1 (Classification centre de santé au Togo)", "phone": null, "name:fr": null, "name:en": null, "addr:street": null, "email": null, "opening_hours": null, "addr:city": null, "emergency": null, "healthcare:speciality": null, "building": null, "fixme": null, "wikidata": null, "addr:municipality": null, "staff_count:doctors": null, "staff_count:nurses": null, "barrier": null, "height": null, "capacity:beds": null, "healthcare:cholera": null, "landuse": null, "addr:postcode": null, "note": null, "wheelchair": null, "abandoned": null, "website": null }, "geometry": { "type": "Point", "coordinates": [ 1.8026979, 6.2905354 ] } },
{ "type": "Feature", "properties": { "element": "node", "id": 7625773629, "amenity": "hospital", "name": "Dispensaire d'Atoèta", "health_facility:type": null, "healthcare": "nurse", "operator": null, "operator:type": null, "source": null, "short_name": null, "source:date": null, "disused": null, "description": "USP Type 1 (Classification centre de santé au Togo)", "phone": null, "name:fr": null, "name:en": null, "addr:street": null, "email": null, "opening_hours": null, "addr:city": null, "emergency": null, "healthcare:speciality": null, "building": null, "fixme": null, "wikidata": null, "addr:municipality": null, "staff_count:doctors": null, "staff_count:nurses": null, "barrier": null, "height": null, "capacity:beds": null, "healthcare:cholera": null, "landuse": null, "addr:postcode": null, "note": null, "wheelchair": null, "abandoned": null, "website": null }, "geometry": { "type": "Point", "coordinates": [ 1.6683662, 6.3042135 ] } },
{ "type": "Feature", "properties": { "element": "node", "id": 7625773630, "amenity": "hospital", "name": "Dispensaire de Mélédjigbé", "health_facility:type": null, "healthcare": "nurse", "operator": null, "operator:type": null, "source": null, "short_name": null, "source:date": null, "disused": null, "description": "USP Type 1 (Classification centre de santé au Togo)", "phone": null, "name:fr": null, "name:en": null, "addr:street": null, "email": null, "opening_hours": null, "addr:city": null, "emergency": null, "healthcare:speciality": null, "building": null, "fixme": null, "wikidata": null, "addr:municipality": null, "staff_count:doctors": null, "staff_count:nurses": null, "barrier": null, "height": null, "capacity:beds": null, "healthcare:cholera": null, "landuse": null, "addr:postcode": null, "note": null, "wheelchair": null, "abandoned": null, "website": null }, "geometry": { "type": "Point", "coordinates": [ 1.643879, 6.3355366 ] } },
{ "type": "Feature", "properties": { "element": "node", "id": 7625773631, "amenity": "hospital", "name": "Unité de Soins Périphérique de Vo koutimé", "health_facility:type": null, "healthcare": "nurse", "operator": null, "operator:type": null, "source": null, "short_name": null, "source:date": null, "disused": null, "description": null, "phone": null, "name:fr": null, "name:en": null, "addr:street": null, "email": null, "opening_hours": null, "addr:city": null, "emergency": null, "healthcare:speciality": null, "building": null, "fixme": null, "wikidata": null, "addr:municipality": null, "staff_count:doctors": null, "staff_count:nurses": null, "barrier": null, "height": null, "capacity:beds": null, "healthcare:cholera": null, "landuse": null, "addr:postcode": null, "note": null, "wheelchair": null, "abandoned": null, "website": null }, "geometry": { "type": "Point", "coordinates": [ 1.6129357, 6.3267219 ] } },
{ "type": "Feature", "properties": { "element": "node", "id": 7625773639, "amenity": "hospital", "name": "Centre Médical Social de Glidji", "health_facility:type": null, "healthcare": "nurse", "operator": null, "operator:type": null, "source": null, "short_name": null, "source:date": null, "disused": null, "description": "USP Type 1 (Classification centre de santé au Togo)", "phone": null, "name:fr": null, "name:en": null, "addr:street": null, "email": null, "opening_hours": null, "addr:city": null, "emergency": null, "healthcare:speciality": null, "building": null, "fixme": null, "wikidata": null, "addr:municipality": null, "staff_count:doctors": null, "staff_count:nurses": null, "barrier": null, "height": null, "capacity:beds": null, "healthcare:cholera": null, "landuse": null, "addr:postcode": null, "note": null, "wheelchair": null, "abandoned": null, "website": null }, "geometry": { "type": "Point", "coordinates": [ 1.600745, 6.2495738 ] } },
{ "type": "Feature", "properties": { "element": "node", "id": 7625773647, "amenity": "hospital", "name": "Centre Médical Social de Gbodjomé", "health_facility:type": null, "healthcare": "nurse", "operator": null, "operator:type": null, "source": null, "short_name": null, "source:date": null, "disused": null, "description": "USP Type 2 (Classification centre de santé au Togo)", "phone": null, "name:fr": null, "name:en": null, "addr:street": null, "email": null, "opening_hours": null, "addr:city": null, "emergency": null, "healthcare:speciality": null, "building": null, "fixme": null, "wikidata": null, "addr:municipality": null, "staff_count:doctors": null, "staff_count:nurses": null, "barrier": null, "height": null, "capacity:beds": null, "healthcare:cholera": null, "landuse": null, "addr:postcode": null, "note": null, "wheelchair": null, "abandoned": null, "website": null }, "geometry": { "type": "Point", "coordinates": [ 1.4184245, 6.1981916 ] } },
{ "type": "Feature", "properties": { "element": "node", "id": 7625773648, "amenity": "hospital", "name": "Unité de Soin Périphérique de Kpémé", "health_facility:type": null, "healthcare": "nurse", "operator": null, "operator:type": null, "source": null, "short_name": null, "source:date": null, "disused": null, "description": "USP Type 1 (Classification centre de santé au Togo)", "phone": null, "name:fr": null, "name:en": null, "addr:street": null, "email": null, "opening_hours": null, "addr:city": null, "emergency": null, "healthcare:speciality": null, "building": null, "fixme": null, "wikidata": null, "addr:municipality": null, "staff_count:doctors": null, "staff_count:nurses": null, "barrier": null, "height": null, "capacity:beds": null, "healthcare:cholera": null, "landuse": null, "addr:postcode": null, "note": null, "wheelchair": null, "abandoned": null, "website": null }, "geometry": { "type": "Point", "coordinates": [ 1.5047964, 6.2120027 ] } },
{ "type": "Feature", "properties": { "element": "node", "id": 7625773649, "amenity": "hospital", "name": "Unité de Soin Périphérique de Goumoukopé", "health_facility:type": null, "healthcare": "nurse", "operator": null, "operator:type": null, "source": null, "short_name": null, "source:date": null, "disused": null, "description": "USP Type 1 (Classification centre de santé au Togo)", "phone": null, "name:fr": null, "name:en": null, "addr:street": null, "email": null, "opening_hours": null, "addr:city": null, "emergency": null, "healthcare:speciality": null, "building": null, "fixme": null, "wikidata": null, "addr:municipality": null, "staff_count:doctors": null, "staff_count:nurses": null, "barrier": null, "height": null, "capacity:beds": null, "healthcare:cholera": null, "landuse": null, "addr:postcode": null, "note": null, "wheelchair": null, "abandoned": null, "website": null }, "geometry": { "type": "Point", "coordinates": [ 1.5320644, 6.2174736 ] } },
{ "type": "Feature", "properties": { "element": "node", "id": 7625773650, "amenity": "hospital", "name": "Polyclinique de Vogan", "health_facility:type": null, "healthcare": "clinic", "operator": null, "operator:type": null, "source": null, "short_name": null, "source:date": null, "disused": null, "description": null, "phone": null, "name:fr": null, "name:en": null, "addr:street": null, "email": null, "opening_hours": null, "addr:city": null, "emergency": null, "healthcare:speciality": null, "building": null, "fixme": null, "wikidata": null, "addr:municipality": null, "staff_count:doctors": null, "staff_count:nurses": null, "barrier": null, "height": null, "capacity:beds": null, "healthcare:cholera": null, "landuse": null, "addr:postcode": null, "note": null, "wheelchair": null, "abandoned": null, "website": null }, "geometry": { "type": "Point", "coordinates": [ 1.5307192, 6.3333026 ] } },
{ "type": "Feature", "properties": { "element": "node", "id": 7625773658, "amenity": "hospital", "name": "Polyclinique d'Afagnan", "health_facility:type": null, "healthcare": "clinic", "operator": null, "operator:type": null, "source": null, "short_name": null, "source:date": null, "disused": null, "description": null, "phone": null, "name:fr": null, "name:en": null, "addr:street": null, "email": null, "opening_hours": null, "addr:city": null, "emergency": null, "healthcare:speciality": null, "building": null, "fixme": null, "wikidata": null, "addr:municipality": null, "staff_count:doctors": null, "staff_count:nurses": null, "barrier": null, "height": null, "capacity:beds": null, "healthcare:cholera": null, "landuse": null, "addr:postcode": null, "note": null, "wheelchair": null, "abandoned": null, "website": null }, "geometry": { "type": "Point", "coordinates": [ 1.6287795, 6.4950175 ] } },
{ "type": "Feature", "properties": { "element": "node", "id": 7625773659, "amenity": "hospital", "name": "Pomefa Polyclinique Mère et Enfant", "health_facility:type": null, "healthcare": "clinic", "operator": null, "operator:type": null, "source": null, "short_name": null, "source:date": null, "disused": null, "description": null, "phone": null, "name:fr": null, "name:en": null, "addr:street": null, "email": null, "opening_hours": null, "addr:city": null, "emergency": null, "healthcare:speciality": null, "building": null, "fixme": null, "wikidata": null, "addr:municipality": null, "staff_count:doctors": null, "staff_count:nurses": null, "barrier": null, "height": null, "capacity:beds": null, "healthcare:cholera": null, "landuse": null, "addr:postcode": null, "note": null, "wheelchair": null, "abandoned": null, "website": null }, "geometry": { "type": "Point", "coordinates": [ 1.5948307, 6.2293738 ] } },
{ "type": "Feature", "properties": { "element": "node", "id": 7625894607, "amenity": "hospital", "name": "Dispensaire d'Agouègan", "health_facility:type": null, "healthcare": "nurse", "operator": null, "operator:type": null, "source": null, "short_name": null, "source:date": null, "disused": null, "description": "USP Type 1 (Classification centre de santé au Togo)", "phone": null, "name:fr": null, "name:en": null, "addr:street": null, "email": null, "opening_hours": null, "addr:city": null, "emergency": null, "healthcare:speciality": null, "building": null, "fixme": null, "wikidata": null, "addr:municipality": null, "staff_count:doctors": null, "staff_count:nurses": null, "barrier": null, "height": null, "capacity:beds": null, "healthcare:cholera": null, "landuse": null, "addr:postcode": null, "note": null, "wheelchair": null, "abandoned": null, "website": null }, "geometry": { "type": "Point", "coordinates": [ 1.680935, 6.2620198 ] } },
{ "type": "Feature", "properties": { "element": "node", "id": 7625894608, "amenity": "hospital", "name": "Dispensaire de Séko", "health_facility:type": null, "healthcare": "nurse", "operator": null, "operator:type": null, "source": null, "short_name": null, "source:date": null, "disused": null, "description": "USP Type 1 (Classification centre de santé au Togo)", "phone": null, "name:fr": null, "name:en": null, "addr:street": null, "email": null, "opening_hours": null, "addr:city": null, "emergency": null, "healthcare:speciality": null, "building": null, "fixme": null, "wikidata": null, "addr:municipality": null, "staff_count:doctors": null, "staff_count:nurses": null, "barrier": null, "height": null, "capacity:beds": null, "healthcare:cholera": null, "landuse": null, "addr:postcode": null, "note": null, "wheelchair": null, "abandoned": null, "website": null }, "geometry": { "type": "Point", "coordinates": [ 1.7104956, 6.2634222 ] } },
{ "type": "Feature", "properties": { "element": "node", "id": 7626112086, "amenity": "hospital", "name": "Dispensaire de Dzrekpo", "health_facility:type": null, "healthcare": "nurse", "operator": null, "operator:type": null, "source": null, "short_name": null, "source:date": null, "disused": null, "description": "USP Type 1 (Classification centre de santé au Togo)", "phone": null, "name:fr": null, "name:en": null, "addr:street": null, "email": null, "opening_hours": null, "addr:city": null, "emergency": null, "healthcare:speciality": null, "building": null, "fixme": null, "wikidata": null, "addr:municipality": null, "staff_count:doctors": null, "staff_count:nurses": null, "barrier": null, "height": null, "capacity:beds": null, "healthcare:cholera": null, "landuse": null, "addr:postcode": null, "note": null, "wheelchair": null, "abandoned": null, "website": null }, "geometry": { "type": "Point", "coordinates": [ 1.5693699, 6.4708441 ] } },
{ "type": "Feature", "properties": { "element": "node", "id": 7626112091, "amenity": "hospital", "name": "Dispensaire de Dagbati", "health_facility:type": null, "healthcare": "nurse", "operator": null, "operator:type": null, "source": null, "short_name": null, "source:date": null, "disused": null, "description": "USP Type 1 (Classification centre de santé au Togo)", "phone": null, "name:fr": null, "name:en": null, "addr:street": null, "email": null, "opening_hours": null, "addr:city": null, "emergency": null, "healthcare:speciality": null, "building": null, "fixme": null, "wikidata": null, "addr:municipality": null, "staff_count:doctors": null, "staff_count:nurses": null, "barrier": null, "height": null, "capacity:beds": null, "healthcare:cholera": null, "landuse": null, "addr:postcode": null, "note": null, "wheelchair": null, "abandoned": null, "website": null }, "geometry": { "type": "Point", "coordinates": [ 1.5008559, 6.4825375 ] } },
{ "type": "Feature", "properties": { "element": "node", "id": 7626112121, "amenity": "hospital", "name": "Dispensaire de Zooti", "health_facility:type": null, "healthcare": "nurse", "operator": null, "operator:type": null, "source": null, "short_name": null, "source:date": null, "disused": null, "description": "USP Type 1 (Classification centre de santé au Togo)", "phone": null, "name:fr": null, "name:en": null, "addr:street": null, "email": null, "opening_hours": null, "addr:city": null, "emergency": null, "healthcare:speciality": null, "building": null, "fixme": null, "wikidata": null, "addr:municipality": null, "staff_count:doctors": null, "staff_count:nurses": null, "barrier": null, "height": null, "capacity:beds": null, "healthcare:cholera": null, "landuse": null, "addr:postcode": null, "note": null, "wheelchair": null, "abandoned": null, "website": null }, "geometry": { "type": "Point", "coordinates": [ 1.6071716, 6.416634 ] } },
{ "type": "Feature", "properties": { "element": "node", "id": 7626112122, "amenity": "hospital", "name": "Dispensaire d'Assankondji", "health_facility:type": null, "healthcare": "nurse", "operator": null, "operator:type": null, "source": null, "short_name": null, "source:date": null, "disused": null, "description": "USP Type 1 (Classification centre de santé au Togo)", "phone": null, "name:fr": null, "name:en": null, "addr:street": null, "email": null, "opening_hours": null, "addr:city": null, "emergency": null, "healthcare:speciality": null, "building": null, "fixme": null, "wikidata": null, "addr:municipality": null, "staff_count:doctors": null, "staff_count:nurses": null, "barrier": null, "height": null, "capacity:beds": null, "healthcare:cholera": null, "landuse": null, "addr:postcode": null, "note": null, "wheelchair": null, "abandoned": null, "website": null }, "geometry": { "type": "Point", "coordinates": [ 1.6004661, 6.3839044 ] } },
{ "type": "Feature", "properties": { "element": "node", "id": 7626129221, "amenity": "hospital", "name": "Centre Médico-Social d'Agbodrafo", "health_facility:type": null, "healthcare": "hospital", "operator": null, "operator:type": null, "source": null, "short_name": null, "source:date": null, "disused": null, "description": null, "phone": null, "name:fr": null, "name:en": null, "addr:street": null, "email": null, "opening_hours": null, "addr:city": null, "emergency": null, "healthcare:speciality": null, "building": null, "fixme": null, "wikidata": null, "addr:municipality": null, "staff_count:doctors": null, "staff_count:nurses": null, "barrier": null, "height": null, "capacity:beds": null, "healthcare:cholera": null, "landuse": null, "addr:postcode": null, "note": null, "wheelchair": null, "abandoned": null, "website": null }, "geometry": { "type": "Point", "coordinates": [ 1.4808691, 6.2117168 ] } },
{ "type": "Feature", "properties": { "element": "node", "id": 7626163670, "amenity": "hospital", "name": "Dispensaire d'Agbetiko", "health_facility:type": null, "healthcare": "nurse", "operator": null, "operator:type": null, "source": null, "short_name": null, "source:date": null, "disused": null, "description": "USP Type 1 (Classification centre de santé au Togo)", "phone": null, "name:fr": null, "name:en": null, "addr:street": null, "email": null, "opening_hours": null, "addr:city": null, "emergency": null, "healthcare:speciality": null, "building": null, "fixme": null, "wikidata": null, "addr:municipality": null, "staff_count:doctors": null, "staff_count:nurses": null, "barrier": null, "height": null, "capacity:beds": null, "healthcare:cholera": null, "landuse": null, "addr:postcode": null, "note": null, "wheelchair": null, "abandoned": null, "website": null }, "geometry": { "type": "Point", "coordinates": [ 1.711421, 6.4960062 ] } },
{ "type": "Feature", "properties": { "element": "node", "id": 7626233517, "amenity": "hospital", "name": "Hôpital Saint Jean d'Afagnan", "health_facility:type": null, "healthcare": null, "operator": "private", "operator:type": null, "source": null, "short_name": null, "source:date": null, "disused": null, "description": null, "phone": null, "name:fr": null, "name:en": null, "addr:street": null, "email": null, "opening_hours": null, "addr:city": null, "emergency": null, "healthcare:speciality": null, "building": null, "fixme": null, "wikidata": null, "addr:municipality": null, "staff_count:doctors": null, "staff_count:nurses": null, "barrier": null, "height": null, "capacity:beds": null, "healthcare:cholera": null, "landuse": null, "addr:postcode": null, "note": null, "wheelchair": null, "abandoned": null, "website": null }, "geometry": { "type": "Point", "coordinates": [ 1.6323173, 6.4941248 ] } },
{ "type": "Feature", "properties": { "element": "node", "id": 7626252685, "amenity": "hospital", "name": "Centre Médico-Social d'agomé Glozou", "health_facility:type": null, "healthcare": "nurse", "operator": null, "operator:type": null, "source": null, "short_name": null, "source:date": null, "disused": null, "description": "USP Type 2 (Classification centre de santé au Togo)", "phone": null, "name:fr": null, "name:en": null, "addr:street": null, "email": null, "opening_hours": null, "addr:city": null, "emergency": null, "healthcare:speciality": null, "building": null, "fixme": null, "wikidata": null, "addr:municipality": null, "staff_count:doctors": null, "staff_count:nurses": null, "barrier": null, "height": null, "capacity:beds": null, "healthcare:cholera": null, "landuse": null, "addr:postcode": null, "note": null, "wheelchair": null, "abandoned": null, "website": null }, "geometry": { "type": "Point", "coordinates": [ 1.6652924, 6.5585043 ] } },
{ "type": "Feature", "properties": { "element": "node", "id": 7626334870, "amenity": "hospital", "name": "Dispensaire de Wogba", "health_facility:type": null, "healthcare": "nurse", "operator": null, "operator:type": null, "source": null, "short_name": null, "source:date": null, "disused": null, "description": "USP Type 1 (Classification centre de santé au Togo)", "phone": null, "name:fr": null, "name:en": null, "addr:street": null, "email": null, "opening_hours": null, "addr:city": null, "emergency": "yes", "healthcare:speciality": null, "building": "yes", "fixme": null, "wikidata": null, "addr:municipality": null, "staff_count:doctors": null, "staff_count:nurses": null, "barrier": null, "height": null, "capacity:beds": null, "healthcare:cholera": null, "landuse": null, "addr:postcode": null, "note": null, "wheelchair": null, "abandoned": null, "website": null }, "geometry": { "type": "Point", "coordinates": [ 1.5094238, 6.2878974 ] } },
{ "type": "Feature", "properties": { "element": "node", "id": 7626334871, "amenity": "hospital", "name": "Centre Médico-Social d'Akoumapé", "health_facility:type": null, "healthcare": "nurse", "operator": null, "operator:type": null, "source": null, "short_name": null, "source:date": null, "disused": null, "description": "USP Type 1 (Classification centre de santé au Togo)", "phone": null, "name:fr": null, "name:en": null, "addr:street": null, "email": null, "opening_hours": null, "addr:city": null, "emergency": "yes", "healthcare:speciality": null, "building": "yes", "fixme": null, "wikidata": null, "addr:municipality": null, "staff_count:doctors": null, "staff_count:nurses": null, "barrier": null, "height": null, "capacity:beds": null, "healthcare:cholera": null, "landuse": null, "addr:postcode": null, "note": null, "wheelchair": null, "abandoned": null, "website": null }, "geometry": { "type": "Point", "coordinates": [ 1.4366341, 6.3830408 ] } },
{ "type": "Feature", "properties": { "element": "node", "id": 7626334872, "amenity": "hospital", "name": "Dispensaire Hahotoe", "health_facility:type": null, "healthcare": "nurse", "operator": null, "operator:type": null, "source": null, "short_name": null, "source:date": null, "disused": null, "description": "USP Type 1 (Classification centre de santé au Togo)", "phone": null, "name:fr": null, "name:en": null, "addr:street": null, "email": null, "opening_hours": null, "addr:city": null, "emergency": null, "healthcare:speciality": null, "building": null, "fixme": null, "wikidata": null, "addr:municipality": null, "staff_count:doctors": null, "staff_count:nurses": null, "barrier": null, "height": null, "capacity:beds": null, "healthcare:cholera": null, "landuse": null, "addr:postcode": null, "note": null, "wheelchair": null, "abandoned": null, "website": null }, "geometry": { "type": "Point", "coordinates": [ 1.41188, 6.3689703 ] } },
{ "type": "Feature", "properties": { "element": "node", "id": 7626334873, "amenity": "hospital", "name": "Centre de santé d'Atahonou", "health_facility:type": null, "healthcare": "nurse", "operator": null, "operator:type": null, "source": null, "short_name": null, "source:date": null, "disused": null, "description": "USP Type 1 (Classification centre de santé au Togo)", "phone": null, "name:fr": null, "name:en": null, "addr:street": null, "email": null, "opening_hours": null, "addr:city": null, "emergency": null, "healthcare:speciality": null, "building": null, "fixme": null, "wikidata": null, "addr:municipality": null, "staff_count:doctors": null, "staff_count:nurses": null, "barrier": null, "height": null, "capacity:beds": null, "healthcare:cholera": null, "landuse": null, "addr:postcode": null, "note": null, "wheelchair": null, "abandoned": null, "website": null }, "geometry": { "type": "Point", "coordinates": [ 1.4972413, 6.4228443 ] } },
{ "type": "Feature", "properties": { "element": "node", "id": 7626808830, "amenity": "hospital", "name": "Dispensaire Kpétou", "health_facility:type": null, "healthcare": "nurse", "operator": null, "operator:type": null, "source": null, "short_name": null, "source:date": null, "disused": null, "description": "USP Type 1 (Classification centre de santé au Togo)", "phone": null, "name:fr": null, "name:en": null, "addr:street": null, "email": null, "opening_hours": null, "addr:city": null, "emergency": null, "healthcare:speciality": null, "building": null, "fixme": null, "wikidata": null, "addr:municipality": null, "staff_count:doctors": null, "staff_count:nurses": null, "barrier": null, "height": null, "capacity:beds": null, "healthcare:cholera": null, "landuse": null, "addr:postcode": null, "note": null, "wheelchair": null, "abandoned": null, "website": null }, "geometry": { "type": "Point", "coordinates": [ 1.5773267, 6.522333 ] } },
{ "type": "Feature", "properties": { "element": "node", "id": 7626808916, "amenity": "hospital", "name": "Unité de Soins Périphérique de Logowomé", "health_facility:type": null, "healthcare": "nurse", "operator": null, "operator:type": null, "source": null, "short_name": null, "source:date": null, "disused": null, "description": "USP Type 1 (Classification centre de santé au Togo)", "phone": null, "name:fr": null, "name:en": null, "addr:street": "Afagnagan - Aklokou", "email": null, "opening_hours": null, "addr:city": null, "emergency": null, "healthcare:speciality": null, "building": null, "fixme": null, "wikidata": null, "addr:municipality": null, "staff_count:doctors": null, "staff_count:nurses": null, "barrier": null, "height": null, "capacity:beds": null, "healthcare:cholera": null, "landuse": null, "addr:postcode": null, "note": null, "wheelchair": null, "abandoned": null, "website": null }, "geometry": { "type": "Point", "coordinates": [ 1.6632056, 6.4755281 ] } },
{ "type": "Feature", "properties": { "element": "node", "id": 7626808946, "amenity": "hospital", "name": "Dispensaire de Masséda", "health_facility:type": null, "healthcare": "nurse", "operator": null, "operator:type": null, "source": null, "short_name": null, "source:date": null, "disused": null, "description": "USP Type 1 (Classification centre de santé au Togo)", "phone": null, "name:fr": null, "name:en": null, "addr:street": "Afagnagan - Aklokou", "email": null, "opening_hours": null, "addr:city": null, "emergency": null, "healthcare:speciality": null, "building": null, "fixme": null, "wikidata": null, "addr:municipality": null, "staff_count:doctors": null, "staff_count:nurses": null, "barrier": null, "height": null, "capacity:beds": null, "healthcare:cholera": null, "landuse": null, "addr:postcode": null, "note": null, "wheelchair": null, "abandoned": null, "website": null }, "geometry": { "type": "Point", "coordinates": [ 1.6738607, 6.4465949 ] } },
{ "type": "Feature", "properties": { "element": "node", "id": 7649509619, "amenity": "hospital", "name": "CMS A.DE.S.CO", "health_facility:type": null, "healthcare": "hospital", "operator": null, "operator:type": null, "source": null, "short_name": null, "source:date": null, "disused": null, "description": null, "phone": null, "name:fr": null, "name:en": null, "addr:street": null, "email": null, "opening_hours": null, "addr:city": null, "emergency": null, "healthcare:speciality": null, "building": null, "fixme": null, "wikidata": null, "addr:municipality": null, "staff_count:doctors": null, "staff_count:nurses": null, "barrier": null, "height": null, "capacity:beds": null, "healthcare:cholera": null, "landuse": null, "addr:postcode": null, "note": null, "wheelchair": null, "abandoned": null, "website": null }, "geometry": { "type": "Point", "coordinates": [ 1.1382402, 9.0043081 ] } },
{ "type": "Feature", "properties": { "element": "node", "id": 7699708568, "amenity": "hospital", "name": "CMS Attitogon", "health_facility:type": null, "healthcare": "clinic", "operator": null, "operator:type": null, "source": "bing;survey", "short_name": null, "source:date": null, "disused": null, "description": "USP Type 2 (Classification centre de santé au Togo)", "phone": null, "name:fr": null, "name:en": null, "addr:street": null, "email": null, "opening_hours": null, "addr:city": null, "emergency": null, "healthcare:speciality": null, "building": null, "fixme": null, "wikidata": null, "addr:municipality": null, "staff_count:doctors": null, "staff_count:nurses": null, "barrier": null, "height": null, "capacity:beds": null, "healthcare:cholera": null, "landuse": null, "addr:postcode": null, "note": null, "wheelchair": null, "abandoned": null, "website": null }, "geometry": { "type": "Point", "coordinates": [ 1.663701, 6.421208 ] } },
{ "type": "Feature", "properties": { "element": "node", "id": 7728938544, "amenity": "hospital", "name": "CMS San Marino Anyonkopé", "health_facility:type": null, "healthcare": null, "operator": null, "operator:type": null, "source": null, "short_name": null, "source:date": null, "disused": null, "description": null, "phone": null, "name:fr": null, "name:en": null, "addr:street": null, "email": null, "opening_hours": null, "addr:city": null, "emergency": null, "healthcare:speciality": null, "building": null, "fixme": null, "wikidata": null, "addr:municipality": null, "staff_count:doctors": null, "staff_count:nurses": null, "barrier": null, "height": null, "capacity:beds": null, "healthcare:cholera": null, "landuse": null, "addr:postcode": null, "note": null, "wheelchair": null, "abandoned": null, "website": null }, "geometry": { "type": "Point", "coordinates": [ 1.5543735, 6.2689276 ] } },
{ "type": "Feature", "properties": { "element": "node", "id": 7810011842, "amenity": "hospital", "name": "centre de santé communautaire", "health_facility:type": null, "healthcare": "hospital", "operator": null, "operator:type": null, "source": null, "short_name": null, "source:date": null, "disused": null, "description": null, "phone": null, "name:fr": null, "name:en": null, "addr:street": null, "email": null, "opening_hours": null, "addr:city": null, "emergency": null, "healthcare:speciality": null, "building": null, "fixme": null, "wikidata": null, "addr:municipality": null, "staff_count:doctors": null, "staff_count:nurses": null, "barrier": null, "height": null, "capacity:beds": null, "healthcare:cholera": null, "landuse": null, "addr:postcode": null, "note": null, "wheelchair": null, "abandoned": null, "website": null }, "geometry": { "type": "Point", "coordinates": [ 1.2050588, 6.176641 ] } },
{ "type": "Feature", "properties": { "element": "node", "id": 7845108078, "amenity": "hospital", "name": "USP Awandjelo", "health_facility:type": null, "healthcare": null, "operator": null, "operator:type": null, "source": null, "short_name": null, "source:date": null, "disused": null, "description": null, "phone": null, "name:fr": null, "name:en": null, "addr:street": null, "email": null, "opening_hours": null, "addr:city": null, "emergency": null, "healthcare:speciality": null, "building": null, "fixme": null, "wikidata": null, "addr:municipality": null, "staff_count:doctors": null, "staff_count:nurses": null, "barrier": null, "height": null, "capacity:beds": null, "healthcare:cholera": null, "landuse": null, "addr:postcode": null, "note": null, "wheelchair": null, "abandoned": null, "website": null }, "geometry": { "type": "Point", "coordinates": [ 1.2117613, 9.4527579 ] } },
{ "type": "Feature", "properties": { "element": "node", "id": 7925740785, "amenity": "hospital", "name": "CMS Soeur PURA PAGANI", "health_facility:type": null, "healthcare": null, "operator": null, "operator:type": null, "source": null, "short_name": null, "source:date": null, "disused": null, "description": null, "phone": null, "name:fr": null, "name:en": null, "addr:street": null, "email": null, "opening_hours": null, "addr:city": null, "emergency": null, "healthcare:speciality": null, "building": null, "fixme": null, "wikidata": null, "addr:municipality": null, "staff_count:doctors": null, "staff_count:nurses": null, "barrier": null, "height": null, "capacity:beds": null, "healthcare:cholera": null, "landuse": null, "addr:postcode": null, "note": null, "wheelchair": null, "abandoned": null, "website": null }, "geometry": { "type": "Point", "coordinates": [ 1.1450737, 6.1773345 ] } },
{ "type": "Feature", "properties": { "element": "node", "id": 8130692548, "amenity": "hospital", "name": "Centre de santé préfectorale", "health_facility:type": null, "healthcare": "hospital", "operator": "Public", "operator:type": null, "source": null, "short_name": null, "source:date": null, "disused": null, "description": null, "phone": null, "name:fr": null, "name:en": null, "addr:street": null, "email": null, "opening_hours": null, "addr:city": null, "emergency": null, "healthcare:speciality": null, "building": null, "fixme": null, "wikidata": null, "addr:municipality": null, "staff_count:doctors": null, "staff_count:nurses": null, "barrier": null, "height": null, "capacity:beds": null, "healthcare:cholera": null, "landuse": null, "addr:postcode": null, "note": null, "wheelchair": null, "abandoned": null, "website": null }, "geometry": { "type": "Point", "coordinates": [ 0.196191, 10.6588119 ] } },
{ "type": "Feature", "properties": { "element": "node", "id": 8147257145, "amenity": "hospital", "name": "USP de Binaparba", "health_facility:type": null, "healthcare": null, "operator": null, "operator:type": null, "source": null, "short_name": null, "source:date": null, "disused": null, "description": null, "phone": null, "name:fr": null, "name:en": null, "addr:street": null, "email": null, "opening_hours": null, "addr:city": null, "emergency": null, "healthcare:speciality": null, "building": null, "fixme": null, "wikidata": null, "addr:municipality": null, "staff_count:doctors": null, "staff_count:nurses": null, "barrier": null, "height": null, "capacity:beds": null, "healthcare:cholera": null, "landuse": null, "addr:postcode": null, "note": null, "wheelchair": null, "abandoned": null, "website": null }, "geometry": { "type": "Point", "coordinates": [ 0.7658865, 9.2328628 ] } },
{ "type": "Feature", "properties": { "element": "node", "id": 8147264210, "amenity": "hospital", "name": "USP de Tindjassi", "health_facility:type": null, "healthcare": "hospital", "operator": null, "operator:type": null, "source": null, "short_name": null, "source:date": null, "disused": null, "description": null, "phone": null, "name:fr": null, "name:en": null, "addr:street": null, "email": null, "opening_hours": null, "addr:city": null, "emergency": null, "healthcare:speciality": null, "building": null, "fixme": "no building at this location, please confirm", "wikidata": null, "addr:municipality": null, "staff_count:doctors": null, "staff_count:nurses": null, "barrier": null, "height": null, "capacity:beds": null, "healthcare:cholera": null, "landuse": null, "addr:postcode": null, "note": null, "wheelchair": null, "abandoned": null, "website": null }, "geometry": { "type": "Point", "coordinates": [ 0.4539785, 8.6473246 ] } },
{ "type": "Feature", "properties": { "element": "node", "id": 8147270417, "amenity": "hospital", "name": "USP de Djarkpanga", "health_facility:type": null, "healthcare": null, "operator": null, "operator:type": null, "source": null, "short_name": null, "source:date": null, "disused": null, "description": null, "phone": null, "name:fr": null, "name:en": null, "addr:street": null, "email": null, "opening_hours": null, "addr:city": null, "emergency": null, "healthcare:speciality": null, "building": null, "fixme": null, "wikidata": null, "addr:municipality": null, "staff_count:doctors": null, "staff_count:nurses": null, "barrier": null, "height": null, "capacity:beds": null, "healthcare:cholera": null, "landuse": null, "addr:postcode": null, "note": null, "wheelchair": null, "abandoned": null, "website": null }, "geometry": { "type": "Point", "coordinates": [ 0.56188, 8.7780329 ] } },
{ "type": "Feature", "properties": { "element": "node", "id": 8213082831, "amenity": "hospital", "name": "Dispensaire de Doufouli", "health_facility:type": null, "healthcare": null, "operator": null, "operator:type": null, "source": null, "short_name": null, "source:date": null, "disused": null, "description": null, "phone": null, "name:fr": null, "name:en": null, "addr:street": null, "email": null, "opening_hours": null, "addr:city": null, "emergency": null, "healthcare:speciality": null, "building": null, "fixme": null, "wikidata": null, "addr:municipality": null, "staff_count:doctors": null, "staff_count:nurses": null, "barrier": null, "height": null, "capacity:beds": null, "healthcare:cholera": null, "landuse": null, "addr:postcode": null, "note": null, "wheelchair": null, "abandoned": null, "website": null }, "geometry": { "type": "Point", "coordinates": [ 0.9308115, 8.3081852 ] } },
{ "type": "Feature", "properties": { "element": "node", "id": 8220120059, "amenity": "hospital", "name": "USP Pya-Hodo", "health_facility:type": null, "healthcare": null, "operator": null, "operator:type": null, "source": null, "short_name": null, "source:date": null, "disused": null, "description": null, "phone": null, "name:fr": null, "name:en": null, "addr:street": null, "email": null, "opening_hours": null, "addr:city": null, "emergency": null, "healthcare:speciality": null, "building": null, "fixme": null, "wikidata": null, "addr:municipality": null, "staff_count:doctors": null, "staff_count:nurses": null, "barrier": null, "height": null, "capacity:beds": null, "healthcare:cholera": null, "landuse": null, "addr:postcode": null, "note": null, "wheelchair": null, "abandoned": null, "website": null }, "geometry": { "type": "Point", "coordinates": [ 1.1721769, 9.6688386 ] } },
{ "type": "Feature", "properties": { "element": "node", "id": 8220148229, "amenity": "hospital", "name": "Dispensaire Pya Pittah", "health_facility:type": null, "healthcare": null, "operator": null, "operator:type": null, "source": null, "short_name": null, "source:date": null, "disused": null, "description": null, "phone": null, "name:fr": null, "name:en": null, "addr:street": null, "email": null, "opening_hours": null, "addr:city": null, "emergency": null, "healthcare:speciality": null, "building": null, "fixme": null, "wikidata": null, "addr:municipality": null, "staff_count:doctors": null, "staff_count:nurses": null, "barrier": null, "height": null, "capacity:beds": null, "healthcare:cholera": null, "landuse": null, "addr:postcode": null, "note": null, "wheelchair": null, "abandoned": null, "website": null }, "geometry": { "type": "Point", "coordinates": [ 1.1651531, 9.6797878 ] } },
{ "type": "Feature", "properties": { "element": "node", "id": 8222064514, "amenity": "hospital", "name": "Centre Médical des familles de Dapaong", "health_facility:type": null, "healthcare": "hospital", "operator": null, "operator:type": null, "source": null, "short_name": null, "source:date": null, "disused": null, "description": null, "phone": null, "name:fr": null, "name:en": null, "addr:street": null, "email": null, "opening_hours": null, "addr:city": null, "emergency": null, "healthcare:speciality": null, "building": null, "fixme": null, "wikidata": null, "addr:municipality": null, "staff_count:doctors": null, "staff_count:nurses": null, "barrier": null, "height": null, "capacity:beds": null, "healthcare:cholera": null, "landuse": null, "addr:postcode": null, "note": null, "wheelchair": null, "abandoned": null, "website": null }, "geometry": { "type": "Point", "coordinates": [ 0.199755, 10.8814974 ] } },
{ "type": "Feature", "properties": { "element": "node", "id": 8317044574, "amenity": "hospital", "name": "Unité de Soins Périphérique de Tcharè-Baou", "health_facility:type": null, "healthcare": null, "operator": null, "operator:type": "public", "source": null, "short_name": null, "source:date": null, "disused": null, "description": null, "phone": null, "name:fr": null, "name:en": null, "addr:street": null, "email": null, "opening_hours": null, "addr:city": null, "emergency": null, "healthcare:speciality": null, "building": null, "fixme": null, "wikidata": null, "addr:municipality": null, "staff_count:doctors": null, "staff_count:nurses": null, "barrier": null, "height": null, "capacity:beds": null, "healthcare:cholera": null, "landuse": null, "addr:postcode": null, "note": null, "wheelchair": null, "abandoned": null, "website": null }, "geometry": { "type": "Point", "coordinates": [ 1.0143082, 8.0638864 ] } },
{ "type": "Feature", "properties": { "element": "node", "id": 8350297569, "amenity": "hospital", "name": "USP Kémérida", "health_facility:type": null, "healthcare": null, "operator": null, "operator:type": null, "source": null, "short_name": null, "source:date": null, "disused": null, "description": null, "phone": null, "name:fr": null, "name:en": null, "addr:street": null, "email": null, "opening_hours": null, "addr:city": null, "emergency": null, "healthcare:speciality": null, "building": null, "fixme": null, "wikidata": null, "addr:municipality": null, "staff_count:doctors": null, "staff_count:nurses": null, "barrier": null, "height": null, "capacity:beds": null, "healthcare:cholera": null, "landuse": null, "addr:postcode": null, "note": null, "wheelchair": null, "abandoned": null, "website": null }, "geometry": { "type": "Point", "coordinates": [ 1.3540408, 9.6642497 ] } },
{ "type": "Feature", "properties": { "element": "node", "id": 8350514765, "amenity": "hospital", "name": "Cms Kétao", "health_facility:type": null, "healthcare": null, "operator": null, "operator:type": null, "source": null, "short_name": null, "source:date": null, "disused": null, "description": null, "phone": null, "name:fr": null, "name:en": null, "addr:street": null, "email": null, "opening_hours": null, "addr:city": null, "emergency": null, "healthcare:speciality": null, "building": null, "fixme": null, "wikidata": null, "addr:municipality": null, "staff_count:doctors": null, "staff_count:nurses": null, "barrier": null, "height": null, "capacity:beds": null, "healthcare:cholera": null, "landuse": null, "addr:postcode": null, "note": null, "wheelchair": null, "abandoned": null, "website": null }, "geometry": { "type": "Point", "coordinates": [ 1.3138875, 9.6623347 ] } },
{ "type": "Feature", "properties": { "element": "node", "id": 8350534341, "amenity": "hospital", "name": "Hôpital des soeurs Catholique", "health_facility:type": null, "healthcare": null, "operator": null, "operator:type": null, "source": null, "short_name": null, "source:date": null, "disused": null, "description": null, "phone": null, "name:fr": null, "name:en": null, "addr:street": null, "email": null, "opening_hours": null, "addr:city": null, "emergency": null, "healthcare:speciality": null, "building": null, "fixme": null, "wikidata": null, "addr:municipality": null, "staff_count:doctors": null, "staff_count:nurses": null, "barrier": null, "height": null, "capacity:beds": null, "healthcare:cholera": null, "landuse": null, "addr:postcode": null, "note": null, "wheelchair": null, "abandoned": null, "website": null }, "geometry": { "type": "Point", "coordinates": [ 1.3090186, 9.6649227 ] } },
{ "type": "Feature", "properties": { "element": "node", "id": 8362853835, "amenity": "hospital", "name": "USP Lassa Bas", "health_facility:type": null, "healthcare": null, "operator": null, "operator:type": null, "source": null, "short_name": null, "source:date": null, "disused": null, "description": null, "phone": null, "name:fr": null, "name:en": null, "addr:street": null, "email": null, "opening_hours": null, "addr:city": null, "emergency": null, "healthcare:speciality": null, "building": null, "fixme": null, "wikidata": null, "addr:municipality": null, "staff_count:doctors": null, "staff_count:nurses": null, "barrier": null, "height": null, "capacity:beds": null, "healthcare:cholera": null, "landuse": null, "addr:postcode": null, "note": null, "wheelchair": null, "abandoned": null, "website": null }, "geometry": { "type": "Point", "coordinates": [ 1.2368014, 9.5932179 ] } },
{ "type": "Feature", "properties": { "element": "node", "id": 8362853854, "amenity": "hospital", "name": "Dispensaire", "health_facility:type": null, "healthcare": null, "operator": null, "operator:type": null, "source": null, "short_name": null, "source:date": null, "disused": null, "description": null, "phone": null, "name:fr": null, "name:en": null, "addr:street": null, "email": null, "opening_hours": null, "addr:city": null, "emergency": null, "healthcare:speciality": null, "building": null, "fixme": null, "wikidata": null, "addr:municipality": null, "staff_count:doctors": null, "staff_count:nurses": null, "barrier": null, "height": null, "capacity:beds": null, "healthcare:cholera": null, "landuse": null, "addr:postcode": null, "note": null, "wheelchair": null, "abandoned": null, "website": null }, "geometry": { "type": "Point", "coordinates": [ 1.2235446, 9.6075334 ] } },
{ "type": "Feature", "properties": { "element": "node", "id": 8362853869, "amenity": "hospital", "name": "USP Lassa Hounde", "health_facility:type": null, "healthcare": null, "operator": null, "operator:type": null, "source": null, "short_name": null, "source:date": null, "disused": null, "description": null, "phone": null, "name:fr": null, "name:en": null, "addr:street": null, "email": null, "opening_hours": null, "addr:city": null, "emergency": null, "healthcare:speciality": null, "building": null, "fixme": null, "wikidata": null, "addr:municipality": null, "staff_count:doctors": null, "staff_count:nurses": null, "barrier": null, "height": null, "capacity:beds": null, "healthcare:cholera": null, "landuse": null, "addr:postcode": null, "note": null, "wheelchair": null, "abandoned": null, "website": null }, "geometry": { "type": "Point", "coordinates": [ 1.2048925, 9.6441801 ] } },
{ "type": "Feature", "properties": { "element": "node", "id": 8370363763, "amenity": "hospital", "name": null, "health_facility:type": null, "healthcare": null, "operator": null, "operator:type": null, "source": null, "short_name": null, "source:date": null, "disused": null, "description": null, "phone": null, "name:fr": null, "name:en": null, "addr:street": null, "email": null, "opening_hours": null, "addr:city": null, "emergency": null, "healthcare:speciality": null, "building": null, "fixme": null, "wikidata": null, "addr:municipality": null, "staff_count:doctors": null, "staff_count:nurses": null, "barrier": null, "height": null, "capacity:beds": null, "healthcare:cholera": null, "landuse": null, "addr:postcode": null, "note": null, "wheelchair": null, "abandoned": null, "website": null }, "geometry": { "type": "Point", "coordinates": [ 1.0966815, 9.2740087 ] } },
{ "type": "Feature", "properties": { "element": "node", "id": 8370482158, "amenity": "hospital", "name": "Hoital d'Alédjo", "health_facility:type": null, "healthcare": null, "operator": null, "operator:type": null, "source": null, "short_name": null, "source:date": null, "disused": null, "description": null, "phone": null, "name:fr": null, "name:en": null, "addr:street": null, "email": null, "opening_hours": null, "addr:city": null, "emergency": null, "healthcare:speciality": null, "building": null, "fixme": null, "wikidata": null, "addr:municipality": null, "staff_count:doctors": null, "staff_count:nurses": null, "barrier": null, "height": null, "capacity:beds": null, "healthcare:cholera": null, "landuse": null, "addr:postcode": null, "note": null, "wheelchair": null, "abandoned": null, "website": null }, "geometry": { "type": "Point", "coordinates": [ 1.2119776, 9.2595219 ] } },
{ "type": "Feature", "properties": { "element": "node", "id": 8370482164, "amenity": "hospital", "name": "CMS D'Alédjo", "health_facility:type": null, "healthcare": null, "operator": null, "operator:type": null, "source": null, "short_name": null, "source:date": null, "disused": null, "description": null, "phone": null, "name:fr": null, "name:en": null, "addr:street": null, "email": null, "opening_hours": null, "addr:city": null, "emergency": null, "healthcare:speciality": null, "building": null, "fixme": null, "wikidata": null, "addr:municipality": null, "staff_count:doctors": null, "staff_count:nurses": null, "barrier": null, "height": null, "capacity:beds": null, "healthcare:cholera": null, "landuse": null, "addr:postcode": null, "note": null, "wheelchair": null, "abandoned": null, "website": null }, "geometry": { "type": "Point", "coordinates": [ 1.2077853, 9.2567674 ] } },
{ "type": "Feature", "properties": { "element": "node", "id": 8370486621, "amenity": "hospital", "name": null, "health_facility:type": null, "healthcare": null, "operator": null, "operator:type": null, "source": null, "short_name": null, "source:date": null, "disused": null, "description": null, "phone": null, "name:fr": null, "name:en": null, "addr:street": null, "email": null, "opening_hours": null, "addr:city": null, "emergency": null, "healthcare:speciality": null, "building": null, "fixme": null, "wikidata": null, "addr:municipality": null, "staff_count:doctors": null, "staff_count:nurses": null, "barrier": null, "height": null, "capacity:beds": null, "healthcare:cholera": null, "landuse": null, "addr:postcode": null, "note": null, "wheelchair": null, "abandoned": null, "website": null }, "geometry": { "type": "Point", "coordinates": [ 1.1847733, 9.2892176 ] } },
{ "type": "Feature", "properties": { "element": "node", "id": 8375147533, "amenity": "hospital", "name": "Hôpital de l'amitié", "health_facility:type": null, "healthcare": null, "operator": null, "operator:type": null, "source": null, "short_name": null, "source:date": null, "disused": null, "description": null, "phone": null, "name:fr": null, "name:en": null, "addr:street": null, "email": null, "opening_hours": null, "addr:city": null, "emergency": null, "healthcare:speciality": null, "building": null, "fixme": null, "wikidata": null, "addr:municipality": null, "staff_count:doctors": null, "staff_count:nurses": null, "barrier": null, "height": null, "capacity:beds": null, "healthcare:cholera": null, "landuse": null, "addr:postcode": null, "note": null, "wheelchair": null, "abandoned": null, "website": null }, "geometry": { "type": "Point", "coordinates": [ 1.0472175, 8.6425363 ] } },
{ "type": "Feature", "properties": { "element": "node", "id": 8413675209, "amenity": "hospital", "name": "USP Komondè", "health_facility:type": null, "healthcare": null, "operator": null, "operator:type": null, "source": null, "short_name": null, "source:date": null, "disused": null, "description": null, "phone": null, "name:fr": null, "name:en": null, "addr:street": null, "email": null, "opening_hours": null, "addr:city": null, "emergency": null, "healthcare:speciality": null, "building": null, "fixme": null, "wikidata": null, "addr:municipality": null, "staff_count:doctors": null, "staff_count:nurses": null, "barrier": null, "height": null, "capacity:beds": null, "healthcare:cholera": null, "landuse": null, "addr:postcode": null, "note": null, "wheelchair": null, "abandoned": null, "website": null }, "geometry": { "type": "Point", "coordinates": [ 1.2375652, 9.2952779 ] } },
{ "type": "Feature", "properties": { "element": "node", "id": 8427564215, "amenity": "hospital", "name": "CMS de Kpadapé", "health_facility:type": null, "healthcare": null, "operator": null, "operator:type": null, "source": null, "short_name": null, "source:date": null, "disused": null, "description": null, "phone": null, "name:fr": null, "name:en": null, "addr:street": null, "email": null, "opening_hours": null, "addr:city": null, "emergency": null, "healthcare:speciality": null, "building": null, "fixme": null, "wikidata": null, "addr:municipality": null, "staff_count:doctors": null, "staff_count:nurses": null, "barrier": null, "height": null, "capacity:beds": null, "healthcare:cholera": null, "landuse": null, "addr:postcode": null, "note": null, "wheelchair": null, "abandoned": null, "website": null }, "geometry": { "type": "Point", "coordinates": [ 0.5916269, 6.8412109 ] } },
{ "type": "Feature", "properties": { "element": "node", "id": 8427574840, "amenity": "hospital", "name": "Dispensaire de GBALAVE", "health_facility:type": null, "healthcare": null, "operator": null, "operator:type": null, "source": null, "short_name": null, "source:date": null, "disused": null, "description": null, "phone": null, "name:fr": null, "name:en": null, "addr:street": null, "email": null, "opening_hours": null, "addr:city": null, "emergency": null, "healthcare:speciality": null, "building": null, "fixme": null, "wikidata": null, "addr:municipality": null, "staff_count:doctors": null, "staff_count:nurses": null, "barrier": null, "height": null, "capacity:beds": null, "healthcare:cholera": null, "landuse": null, "addr:postcode": null, "note": null, "wheelchair": null, "abandoned": null, "website": null }, "geometry": { "type": "Point", "coordinates": [ 0.6012708, 6.8643994 ] } },
{ "type": "Feature", "properties": { "element": "node", "id": 8430049309, "amenity": "hospital", "name": "CMS Kovié", "health_facility:type": null, "healthcare": null, "operator": null, "operator:type": null, "source": null, "short_name": null, "source:date": null, "disused": null, "description": null, "phone": null, "name:fr": null, "name:en": null, "addr:street": null, "email": null, "opening_hours": null, "addr:city": null, "emergency": null, "healthcare:speciality": null, "building": null, "fixme": null, "wikidata": null, "addr:municipality": null, "staff_count:doctors": null, "staff_count:nurses": null, "barrier": null, "height": null, "capacity:beds": null, "healthcare:cholera": null, "landuse": null, "addr:postcode": null, "note": null, "wheelchair": null, "abandoned": null, "website": null }, "geometry": { "type": "Point", "coordinates": [ 1.1074828, 6.3397459 ] } },
{ "type": "Feature", "properties": { "element": "node", "id": 8448779571, "amenity": "hospital", "name": "CHP de Niamtougou", "health_facility:type": null, "healthcare": null, "operator": null, "operator:type": "public", "source": null, "short_name": null, "source:date": null, "disused": null, "description": null, "phone": null, "name:fr": null, "name:en": null, "addr:street": null, "email": null, "opening_hours": null, "addr:city": null, "emergency": null, "healthcare:speciality": null, "building": null, "fixme": null, "wikidata": null, "addr:municipality": null, "staff_count:doctors": null, "staff_count:nurses": null, "barrier": null, "height": null, "capacity:beds": null, "healthcare:cholera": null, "landuse": null, "addr:postcode": null, "note": null, "wheelchair": null, "abandoned": null, "website": null }, "geometry": { "type": "Point", "coordinates": [ 1.1090438, 9.7624666 ] } },
{ "type": "Feature", "properties": { "element": "node", "id": 8567008708, "amenity": "hospital", "name": "USP Yokele", "health_facility:type": null, "healthcare": null, "operator": null, "operator:type": null, "source": null, "short_name": null, "source:date": null, "disused": null, "description": null, "phone": null, "name:fr": null, "name:en": null, "addr:street": null, "email": null, "opening_hours": null, "addr:city": null, "emergency": null, "healthcare:speciality": null, "building": null, "fixme": null, "wikidata": null, "addr:municipality": null, "staff_count:doctors": null, "staff_count:nurses": null, "barrier": null, "height": null, "capacity:beds": null, "healthcare:cholera": null, "landuse": null, "addr:postcode": null, "note": null, "wheelchair": null, "abandoned": null, "website": null }, "geometry": { "type": "Point", "coordinates": [ 0.6590027, 6.9348008 ] } },
{ "type": "Feature", "properties": { "element": "node", "id": 8567159674, "amenity": "hospital", "name": "USP Médécin d'Afrique", "health_facility:type": null, "healthcare": null, "operator": null, "operator:type": null, "source": null, "short_name": null, "source:date": null, "disused": null, "description": null, "phone": null, "name:fr": null, "name:en": null, "addr:street": null, "email": null, "opening_hours": null, "addr:city": null, "emergency": null, "healthcare:speciality": null, "building": null, "fixme": null, "wikidata": null, "addr:municipality": null, "staff_count:doctors": null, "staff_count:nurses": null, "barrier": null, "height": null, "capacity:beds": null, "healthcare:cholera": null, "landuse": null, "addr:postcode": null, "note": null, "wheelchair": null, "abandoned": null, "website": null }, "geometry": { "type": "Point", "coordinates": [ 1.58434, 6.4239112 ] } },
{ "type": "Feature", "properties": { "element": "node", "id": 8567159710, "amenity": "hospital", "name": null, "health_facility:type": null, "healthcare": null, "operator": null, "operator:type": null, "source": null, "short_name": null, "source:date": null, "disused": null, "description": null, "phone": null, "name:fr": null, "name:en": null, "addr:street": null, "email": null, "opening_hours": null, "addr:city": null, "emergency": null, "healthcare:speciality": null, "building": null, "fixme": null, "wikidata": null, "addr:municipality": null, "staff_count:doctors": null, "staff_count:nurses": null, "barrier": null, "height": null, "capacity:beds": null, "healthcare:cholera": null, "landuse": null, "addr:postcode": null, "note": null, "wheelchair": null, "abandoned": null, "website": null }, "geometry": { "type": "Point", "coordinates": [ 1.6065373, 6.3684812 ] } },
{ "type": "Feature", "properties": { "element": "node", "id": 8567164739, "amenity": "hospital", "name": null, "health_facility:type": null, "healthcare": null, "operator": null, "operator:type": null, "source": null, "short_name": null, "source:date": null, "disused": null, "description": null, "phone": null, "name:fr": null, "name:en": null, "addr:street": null, "email": null, "opening_hours": null, "addr:city": null, "emergency": null, "healthcare:speciality": null, "building": null, "fixme": null, "wikidata": null, "addr:municipality": null, "staff_count:doctors": null, "staff_count:nurses": null, "barrier": null, "height": null, "capacity:beds": null, "healthcare:cholera": null, "landuse": null, "addr:postcode": null, "note": null, "wheelchair": null, "abandoned": null, "website": null }, "geometry": { "type": "Point", "coordinates": [ 1.5668164, 6.3717639 ] } },
{ "type": "Feature", "properties": { "element": "node", "id": 8570246809, "amenity": "hospital", "name": "CMS D'EDZI", "health_facility:type": null, "healthcare": null, "operator": null, "operator:type": null, "source": null, "short_name": null, "source:date": null, "disused": null, "description": null, "phone": null, "name:fr": null, "name:en": null, "addr:street": null, "email": null, "opening_hours": null, "addr:city": null, "emergency": null, "healthcare:speciality": null, "building": null, "fixme": null, "wikidata": null, "addr:municipality": null, "staff_count:doctors": null, "staff_count:nurses": null, "barrier": null, "height": null, "capacity:beds": null, "healthcare:cholera": null, "landuse": null, "addr:postcode": null, "note": null, "wheelchair": null, "abandoned": null, "website": null }, "geometry": { "type": "Point", "coordinates": [ 0.870291, 6.3879481 ] } },
{ "type": "Feature", "properties": { "element": "node", "id": 8570257220, "amenity": "hospital", "name": "CMS", "health_facility:type": null, "healthcare": null, "operator": null, "operator:type": null, "source": null, "short_name": null, "source:date": null, "disused": null, "description": null, "phone": null, "name:fr": null, "name:en": null, "addr:street": null, "email": null, "opening_hours": null, "addr:city": null, "emergency": null, "healthcare:speciality": null, "building": null, "fixme": null, "wikidata": null, "addr:municipality": null, "staff_count:doctors": null, "staff_count:nurses": null, "barrier": null, "height": null, "capacity:beds": null, "healthcare:cholera": null, "landuse": null, "addr:postcode": null, "note": null, "wheelchair": null, "abandoned": null, "website": null }, "geometry": { "type": "Point", "coordinates": [ 0.8879399, 6.3754238 ] } },
{ "type": "Feature", "properties": { "element": "node", "id": 8570257247, "amenity": "hospital", "name": "CMS Apedokoe", "health_facility:type": null, "healthcare": null, "operator": null, "operator:type": null, "source": null, "short_name": null, "source:date": null, "disused": null, "description": null, "phone": null, "name:fr": null, "name:en": null, "addr:street": null, "email": null, "opening_hours": null, "addr:city": null, "emergency": null, "healthcare:speciality": null, "building": null, "fixme": null, "wikidata": null, "addr:municipality": null, "staff_count:doctors": null, "staff_count:nurses": null, "barrier": null, "height": null, "capacity:beds": null, "healthcare:cholera": null, "landuse": null, "addr:postcode": null, "note": null, "wheelchair": null, "abandoned": null, "website": null }, "geometry": { "type": "Point", "coordinates": [ 0.8972526, 6.4428636 ] } },
{ "type": "Feature", "properties": { "element": "node", "id": 8591785617, "amenity": "hospital", "name": "CHU KARA", "health_facility:type": null, "healthcare": null, "operator": null, "operator:type": null, "source": null, "short_name": null, "source:date": null, "disused": null, "description": null, "phone": null, "name:fr": null, "name:en": null, "addr:street": null, "email": null, "opening_hours": null, "addr:city": null, "emergency": null, "healthcare:speciality": null, "building": null, "fixme": null, "wikidata": null, "addr:municipality": null, "staff_count:doctors": null, "staff_count:nurses": null, "barrier": null, "height": null, "capacity:beds": null, "healthcare:cholera": null, "landuse": null, "addr:postcode": null, "note": null, "wheelchair": null, "abandoned": null, "website": null }, "geometry": { "type": "Point", "coordinates": [ 1.1829227, 9.5560002 ] } },
{ "type": "Feature", "properties": { "element": "node", "id": 8631441824, "amenity": "hospital", "name": "Dispensaire", "health_facility:type": null, "healthcare": null, "operator": null, "operator:type": null, "source": null, "short_name": null, "source:date": null, "disused": null, "description": null, "phone": null, "name:fr": null, "name:en": null, "addr:street": null, "email": null, "opening_hours": null, "addr:city": null, "emergency": null, "healthcare:speciality": null, "building": null, "fixme": null, "wikidata": null, "addr:municipality": null, "staff_count:doctors": null, "staff_count:nurses": null, "barrier": null, "height": null, "capacity:beds": null, "healthcare:cholera": null, "landuse": null, "addr:postcode": null, "note": null, "wheelchair": null, "abandoned": null, "website": null }, "geometry": { "type": "Point", "coordinates": [ 0.7798228, 6.8654273 ] } },
{ "type": "Feature", "properties": { "element": "node", "id": 8631441848, "amenity": "hospital", "name": "Dispensaire", "health_facility:type": null, "healthcare": "hospital", "operator": null, "operator:type": null, "source": null, "short_name": null, "source:date": null, "disused": null, "description": null, "phone": null, "name:fr": null, "name:en": null, "addr:street": null, "email": null, "opening_hours": null, "addr:city": null, "emergency": null, "healthcare:speciality": null, "building": null, "fixme": null, "wikidata": null, "addr:municipality": null, "staff_count:doctors": null, "staff_count:nurses": null, "barrier": null, "height": null, "capacity:beds": null, "healthcare:cholera": null, "landuse": null, "addr:postcode": null, "note": null, "wheelchair": null, "abandoned": null, "website": null }, "geometry": { "type": "Point", "coordinates": [ 0.8443058, 6.8888436 ] } },
{ "type": "Feature", "properties": { "element": "node", "id": 8640050492, "amenity": "hospital", "name": "Dispensaire de Sivame", "health_facility:type": null, "healthcare": "hospital", "operator": null, "operator:type": null, "source": null, "short_name": null, "source:date": null, "disused": null, "description": null, "phone": null, "name:fr": null, "name:en": null, "addr:street": null, "email": null, "opening_hours": null, "addr:city": null, "emergency": "no", "healthcare:speciality": "general;gynaecology;outpatient", "building": null, "fixme": null, "wikidata": null, "addr:municipality": null, "staff_count:doctors": null, "staff_count:nurses": null, "barrier": null, "height": null, "capacity:beds": null, "healthcare:cholera": null, "landuse": null, "addr:postcode": null, "note": null, "wheelchair": null, "abandoned": null, "website": null }, "geometry": { "type": "Point", "coordinates": [ 1.7167064, 6.2930673 ] } },
{ "type": "Feature", "properties": { "element": "node", "id": 8654069329, "amenity": "hospital", "name": "Case de Santé", "health_facility:type": null, "healthcare": null, "operator": null, "operator:type": null, "source": null, "short_name": null, "source:date": null, "disused": null, "description": null, "phone": null, "name:fr": null, "name:en": null, "addr:street": null, "email": null, "opening_hours": null, "addr:city": null, "emergency": null, "healthcare:speciality": null, "building": null, "fixme": null, "wikidata": null, "addr:municipality": null, "staff_count:doctors": null, "staff_count:nurses": null, "barrier": null, "height": null, "capacity:beds": null, "healthcare:cholera": null, "landuse": null, "addr:postcode": null, "note": null, "wheelchair": null, "abandoned": null, "website": null }, "geometry": { "type": "Point", "coordinates": [ 0.7527304, 6.8516395 ] } },
{ "type": "Feature", "properties": { "element": "node", "id": 8654069335, "amenity": "hospital", "name": "USP Kebo Dzigbé", "health_facility:type": null, "healthcare": null, "operator": null, "operator:type": null, "source": null, "short_name": null, "source:date": null, "disused": null, "description": null, "phone": null, "name:fr": null, "name:en": null, "addr:street": null, "email": null, "opening_hours": null, "addr:city": null, "emergency": null, "healthcare:speciality": null, "building": null, "fixme": null, "wikidata": null, "addr:municipality": null, "staff_count:doctors": null, "staff_count:nurses": null, "barrier": null, "height": null, "capacity:beds": null, "healthcare:cholera": null, "landuse": null, "addr:postcode": null, "note": null, "wheelchair": null, "abandoned": null, "website": null }, "geometry": { "type": "Point", "coordinates": [ 0.7481338, 6.868758 ] } },
{ "type": "Feature", "properties": { "element": "node", "id": 8654100463, "amenity": "hospital", "name": "Dispensaire Agou Kebo Toé", "health_facility:type": null, "healthcare": null, "operator": null, "operator:type": null, "source": null, "short_name": null, "source:date": null, "disused": null, "description": null, "phone": null, "name:fr": null, "name:en": null, "addr:street": null, "email": null, "opening_hours": null, "addr:city": null, "emergency": null, "healthcare:speciality": null, "building": null, "fixme": null, "wikidata": null, "addr:municipality": null, "staff_count:doctors": null, "staff_count:nurses": null, "barrier": null, "height": null, "capacity:beds": null, "healthcare:cholera": null, "landuse": null, "addr:postcode": null, "note": null, "wheelchair": null, "abandoned": null, "website": null }, "geometry": { "type": "Point", "coordinates": [ 0.7470321, 6.854884 ] } },
{ "type": "Feature", "properties": { "element": "node", "id": 8654492281, "amenity": "hospital", "name": "USP", "health_facility:type": null, "healthcare": null, "operator": null, "operator:type": null, "source": null, "short_name": null, "source:date": null, "disused": null, "description": null, "phone": null, "name:fr": null, "name:en": null, "addr:street": null, "email": null, "opening_hours": null, "addr:city": null, "emergency": null, "healthcare:speciality": null, "building": null, "fixme": null, "wikidata": null, "addr:municipality": null, "staff_count:doctors": null, "staff_count:nurses": null, "barrier": null, "height": null, "capacity:beds": null, "healthcare:cholera": null, "landuse": null, "addr:postcode": null, "note": null, "wheelchair": null, "abandoned": null, "website": null }, "geometry": { "type": "Point", "coordinates": [ 0.7336787, 6.8691501 ] } },
{ "type": "Feature", "properties": { "element": "node", "id": 8654492285, "amenity": "hospital", "name": "USP KEBO KPETA", "health_facility:type": null, "healthcare": null, "operator": null, "operator:type": null, "source": null, "short_name": null, "source:date": null, "disused": null, "description": null, "phone": null, "name:fr": null, "name:en": null, "addr:street": null, "email": null, "opening_hours": null, "addr:city": null, "emergency": null, "healthcare:speciality": null, "building": null, "fixme": null, "wikidata": null, "addr:municipality": null, "staff_count:doctors": null, "staff_count:nurses": null, "barrier": null, "height": null, "capacity:beds": null, "healthcare:cholera": null, "landuse": null, "addr:postcode": null, "note": null, "wheelchair": null, "abandoned": null, "website": null }, "geometry": { "type": "Point", "coordinates": [ 0.7380192, 6.8662595 ] } },
{ "type": "Feature", "properties": { "element": "node", "id": 8668466202, "amenity": "hospital", "name": "Polyclinique Melia", "health_facility:type": null, "healthcare": null, "operator": null, "operator:type": null, "source": null, "short_name": null, "source:date": null, "disused": null, "description": null, "phone": null, "name:fr": null, "name:en": null, "addr:street": null, "email": null, "opening_hours": null, "addr:city": null, "emergency": null, "healthcare:speciality": null, "building": null, "fixme": null, "wikidata": null, "addr:municipality": null, "staff_count:doctors": null, "staff_count:nurses": null, "barrier": null, "height": null, "capacity:beds": null, "healthcare:cholera": null, "landuse": null, "addr:postcode": null, "note": null, "wheelchair": null, "abandoned": null, "website": null }, "geometry": { "type": "Point", "coordinates": [ 1.1756116, 6.1863484 ] } },
{ "type": "Feature", "properties": { "element": "node", "id": 8755701164, "amenity": "hospital", "name": "Centre médico sociale de la police nationale", "health_facility:type": null, "healthcare": null, "operator": null, "operator:type": null, "source": null, "short_name": null, "source:date": null, "disused": null, "description": null, "phone": null, "name:fr": null, "name:en": null, "addr:street": null, "email": null, "opening_hours": null, "addr:city": null, "emergency": null, "healthcare:speciality": null, "building": null, "fixme": null, "wikidata": null, "addr:municipality": null, "staff_count:doctors": null, "staff_count:nurses": null, "barrier": null, "height": null, "capacity:beds": null, "healthcare:cholera": null, "landuse": null, "addr:postcode": null, "note": null, "wheelchair": null, "abandoned": null, "website": null }, "geometry": { "type": "Point", "coordinates": [ 1.2348367, 6.1517983 ] } },
{ "type": "Feature", "properties": { "element": "node", "id": 8755702202, "amenity": "hospital", "name": "CMS nukafu", "health_facility:type": null, "healthcare": null, "operator": null, "operator:type": null, "source": null, "short_name": null, "source:date": null, "disused": null, "description": null, "phone": null, "name:fr": null, "name:en": null, "addr:street": null, "email": null, "opening_hours": null, "addr:city": null, "emergency": null, "healthcare:speciality": null, "building": null, "fixme": null, "wikidata": null, "addr:municipality": null, "staff_count:doctors": null, "staff_count:nurses": null, "barrier": null, "height": null, "capacity:beds": null, "healthcare:cholera": null, "landuse": null, "addr:postcode": null, "note": null, "wheelchair": null, "abandoned": null, "website": null }, "geometry": { "type": "Point", "coordinates": [ 1.2194924, 6.1461803 ] } },
{ "type": "Feature", "properties": { "element": "node", "id": 8755707943, "amenity": "hospital", "name": "Cabinet médical La Gloire de Dieu", "health_facility:type": null, "healthcare": null, "operator": null, "operator:type": null, "source": null, "short_name": null, "source:date": null, "disused": null, "description": null, "phone": "+22892883455", "name:fr": null, "name:en": null, "addr:street": null, "email": null, "opening_hours": null, "addr:city": null, "emergency": null, "healthcare:speciality": null, "building": null, "fixme": null, "wikidata": null, "addr:municipality": null, "staff_count:doctors": null, "staff_count:nurses": null, "barrier": null, "height": null, "capacity:beds": null, "healthcare:cholera": null, "landuse": null, "addr:postcode": null, "note": null, "wheelchair": null, "abandoned": null, "website": null }, "geometry": { "type": "Point", "coordinates": [ 1.2380718, 6.157042 ] } },
{ "type": "Feature", "properties": { "element": "node", "id": 8755709687, "amenity": "hospital", "name": "Cabinet médical Espoir", "health_facility:type": null, "healthcare": null, "operator": null, "operator:type": null, "source": null, "short_name": null, "source:date": null, "disused": null, "description": null, "phone": null, "name:fr": null, "name:en": null, "addr:street": null, "email": null, "opening_hours": null, "addr:city": null, "emergency": null, "healthcare:speciality": null, "building": null, "fixme": null, "wikidata": null, "addr:municipality": null, "staff_count:doctors": null, "staff_count:nurses": null, "barrier": null, "height": null, "capacity:beds": null, "healthcare:cholera": null, "landuse": null, "addr:postcode": null, "note": null, "wheelchair": null, "abandoned": null, "website": null }, "geometry": { "type": "Point", "coordinates": [ 1.2334824, 6.1555963 ] } },
{ "type": "Feature", "properties": { "element": "node", "id": 8772751289, "amenity": "hospital", "name": "Centre Hospitalier Préfectoral De Tchamba", "health_facility:type": null, "healthcare": "hospital", "operator": null, "operator:type": null, "source": null, "short_name": null, "source:date": null, "disused": null, "description": null, "phone": null, "name:fr": null, "name:en": null, "addr:street": null, "email": null, "opening_hours": null, "addr:city": null, "emergency": null, "healthcare:speciality": null, "building": null, "fixme": null, "wikidata": null, "addr:municipality": null, "staff_count:doctors": null, "staff_count:nurses": null, "barrier": null, "height": null, "capacity:beds": null, "healthcare:cholera": null, "landuse": null, "addr:postcode": null, "note": null, "wheelchair": null, "abandoned": null, "website": null }, "geometry": { "type": "Point", "coordinates": [ 1.4291051, 9.0232826 ] } },
{ "type": "Feature", "properties": { "element": "node", "id": 8791863137, "amenity": "hospital", "name": "Dispensaire", "health_facility:type": null, "healthcare": null, "operator": null, "operator:type": null, "source": null, "short_name": null, "source:date": null, "disused": null, "description": null, "phone": null, "name:fr": null, "name:en": null, "addr:street": null, "email": null, "opening_hours": null, "addr:city": null, "emergency": null, "healthcare:speciality": null, "building": null, "fixme": null, "wikidata": null, "addr:municipality": null, "staff_count:doctors": null, "staff_count:nurses": null, "barrier": null, "height": null, "capacity:beds": null, "healthcare:cholera": null, "landuse": null, "addr:postcode": null, "note": null, "wheelchair": null, "abandoned": null, "website": null }, "geometry": { "type": "Point", "coordinates": [ 1.0335705, 8.2696667 ] } },
{ "type": "Feature", "properties": { "element": "node", "id": 8797784719, "amenity": "hospital", "name": "USP Idondjoag", "health_facility:type": null, "healthcare": null, "operator": null, "operator:type": null, "source": null, "short_name": null, "source:date": null, "disused": null, "description": null, "phone": null, "name:fr": null, "name:en": null, "addr:street": null, "email": null, "opening_hours": null, "addr:city": null, "emergency": null, "healthcare:speciality": null, "building": null, "fixme": null, "wikidata": null, "addr:municipality": null, "staff_count:doctors": null, "staff_count:nurses": null, "barrier": null, "height": null, "capacity:beds": null, "healthcare:cholera": null, "landuse": null, "addr:postcode": null, "note": null, "wheelchair": null, "abandoned": null, "website": null }, "geometry": { "type": "Point", "coordinates": [ 0.3295483, 10.9920197 ] } },
{ "type": "Feature", "properties": { "element": "node", "id": 8798036560, "amenity": "hospital", "name": "USP Katindi", "health_facility:type": null, "healthcare": "hospital", "operator": null, "operator:type": null, "source": null, "short_name": null, "source:date": null, "disused": null, "description": null, "phone": null, "name:fr": null, "name:en": null, "addr:street": null, "email": null, "opening_hours": null, "addr:city": null, "emergency": null, "healthcare:speciality": null, "building": null, "fixme": null, "wikidata": null, "addr:municipality": null, "staff_count:doctors": null, "staff_count:nurses": null, "barrier": null, "height": null, "capacity:beds": null, "healthcare:cholera": null, "landuse": null, "addr:postcode": null, "note": null, "wheelchair": null, "abandoned": null, "website": null }, "geometry": { "type": "Point", "coordinates": [ 0.2773914, 10.8925453 ] } },
{ "type": "Feature", "properties": { "element": "node", "id": 8798152534, "amenity": "hospital", "name": "USP", "health_facility:type": null, "healthcare": "hospital", "operator": null, "operator:type": null, "source": null, "short_name": null, "source:date": null, "disused": null, "description": null, "phone": null, "name:fr": null, "name:en": null, "addr:street": null, "email": null, "opening_hours": null, "addr:city": null, "emergency": null, "healthcare:speciality": null, "building": null, "fixme": null, "wikidata": null, "addr:municipality": null, "staff_count:doctors": null, "staff_count:nurses": null, "barrier": null, "height": null, "capacity:beds": null, "healthcare:cholera": null, "landuse": null, "addr:postcode": null, "note": null, "wheelchair": null, "abandoned": null, "website": null }, "geometry": { "type": "Point", "coordinates": [ 0.3083682, 10.9077688 ] } },
{ "type": "Feature", "properties": { "element": "node", "id": 8808692839, "amenity": "hospital", "name": "USP Sanfatoute", "health_facility:type": null, "healthcare": null, "operator": null, "operator:type": null, "source": null, "short_name": null, "source:date": null, "disused": null, "description": null, "phone": null, "name:fr": null, "name:en": null, "addr:street": null, "email": null, "opening_hours": null, "addr:city": null, "emergency": null, "healthcare:speciality": null, "building": null, "fixme": null, "wikidata": null, "addr:municipality": null, "staff_count:doctors": null, "staff_count:nurses": null, "barrier": null, "height": null, "capacity:beds": null, "healthcare:cholera": null, "landuse": null, "addr:postcode": null, "note": null, "wheelchair": null, "abandoned": null, "website": null }, "geometry": { "type": "Point", "coordinates": [ 0.3028657, 10.9992788 ] } },
{ "type": "Feature", "properties": { "element": "node", "id": 8808719667, "amenity": "hospital", "name": "USP Yebouate", "health_facility:type": null, "healthcare": null, "operator": null, "operator:type": null, "source": null, "short_name": null, "source:date": null, "disused": null, "description": null, "phone": null, "name:fr": null, "name:en": null, "addr:street": null, "email": null, "opening_hours": null, "addr:city": null, "emergency": null, "healthcare:speciality": null, "building": null, "fixme": null, "wikidata": null, "addr:municipality": null, "staff_count:doctors": null, "staff_count:nurses": null, "barrier": null, "height": null, "capacity:beds": null, "healthcare:cholera": null, "landuse": null, "addr:postcode": null, "note": null, "wheelchair": null, "abandoned": null, "website": null }, "geometry": { "type": "Point", "coordinates": [ 0.2980886, 11.0406195 ] } },
{ "type": "Feature", "properties": { "element": "node", "id": 8809422665, "amenity": "hospital", "name": "USP Boade", "health_facility:type": null, "healthcare": null, "operator": null, "operator:type": null, "source": null, "short_name": null, "source:date": null, "disused": null, "description": null, "phone": null, "name:fr": null, "name:en": null, "addr:street": null, "email": null, "opening_hours": null, "addr:city": null, "emergency": null, "healthcare:speciality": null, "building": null, "fixme": null, "wikidata": null, "addr:municipality": null, "staff_count:doctors": null, "staff_count:nurses": null, "barrier": null, "height": null, "capacity:beds": null, "healthcare:cholera": null, "landuse": null, "addr:postcode": null, "note": null, "wheelchair": null, "abandoned": null, "website": null }, "geometry": { "type": "Point", "coordinates": [ -0.0779551, 11.1156176 ] } },
{ "type": "Feature", "properties": { "element": "node", "id": 8823716804, "amenity": "hospital", "name": "USP Larini", "health_facility:type": null, "healthcare": "hospital", "operator": null, "operator:type": null, "source": null, "short_name": null, "source:date": null, "disused": null, "description": null, "phone": null, "name:fr": null, "name:en": null, "addr:street": null, "email": null, "opening_hours": null, "addr:city": null, "emergency": null, "healthcare:speciality": null, "building": null, "fixme": null, "wikidata": null, "addr:municipality": null, "staff_count:doctors": null, "staff_count:nurses": null, "barrier": null, "height": null, "capacity:beds": null, "healthcare:cholera": null, "landuse": null, "addr:postcode": null, "note": null, "wheelchair": null, "abandoned": null, "website": null }, "geometry": { "type": "Point", "coordinates": [ 1.4145327, 9.0332711 ] } },
{ "type": "Feature", "properties": { "element": "node", "id": 8853935125, "amenity": "hospital", "name": "Ophtamologue", "health_facility:type": null, "healthcare": null, "operator": null, "operator:type": null, "source": null, "short_name": null, "source:date": null, "disused": null, "description": null, "phone": null, "name:fr": null, "name:en": null, "addr:street": null, "email": null, "opening_hours": null, "addr:city": null, "emergency": null, "healthcare:speciality": null, "building": null, "fixme": null, "wikidata": null, "addr:municipality": null, "staff_count:doctors": null, "staff_count:nurses": null, "barrier": null, "height": null, "capacity:beds": null, "healthcare:cholera": null, "landuse": null, "addr:postcode": null, "note": null, "wheelchair": null, "abandoned": null, "website": null }, "geometry": { "type": "Point", "coordinates": [ 0.0129303, 11.1083154 ] } },
{ "type": "Feature", "properties": { "element": "node", "id": 8853935165, "amenity": "hospital", "name": "CMS le Secours", "health_facility:type": null, "healthcare": null, "operator": null, "operator:type": null, "source": null, "short_name": null, "source:date": null, "disused": null, "description": null, "phone": null, "name:fr": null, "name:en": null, "addr:street": null, "email": null, "opening_hours": null, "addr:city": null, "emergency": null, "healthcare:speciality": null, "building": null, "fixme": null, "wikidata": null, "addr:municipality": null, "staff_count:doctors": null, "staff_count:nurses": null, "barrier": null, "height": null, "capacity:beds": null, "healthcare:cholera": null, "landuse": null, "addr:postcode": null, "note": null, "wheelchair": null, "abandoned": null, "website": null }, "geometry": { "type": "Point", "coordinates": [ 0.013753, 11.0996278 ] } },
{ "type": "Feature", "properties": { "element": "node", "id": 8853935177, "amenity": "hospital", "name": "Hopital de Cinkassé", "health_facility:type": null, "healthcare": null, "operator": null, "operator:type": null, "source": null, "short_name": null, "source:date": null, "disused": null, "description": null, "phone": null, "name:fr": null, "name:en": null, "addr:street": null, "email": null, "opening_hours": null, "addr:city": null, "emergency": null, "healthcare:speciality": null, "building": null, "fixme": null, "wikidata": null, "addr:municipality": null, "staff_count:doctors": null, "staff_count:nurses": null, "barrier": null, "height": null, "capacity:beds": null, "healthcare:cholera": null, "landuse": null, "addr:postcode": null, "note": null, "wheelchair": null, "abandoned": null, "website": null }, "geometry": { "type": "Point", "coordinates": [ 0.0177214, 11.1019756 ] } },
{ "type": "Feature", "properties": { "element": "node", "id": 8854640115, "amenity": "hospital", "name": "Dispensaire", "health_facility:type": null, "healthcare": null, "operator": null, "operator:type": null, "source": null, "short_name": null, "source:date": null, "disused": null, "description": null, "phone": null, "name:fr": null, "name:en": null, "addr:street": null, "email": null, "opening_hours": null, "addr:city": null, "emergency": null, "healthcare:speciality": null, "building": null, "fixme": null, "wikidata": null, "addr:municipality": null, "staff_count:doctors": null, "staff_count:nurses": null, "barrier": null, "height": null, "capacity:beds": null, "healthcare:cholera": null, "landuse": null, "addr:postcode": null, "note": null, "wheelchair": null, "abandoned": null, "website": null }, "geometry": { "type": "Point", "coordinates": [ 1.0125849, 8.3473934 ] } },
{ "type": "Feature", "properties": { "element": "node", "id": 8854644941, "amenity": "hospital", "name": "USP Yaloumbe", "health_facility:type": null, "healthcare": null, "operator": null, "operator:type": null, "source": null, "short_name": null, "source:date": null, "disused": null, "description": null, "phone": null, "name:fr": null, "name:en": null, "addr:street": null, "email": null, "opening_hours": null, "addr:city": null, "emergency": null, "healthcare:speciality": null, "building": null, "fixme": null, "wikidata": null, "addr:municipality": null, "staff_count:doctors": null, "staff_count:nurses": null, "barrier": null, "height": null, "capacity:beds": null, "healthcare:cholera": null, "landuse": null, "addr:postcode": null, "note": null, "wheelchair": null, "abandoned": null, "website": null }, "geometry": { "type": "Point", "coordinates": [ 1.0758273, 8.3037082 ] } },
{ "type": "Feature", "properties": { "element": "node", "id": 8854644954, "amenity": "hospital", "name": "USP Tchaloudè", "health_facility:type": null, "healthcare": null, "operator": null, "operator:type": null, "source": null, "short_name": null, "source:date": null, "disused": null, "description": null, "phone": null, "name:fr": null, "name:en": null, "addr:street": null, "email": null, "opening_hours": null, "addr:city": null, "emergency": null, "healthcare:speciality": null, "building": null, "fixme": null, "wikidata": null, "addr:municipality": null, "staff_count:doctors": null, "staff_count:nurses": null, "barrier": null, "height": null, "capacity:beds": null, "healthcare:cholera": null, "landuse": null, "addr:postcode": null, "note": null, "wheelchair": null, "abandoned": null, "website": null }, "geometry": { "type": "Point", "coordinates": [ 1.1159599, 8.2610055 ] } },
{ "type": "Feature", "properties": { "element": "node", "id": 8855277028, "amenity": "hospital", "name": "USP", "health_facility:type": null, "healthcare": null, "operator": null, "operator:type": null, "source": null, "short_name": null, "source:date": null, "disused": null, "description": null, "phone": null, "name:fr": null, "name:en": null, "addr:street": null, "email": null, "opening_hours": null, "addr:city": null, "emergency": null, "healthcare:speciality": null, "building": null, "fixme": null, "wikidata": null, "addr:municipality": null, "staff_count:doctors": null, "staff_count:nurses": null, "barrier": null, "height": null, "capacity:beds": null, "healthcare:cholera": null, "landuse": null, "addr:postcode": null, "note": null, "wheelchair": null, "abandoned": null, "website": null }, "geometry": { "type": "Point", "coordinates": [ 1.4582098, 6.3362084 ] } },
{ "type": "Feature", "properties": { "element": "node", "id": 8855277042, "amenity": "hospital", "name": "Centre de Santé de Sagada kope", "health_facility:type": null, "healthcare": null, "operator": null, "operator:type": null, "source": null, "short_name": null, "source:date": null, "disused": null, "description": null, "phone": null, "name:fr": null, "name:en": null, "addr:street": null, "email": null, "opening_hours": null, "addr:city": null, "emergency": null, "healthcare:speciality": null, "building": null, "fixme": null, "wikidata": null, "addr:municipality": null, "staff_count:doctors": null, "staff_count:nurses": null, "barrier": null, "height": null, "capacity:beds": null, "healthcare:cholera": null, "landuse": null, "addr:postcode": null, "note": null, "wheelchair": null, "abandoned": null, "website": null }, "geometry": { "type": "Point", "coordinates": [ 1.4918178, 6.3663646 ] } },
{ "type": "Feature", "properties": { "element": "node", "id": 8855277062, "amenity": "hospital", "name": "USP Apawohonou", "health_facility:type": null, "healthcare": null, "operator": null, "operator:type": null, "source": null, "short_name": null, "source:date": null, "disused": null, "description": null, "phone": null, "name:fr": null, "name:en": null, "addr:street": null, "email": null, "opening_hours": null, "addr:city": null, "emergency": null, "healthcare:speciality": null, "building": null, "fixme": null, "wikidata": null, "addr:municipality": null, "staff_count:doctors": null, "staff_count:nurses": null, "barrier": null, "height": null, "capacity:beds": null, "healthcare:cholera": null, "landuse": null, "addr:postcode": null, "note": null, "wheelchair": null, "abandoned": null, "website": null }, "geometry": { "type": "Point", "coordinates": [ 1.5173753, 6.4022126 ] } },
{ "type": "Feature", "properties": { "element": "node", "id": 8855277077, "amenity": "hospital", "name": "Centre de Santé Atahonou", "health_facility:type": null, "healthcare": null, "operator": null, "operator:type": null, "source": null, "short_name": null, "source:date": null, "disused": null, "description": null, "phone": null, "name:fr": null, "name:en": null, "addr:street": null, "email": null, "opening_hours": null, "addr:city": null, "emergency": null, "healthcare:speciality": null, "building": null, "fixme": null, "wikidata": null, "addr:municipality": null, "staff_count:doctors": null, "staff_count:nurses": null, "barrier": null, "height": null, "capacity:beds": null, "healthcare:cholera": null, "landuse": null, "addr:postcode": null, "note": null, "wheelchair": null, "abandoned": null, "website": null }, "geometry": { "type": "Point", "coordinates": [ 1.5158585, 6.4128864 ] } },
{ "type": "Feature", "properties": { "element": "node", "id": 8855298744, "amenity": "hospital", "name": "USP Atchave", "health_facility:type": null, "healthcare": null, "operator": null, "operator:type": null, "source": null, "short_name": null, "source:date": null, "disused": null, "description": null, "phone": null, "name:fr": null, "name:en": null, "addr:street": null, "email": null, "opening_hours": null, "addr:city": null, "emergency": null, "healthcare:speciality": null, "building": null, "fixme": null, "wikidata": null, "addr:municipality": null, "staff_count:doctors": null, "staff_count:nurses": null, "barrier": null, "height": null, "capacity:beds": null, "healthcare:cholera": null, "landuse": null, "addr:postcode": null, "note": null, "wheelchair": null, "abandoned": null, "website": null }, "geometry": { "type": "Point", "coordinates": [ 0.6427713, 6.8294025 ] } },
{ "type": "Feature", "properties": { "element": "node", "id": 8855298749, "amenity": "hospital", "name": "USP Tome", "health_facility:type": null, "healthcare": null, "operator": null, "operator:type": null, "source": null, "short_name": null, "source:date": null, "disused": null, "description": null, "phone": null, "name:fr": null, "name:en": null, "addr:street": null, "email": null, "opening_hours": null, "addr:city": null, "emergency": null, "healthcare:speciality": null, "building": null, "fixme": null, "wikidata": null, "addr:municipality": null, "staff_count:doctors": null, "staff_count:nurses": null, "barrier": null, "height": null, "capacity:beds": null, "healthcare:cholera": null, "landuse": null, "addr:postcode": null, "note": null, "wheelchair": null, "abandoned": null, "website": null }, "geometry": { "type": "Point", "coordinates": [ 0.6654668, 6.8108012 ] } },
{ "type": "Feature", "properties": { "element": "node", "id": 8855298752, "amenity": "hospital", "name": "Dispansaire", "health_facility:type": null, "healthcare": null, "operator": null, "operator:type": null, "source": null, "short_name": null, "source:date": null, "disused": null, "description": null, "phone": null, "name:fr": null, "name:en": null, "addr:street": null, "email": null, "opening_hours": null, "addr:city": null, "emergency": null, "healthcare:speciality": null, "building": null, "fixme": null, "wikidata": null, "addr:municipality": null, "staff_count:doctors": null, "staff_count:nurses": null, "barrier": null, "height": null, "capacity:beds": null, "healthcare:cholera": null, "landuse": null, "addr:postcode": null, "note": null, "wheelchair": null, "abandoned": null, "website": null }, "geometry": { "type": "Point", "coordinates": [ 0.6320062, 6.8088863 ] } },
{ "type": "Feature", "properties": { "element": "node", "id": 8855298767, "amenity": "hospital", "name": "USP Hanyigban duga", "health_facility:type": null, "healthcare": null, "operator": null, "operator:type": null, "source": null, "short_name": null, "source:date": null, "disused": null, "description": null, "phone": null, "name:fr": null, "name:en": null, "addr:street": null, "email": null, "opening_hours": null, "addr:city": null, "emergency": null, "healthcare:speciality": null, "building": null, "fixme": null, "wikidata": null, "addr:municipality": null, "staff_count:doctors": null, "staff_count:nurses": null, "barrier": null, "height": null, "capacity:beds": null, "healthcare:cholera": null, "landuse": null, "addr:postcode": null, "note": null, "wheelchair": null, "abandoned": null, "website": null }, "geometry": { "type": "Point", "coordinates": [ 0.608443, 6.9052318 ] } },
{ "type": "Feature", "properties": { "element": "node", "id": 8871169824, "amenity": "hospital", "name": null, "health_facility:type": null, "healthcare": "hospital", "operator": null, "operator:type": null, "source": null, "short_name": null, "source:date": null, "disused": null, "description": null, "phone": null, "name:fr": null, "name:en": null, "addr:street": null, "email": null, "opening_hours": null, "addr:city": null, "emergency": null, "healthcare:speciality": null, "building": null, "fixme": null, "wikidata": null, "addr:municipality": null, "staff_count:doctors": null, "staff_count:nurses": null, "barrier": null, "height": null, "capacity:beds": null, "healthcare:cholera": null, "landuse": null, "addr:postcode": null, "note": null, "wheelchair": null, "abandoned": null, "website": null }, "geometry": { "type": "Point", "coordinates": [ 1.1954713, 6.1849635 ] } },
{ "type": "Feature", "properties": { "element": "node", "id": 8872015393, "amenity": "hospital", "name": "Dispensaire", "health_facility:type": null, "healthcare": null, "operator": null, "operator:type": null, "source": null, "short_name": null, "source:date": null, "disused": null, "description": null, "phone": null, "name:fr": null, "name:en": null, "addr:street": null, "email": null, "opening_hours": null, "addr:city": null, "emergency": null, "healthcare:speciality": null, "building": null, "fixme": null, "wikidata": null, "addr:municipality": null, "staff_count:doctors": null, "staff_count:nurses": null, "barrier": null, "height": null, "capacity:beds": null, "healthcare:cholera": null, "landuse": null, "addr:postcode": null, "note": null, "wheelchair": null, "abandoned": null, "website": null }, "geometry": { "type": "Point", "coordinates": [ 1.1126767, 6.4033229 ] } },
{ "type": "Feature", "properties": { "element": "node", "id": 8872015408, "amenity": "hospital", "name": "Dispensaire saint Savin de wli centre", "health_facility:type": null, "healthcare": null, "operator": null, "operator:type": null, "source": null, "short_name": null, "source:date": null, "disused": null, "description": null, "phone": null, "name:fr": null, "name:en": null, "addr:street": null, "email": null, "opening_hours": null, "addr:city": null, "emergency": null, "healthcare:speciality": null, "building": null, "fixme": null, "wikidata": null, "addr:municipality": null, "staff_count:doctors": null, "staff_count:nurses": null, "barrier": null, "height": null, "capacity:beds": null, "healthcare:cholera": null, "landuse": null, "addr:postcode": null, "note": null, "wheelchair": null, "abandoned": null, "website": null }, "geometry": { "type": "Point", "coordinates": [ 1.1628368, 6.4091974 ] } },
{ "type": "Feature", "properties": { "element": "node", "id": 8872050241, "amenity": "hospital", "name": "Dispensaire d'Alokoegbe", "health_facility:type": null, "healthcare": null, "operator": null, "operator:type": null, "source": null, "short_name": null, "source:date": null, "disused": null, "description": null, "phone": null, "name:fr": null, "name:en": null, "addr:street": null, "email": null, "opening_hours": null, "addr:city": null, "emergency": null, "healthcare:speciality": null, "building": null, "fixme": null, "wikidata": null, "addr:municipality": null, "staff_count:doctors": null, "staff_count:nurses": null, "barrier": null, "height": null, "capacity:beds": null, "healthcare:cholera": null, "landuse": null, "addr:postcode": null, "note": null, "wheelchair": null, "abandoned": null, "website": null }, "geometry": { "type": "Point", "coordinates": [ 1.0864858, 6.4429129 ] } },
{ "type": "Feature", "properties": { "element": "node", "id": 8872050254, "amenity": "hospital", "name": "Case de Santé de meduimé", "health_facility:type": null, "healthcare": null, "operator": null, "operator:type": null, "source": null, "short_name": null, "source:date": null, "disused": null, "description": null, "phone": null, "name:fr": null, "name:en": null, "addr:street": null, "email": null, "opening_hours": null, "addr:city": null, "emergency": null, "healthcare:speciality": null, "building": null, "fixme": null, "wikidata": null, "addr:municipality": null, "staff_count:doctors": null, "staff_count:nurses": null, "barrier": null, "height": null, "capacity:beds": null, "healthcare:cholera": null, "landuse": null, "addr:postcode": null, "note": null, "wheelchair": null, "abandoned": null, "website": null }, "geometry": { "type": "Point", "coordinates": [ 1.0937351, 6.410237 ] } },
{ "type": "Feature", "properties": { "element": "node", "id": 8872050275, "amenity": "hospital", "name": "Case de Santé", "health_facility:type": null, "healthcare": null, "operator": null, "operator:type": null, "source": null, "short_name": null, "source:date": null, "disused": null, "description": null, "phone": null, "name:fr": null, "name:en": null, "addr:street": null, "email": null, "opening_hours": null, "addr:city": null, "emergency": null, "healthcare:speciality": null, "building": null, "fixme": null, "wikidata": null, "addr:municipality": null, "staff_count:doctors": null, "staff_count:nurses": null, "barrier": null, "height": null, "capacity:beds": null, "healthcare:cholera": null, "landuse": null, "addr:postcode": null, "note": null, "wheelchair": null, "abandoned": null, "website": null }, "geometry": { "type": "Point", "coordinates": [ 1.06835, 6.4780352 ] } },
{ "type": "Feature", "properties": { "element": "node", "id": 8912040242, "amenity": "hospital", "name": "Centre Médico-social D'Agbélouvé", "health_facility:type": null, "healthcare": null, "operator": null, "operator:type": null, "source": null, "short_name": null, "source:date": null, "disused": null, "description": null, "phone": null, "name:fr": null, "name:en": null, "addr:street": null, "email": null, "opening_hours": null, "addr:city": null, "emergency": null, "healthcare:speciality": null, "building": null, "fixme": null, "wikidata": null, "addr:municipality": null, "staff_count:doctors": null, "staff_count:nurses": null, "barrier": null, "height": null, "capacity:beds": null, "healthcare:cholera": null, "landuse": null, "addr:postcode": null, "note": null, "wheelchair": null, "abandoned": null, "website": null }, "geometry": { "type": "Point", "coordinates": [ 1.1618243, 6.6709469 ] } },
{ "type": "Feature", "properties": { "element": "node", "id": 8919847656, "amenity": "hospital", "name": "USP", "health_facility:type": null, "healthcare": "hospital", "operator": null, "operator:type": null, "source": null, "short_name": null, "source:date": null, "disused": null, "description": null, "phone": null, "name:fr": null, "name:en": null, "addr:street": null, "email": null, "opening_hours": null, "addr:city": null, "emergency": null, "healthcare:speciality": null, "building": null, "fixme": null, "wikidata": null, "addr:municipality": null, "staff_count:doctors": null, "staff_count:nurses": null, "barrier": null, "height": null, "capacity:beds": null, "healthcare:cholera": null, "landuse": null, "addr:postcode": null, "note": null, "wheelchair": null, "abandoned": null, "website": null }, "geometry": { "type": "Point", "coordinates": [ 1.1681718, 9.5463294 ] } },
{ "type": "Feature", "properties": { "element": "node", "id": 8939306520, "amenity": "hospital", "name": "Clinique Ma Vie", "health_facility:type": null, "healthcare": "hospital", "operator": null, "operator:type": null, "source": null, "short_name": null, "source:date": null, "disused": null, "description": null, "phone": null, "name:fr": null, "name:en": null, "addr:street": null, "email": null, "opening_hours": null, "addr:city": null, "emergency": null, "healthcare:speciality": null, "building": null, "fixme": null, "wikidata": null, "addr:municipality": null, "staff_count:doctors": null, "staff_count:nurses": null, "barrier": null, "height": null, "capacity:beds": null, "healthcare:cholera": null, "landuse": null, "addr:postcode": null, "note": null, "wheelchair": null, "abandoned": null, "website": null }, "geometry": { "type": "Point", "coordinates": [ 1.1908317, 9.5536654 ] } },
{ "type": "Feature", "properties": { "element": "node", "id": 8946799894, "amenity": "hospital", "name": "USP Bontigah", "health_facility:type": null, "healthcare": null, "operator": null, "operator:type": null, "source": null, "short_name": null, "source:date": null, "disused": null, "description": null, "phone": null, "name:fr": null, "name:en": null, "addr:street": null, "email": null, "opening_hours": null, "addr:city": null, "emergency": null, "healthcare:speciality": null, "building": null, "fixme": null, "wikidata": null, "addr:municipality": null, "staff_count:doctors": null, "staff_count:nurses": null, "barrier": null, "height": null, "capacity:beds": null, "healthcare:cholera": null, "landuse": null, "addr:postcode": null, "note": null, "wheelchair": null, "abandoned": null, "website": null }, "geometry": { "type": "Point", "coordinates": [ 1.1015424, 9.7670552 ] } },
{ "type": "Feature", "properties": { "element": "node", "id": 8983050310, "amenity": "hospital", "name": "USP Lokpano", "health_facility:type": null, "healthcare": null, "operator": null, "operator:type": null, "source": null, "short_name": null, "source:date": null, "disused": null, "description": null, "phone": null, "name:fr": null, "name:en": null, "addr:street": null, "email": null, "opening_hours": null, "addr:city": null, "emergency": null, "healthcare:speciality": null, "building": null, "fixme": null, "wikidata": null, "addr:municipality": null, "staff_count:doctors": null, "staff_count:nurses": null, "barrier": null, "height": null, "capacity:beds": null, "healthcare:cholera": null, "landuse": null, "addr:postcode": null, "note": null, "wheelchair": null, "abandoned": null, "website": null }, "geometry": { "type": "Point", "coordinates": [ 0.1139817, 10.61106 ] } },
{ "type": "Feature", "properties": { "element": "node", "id": 8994509039, "amenity": "hospital", "name": "USP Kwanpit-bong", "health_facility:type": null, "healthcare": "hospital", "operator": null, "operator:type": null, "source": null, "short_name": null, "source:date": null, "disused": null, "description": null, "phone": null, "name:fr": null, "name:en": null, "addr:street": null, "email": null, "opening_hours": null, "addr:city": null, "emergency": null, "healthcare:speciality": null, "building": null, "fixme": null, "wikidata": null, "addr:municipality": null, "staff_count:doctors": null, "staff_count:nurses": null, "barrier": null, "height": null, "capacity:beds": null, "healthcare:cholera": null, "landuse": null, "addr:postcode": null, "note": null, "wheelchair": null, "abandoned": null, "website": null }, "geometry": { "type": "Point", "coordinates": [ 0.381425, 10.9384767 ] } },
{ "type": "Feature", "properties": { "element": "node", "id": 8999635315, "amenity": "hospital", "name": "USP Papri", "health_facility:type": null, "healthcare": null, "operator": null, "operator:type": null, "source": null, "short_name": null, "source:date": null, "disused": null, "description": null, "phone": null, "name:fr": null, "name:en": null, "addr:street": null, "email": null, "opening_hours": null, "addr:city": null, "emergency": null, "healthcare:speciality": null, "building": null, "fixme": null, "wikidata": null, "addr:municipality": null, "staff_count:doctors": null, "staff_count:nurses": null, "barrier": null, "height": null, "capacity:beds": null, "healthcare:cholera": null, "landuse": null, "addr:postcode": null, "note": null, "wheelchair": null, "abandoned": null, "website": null }, "geometry": { "type": "Point", "coordinates": [ 0.4241017, 10.984535 ] } },
{ "type": "Feature", "properties": { "element": "node", "id": 9023202280, "amenity": "hospital", "name": "Centre médico social Dadh", "health_facility:type": null, "healthcare": null, "operator": null, "operator:type": null, "source": null, "short_name": null, "source:date": null, "disused": null, "description": null, "phone": null, "name:fr": null, "name:en": null, "addr:street": null, "email": null, "opening_hours": null, "addr:city": null, "emergency": null, "healthcare:speciality": null, "building": null, "fixme": null, "wikidata": null, "addr:municipality": null, "staff_count:doctors": null, "staff_count:nurses": null, "barrier": null, "height": null, "capacity:beds": null, "healthcare:cholera": null, "landuse": null, "addr:postcode": null, "note": null, "wheelchair": null, "abandoned": null, "website": null }, "geometry": { "type": "Point", "coordinates": [ 1.1781675, 6.170083 ] } },
{ "type": "Feature", "properties": { "element": "node", "id": 9026845948, "amenity": "hospital", "name": "USP Biankouri", "health_facility:type": null, "healthcare": null, "operator": null, "operator:type": null, "source": null, "short_name": null, "source:date": null, "disused": null, "description": null, "phone": null, "name:fr": null, "name:en": null, "addr:street": null, "email": null, "opening_hours": null, "addr:city": null, "emergency": null, "healthcare:speciality": null, "building": null, "fixme": null, "wikidata": null, "addr:municipality": null, "staff_count:doctors": null, "staff_count:nurses": null, "barrier": null, "height": null, "capacity:beds": null, "healthcare:cholera": null, "landuse": null, "addr:postcode": null, "note": null, "wheelchair": null, "abandoned": null, "website": null }, "geometry": { "type": "Point", "coordinates": [ 0.0528624, 11.0165824 ] } },
{ "type": "Feature", "properties": { "element": "node", "id": 9026863311, "amenity": "hospital", "name": "USP Baoule", "health_facility:type": null, "healthcare": null, "operator": null, "operator:type": null, "source": null, "short_name": null, "source:date": null, "disused": null, "description": null, "phone": null, "name:fr": null, "name:en": null, "addr:street": null, "email": null, "opening_hours": null, "addr:city": null, "emergency": null, "healthcare:speciality": null, "building": null, "fixme": null, "wikidata": null, "addr:municipality": null, "staff_count:doctors": null, "staff_count:nurses": null, "barrier": null, "height": null, "capacity:beds": null, "healthcare:cholera": null, "landuse": null, "addr:postcode": null, "note": null, "wheelchair": null, "abandoned": null, "website": null }, "geometry": { "type": "Point", "coordinates": [ 0.5774211, 10.2590768 ] } },
{ "type": "Feature", "properties": { "element": "node", "id": 9051879093, "amenity": "hospital", "name": "Case de santé d' Atidè", "health_facility:type": null, "healthcare": null, "operator": null, "operator:type": null, "source": null, "short_name": null, "source:date": null, "disused": null, "description": null, "phone": null, "name:fr": null, "name:en": null, "addr:street": null, "email": null, "opening_hours": null, "addr:city": null, "emergency": null, "healthcare:speciality": null, "building": null, "fixme": null, "wikidata": null, "addr:municipality": null, "staff_count:doctors": null, "staff_count:nurses": null, "barrier": null, "height": null, "capacity:beds": null, "healthcare:cholera": null, "landuse": null, "addr:postcode": null, "note": null, "wheelchair": null, "abandoned": null, "website": null }, "geometry": { "type": "Point", "coordinates": [ 1.0693654, 6.2980446 ] } },
{ "type": "Feature", "properties": { "element": "node", "id": 9053009386, "amenity": "hospital", "name": "CMS Kountong-Bong", "health_facility:type": null, "healthcare": "hospital", "operator": null, "operator:type": null, "source": null, "short_name": null, "source:date": null, "disused": null, "description": null, "phone": null, "name:fr": null, "name:en": null, "addr:street": null, "email": null, "opening_hours": null, "addr:city": null, "emergency": null, "healthcare:speciality": null, "building": null, "fixme": null, "wikidata": null, "addr:municipality": null, "staff_count:doctors": null, "staff_count:nurses": null, "barrier": null, "height": null, "capacity:beds": null, "healthcare:cholera": null, "landuse": null, "addr:postcode": null, "note": null, "wheelchair": null, "abandoned": null, "website": null }, "geometry": { "type": "Point", "coordinates": [ 0.2244671, 10.8912279 ] } },
{ "type": "Feature", "properties": { "element": "node", "id": 9053186915, "amenity": "hospital", "name": "USP WOMETCHIN", "health_facility:type": null, "healthcare": null, "operator": null, "operator:type": null, "source": null, "short_name": null, "source:date": null, "disused": null, "description": null, "phone": null, "name:fr": null, "name:en": null, "addr:street": null, "email": null, "opening_hours": null, "addr:city": null, "emergency": null, "healthcare:speciality": null, "building": null, "fixme": null, "wikidata": null, "addr:municipality": null, "staff_count:doctors": null, "staff_count:nurses": null, "barrier": null, "height": null, "capacity:beds": null, "healthcare:cholera": null, "landuse": null, "addr:postcode": null, "note": null, "wheelchair": null, "abandoned": null, "website": null }, "geometry": { "type": "Point", "coordinates": [ 1.0072607, 6.4814312 ] } },
{ "type": "Feature", "properties": { "element": "node", "id": 9053199519, "amenity": "hospital", "name": "Case de santé", "health_facility:type": null, "healthcare": null, "operator": null, "operator:type": null, "source": null, "short_name": null, "source:date": null, "disused": null, "description": null, "phone": null, "name:fr": null, "name:en": null, "addr:street": null, "email": null, "opening_hours": null, "addr:city": null, "emergency": null, "healthcare:speciality": null, "building": null, "fixme": null, "wikidata": null, "addr:municipality": null, "staff_count:doctors": null, "staff_count:nurses": null, "barrier": null, "height": null, "capacity:beds": null, "healthcare:cholera": null, "landuse": null, "addr:postcode": null, "note": null, "wheelchair": null, "abandoned": null, "website": null }, "geometry": { "type": "Point", "coordinates": [ 0.9802669, 6.4650754 ] } },
{ "type": "Feature", "properties": { "element": "node", "id": 9053199527, "amenity": "hospital", "name": "USP ZOGBEPIME", "health_facility:type": null, "healthcare": null, "operator": null, "operator:type": null, "source": null, "short_name": null, "source:date": null, "disused": null, "description": null, "phone": null, "name:fr": null, "name:en": null, "addr:street": null, "email": null, "opening_hours": null, "addr:city": null, "emergency": null, "healthcare:speciality": null, "building": null, "fixme": null, "wikidata": null, "addr:municipality": null, "staff_count:doctors": null, "staff_count:nurses": null, "barrier": null, "height": null, "capacity:beds": null, "healthcare:cholera": null, "landuse": null, "addr:postcode": null, "note": null, "wheelchair": null, "abandoned": null, "website": null }, "geometry": { "type": "Point", "coordinates": [ 0.9810823, 6.4463191 ] } },
{ "type": "Feature", "properties": { "element": "node", "id": 9053455705, "amenity": "hospital", "name": null, "health_facility:type": null, "healthcare": null, "operator": null, "operator:type": null, "source": null, "short_name": null, "source:date": null, "disused": null, "description": null, "phone": null, "name:fr": null, "name:en": null, "addr:street": null, "email": null, "opening_hours": null, "addr:city": null, "emergency": null, "healthcare:speciality": null, "building": null, "fixme": null, "wikidata": null, "addr:municipality": null, "staff_count:doctors": null, "staff_count:nurses": null, "barrier": null, "height": null, "capacity:beds": null, "healthcare:cholera": null, "landuse": null, "addr:postcode": null, "note": null, "wheelchair": null, "abandoned": null, "website": null }, "geometry": { "type": "Point", "coordinates": [ 0.7250769, 6.880622 ] } },
{ "type": "Feature", "properties": { "element": "node", "id": 9053482633, "amenity": "hospital", "name": null, "health_facility:type": null, "healthcare": null, "operator": null, "operator:type": null, "source": null, "short_name": null, "source:date": null, "disused": null, "description": null, "phone": null, "name:fr": null, "name:en": null, "addr:street": null, "email": null, "opening_hours": null, "addr:city": null, "emergency": null, "healthcare:speciality": null, "building": null, "fixme": null, "wikidata": null, "addr:municipality": null, "staff_count:doctors": null, "staff_count:nurses": null, "barrier": null, "height": null, "capacity:beds": null, "healthcare:cholera": null, "landuse": null, "addr:postcode": null, "note": null, "wheelchair": null, "abandoned": null, "website": null }, "geometry": { "type": "Point", "coordinates": [ 0.7688602, 6.8241271 ] } },
{ "type": "Feature", "properties": { "element": "node", "id": 9053482641, "amenity": "hospital", "name": null, "health_facility:type": null, "healthcare": null, "operator": null, "operator:type": null, "source": null, "short_name": null, "source:date": null, "disused": null, "description": null, "phone": null, "name:fr": null, "name:en": null, "addr:street": null, "email": null, "opening_hours": null, "addr:city": null, "emergency": null, "healthcare:speciality": null, "building": null, "fixme": null, "wikidata": null, "addr:municipality": null, "staff_count:doctors": null, "staff_count:nurses": null, "barrier": null, "height": null, "capacity:beds": null, "healthcare:cholera": null, "landuse": null, "addr:postcode": null, "note": null, "wheelchair": null, "abandoned": null, "website": null }, "geometry": { "type": "Point", "coordinates": [ 0.751335, 6.828802 ] } },
{ "type": "Feature", "properties": { "element": "node", "id": 9053482643, "amenity": "hospital", "name": null, "health_facility:type": null, "healthcare": null, "operator": null, "operator:type": null, "source": null, "short_name": null, "source:date": null, "disused": null, "description": null, "phone": null, "name:fr": null, "name:en": null, "addr:street": null, "email": null, "opening_hours": null, "addr:city": null, "emergency": null, "healthcare:speciality": null, "building": null, "fixme": null, "wikidata": null, "addr:municipality": null, "staff_count:doctors": null, "staff_count:nurses": null, "barrier": null, "height": null, "capacity:beds": null, "healthcare:cholera": null, "landuse": null, "addr:postcode": null, "note": null, "wheelchair": null, "abandoned": null, "website": null }, "geometry": { "type": "Point", "coordinates": [ 0.7794124, 6.8905918 ] } },
{ "type": "Feature", "properties": { "element": "node", "id": 9053536605, "amenity": "hospital", "name": null, "health_facility:type": null, "healthcare": null, "operator": null, "operator:type": null, "source": null, "short_name": null, "source:date": null, "disused": null, "description": null, "phone": null, "name:fr": null, "name:en": null, "addr:street": null, "email": null, "opening_hours": null, "addr:city": null, "emergency": null, "healthcare:speciality": null, "building": null, "fixme": null, "wikidata": null, "addr:municipality": null, "staff_count:doctors": null, "staff_count:nurses": null, "barrier": null, "height": null, "capacity:beds": null, "healthcare:cholera": null, "landuse": null, "addr:postcode": null, "note": null, "wheelchair": null, "abandoned": null, "website": null }, "geometry": { "type": "Point", "coordinates": [ 0.7149991, 6.8404879 ] } },
{ "type": "Feature", "properties": { "element": "node", "id": 9053559724, "amenity": "hospital", "name": null, "health_facility:type": null, "healthcare": null, "operator": null, "operator:type": null, "source": null, "short_name": null, "source:date": null, "disused": null, "description": null, "phone": null, "name:fr": null, "name:en": null, "addr:street": null, "email": null, "opening_hours": null, "addr:city": null, "emergency": null, "healthcare:speciality": null, "building": null, "fixme": null, "wikidata": null, "addr:municipality": null, "staff_count:doctors": null, "staff_count:nurses": null, "barrier": null, "height": null, "capacity:beds": null, "healthcare:cholera": null, "landuse": null, "addr:postcode": null, "note": null, "wheelchair": null, "abandoned": null, "website": null }, "geometry": { "type": "Point", "coordinates": [ 0.7575376, 6.7487201 ] } },
{ "type": "Feature", "properties": { "element": "node", "id": 9053732024, "amenity": "hospital", "name": "CMS Association un jour nouveau", "health_facility:type": null, "healthcare": null, "operator": null, "operator:type": null, "source": null, "short_name": null, "source:date": null, "disused": null, "description": null, "phone": null, "name:fr": null, "name:en": null, "addr:street": null, "email": null, "opening_hours": null, "addr:city": null, "emergency": null, "healthcare:speciality": null, "building": null, "fixme": null, "wikidata": null, "addr:municipality": null, "staff_count:doctors": null, "staff_count:nurses": null, "barrier": null, "height": null, "capacity:beds": null, "healthcare:cholera": null, "landuse": null, "addr:postcode": null, "note": null, "wheelchair": null, "abandoned": null, "website": null }, "geometry": { "type": "Point", "coordinates": [ 1.0159839, 8.6555051 ] } },
{ "type": "Feature", "properties": { "element": "node", "id": 9059387094, "amenity": "hospital", "name": "USP Tanikagou", "health_facility:type": null, "healthcare": null, "operator": null, "operator:type": null, "source": null, "short_name": null, "source:date": null, "disused": null, "description": null, "phone": null, "name:fr": null, "name:en": null, "addr:street": null, "email": null, "opening_hours": null, "addr:city": null, "emergency": null, "healthcare:speciality": null, "building": null, "fixme": null, "wikidata": null, "addr:municipality": null, "staff_count:doctors": null, "staff_count:nurses": null, "barrier": null, "height": null, "capacity:beds": null, "healthcare:cholera": null, "landuse": null, "addr:postcode": null, "note": null, "wheelchair": null, "abandoned": null, "website": null }, "geometry": { "type": "Point", "coordinates": [ 0.1913581, 10.9643027 ] } },
{ "type": "Feature", "properties": { "element": "node", "id": 9061988233, "amenity": "hospital", "name": "USP Margba", "health_facility:type": null, "healthcare": null, "operator": null, "operator:type": null, "source": null, "short_name": null, "source:date": null, "disused": null, "description": null, "phone": null, "name:fr": null, "name:en": null, "addr:street": null, "email": null, "opening_hours": null, "addr:city": null, "emergency": null, "healthcare:speciality": null, "building": null, "fixme": null, "wikidata": null, "addr:municipality": null, "staff_count:doctors": null, "staff_count:nurses": null, "barrier": null, "height": null, "capacity:beds": null, "healthcare:cholera": null, "landuse": null, "addr:postcode": null, "note": null, "wheelchair": null, "abandoned": null, "website": null }, "geometry": { "type": "Point", "coordinates": [ 0.2563716, 11.0042062 ] } },
{ "type": "Feature", "properties": { "element": "node", "id": 9062017602, "amenity": "hospital", "name": "USP Bougou", "health_facility:type": null, "healthcare": null, "operator": null, "operator:type": null, "source": null, "short_name": null, "source:date": null, "disused": null, "description": null, "phone": null, "name:fr": null, "name:en": null, "addr:street": null, "email": null, "opening_hours": null, "addr:city": null, "emergency": null, "healthcare:speciality": null, "building": null, "fixme": null, "wikidata": null, "addr:municipality": null, "staff_count:doctors": null, "staff_count:nurses": null, "barrier": null, "height": null, "capacity:beds": null, "healthcare:cholera": null, "landuse": null, "addr:postcode": null, "note": null, "wheelchair": null, "abandoned": null, "website": null }, "geometry": { "type": "Point", "coordinates": [ 0.2579107, 10.9899144 ] } },
{ "type": "Feature", "properties": { "element": "node", "id": 9062822280, "amenity": "hospital", "name": "USP Tchiègle", "health_facility:type": null, "healthcare": "hospital", "operator": null, "operator:type": null, "source": null, "short_name": null, "source:date": null, "disused": null, "description": null, "phone": null, "name:fr": null, "name:en": null, "addr:street": null, "email": null, "opening_hours": null, "addr:city": null, "emergency": null, "healthcare:speciality": null, "building": null, "fixme": null, "wikidata": null, "addr:municipality": null, "staff_count:doctors": null, "staff_count:nurses": null, "barrier": null, "height": null, "capacity:beds": null, "healthcare:cholera": null, "landuse": null, "addr:postcode": null, "note": null, "wheelchair": null, "abandoned": null, "website": null }, "geometry": { "type": "Point", "coordinates": [ 0.2665268, 11.0425777 ] } },
{ "type": "Feature", "properties": { "element": "node", "id": 9066903973, "amenity": "hospital", "name": null, "health_facility:type": null, "healthcare": null, "operator": null, "operator:type": null, "source": null, "short_name": null, "source:date": null, "disused": null, "description": null, "phone": null, "name:fr": null, "name:en": null, "addr:street": null, "email": null, "opening_hours": null, "addr:city": null, "emergency": null, "healthcare:speciality": null, "building": null, "fixme": null, "wikidata": null, "addr:municipality": null, "staff_count:doctors": null, "staff_count:nurses": null, "barrier": null, "height": null, "capacity:beds": null, "healthcare:cholera": null, "landuse": null, "addr:postcode": null, "note": null, "wheelchair": null, "abandoned": null, "website": null }, "geometry": { "type": "Point", "coordinates": [ 0.1328015, 10.8300408 ] } },
{ "type": "Feature", "properties": { "element": "node", "id": 9070360356, "amenity": "hospital", "name": "USP Tami", "health_facility:type": null, "healthcare": null, "operator": null, "operator:type": null, "source": null, "short_name": null, "source:date": null, "disused": null, "description": null, "phone": null, "name:fr": null, "name:en": null, "addr:street": null, "email": null, "opening_hours": null, "addr:city": null, "emergency": null, "healthcare:speciality": null, "building": null, "fixme": null, "wikidata": null, "addr:municipality": null, "staff_count:doctors": null, "staff_count:nurses": null, "barrier": null, "height": null, "capacity:beds": null, "healthcare:cholera": null, "landuse": null, "addr:postcode": null, "note": null, "wheelchair": null, "abandoned": null, "website": null }, "geometry": { "type": "Point", "coordinates": [ 0.0431992, 10.8643777 ] } },
{ "type": "Feature", "properties": { "element": "node", "id": 9074202995, "amenity": "hospital", "name": null, "health_facility:type": null, "healthcare": null, "operator": null, "operator:type": null, "source": null, "short_name": null, "source:date": null, "disused": null, "description": null, "phone": null, "name:fr": null, "name:en": null, "addr:street": null, "email": null, "opening_hours": null, "addr:city": null, "emergency": null, "healthcare:speciality": null, "building": null, "fixme": null, "wikidata": null, "addr:municipality": null, "staff_count:doctors": null, "staff_count:nurses": null, "barrier": null, "height": null, "capacity:beds": null, "healthcare:cholera": null, "landuse": null, "addr:postcode": null, "note": null, "wheelchair": null, "abandoned": null, "website": null }, "geometry": { "type": "Point", "coordinates": [ 0.1889724, 11.0080387 ] } },
{ "type": "Feature", "properties": { "element": "node", "id": 9079786915, "amenity": "hospital", "name": "USP Nanergou", "health_facility:type": null, "healthcare": null, "operator": null, "operator:type": null, "source": null, "short_name": null, "source:date": null, "disused": null, "description": null, "phone": null, "name:fr": null, "name:en": null, "addr:street": null, "email": null, "opening_hours": null, "addr:city": null, "emergency": null, "healthcare:speciality": null, "building": null, "fixme": null, "wikidata": null, "addr:municipality": null, "staff_count:doctors": null, "staff_count:nurses": null, "barrier": null, "height": null, "capacity:beds": null, "healthcare:cholera": null, "landuse": null, "addr:postcode": null, "note": null, "wheelchair": null, "abandoned": null, "website": null }, "geometry": { "type": "Point", "coordinates": [ 0.1493738, 10.91214 ] } },
{ "type": "Feature", "properties": { "element": "node", "id": 9084228735, "amenity": "hospital", "name": "USP Warkanbou", "health_facility:type": null, "healthcare": null, "operator": null, "operator:type": null, "source": null, "short_name": null, "source:date": null, "disused": null, "description": null, "phone": null, "name:fr": null, "name:en": null, "addr:street": null, "email": null, "opening_hours": null, "addr:city": null, "emergency": null, "healthcare:speciality": null, "building": null, "fixme": null, "wikidata": null, "addr:municipality": null, "staff_count:doctors": null, "staff_count:nurses": null, "barrier": null, "height": null, "capacity:beds": null, "healthcare:cholera": null, "landuse": null, "addr:postcode": null, "note": null, "wheelchair": null, "abandoned": null, "website": null }, "geometry": { "type": "Point", "coordinates": [ -0.0132118, 10.8065321 ] } },
{ "type": "Feature", "properties": { "element": "node", "id": 9087839962, "amenity": "hospital", "name": "USP Korbongou", "health_facility:type": null, "healthcare": "hospital", "operator": null, "operator:type": null, "source": null, "short_name": null, "source:date": null, "disused": null, "description": null, "phone": null, "name:fr": null, "name:en": null, "addr:street": null, "email": null, "opening_hours": null, "addr:city": null, "emergency": null, "healthcare:speciality": null, "building": null, "fixme": null, "wikidata": null, "addr:municipality": null, "staff_count:doctors": null, "staff_count:nurses": null, "barrier": null, "height": null, "capacity:beds": null, "healthcare:cholera": null, "landuse": null, "addr:postcode": null, "note": null, "wheelchair": null, "abandoned": null, "website": null }, "geometry": { "type": "Point", "coordinates": [ 0.3087971, 10.9107879 ] } },
{ "type": "Feature", "properties": { "element": "node", "id": 9095143743, "amenity": "hospital", "name": "CMS Djidjolé", "health_facility:type": null, "healthcare": null, "operator": null, "operator:type": null, "source": null, "short_name": null, "source:date": null, "disused": null, "description": null, "phone": null, "name:fr": null, "name:en": null, "addr:street": null, "email": null, "opening_hours": null, "addr:city": null, "emergency": null, "healthcare:speciality": null, "building": null, "fixme": null, "wikidata": null, "addr:municipality": null, "staff_count:doctors": null, "staff_count:nurses": null, "barrier": null, "height": null, "capacity:beds": null, "healthcare:cholera": null, "landuse": null, "addr:postcode": null, "note": null, "wheelchair": null, "abandoned": null, "website": null }, "geometry": { "type": "Point", "coordinates": [ 1.1924726, 6.1861313 ] } },
{ "type": "Feature", "properties": { "element": "node", "id": 9103811710, "amenity": "hospital", "name": "Centre de santé Maguy", "health_facility:type": null, "healthcare": "hospital", "operator": null, "operator:type": null, "source": null, "short_name": null, "source:date": null, "disused": null, "description": null, "phone": null, "name:fr": null, "name:en": null, "addr:street": null, "email": null, "opening_hours": null, "addr:city": null, "emergency": null, "healthcare:speciality": null, "building": null, "fixme": null, "wikidata": null, "addr:municipality": null, "staff_count:doctors": null, "staff_count:nurses": null, "barrier": null, "height": null, "capacity:beds": null, "healthcare:cholera": null, "landuse": null, "addr:postcode": null, "note": null, "wheelchair": null, "abandoned": null, "website": null }, "geometry": { "type": "Point", "coordinates": [ 0.1878933, 10.8670066 ] } },
{ "type": "Feature", "properties": { "element": "node", "id": 9114127133, "amenity": "hospital", "name": "USP Pligou", "health_facility:type": null, "healthcare": null, "operator": null, "operator:type": null, "source": null, "short_name": null, "source:date": null, "disused": null, "description": null, "phone": null, "name:fr": null, "name:en": null, "addr:street": null, "email": null, "opening_hours": null, "addr:city": null, "emergency": null, "healthcare:speciality": null, "building": null, "fixme": null, "wikidata": null, "addr:municipality": null, "staff_count:doctors": null, "staff_count:nurses": null, "barrier": null, "height": null, "capacity:beds": null, "healthcare:cholera": null, "landuse": null, "addr:postcode": null, "note": null, "wheelchair": null, "abandoned": null, "website": null }, "geometry": { "type": "Point", "coordinates": [ 0.288235, 10.6509778 ] } },
{ "type": "Feature", "properties": { "element": "node", "id": 9114431397, "amenity": "hospital", "name": "USP Tanabe", "health_facility:type": null, "healthcare": null, "operator": null, "operator:type": null, "source": null, "short_name": null, "source:date": null, "disused": null, "description": null, "phone": null, "name:fr": null, "name:en": null, "addr:street": null, "email": null, "opening_hours": null, "addr:city": null, "emergency": null, "healthcare:speciality": null, "building": null, "fixme": null, "wikidata": null, "addr:municipality": null, "staff_count:doctors": null, "staff_count:nurses": null, "barrier": null, "height": null, "capacity:beds": null, "healthcare:cholera": null, "landuse": null, "addr:postcode": null, "note": null, "wheelchair": null, "abandoned": null, "website": null }, "geometry": { "type": "Point", "coordinates": [ 0.2817029, 10.6234296 ] } },
{ "type": "Feature", "properties": { "element": "node", "id": 9120160754, "amenity": "hospital", "name": "CMS Nano", "health_facility:type": null, "healthcare": null, "operator": null, "operator:type": null, "source": null, "short_name": null, "source:date": null, "disused": null, "description": null, "phone": null, "name:fr": null, "name:en": null, "addr:street": null, "email": null, "opening_hours": null, "addr:city": null, "emergency": null, "healthcare:speciality": null, "building": null, "fixme": null, "wikidata": null, "addr:municipality": null, "staff_count:doctors": null, "staff_count:nurses": null, "barrier": null, "height": null, "capacity:beds": null, "healthcare:cholera": null, "landuse": null, "addr:postcode": null, "note": null, "wheelchair": null, "abandoned": null, "website": null }, "geometry": { "type": "Point", "coordinates": [ 0.1057782, 10.7072604 ] } },
{ "type": "Feature", "properties": { "element": "node", "id": 9126086020, "amenity": "hospital", "name": "USP KPINZINDE", "health_facility:type": null, "healthcare": null, "operator": null, "operator:type": null, "source": null, "short_name": null, "source:date": null, "disused": null, "description": null, "phone": null, "name:fr": null, "name:en": null, "addr:street": null, "email": null, "opening_hours": null, "addr:city": null, "emergency": null, "healthcare:speciality": null, "building": null, "fixme": null, "wikidata": null, "addr:municipality": null, "staff_count:doctors": null, "staff_count:nurses": null, "barrier": null, "height": null, "capacity:beds": null, "healthcare:cholera": null, "landuse": null, "addr:postcode": null, "note": null, "wheelchair": null, "abandoned": null, "website": null }, "geometry": { "type": "Point", "coordinates": [ 1.2924649, 9.4941994 ] } },
{ "type": "Feature", "properties": { "element": "node", "id": 9126708939, "amenity": "hospital", "name": "CHP Kpendjal-Ouest", "health_facility:type": null, "healthcare": null, "operator": null, "operator:type": null, "source": null, "short_name": null, "source:date": null, "disused": null, "description": null, "phone": null, "name:fr": null, "name:en": null, "addr:street": null, "email": null, "opening_hours": null, "addr:city": null, "emergency": null, "healthcare:speciality": null, "building": null, "fixme": null, "wikidata": null, "addr:municipality": null, "staff_count:doctors": null, "staff_count:nurses": null, "barrier": null, "height": null, "capacity:beds": null, "healthcare:cholera": null, "landuse": null, "addr:postcode": null, "note": null, "wheelchair": null, "abandoned": null, "website": null }, "geometry": { "type": "Point", "coordinates": [ 0.3827182, 10.7283174 ] } },
{ "type": "Feature", "properties": { "element": "node", "id": 9129294251, "amenity": "hospital", "name": "USP Ogaro", "health_facility:type": null, "healthcare": null, "operator": null, "operator:type": null, "source": null, "short_name": null, "source:date": null, "disused": null, "description": null, "phone": null, "name:fr": null, "name:en": null, "addr:street": null, "email": null, "opening_hours": null, "addr:city": null, "emergency": null, "healthcare:speciality": null, "building": null, "fixme": null, "wikidata": null, "addr:municipality": null, "staff_count:doctors": null, "staff_count:nurses": null, "barrier": null, "height": null, "capacity:beds": null, "healthcare:cholera": null, "landuse": null, "addr:postcode": null, "note": null, "wheelchair": null, "abandoned": null, "website": null }, "geometry": { "type": "Point", "coordinates": [ 0.4602033, 10.7432739 ] } },
{ "type": "Feature", "properties": { "element": "node", "id": 9145262927, "amenity": "hospital", "name": null, "health_facility:type": null, "healthcare": null, "operator": null, "operator:type": null, "source": null, "short_name": null, "source:date": null, "disused": null, "description": null, "phone": null, "name:fr": null, "name:en": null, "addr:street": null, "email": null, "opening_hours": null, "addr:city": null, "emergency": null, "healthcare:speciality": null, "building": null, "fixme": null, "wikidata": null, "addr:municipality": null, "staff_count:doctors": null, "staff_count:nurses": null, "barrier": null, "height": null, "capacity:beds": null, "healthcare:cholera": null, "landuse": null, "addr:postcode": null, "note": null, "wheelchair": null, "abandoned": null, "website": null }, "geometry": { "type": "Point", "coordinates": [ 0.4040447, 10.2453859 ] } },
{ "type": "Feature", "properties": { "element": "node", "id": 9160643484, "amenity": "hospital", "name": "USP Takpapieni", "health_facility:type": null, "healthcare": null, "operator": null, "operator:type": null, "source": null, "short_name": null, "source:date": null, "disused": null, "description": null, "phone": null, "name:fr": null, "name:en": null, "addr:street": null, "email": null, "opening_hours": null, "addr:city": null, "emergency": null, "healthcare:speciality": null, "building": null, "fixme": null, "wikidata": null, "addr:municipality": null, "staff_count:doctors": null, "staff_count:nurses": null, "barrier": null, "height": null, "capacity:beds": null, "healthcare:cholera": null, "landuse": null, "addr:postcode": null, "note": null, "wheelchair": null, "abandoned": null, "website": null }, "geometry": { "type": "Point", "coordinates": [ 0.8689099, 10.2547525 ] } },
{ "type": "Feature", "properties": { "element": "node", "id": 9164699518, "amenity": "hospital", "name": "CMS ELAVAGNON", "health_facility:type": null, "healthcare": null, "operator": null, "operator:type": null, "source": null, "short_name": null, "source:date": null, "disused": null, "description": null, "phone": null, "name:fr": null, "name:en": null, "addr:street": null, "email": null, "opening_hours": null, "addr:city": null, "emergency": null, "healthcare:speciality": null, "building": null, "fixme": null, "wikidata": null, "addr:municipality": null, "staff_count:doctors": null, "staff_count:nurses": null, "barrier": null, "height": null, "capacity:beds": null, "healthcare:cholera": null, "landuse": null, "addr:postcode": null, "note": null, "wheelchair": null, "abandoned": null, "website": null }, "geometry": { "type": "Point", "coordinates": [ 1.172807, 6.2092382 ] } },
{ "type": "Feature", "properties": { "element": "node", "id": 9165161075, "amenity": "hospital", "name": "USP Tchamonga", "health_facility:type": null, "healthcare": null, "operator": null, "operator:type": null, "source": null, "short_name": null, "source:date": null, "disused": null, "description": null, "phone": null, "name:fr": null, "name:en": null, "addr:street": null, "email": null, "opening_hours": null, "addr:city": null, "emergency": null, "healthcare:speciality": null, "building": null, "fixme": null, "wikidata": null, "addr:municipality": null, "staff_count:doctors": null, "staff_count:nurses": null, "barrier": null, "height": null, "capacity:beds": null, "healthcare:cholera": null, "landuse": null, "addr:postcode": null, "note": null, "wheelchair": null, "abandoned": null, "website": null }, "geometry": { "type": "Point", "coordinates": [ 0.7308933, 10.5617014 ] } },
{ "type": "Feature", "properties": { "element": "node", "id": 9210423865, "amenity": "hospital", "name": "USP Takpanba", "health_facility:type": null, "healthcare": null, "operator": null, "operator:type": null, "source": null, "short_name": null, "source:date": null, "disused": null, "description": null, "phone": null, "name:fr": null, "name:en": null, "addr:street": null, "email": null, "opening_hours": null, "addr:city": null, "emergency": null, "healthcare:speciality": null, "building": null, "fixme": null, "wikidata": null, "addr:municipality": null, "staff_count:doctors": null, "staff_count:nurses": null, "barrier": null, "height": null, "capacity:beds": null, "healthcare:cholera": null, "landuse": null, "addr:postcode": null, "note": null, "wheelchair": null, "abandoned": null, "website": null }, "geometry": { "type": "Point", "coordinates": [ 0.5746251, 9.9692847 ] } },
{ "type": "Feature", "properties": { "element": "node", "id": 9223987060, "amenity": "hospital", "name": "USP Nagbeni", "health_facility:type": null, "healthcare": null, "operator": null, "operator:type": null, "source": null, "short_name": null, "source:date": null, "disused": null, "description": null, "phone": null, "name:fr": null, "name:en": null, "addr:street": null, "email": null, "opening_hours": null, "addr:city": null, "emergency": null, "healthcare:speciality": null, "building": null, "fixme": null, "wikidata": "Q115942295", "addr:municipality": null, "staff_count:doctors": null, "staff_count:nurses": null, "barrier": null, "height": null, "capacity:beds": null, "healthcare:cholera": null, "landuse": null, "addr:postcode": null, "note": null, "wheelchair": null, "abandoned": null, "website": null }, "geometry": { "type": "Point", "coordinates": [ 0.3975592, 10.6104044 ] } },
{ "type": "Feature", "properties": { "element": "node", "id": 9254454975, "amenity": "hospital", "name": "CMS Barkoissi", "health_facility:type": null, "healthcare": "hospital", "operator": null, "operator:type": null, "source": null, "short_name": null, "source:date": null, "disused": null, "description": null, "phone": null, "name:fr": null, "name:en": null, "addr:street": null, "email": null, "opening_hours": null, "addr:city": null, "emergency": null, "healthcare:speciality": null, "building": null, "fixme": null, "wikidata": null, "addr:municipality": null, "staff_count:doctors": null, "staff_count:nurses": null, "barrier": null, "height": null, "capacity:beds": null, "healthcare:cholera": null, "landuse": null, "addr:postcode": null, "note": null, "wheelchair": null, "abandoned": null, "website": null }, "geometry": { "type": "Point", "coordinates": [ 0.30123, 10.5490017 ] } },
{ "type": "Feature", "properties": { "element": "node", "id": 9263461431, "amenity": "hospital", "name": "CMS KAZABOUA", "health_facility:type": null, "healthcare": null, "operator": null, "operator:type": null, "source": null, "short_name": null, "source:date": null, "disused": null, "description": null, "phone": null, "name:fr": null, "name:en": null, "addr:street": null, "email": null, "opening_hours": null, "addr:city": null, "emergency": null, "healthcare:speciality": null, "building": null, "fixme": null, "wikidata": null, "addr:municipality": null, "staff_count:doctors": null, "staff_count:nurses": null, "barrier": null, "height": null, "capacity:beds": null, "healthcare:cholera": null, "landuse": null, "addr:postcode": null, "note": null, "wheelchair": null, "abandoned": null, "website": null }, "geometry": { "type": "Point", "coordinates": [ 1.070786, 8.428305 ] } },
{ "type": "Feature", "properties": { "element": "node", "id": 9270106320, "amenity": "hospital", "name": "Unité de Soins Périphériques", "health_facility:type": null, "healthcare": null, "operator": null, "operator:type": null, "source": null, "short_name": null, "source:date": null, "disused": null, "description": null, "phone": null, "name:fr": null, "name:en": null, "addr:street": null, "email": null, "opening_hours": null, "addr:city": null, "emergency": null, "healthcare:speciality": null, "building": null, "fixme": null, "wikidata": null, "addr:municipality": null, "staff_count:doctors": null, "staff_count:nurses": null, "barrier": null, "height": null, "capacity:beds": null, "healthcare:cholera": null, "landuse": null, "addr:postcode": null, "note": null, "wheelchair": null, "abandoned": null, "website": null }, "geometry": { "type": "Point", "coordinates": [ 1.0722857, 8.8461539 ] } },
{ "type": "Feature", "properties": { "element": "node", "id": 9275288719, "amenity": "hospital", "name": "CMS ADJENGRÉ", "health_facility:type": null, "healthcare": null, "operator": null, "operator:type": null, "source": null, "short_name": null, "source:date": null, "disused": null, "description": null, "phone": null, "name:fr": null, "name:en": null, "addr:street": null, "email": null, "opening_hours": null, "addr:city": null, "emergency": null, "healthcare:speciality": null, "building": null, "fixme": null, "wikidata": null, "addr:municipality": null, "staff_count:doctors": null, "staff_count:nurses": null, "barrier": null, "height": null, "capacity:beds": null, "healthcare:cholera": null, "landuse": null, "addr:postcode": null, "note": null, "wheelchair": null, "abandoned": null, "website": null }, "geometry": { "type": "Point", "coordinates": [ 1.0048328, 8.6669098 ] } },
{ "type": "Feature", "properties": { "element": "node", "id": 9275291318, "amenity": "hospital", "name": "Hôpital de KOUSSOUNTOU", "health_facility:type": null, "healthcare": null, "operator": null, "operator:type": null, "source": null, "short_name": null, "source:date": null, "disused": null, "description": null, "phone": null, "name:fr": null, "name:en": null, "addr:street": null, "email": null, "opening_hours": null, "addr:city": null, "emergency": null, "healthcare:speciality": null, "building": null, "fixme": null, "wikidata": null, "addr:municipality": null, "staff_count:doctors": null, "staff_count:nurses": null, "barrier": null, "height": null, "capacity:beds": null, "healthcare:cholera": null, "landuse": null, "addr:postcode": null, "note": null, "wheelchair": null, "abandoned": null, "website": null }, "geometry": { "type": "Point", "coordinates": [ 1.5191008, 8.8290512 ] } },
{ "type": "Feature", "properties": { "element": "node", "id": 9275291320, "amenity": "hospital", "name": "Dispensaire de AGOULOUDE", "health_facility:type": null, "healthcare": null, "operator": null, "operator:type": null, "source": null, "short_name": null, "source:date": null, "disused": null, "description": null, "phone": null, "name:fr": null, "name:en": null, "addr:street": null, "email": null, "opening_hours": null, "addr:city": null, "emergency": null, "healthcare:speciality": null, "building": null, "fixme": null, "wikidata": null, "addr:municipality": null, "staff_count:doctors": null, "staff_count:nurses": null, "barrier": null, "height": null, "capacity:beds": null, "healthcare:cholera": null, "landuse": null, "addr:postcode": null, "note": null, "wheelchair": null, "abandoned": null, "website": null }, "geometry": { "type": "Point", "coordinates": [ 1.3286596, 9.1183911 ] } },
{ "type": "Feature", "properties": { "element": "node", "id": 9275917829, "amenity": "hospital", "name": "Hôpital de Kouma-Apéyémé", "health_facility:type": null, "healthcare": "hospital", "operator": null, "operator:type": null, "source": null, "short_name": null, "source:date": null, "disused": null, "description": null, "phone": null, "name:fr": null, "name:en": null, "addr:street": null, "email": null, "opening_hours": null, "addr:city": null, "emergency": null, "healthcare:speciality": null, "building": null, "fixme": null, "wikidata": null, "addr:municipality": null, "staff_count:doctors": null, "staff_count:nurses": null, "barrier": null, "height": null, "capacity:beds": null, "healthcare:cholera": null, "landuse": null, "addr:postcode": null, "note": null, "wheelchair": null, "abandoned": null, "website": null }, "geometry": { "type": "Point", "coordinates": [ 0.5579504, 6.9771526 ] } },
{ "type": "Feature", "properties": { "element": "node", "id": 9287183928, "amenity": "hospital", "name": "USP Kerekete", "health_facility:type": null, "healthcare": null, "operator": null, "operator:type": null, "source": null, "short_name": null, "source:date": null, "disused": null, "description": null, "phone": null, "name:fr": null, "name:en": null, "addr:street": null, "email": null, "opening_hours": null, "addr:city": null, "emergency": null, "healthcare:speciality": null, "building": null, "fixme": null, "wikidata": null, "addr:municipality": null, "staff_count:doctors": null, "staff_count:nurses": null, "barrier": null, "height": null, "capacity:beds": null, "healthcare:cholera": null, "landuse": null, "addr:postcode": null, "note": null, "wheelchair": null, "abandoned": null, "website": null }, "geometry": { "type": "Point", "coordinates": [ 0.2315919, 10.4994658 ] } },
{ "type": "Feature", "properties": { "element": "node", "id": 9290874206, "amenity": "hospital", "name": "CMS d'adidogomé", "health_facility:type": null, "healthcare": null, "operator": null, "operator:type": null, "source": null, "short_name": null, "source:date": null, "disused": null, "description": null, "phone": null, "name:fr": null, "name:en": null, "addr:street": null, "email": null, "opening_hours": null, "addr:city": null, "emergency": null, "healthcare:speciality": null, "building": null, "fixme": null, "wikidata": null, "addr:municipality": null, "staff_count:doctors": null, "staff_count:nurses": null, "barrier": null, "height": null, "capacity:beds": null, "healthcare:cholera": null, "landuse": null, "addr:postcode": null, "note": null, "wheelchair": null, "abandoned": null, "website": null }, "geometry": { "type": "Point", "coordinates": [ 1.1681659, 6.1841029 ] } },
{ "type": "Feature", "properties": { "element": "node", "id": 9297544491, "amenity": "hospital", "name": "CHR Amlamé", "health_facility:type": null, "healthcare": null, "operator": null, "operator:type": null, "source": null, "short_name": null, "source:date": null, "disused": null, "description": null, "phone": null, "name:fr": null, "name:en": null, "addr:street": null, "email": null, "opening_hours": null, "addr:city": null, "emergency": null, "healthcare:speciality": null, "building": null, "fixme": null, "wikidata": null, "addr:municipality": null, "staff_count:doctors": null, "staff_count:nurses": null, "barrier": null, "height": null, "capacity:beds": null, "healthcare:cholera": null, "landuse": null, "addr:postcode": null, "note": null, "wheelchair": null, "abandoned": null, "website": null }, "geometry": { "type": "Point", "coordinates": [ 0.9102512, 7.4731472 ] } },
{ "type": "Feature", "properties": { "element": "node", "id": 9297575830, "amenity": "hospital", "name": "Hôpital Notre Dame d'Ayome", "health_facility:type": null, "healthcare": null, "operator": null, "operator:type": null, "source": null, "short_name": null, "source:date": null, "disused": null, "description": null, "phone": null, "name:fr": null, "name:en": null, "addr:street": null, "email": null, "opening_hours": null, "addr:city": null, "emergency": null, "healthcare:speciality": null, "building": null, "fixme": null, "wikidata": null, "addr:municipality": null, "staff_count:doctors": null, "staff_count:nurses": null, "barrier": null, "height": null, "capacity:beds": null, "healthcare:cholera": null, "landuse": null, "addr:postcode": null, "note": null, "wheelchair": null, "abandoned": null, "website": null }, "geometry": { "type": "Point", "coordinates": [ 0.9598245, 7.4935609 ] } },
{ "type": "Feature", "properties": { "element": "node", "id": 9320223910, "amenity": "hospital", "name": "Association Hopital d'Enfants", "health_facility:type": null, "healthcare": null, "operator": null, "operator:type": null, "source": null, "short_name": null, "source:date": null, "disused": null, "description": "yendube@yahoo.fr", "phone": null, "name:fr": null, "name:en": null, "addr:street": null, "email": null, "opening_hours": null, "addr:city": null, "emergency": null, "healthcare:speciality": null, "building": null, "fixme": null, "wikidata": null, "addr:municipality": null, "staff_count:doctors": null, "staff_count:nurses": null, "barrier": null, "height": null, "capacity:beds": null, "healthcare:cholera": null, "landuse": null, "addr:postcode": null, "note": null, "wheelchair": null, "abandoned": null, "website": null }, "geometry": { "type": "Point", "coordinates": [ 0.1993001, 10.8748628 ] } },
{ "type": "Feature", "properties": { "element": "node", "id": 9346840654, "amenity": "hospital", "name": "Hôpital de Tado", "health_facility:type": null, "healthcare": "hospital", "operator": null, "operator:type": null, "source": null, "short_name": null, "source:date": null, "disused": null, "description": null, "phone": null, "name:fr": null, "name:en": null, "addr:street": null, "email": null, "opening_hours": null, "addr:city": null, "emergency": null, "healthcare:speciality": null, "building": null, "fixme": null, "wikidata": null, "addr:municipality": null, "staff_count:doctors": null, "staff_count:nurses": null, "barrier": null, "height": null, "capacity:beds": null, "healthcare:cholera": null, "landuse": null, "addr:postcode": null, "note": null, "wheelchair": null, "abandoned": null, "website": null }, "geometry": { "type": "Point", "coordinates": [ 1.5953095, 7.1444203 ] } },
{ "type": "Feature", "properties": { "element": "node", "id": 9355947181, "amenity": "hospital", "name": "USP Badougbé", "health_facility:type": null, "healthcare": null, "operator": null, "operator:type": null, "source": null, "short_name": null, "source:date": null, "disused": null, "description": null, "phone": null, "name:fr": null, "name:en": null, "addr:street": null, "email": null, "opening_hours": null, "addr:city": null, "emergency": null, "healthcare:speciality": null, "building": null, "fixme": null, "wikidata": null, "addr:municipality": null, "staff_count:doctors": null, "staff_count:nurses": null, "barrier": null, "height": null, "capacity:beds": null, "healthcare:cholera": null, "landuse": null, "addr:postcode": null, "note": null, "wheelchair": null, "abandoned": null, "website": null }, "geometry": { "type": "Point", "coordinates": [ 1.5132029, 6.2378848 ] } },
{ "type": "Feature", "properties": { "element": "node", "id": 9360316019, "amenity": "hospital", "name": "Usp de Kéta-akoda", "health_facility:type": null, "healthcare": null, "operator": null, "operator:type": null, "source": null, "short_name": null, "source:date": null, "disused": null, "description": null, "phone": null, "name:fr": null, "name:en": null, "addr:street": null, "email": null, "opening_hours": null, "addr:city": null, "emergency": null, "healthcare:speciality": null, "building": null, "fixme": null, "wikidata": null, "addr:municipality": null, "staff_count:doctors": null, "staff_count:nurses": null, "barrier": null, "height": null, "capacity:beds": null, "healthcare:cholera": null, "landuse": null, "addr:postcode": null, "note": null, "wheelchair": null, "abandoned": null, "website": null }, "geometry": { "type": "Point", "coordinates": [ 1.556337, 6.2466873 ] } },
{ "type": "Feature", "properties": { "element": "node", "id": 9415658319, "amenity": "hospital", "name": "Centre de santé de BAGA", "health_facility:type": null, "healthcare": null, "operator": null, "operator:type": null, "source": null, "short_name": null, "source:date": null, "disused": null, "description": null, "phone": null, "name:fr": null, "name:en": null, "addr:street": null, "email": null, "opening_hours": null, "addr:city": null, "emergency": null, "healthcare:speciality": null, "building": null, "fixme": null, "wikidata": null, "addr:municipality": null, "staff_count:doctors": null, "staff_count:nurses": null, "barrier": null, "height": null, "capacity:beds": null, "healthcare:cholera": null, "landuse": null, "addr:postcode": null, "note": null, "wheelchair": null, "abandoned": null, "website": null }, "geometry": { "type": "Point", "coordinates": [ 1.1012488, 9.792586 ] } },
{ "type": "Feature", "properties": { "element": "node", "id": 9433135067, "amenity": "hospital", "name": "Dispensaire Esse Zogbédji - Nadje", "health_facility:type": null, "healthcare": null, "operator": null, "operator:type": null, "source": null, "short_name": null, "source:date": null, "disused": null, "description": null, "phone": null, "name:fr": null, "name:en": null, "addr:street": null, "email": null, "opening_hours": null, "addr:city": null, "emergency": null, "healthcare:speciality": null, "building": null, "fixme": null, "wikidata": null, "addr:municipality": null, "staff_count:doctors": null, "staff_count:nurses": null, "barrier": null, "height": null, "capacity:beds": null, "healthcare:cholera": null, "landuse": null, "addr:postcode": null, "note": null, "wheelchair": null, "abandoned": null, "website": null }, "geometry": { "type": "Point", "coordinates": [ 1.3385639, 6.5837738 ] } },
{ "type": "Feature", "properties": { "element": "node", "id": 9625732766, "amenity": "hospital", "name": "Centre Médico-social La Confiance", "health_facility:type": null, "healthcare": null, "operator": null, "operator:type": null, "source": null, "short_name": null, "source:date": null, "disused": null, "description": null, "phone": "+22899484922", "name:fr": null, "name:en": null, "addr:street": null, "email": null, "opening_hours": null, "addr:city": null, "emergency": null, "healthcare:speciality": null, "building": null, "fixme": null, "wikidata": null, "addr:municipality": null, "staff_count:doctors": null, "staff_count:nurses": null, "barrier": null, "height": null, "capacity:beds": null, "healthcare:cholera": null, "landuse": null, "addr:postcode": null, "note": null, "wheelchair": null, "abandoned": null, "website": null }, "geometry": { "type": "Point", "coordinates": [ 1.1551112, 6.1895411 ] } },
{ "type": "Feature", "properties": { "element": "node", "id": 9654130904, "amenity": "hospital", "name": "Centre Médical de Pedakondji", "health_facility:type": null, "healthcare": null, "operator": null, "operator:type": null, "source": null, "short_name": null, "source:date": null, "disused": null, "description": null, "phone": null, "name:fr": null, "name:en": null, "addr:street": null, "email": null, "opening_hours": null, "addr:city": null, "emergency": null, "healthcare:speciality": null, "building": null, "fixme": null, "wikidata": null, "addr:municipality": null, "staff_count:doctors": null, "staff_count:nurses": null, "barrier": null, "height": null, "capacity:beds": null, "healthcare:cholera": null, "landuse": null, "addr:postcode": null, "note": null, "wheelchair": null, "abandoned": null, "website": null }, "geometry": { "type": "Point", "coordinates": [ 1.5348491, 6.3184064 ] } },
{ "type": "Feature", "properties": { "element": "node", "id": 9743635884, "amenity": "hospital", "name": "CMS Dzolo", "health_facility:type": null, "healthcare": null, "operator": null, "operator:type": null, "source": null, "short_name": null, "source:date": null, "disused": null, "description": null, "phone": null, "name:fr": null, "name:en": null, "addr:street": null, "email": null, "opening_hours": null, "addr:city": null, "emergency": null, "healthcare:speciality": null, "building": null, "fixme": null, "wikidata": null, "addr:municipality": null, "staff_count:doctors": null, "staff_count:nurses": null, "barrier": null, "height": null, "capacity:beds": null, "healthcare:cholera": null, "landuse": null, "addr:postcode": null, "note": null, "wheelchair": null, "abandoned": null, "website": null }, "geometry": { "type": "Point", "coordinates": [ 0.8888628, 6.3719528 ] } },
{ "type": "Feature", "properties": { "element": "node", "id": 9868185346, "amenity": "hospital", "name": "USP Kagnikada", "health_facility:type": null, "healthcare": null, "operator": null, "operator:type": null, "source": null, "short_name": null, "source:date": null, "disused": null, "description": null, "phone": null, "name:fr": null, "name:en": null, "addr:street": null, "email": null, "opening_hours": null, "addr:city": null, "emergency": null, "healthcare:speciality": null, "building": null, "fixme": null, "wikidata": null, "addr:municipality": null, "staff_count:doctors": null, "staff_count:nurses": null, "barrier": null, "height": null, "capacity:beds": null, "healthcare:cholera": null, "landuse": null, "addr:postcode": null, "note": null, "wheelchair": null, "abandoned": null, "website": null }, "geometry": { "type": "Point", "coordinates": [ 1.3151467, 9.7133767 ] } },
{ "type": "Feature", "properties": { "element": "node", "id": 9899701973, "amenity": "hospital", "name": "Dispensaire de Naki-Ouest", "health_facility:type": null, "healthcare": "hospital", "operator": null, "operator:type": null, "source": "Knowledge;Bing", "short_name": null, "source:date": null, "disused": null, "description": null, "phone": null, "name:fr": null, "name:en": null, "addr:street": null, "email": null, "opening_hours": null, "addr:city": null, "emergency": null, "healthcare:speciality": null, "building": null, "fixme": null, "wikidata": null, "addr:municipality": null, "staff_count:doctors": null, "staff_count:nurses": null, "barrier": null, "height": null, "capacity:beds": null, "healthcare:cholera": null, "landuse": null, "addr:postcode": null, "note": null, "wheelchair": null, "abandoned": null, "website": null }, "geometry": { "type": "Point", "coordinates": [ 0.0935796, 10.9092805 ] } },
{ "type": "Feature", "properties": { "element": "node", "id": 9903516893, "amenity": "hospital", "name": "Cms Amoutivé", "health_facility:type": null, "healthcare": "hospital", "operator": null, "operator:type": null, "source": null, "short_name": null, "source:date": null, "disused": null, "description": null, "phone": null, "name:fr": null, "name:en": null, "addr:street": null, "email": null, "opening_hours": null, "addr:city": null, "emergency": null, "healthcare:speciality": "gynaecology;paediatrics", "building": null, "fixme": null, "wikidata": null, "addr:municipality": null, "staff_count:doctors": null, "staff_count:nurses": null, "barrier": null, "height": null, "capacity:beds": null, "healthcare:cholera": null, "landuse": null, "addr:postcode": null, "note": null, "wheelchair": null, "abandoned": null, "website": null }, "geometry": { "type": "Point", "coordinates": [ 1.2298201, 6.1402173 ] } },
{ "type": "Feature", "properties": { "element": "node", "id": 10008519781, "amenity": "hospital", "name": "CMS de Timbou", "health_facility:type": null, "healthcare": "hospital", "operator": null, "operator:type": null, "source": null, "short_name": null, "source:date": null, "disused": null, "description": null, "phone": null, "name:fr": null, "name:en": null, "addr:street": null, "email": null, "opening_hours": null, "addr:city": null, "emergency": null, "healthcare:speciality": null, "building": null, "fixme": null, "wikidata": null, "addr:municipality": null, "staff_count:doctors": null, "staff_count:nurses": null, "barrier": null, "height": null, "capacity:beds": null, "healthcare:cholera": null, "landuse": null, "addr:postcode": null, "note": null, "wheelchair": null, "abandoned": null, "website": null }, "geometry": { "type": "Point", "coordinates": [ 0.1152997, 11.0330982 ] } },
{ "type": "Feature", "properties": { "element": "node", "id": 10023579262, "amenity": "hospital", "name": "CMS Mont Des Oliviers", "health_facility:type": null, "healthcare": null, "operator": null, "operator:type": null, "source": null, "short_name": null, "source:date": null, "disused": null, "description": "Médecine Générale\nConsultation prénatale\nAccouchement\nLaboratoire d'Analyse Médicale\nPlanification Familiale\nÉchographie", "phone": null, "name:fr": null, "name:en": null, "addr:street": null, "email": null, "opening_hours": null, "addr:city": null, "emergency": null, "healthcare:speciality": null, "building": null, "fixme": null, "wikidata": null, "addr:municipality": null, "staff_count:doctors": null, "staff_count:nurses": null, "barrier": null, "height": null, "capacity:beds": null, "healthcare:cholera": null, "landuse": null, "addr:postcode": null, "note": null, "wheelchair": null, "abandoned": null, "website": null }, "geometry": { "type": "Point", "coordinates": [ 1.504527, 6.5944102 ] } },
{ "type": "Feature", "properties": { "element": "node", "id": 10196896228, "amenity": "hospital", "name": "DISPENSAIRE DE MISSIOBE", "health_facility:type": null, "healthcare": "hospital", "operator": null, "operator:type": null, "source": null, "short_name": null, "source:date": null, "disused": null, "description": null, "phone": null, "name:fr": null, "name:en": null, "addr:street": null, "email": null, "opening_hours": null, "addr:city": null, "emergency": null, "healthcare:speciality": null, "building": null, "fixme": null, "wikidata": null, "addr:municipality": null, "staff_count:doctors": null, "staff_count:nurses": null, "barrier": null, "height": null, "capacity:beds": null, "healthcare:cholera": null, "landuse": null, "addr:postcode": null, "note": null, "wheelchair": null, "abandoned": null, "website": null }, "geometry": { "type": "Point", "coordinates": [ 0.8841101, 6.8232538 ] } },
{ "type": "Feature", "properties": { "element": "node", "id": 10199494145, "amenity": "hospital", "name": "Dispensaire d'Alokoègbé", "health_facility:type": null, "healthcare": null, "operator": null, "operator:type": null, "source": null, "short_name": null, "source:date": null, "disused": null, "description": null, "phone": null, "name:fr": null, "name:en": null, "addr:street": null, "email": null, "opening_hours": null, "addr:city": null, "emergency": null, "healthcare:speciality": null, "building": null, "fixme": null, "wikidata": null, "addr:municipality": null, "staff_count:doctors": null, "staff_count:nurses": null, "barrier": null, "height": null, "capacity:beds": null, "healthcare:cholera": null, "landuse": null, "addr:postcode": null, "note": null, "wheelchair": null, "abandoned": null, "website": null }, "geometry": { "type": "Point", "coordinates": [ 1.0870255, 6.4427153 ] } },
{ "type": "Feature", "properties": { "element": "node", "id": 10248618309, "amenity": "hospital", "name": "CMS JOSEPH NASCINBENI DE TODOME", "health_facility:type": null, "healthcare": null, "operator": null, "operator:type": null, "source": null, "short_name": null, "source:date": null, "disused": null, "description": null, "phone": null, "name:fr": null, "name:en": null, "addr:street": null, "email": null, "opening_hours": null, "addr:city": null, "emergency": null, "healthcare:speciality": null, "building": null, "fixme": null, "wikidata": null, "addr:municipality": null, "staff_count:doctors": null, "staff_count:nurses": null, "barrier": null, "height": null, "capacity:beds": null, "healthcare:cholera": null, "landuse": null, "addr:postcode": null, "note": null, "wheelchair": null, "abandoned": null, "website": null }, "geometry": { "type": "Point", "coordinates": [ 1.497055, 6.5021051 ] } },
{ "type": "Feature", "properties": { "element": "node", "id": 10284808771, "amenity": "hospital", "name": "Dispensaire de Sewove", "health_facility:type": null, "healthcare": null, "operator": null, "operator:type": null, "source": null, "short_name": null, "source:date": null, "disused": null, "description": null, "phone": null, "name:fr": null, "name:en": null, "addr:street": null, "email": null, "opening_hours": null, "addr:city": null, "emergency": null, "healthcare:speciality": null, "building": null, "fixme": null, "wikidata": null, "addr:municipality": null, "staff_count:doctors": null, "staff_count:nurses": null, "barrier": null, "height": null, "capacity:beds": null, "healthcare:cholera": null, "landuse": null, "addr:postcode": null, "note": null, "wheelchair": null, "abandoned": null, "website": null }, "geometry": { "type": "Point", "coordinates": [ 1.2658647, 6.2888104 ] } },
{ "type": "Feature", "properties": { "element": "node", "id": 10562957623, "amenity": "hospital", "name": "USP Kuma dunyo", "health_facility:type": null, "healthcare": null, "operator": null, "operator:type": null, "source": null, "short_name": null, "source:date": null, "disused": null, "description": null, "phone": null, "name:fr": null, "name:en": null, "addr:street": null, "email": null, "opening_hours": null, "addr:city": null, "emergency": null, "healthcare:speciality": null, "building": null, "fixme": null, "wikidata": null, "addr:municipality": null, "staff_count:doctors": null, "staff_count:nurses": null, "barrier": null, "height": null, "capacity:beds": null, "healthcare:cholera": null, "landuse": null, "addr:postcode": null, "note": null, "wheelchair": null, "abandoned": null, "website": null }, "geometry": { "type": "Point", "coordinates": [ 0.5981092, 6.9859248 ] } },
{ "type": "Feature", "properties": { "element": "node", "id": 10564939822, "amenity": "hospital", "name": "Dispensaire de Nyitoe", "health_facility:type": null, "healthcare": null, "operator": null, "operator:type": null, "source": null, "short_name": null, "source:date": null, "disused": null, "description": null, "phone": null, "name:fr": null, "name:en": null, "addr:street": null, "email": null, "opening_hours": null, "addr:city": null, "emergency": null, "healthcare:speciality": null, "building": null, "fixme": null, "wikidata": null, "addr:municipality": null, "staff_count:doctors": null, "staff_count:nurses": null, "barrier": null, "height": null, "capacity:beds": null, "healthcare:cholera": null, "landuse": null, "addr:postcode": null, "note": null, "wheelchair": null, "abandoned": null, "website": null }, "geometry": { "type": "Point", "coordinates": [ 0.650374, 6.6603381 ] } },
{ "type": "Feature", "properties": { "element": "node", "id": 10567694868, "amenity": "hospital", "name": "USP Nyitoe", "health_facility:type": null, "healthcare": null, "operator": null, "operator:type": null, "source": null, "short_name": null, "source:date": null, "disused": null, "description": null, "phone": null, "name:fr": null, "name:en": null, "addr:street": null, "email": null, "opening_hours": null, "addr:city": null, "emergency": null, "healthcare:speciality": null, "building": null, "fixme": null, "wikidata": null, "addr:municipality": null, "staff_count:doctors": null, "staff_count:nurses": null, "barrier": null, "height": null, "capacity:beds": null, "healthcare:cholera": null, "landuse": null, "addr:postcode": null, "note": null, "wheelchair": null, "abandoned": null, "website": null }, "geometry": { "type": "Point", "coordinates": [ 0.6629, 6.6579332 ] } },
{ "type": "Feature", "properties": { "element": "node", "id": 10598913495, "amenity": "hospital", "name": "USP Aképé", "health_facility:type": null, "healthcare": null, "operator": null, "operator:type": null, "source": null, "short_name": null, "source:date": null, "disused": null, "description": null, "phone": null, "name:fr": null, "name:en": null, "addr:street": null, "email": null, "opening_hours": null, "addr:city": null, "emergency": null, "healthcare:speciality": null, "building": null, "fixme": null, "wikidata": null, "addr:municipality": null, "staff_count:doctors": null, "staff_count:nurses": null, "barrier": null, "height": null, "capacity:beds": null, "healthcare:cholera": null, "landuse": null, "addr:postcode": null, "note": null, "wheelchair": null, "abandoned": null, "website": null }, "geometry": { "type": "Point", "coordinates": [ 1.03382, 6.265095 ] } },
{ "type": "Feature", "properties": { "element": "node", "id": 10798927376, "amenity": "hospital", "name": "Dogta Lafie", "health_facility:type": null, "healthcare": null, "operator": null, "operator:type": null, "source": null, "short_name": null, "source:date": null, "disused": null, "description": "Location, Near N1", "phone": null, "name:fr": null, "name:en": null, "addr:street": null, "email": null, "opening_hours": "Mo-Su 07:00-18:00", "addr:city": null, "emergency": null, "healthcare:speciality": null, "building": null, "fixme": null, "wikidata": null, "addr:municipality": null, "staff_count:doctors": null, "staff_count:nurses": null, "barrier": null, "height": null, "capacity:beds": null, "healthcare:cholera": null, "landuse": null, "addr:postcode": null, "note": null, "wheelchair": null, "abandoned": null, "website": null }, "geometry": { "type": "Point", "coordinates": [ 1.2108117, 6.2456075 ] } },
{ "type": "Feature", "properties": { "element": "node", "id": 10798932739, "amenity": "hospital", "name": "Docta Lafia", "health_facility:type": null, "healthcare": null, "operator": null, "operator:type": null, "source": null, "short_name": null, "source:date": null, "disused": null, "description": "Location, Near N1", "phone": null, "name:fr": null, "name:en": null, "addr:street": null, "email": null, "opening_hours": "Mo-Su 07:00-18:00", "addr:city": null, "emergency": null, "healthcare:speciality": null, "building": null, "fixme": null, "wikidata": null, "addr:municipality": null, "staff_count:doctors": null, "staff_count:nurses": null, "barrier": null, "height": null, "capacity:beds": null, "healthcare:cholera": null, "landuse": null, "addr:postcode": null, "note": null, "wheelchair": null, "abandoned": null, "website": null }, "geometry": { "type": "Point", "coordinates": [ 1.2108117, 6.2456075 ] } },
{ "type": "Feature", "properties": { "element": "node", "id": 10800068016, "amenity": "hospital", "name": "Centre médicaux social gériatrique", "health_facility:type": null, "healthcare": null, "operator": null, "operator:type": null, "source": null, "short_name": null, "source:date": null, "disused": null, "description": "Centre d'écoute, d'orientation et de soins des personnes âgées", "phone": null, "name:fr": null, "name:en": null, "addr:street": null, "email": null, "opening_hours": null, "addr:city": null, "emergency": null, "healthcare:speciality": null, "building": null, "fixme": null, "wikidata": null, "addr:municipality": null, "staff_count:doctors": null, "staff_count:nurses": null, "barrier": null, "height": null, "capacity:beds": null, "healthcare:cholera": null, "landuse": null, "addr:postcode": null, "note": null, "wheelchair": null, "abandoned": null, "website": null }, "geometry": { "type": "Point", "coordinates": [ 1.2159457, 6.2346895 ] } },
{ "type": "Feature", "properties": { "element": "node", "id": 10800072150, "amenity": "hospital", "name": "Cabinet médical spécialisé ORL", "health_facility:type": null, "healthcare": null, "operator": null, "operator:type": null, "source": null, "short_name": null, "source:date": null, "disused": null, "description": null, "phone": null, "name:fr": null, "name:en": null, "addr:street": null, "email": null, "opening_hours": null, "addr:city": null, "emergency": null, "healthcare:speciality": null, "building": null, "fixme": null, "wikidata": null, "addr:municipality": null, "staff_count:doctors": null, "staff_count:nurses": null, "barrier": null, "height": null, "capacity:beds": null, "healthcare:cholera": null, "landuse": null, "addr:postcode": null, "note": null, "wheelchair": null, "abandoned": null, "website": null }, "geometry": { "type": "Point", "coordinates": [ 1.2127343, 6.2155137 ] } },
{ "type": "Feature", "properties": { "element": "node", "id": 10830716918, "amenity": "hospital", "name": "Center medical social Tokoin elavagnon", "health_facility:type": null, "healthcare": null, "operator": null, "operator:type": null, "source": "WNA Hb - Mia Tou Togo project", "short_name": null, "source:date": null, "disused": null, "description": "Service offertes: cpn, mede_gene petite_chirurgie, Vaccination, nutrition control promotion croissance, planification familliale", "phone": "+22822217193", "name:fr": null, "name:en": null, "addr:street": null, "email": null, "opening_hours": null, "addr:city": null, "emergency": null, "healthcare:speciality": null, "building": null, "fixme": null, "wikidata": null, "addr:municipality": "Golfe 3", "staff_count:doctors": "0", "staff_count:nurses": "1", "barrier": null, "height": null, "capacity:beds": null, "healthcare:cholera": null, "landuse": null, "addr:postcode": null, "note": null, "wheelchair": null, "abandoned": null, "website": null }, "geometry": { "type": "Point", "coordinates": [ 1.2258978, 6.1474526 ] } },
{ "type": "Feature", "properties": { "element": "node", "id": 10830716922, "amenity": "hospital", "name": "CMS Miséricorde Jean Jacques BAZIN", "health_facility:type": null, "healthcare": null, "operator": null, "operator:type": null, "source": null, "short_name": null, "source:date": null, "disused": null, "description": "Service offertes: cpn, mede_gene, Pharmacie,", "phone": null, "name:fr": null, "name:en": null, "addr:street": null, "email": null, "opening_hours": null, "addr:city": null, "emergency": null, "healthcare:speciality": null, "building": null, "fixme": null, "wikidata": null, "addr:municipality": "Golfe 3", "staff_count:doctors": "1", "staff_count:nurses": "4", "barrier": null, "height": null, "capacity:beds": null, "healthcare:cholera": null, "landuse": null, "addr:postcode": null, "note": null, "wheelchair": null, "abandoned": null, "website": null }, "geometry": { "type": "Point", "coordinates": [ 1.2332184, 6.2064735 ] } },
{ "type": "Feature", "properties": { "element": "node", "id": 10830716924, "amenity": "hospital", "name": "Cms fat", "health_facility:type": null, "healthcare": "hospital", "operator": null, "operator:type": null, "source": "WNA Hb - Mia Tou Togo project", "short_name": null, "source:date": null, "disused": null, "description": "Service offertes: mede_gene cpn pediatrie", "phone": null, "name:fr": null, "name:en": null, "addr:street": null, "email": null, "opening_hours": null, "addr:city": null, "emergency": null, "healthcare:speciality": null, "building": null, "fixme": null, "wikidata": null, "addr:municipality": "Golfe 3", "staff_count:doctors": "3", "staff_count:nurses": "22", "barrier": null, "height": null, "capacity:beds": null, "healthcare:cholera": null, "landuse": null, "addr:postcode": null, "note": null, "wheelchair": null, "abandoned": null, "website": null }, "geometry": { "type": "Point", "coordinates": [ 1.2215493, 6.1502099 ] } },
{ "type": "Feature", "properties": { "element": "node", "id": 10830716927, "amenity": "hospital", "name": "Centre Hospitalier Régional Lomé Commune", "health_facility:type": null, "healthcare": "hospital", "operator": null, "operator:type": null, "source": "WNA Hb - Mia Tou Togo project", "short_name": null, "source:date": null, "disused": null, "description": "Service offertes: imagerie_medicale, pediatrie ,petite_chirurgie, mede_gene, cpn ,Laboratoire,Test COVID", "phone": null, "name:fr": null, "name:en": null, "addr:street": null, "email": null, "opening_hours": null, "addr:city": null, "emergency": "yes", "healthcare:speciality": null, "building": null, "fixme": null, "wikidata": null, "addr:municipality": "Golfe 3", "staff_count:doctors": "14", "staff_count:nurses": "8", "barrier": null, "height": null, "capacity:beds": null, "healthcare:cholera": null, "landuse": null, "addr:postcode": null, "note": null, "wheelchair": null, "abandoned": null, "website": null }, "geometry": { "type": "Point", "coordinates": [ 1.2367265, 6.1917475 ] } },
{ "type": "Feature", "properties": { "element": "node", "id": 10830716929, "amenity": "hospital", "name": "CMS Doumassesse", "health_facility:type": null, "healthcare": null, "operator": null, "operator:type": null, "source": "WNA Hb - Mia Tou Togo project", "short_name": null, "source:date": null, "disused": null, "description": "Service offertes: mede_gene cpn petite_chirurgie", "phone": "+22822330478", "name:fr": null, "name:en": null, "addr:street": null, "email": null, "opening_hours": null, "addr:city": null, "emergency": null, "healthcare:speciality": null, "building": null, "fixme": null, "wikidata": null, "addr:municipality": "Golfe 3", "staff_count:doctors": "1", "staff_count:nurses": "4", "barrier": null, "height": null, "capacity:beds": null, "healthcare:cholera": null, "landuse": null, "addr:postcode": null, "note": null, "wheelchair": null, "abandoned": null, "website": null }, "geometry": { "type": "Point", "coordinates": [ 1.2173175, 6.160024 ] } },
{ "type": "Feature", "properties": { "element": "node", "id": 10830716937, "amenity": "hospital", "name": "Docteur KALAO Assima", "health_facility:type": null, "healthcare": null, "operator": null, "operator:type": null, "source": "WNA Hb - Mia Tou Togo project", "short_name": null, "source:date": null, "disused": null, "description": "Service offertes: cpn, mede_gene, petite_chirurgie, Genicologie, pediatrie, imagerie_medicale", "phone": null, "name:fr": null, "name:en": null, "addr:street": null, "email": null, "opening_hours": null, "addr:city": null, "emergency": "yes", "healthcare:speciality": null, "building": null, "fixme": null, "wikidata": null, "addr:municipality": "Golfe 3", "staff_count:doctors": null, "staff_count:nurses": null, "barrier": null, "height": null, "capacity:beds": null, "healthcare:cholera": null, "landuse": null, "addr:postcode": null, "note": null, "wheelchair": null, "abandoned": null, "website": null }, "geometry": { "type": "Point", "coordinates": [ 1.2123973, 6.1791705 ] } },
{ "type": "Feature", "properties": { "element": "node", "id": 10830716938, "amenity": "hospital", "name": "Centre ophtalmologie Jean Paul II", "health_facility:type": null, "healthcare": null, "operator": null, "operator:type": null, "source": "WNA Hb - Mia Tou Togo project", "short_name": null, "source:date": null, "disused": null, "description": "Service offertes: petite_chirurgie, Consultation ophtalmologique, opération ophtalmologique", "phone": "+22890097335", "name:fr": null, "name:en": null, "addr:street": null, "email": null, "opening_hours": null, "addr:city": null, "emergency": null, "healthcare:speciality": null, "building": null, "fixme": null, "wikidata": null, "addr:municipality": "Golfe 3", "staff_count:doctors": "2", "staff_count:nurses": "7", "barrier": null, "height": null, "capacity:beds": null, "healthcare:cholera": null, "landuse": null, "addr:postcode": null, "note": null, "wheelchair": null, "abandoned": null, "website": null }, "geometry": { "type": "Point", "coordinates": [ 1.2108467, 6.1633006 ] } },
{ "type": "Feature", "properties": { "element": "node", "id": 10830716939, "amenity": "hospital", "name": "Centre d'accueil et de promotion de santé Jean Paul 2", "health_facility:type": null, "healthcare": null, "operator": null, "operator:type": null, "source": "WNA Hb - Mia Tou Togo project", "short_name": null, "source:date": null, "disused": null, "description": "Service offertes: mede_gene petite_chirurgie, Vaccination, prise en charge des personnes vivant avec le VIH sida", "phone": "+22890097335", "name:fr": null, "name:en": null, "addr:street": null, "email": null, "opening_hours": null, "addr:city": null, "emergency": null, "healthcare:speciality": null, "building": null, "fixme": null, "wikidata": null, "addr:municipality": "Golfe 3", "staff_count:doctors": "2", "staff_count:nurses": "6", "barrier": null, "height": null, "capacity:beds": null, "healthcare:cholera": null, "landuse": null, "addr:postcode": null, "note": null, "wheelchair": null, "abandoned": null, "website": null }, "geometry": { "type": "Point", "coordinates": [ 1.2105198, 6.1629836 ] } },
{ "type": "Feature", "properties": { "element": "node", "id": 10830716943, "amenity": "hospital", "name": "Ana maria", "health_facility:type": null, "healthcare": null, "operator": null, "operator:type": null, "source": "WNA Hb - Mia Tou Togo project", "short_name": null, "source:date": null, "disused": null, "description": "Service offertes: cpn mede_gene Genicologie pediatrie", "phone": "+22890907723", "name:fr": null, "name:en": null, "addr:street": null, "email": null, "opening_hours": null, "addr:city": null, "emergency": null, "healthcare:speciality": null, "building": null, "fixme": null, "wikidata": null, "addr:municipality": "Ogou 1", "staff_count:doctors": "1", "staff_count:nurses": "10", "barrier": null, "height": null, "capacity:beds": null, "healthcare:cholera": null, "landuse": null, "addr:postcode": null, "note": null, "wheelchair": null, "abandoned": null, "website": null }, "geometry": { "type": "Point", "coordinates": [ 1.1284114, 7.5249642 ] } },
{ "type": "Feature", "properties": { "element": "node", "id": 10830716944, "amenity": "hospital", "name": "CMS AKARALE", "health_facility:type": null, "healthcare": null, "operator": null, "operator:type": null, "source": "WNA Hb - Mia Tou Togo project", "short_name": null, "source:date": null, "disused": null, "description": "Service offertes: mede_gene, petite_chirurgie, Prise en charge des PVVIH", "phone": "+22890321561", "name:fr": null, "name:en": null, "addr:street": null, "email": null, "opening_hours": null, "addr:city": null, "emergency": null, "healthcare:speciality": null, "building": null, "fixme": null, "wikidata": null, "addr:municipality": "Ogou 1", "staff_count:doctors": null, "staff_count:nurses": "3", "barrier": null, "height": null, "capacity:beds": null, "healthcare:cholera": null, "landuse": null, "addr:postcode": null, "note": null, "wheelchair": null, "abandoned": null, "website": null }, "geometry": { "type": "Point", "coordinates": [ 1.1198382, 7.5308035 ] } },
{ "type": "Feature", "properties": { "element": "node", "id": 10830716945, "amenity": "hospital", "name": "CMS Agbonou", "health_facility:type": null, "healthcare": null, "operator": null, "operator:type": null, "source": "WNA Hb - Mia Tou Togo project", "short_name": null, "source:date": null, "disused": null, "description": "Service offertes: cpn, mede_gene, petite_chirurgie, Échographie, laboratoire", "phone": "+22890784007", "name:fr": null, "name:en": null, "addr:street": null, "email": null, "opening_hours": null, "addr:city": null, "emergency": null, "healthcare:speciality": null, "building": null, "fixme": null, "wikidata": null, "addr:municipality": "Ogou 1", "staff_count:doctors": "1", "staff_count:nurses": "3", "barrier": null, "height": null, "capacity:beds": null, "healthcare:cholera": null, "landuse": null, "addr:postcode": null, "note": null, "wheelchair": null, "abandoned": null, "website": null }, "geometry": { "type": "Point", "coordinates": [ 1.1504532, 7.514961 ] } },
{ "type": "Feature", "properties": { "element": "node", "id": 10830716947, "amenity": "hospital", "name": "CHR Atakpame", "health_facility:type": null, "healthcare": "hospital", "operator": null, "operator:type": null, "source": "WNA Hb - Mia Tou Togo project", "short_name": null, "source:date": null, "disused": null, "description": "Service offertes: cpn, mede_gene, petite_chirurgie, Genicologie, pediatrie, imagerie_medicale, Cardiologie, Traumatologie, ORL, laboratoire, kinésithérapie, Appareillage Orthopédique", "phone": "+22893080244", "name:fr": null, "name:en": null, "addr:street": null, "email": null, "opening_hours": null, "addr:city": null, "emergency": "yes", "healthcare:speciality": null, "building": null, "fixme": null, "wikidata": null, "addr:municipality": "Ogou 1", "staff_count:doctors": "10", "staff_count:nurses": "26", "barrier": null, "height": null, "capacity:beds": null, "healthcare:cholera": null, "landuse": null, "addr:postcode": null, "note": null, "wheelchair": null, "abandoned": null, "website": null }, "geometry": { "type": "Point", "coordinates": [ 1.1263696, 7.5324474 ] } },
{ "type": "Feature", "properties": { "element": "node", "id": 10830716948, "amenity": "hospital", "name": "USP Awagome", "health_facility:type": null, "healthcare": "hospital", "operator": null, "operator:type": null, "source": "WNA Hb - Mia Tou Togo project", "short_name": null, "source:date": null, "disused": null, "description": "Service offertes: cpn, mede_gene, petite_chirurgie, Genicologie, pediatrie, Vaccination, planification familial", "phone": "+22890035353", "name:fr": null, "name:en": null, "addr:street": null, "email": null, "opening_hours": null, "addr:city": null, "emergency": null, "healthcare:speciality": null, "building": null, "fixme": null, "wikidata": null, "addr:municipality": "Ogou 1", "staff_count:doctors": "0", "staff_count:nurses": "1", "barrier": null, "height": null, "capacity:beds": null, "healthcare:cholera": null, "landuse": null, "addr:postcode": null, "note": null, "wheelchair": null, "abandoned": null, "website": null }, "geometry": { "type": "Point", "coordinates": [ 1.1816487, 7.6444925 ] } },
{ "type": "Feature", "properties": { "element": "node", "id": 10830716950, "amenity": "hospital", "name": "CMS La Vie / usp Iko Tadi", "health_facility:type": null, "healthcare": "hospital", "operator": null, "operator:type": null, "source": "WNA Hb - Mia Tou Togo project", "short_name": null, "source:date": null, "disused": null, "description": "Service offertes: petite_chirurgie, Infirmerie-Accouchement", "phone": "+22893147005", "name:fr": null, "name:en": null, "addr:street": null, "email": null, "opening_hours": null, "addr:city": null, "emergency": null, "healthcare:speciality": null, "building": null, "fixme": null, "wikidata": null, "addr:municipality": "Ogou 1", "staff_count:doctors": null, "staff_count:nurses": "1", "barrier": null, "height": null, "capacity:beds": null, "healthcare:cholera": null, "landuse": null, "addr:postcode": null, "note": null, "wheelchair": null, "abandoned": null, "website": null }, "geometry": { "type": "Point", "coordinates": [ 1.1981075, 7.4931652 ] } },
{ "type": "Feature", "properties": { "element": "node", "id": 10830716951, "amenity": "hospital", "name": "Saint sauveur", "health_facility:type": null, "healthcare": "hospital", "operator": null, "operator:type": null, "source": "WNA Hb - Mia Tou Togo project", "short_name": null, "source:date": null, "disused": null, "description": "Service offertes: cpn, petite_chirurgie, Infirmerie-Acouchement", "phone": "+22890276334", "name:fr": null, "name:en": null, "addr:street": null, "email": null, "opening_hours": null, "addr:city": null, "emergency": null, "healthcare:speciality": null, "building": null, "fixme": null, "wikidata": null, "addr:municipality": "Ogou 1", "staff_count:doctors": null, "staff_count:nurses": "1", "barrier": null, "height": null, "capacity:beds": null, "healthcare:cholera": null, "landuse": null, "addr:postcode": null, "note": null, "wheelchair": null, "abandoned": null, "website": null }, "geometry": { "type": "Point", "coordinates": [ 1.175085, 7.5051929 ] } },
{ "type": "Feature", "properties": { "element": "node", "id": 10830716952, "amenity": "hospital", "name": "ODIAE", "health_facility:type": null, "healthcare": null, "operator": null, "operator:type": null, "source": "WNA Hb - Mia Tou Togo project", "short_name": null, "source:date": null, "disused": null, "description": "Service offertes: cpn, mede_gene, petite_chirurgie", "phone": "+22824400338", "name:fr": null, "name:en": null, "addr:street": null, "email": null, "opening_hours": null, "addr:city": null, "emergency": null, "healthcare:speciality": null, "building": null, "fixme": null, "wikidata": null, "addr:municipality": "Ogou 1", "staff_count:doctors": "0", "staff_count:nurses": "2", "barrier": null, "height": null, "capacity:beds": null, "healthcare:cholera": null, "landuse": null, "addr:postcode": null, "note": null, "wheelchair": null, "abandoned": null, "website": null }, "geometry": { "type": "Point", "coordinates": [ 1.1295954, 7.5244397 ] } },
{ "type": "Feature", "properties": { "element": "node", "id": 10830716954, "amenity": "hospital", "name": "USP BOCCO", "health_facility:type": null, "healthcare": "hospital", "operator": null, "operator:type": null, "source": "WNA Hb - Mia Tou Togo project", "short_name": null, "source:date": null, "disused": null, "description": "Service offertes: cpn mede_gene petite_chirurgie Genicologie pediatrie", "phone": "+22899810499", "name:fr": null, "name:en": null, "addr:street": null, "email": null, "opening_hours": null, "addr:city": null, "emergency": null, "healthcare:speciality": null, "building": null, "fixme": null, "wikidata": null, "addr:municipality": "Ogou 1", "staff_count:doctors": "0", "staff_count:nurses": "1", "barrier": null, "height": null, "capacity:beds": null, "healthcare:cholera": null, "landuse": null, "addr:postcode": null, "note": null, "wheelchair": null, "abandoned": null, "website": null }, "geometry": { "type": "Point", "coordinates": [ 1.2121958, 7.5862513 ] } },
{ "type": "Feature", "properties": { "element": "node", "id": 10830716956, "amenity": "hospital", "name": "CMS Bon Secours Agbonou", "health_facility:type": null, "healthcare": null, "operator": null, "operator:type": null, "source": "WNA Hb - Mia Tou Togo project", "short_name": null, "source:date": null, "disused": null, "description": "Service offertes: cpn, mede_gene, petite_chirurgie, Vaccination, planification familiale", "phone": "+22892334285", "name:fr": null, "name:en": null, "addr:street": null, "email": null, "opening_hours": null, "addr:city": null, "emergency": null, "healthcare:speciality": null, "building": null, "fixme": null, "wikidata": null, "addr:municipality": "Ogou 1", "staff_count:doctors": "0", "staff_count:nurses": "2", "barrier": null, "height": null, "capacity:beds": null, "healthcare:cholera": null, "landuse": null, "addr:postcode": null, "note": null, "wheelchair": null, "abandoned": null, "website": null }, "geometry": { "type": "Point", "coordinates": [ 1.1491775, 7.5253002 ] } },
{ "type": "Feature", "properties": { "element": "node", "id": 10830716957, "amenity": "hospital", "name": "CMS Anana Maria", "health_facility:type": null, "healthcare": null, "operator": null, "operator:type": null, "source": "WNA Hb - Mia Tou Togo project", "short_name": null, "source:date": null, "disused": null, "description": "Service offertes: cpn mede_gene petite_chirurgie", "phone": "+22824400677", "name:fr": null, "name:en": null, "addr:street": null, "email": null, "opening_hours": null, "addr:city": null, "emergency": null, "healthcare:speciality": null, "building": null, "fixme": null, "wikidata": null, "addr:municipality": "Ogou 1", "staff_count:doctors": "1", "staff_count:nurses": "6", "barrier": null, "height": null, "capacity:beds": null, "healthcare:cholera": null, "landuse": null, "addr:postcode": null, "note": null, "wheelchair": null, "abandoned": null, "website": null }, "geometry": { "type": "Point", "coordinates": [ 1.1485215, 7.5255835 ] } },
{ "type": "Feature", "properties": { "element": "node", "id": 10830716959, "amenity": "hospital", "name": "Centre medico social Bon secours", "health_facility:type": null, "healthcare": null, "operator": null, "operator:type": null, "source": "WNA Hb - Mia Tou Togo project", "short_name": null, "source:date": null, "disused": null, "description": "Service offertes: mede_gene petite_chirurgie cpn", "phone": null, "name:fr": null, "name:en": null, "addr:street": null, "email": null, "opening_hours": null, "addr:city": null, "emergency": null, "healthcare:speciality": null, "building": null, "fixme": null, "wikidata": null, "addr:municipality": "Ogou 1", "staff_count:doctors": null, "staff_count:nurses": null, "barrier": null, "height": null, "capacity:beds": null, "healthcare:cholera": null, "landuse": null, "addr:postcode": null, "note": null, "wheelchair": null, "abandoned": null, "website": null }, "geometry": { "type": "Point", "coordinates": [ 1.1492749, 7.5250623 ] } },
{ "type": "Feature", "properties": { "element": "node", "id": 10830716961, "amenity": "hospital", "name": "Jean Baptiste", "health_facility:type": null, "healthcare": null, "operator": null, "operator:type": null, "source": "WNA Hb - Mia Tou Togo project", "short_name": null, "source:date": null, "disused": null, "description": "Service offertes: cpn mede_gene, petite_chirurgie, Biologie, accouchement,prise en charge avec les personnes vivant avec le VIH, dispensation ARV, sensibilisation communautaires,lutte contre la discrimination et la stigmatisation des PVVIH .....", "phone": "+22890203925", "name:fr": null, "name:en": null, "addr:street": null, "email": null, "opening_hours": null, "addr:city": null, "emergency": null, "healthcare:speciality": null, "building": null, "fixme": null, "wikidata": null, "addr:municipality": "Ogou 1", "staff_count:doctors": "0", "staff_count:nurses": "3", "barrier": null, "height": null, "capacity:beds": null, "healthcare:cholera": null, "landuse": null, "addr:postcode": null, "note": null, "wheelchair": null, "abandoned": null, "website": null }, "geometry": { "type": "Point", "coordinates": [ 1.1573408, 7.4965715 ] } },
{ "type": "Feature", "properties": { "element": "node", "id": 10830716962, "amenity": "hospital", "name": "CMS D'AGBOFON", "health_facility:type": null, "healthcare": null, "operator": null, "operator:type": null, "source": "WNA Hb - Mia Tou Togo project", "short_name": null, "source:date": null, "disused": null, "description": "Service offertes: petite_chirurgie, Infirmerie", "phone": "+22893495916", "name:fr": null, "name:en": null, "addr:street": null, "email": null, "opening_hours": null, "addr:city": null, "emergency": null, "healthcare:speciality": null, "building": null, "fixme": null, "wikidata": null, "addr:municipality": "Ogou 1", "staff_count:doctors": "0", "staff_count:nurses": "1", "barrier": null, "height": null, "capacity:beds": null, "healthcare:cholera": null, "landuse": null, "addr:postcode": null, "note": null, "wheelchair": null, "abandoned": null, "website": null }, "geometry": { "type": "Point", "coordinates": [ 1.135327, 7.5060028 ] } },
{ "type": "Feature", "properties": { "element": "node", "id": 10941339133, "amenity": "hospital", "name": "USP Gbadi N'kougna", "health_facility:type": null, "healthcare": null, "operator": null, "operator:type": null, "source": null, "short_name": null, "source:date": null, "disused": null, "description": null, "phone": null, "name:fr": null, "name:en": null, "addr:street": null, "email": null, "opening_hours": null, "addr:city": null, "emergency": null, "healthcare:speciality": null, "building": null, "fixme": null, "wikidata": null, "addr:municipality": null, "staff_count:doctors": null, "staff_count:nurses": null, "barrier": null, "height": null, "capacity:beds": null, "healthcare:cholera": null, "landuse": null, "addr:postcode": null, "note": null, "wheelchair": null, "abandoned": null, "website": null }, "geometry": { "type": "Point", "coordinates": [ 0.7095367, 7.460659 ] } },
{ "type": "Feature", "properties": { "element": "node", "id": 10943910745, "amenity": "hospital", "name": "Centre Medico Social de Tchebebe", "health_facility:type": null, "healthcare": null, "operator": null, "operator:type": null, "source": null, "short_name": null, "source:date": null, "disused": null, "description": null, "phone": null, "name:fr": null, "name:en": null, "addr:street": null, "email": null, "opening_hours": null, "addr:city": null, "emergency": null, "healthcare:speciality": null, "building": null, "fixme": null, "wikidata": null, "addr:municipality": null, "staff_count:doctors": null, "staff_count:nurses": null, "barrier": null, "height": null, "capacity:beds": null, "healthcare:cholera": null, "landuse": null, "addr:postcode": null, "note": null, "wheelchair": null, "abandoned": null, "website": null }, "geometry": { "type": "Point", "coordinates": [ 0.9918678, 8.4353557 ] } },
{ "type": "Feature", "properties": { "element": "node", "id": 11182658303, "amenity": "hospital", "name": "CICL Centre international de cancérologie de Lomé", "health_facility:type": null, "healthcare": null, "operator": null, "operator:type": null, "source": null, "short_name": null, "source:date": null, "disused": null, "description": null, "phone": null, "name:fr": null, "name:en": null, "addr:street": null, "email": null, "opening_hours": null, "addr:city": null, "emergency": null, "healthcare:speciality": null, "building": null, "fixme": null, "wikidata": null, "addr:municipality": null, "staff_count:doctors": null, "staff_count:nurses": null, "barrier": null, "height": null, "capacity:beds": null, "healthcare:cholera": null, "landuse": null, "addr:postcode": null, "note": null, "wheelchair": null, "abandoned": null, "website": null }, "geometry": { "type": "Point", "coordinates": [ 1.1610954, 6.1986956 ] } },
{ "type": "Feature", "properties": { "element": "node", "id": 11203861438, "amenity": "hospital", "name": "USP NADA", "health_facility:type": null, "healthcare": null, "operator": null, "operator:type": null, "source": null, "short_name": null, "source:date": null, "disused": null, "description": null, "phone": null, "name:fr": null, "name:en": null, "addr:street": "Sokodé - Bowounda", "email": null, "opening_hours": "Mo-Su 07:00-22:00", "addr:city": null, "emergency": null, "healthcare:speciality": null, "building": null, "fixme": null, "wikidata": null, "addr:municipality": null, "staff_count:doctors": null, "staff_count:nurses": null, "barrier": null, "height": null, "capacity:beds": null, "healthcare:cholera": null, "landuse": null, "addr:postcode": null, "note": null, "wheelchair": null, "abandoned": null, "website": null }, "geometry": { "type": "Point", "coordinates": [ 1.1598138, 8.9914833 ] } },
{ "type": "Feature", "properties": { "element": "node", "id": 11205769237, "amenity": "hospital", "name": "USP AMAÏDE", "health_facility:type": null, "healthcare": null, "operator": null, "operator:type": null, "source": null, "short_name": null, "source:date": null, "disused": null, "description": null, "phone": null, "name:fr": null, "name:en": null, "addr:street": "Lomé - Cinkassé", "email": null, "opening_hours": null, "addr:city": null, "emergency": null, "healthcare:speciality": null, "building": null, "fixme": null, "wikidata": null, "addr:municipality": null, "staff_count:doctors": null, "staff_count:nurses": null, "barrier": null, "height": null, "capacity:beds": null, "healthcare:cholera": null, "landuse": null, "addr:postcode": null, "note": null, "wheelchair": null, "abandoned": null, "website": null }, "geometry": { "type": "Point", "coordinates": [ 1.1928961, 9.1817369 ] } },
{ "type": "Feature", "properties": { "element": "node", "id": 11205769437, "amenity": "hospital", "name": "CMS Amis du Bien Être (ABE)", "health_facility:type": null, "healthcare": null, "operator": null, "operator:type": null, "source": null, "short_name": null, "source:date": null, "disused": null, "description": null, "phone": null, "name:fr": null, "name:en": null, "addr:street": null, "email": null, "opening_hours": null, "addr:city": null, "emergency": null, "healthcare:speciality": null, "building": null, "fixme": null, "wikidata": null, "addr:municipality": null, "staff_count:doctors": null, "staff_count:nurses": null, "barrier": null, "height": null, "capacity:beds": null, "healthcare:cholera": null, "landuse": null, "addr:postcode": null, "note": null, "wheelchair": null, "abandoned": null, "website": null }, "geometry": { "type": "Point", "coordinates": [ 1.1681111, 6.9512376 ] } },
{ "type": "Feature", "properties": { "element": "node", "id": 11263077348, "amenity": "hospital", "name": "Sœurs hospitalières NDC", "health_facility:type": null, "healthcare": null, "operator": null, "operator:type": null, "source": null, "short_name": null, "source:date": null, "disused": null, "description": "centre de santé mentale Paul-Louis-Rénée", "phone": "22477094", "name:fr": null, "name:en": null, "addr:street": null, "email": null, "opening_hours": "Mo-Fr 07:30-17:00", "addr:city": null, "emergency": null, "healthcare:speciality": null, "building": null, "fixme": null, "wikidata": null, "addr:municipality": null, "staff_count:doctors": null, "staff_count:nurses": null, "barrier": null, "height": null, "capacity:beds": null, "healthcare:cholera": null, "landuse": null, "addr:postcode": null, "note": null, "wheelchair": null, "abandoned": null, "website": null }, "geometry": { "type": "Point", "coordinates": [ 1.2486307, 6.2037015 ] } },
{ "type": "Feature", "properties": { "element": "node", "id": 11274580328, "amenity": "hospital", "name": "CMS Berceau d'Adétikopé", "health_facility:type": null, "healthcare": null, "operator": null, "operator:type": null, "source": null, "short_name": null, "source:date": null, "disused": null, "description": null, "phone": null, "name:fr": null, "name:en": null, "addr:street": null, "email": null, "opening_hours": null, "addr:city": null, "emergency": null, "healthcare:speciality": null, "building": null, "fixme": null, "wikidata": null, "addr:municipality": null, "staff_count:doctors": null, "staff_count:nurses": null, "barrier": null, "height": null, "capacity:beds": null, "healthcare:cholera": null, "landuse": null, "addr:postcode": null, "note": null, "wheelchair": null, "abandoned": null, "website": null }, "geometry": { "type": "Point", "coordinates": [ 1.2168912, 6.3214701 ] } },
{ "type": "Feature", "properties": { "element": "node", "id": 11274601028, "amenity": "hospital", "name": "Clinique médicale L'ÉTERNEL NOTRE GUIDE", "health_facility:type": null, "healthcare": null, "operator": null, "operator:type": null, "source": null, "short_name": null, "source:date": null, "disused": null, "description": null, "phone": null, "name:fr": null, "name:en": null, "addr:street": null, "email": null, "opening_hours": null, "addr:city": null, "emergency": null, "healthcare:speciality": null, "building": null, "fixme": null, "wikidata": null, "addr:municipality": null, "staff_count:doctors": null, "staff_count:nurses": null, "barrier": null, "height": null, "capacity:beds": null, "healthcare:cholera": null, "landuse": null, "addr:postcode": null, "note": null, "wheelchair": null, "abandoned": null, "website": null }, "geometry": { "type": "Point", "coordinates": [ 1.2162405, 6.3173208 ] } },
{ "type": "Feature", "properties": { "element": "node", "id": 11412497270, "amenity": "hospital", "name": "USP AFFEM KABYE", "health_facility:type": null, "healthcare": null, "operator": null, "operator:type": null, "source": null, "short_name": null, "source:date": null, "disused": null, "description": null, "phone": null, "name:fr": null, "name:en": null, "addr:street": null, "email": null, "opening_hours": "24/7", "addr:city": null, "emergency": null, "healthcare:speciality": null, "building": null, "fixme": null, "wikidata": null, "addr:municipality": null, "staff_count:doctors": null, "staff_count:nurses": null, "barrier": null, "height": null, "capacity:beds": null, "healthcare:cholera": null, "landuse": null, "addr:postcode": null, "note": null, "wheelchair": null, "abandoned": null, "website": null }, "geometry": { "type": "Point", "coordinates": [ 1.5073461, 9.14194 ] } },
{ "type": "Feature", "properties": { "element": "node", "id": 11571217255, "amenity": "hospital", "name": "Dispensaire de Wounougba Seva", "health_facility:type": null, "healthcare": null, "operator": null, "operator:type": null, "source": null, "short_name": null, "source:date": null, "disused": null, "description": null, "phone": null, "name:fr": null, "name:en": null, "addr:street": null, "email": null, "opening_hours": null, "addr:city": null, "emergency": null, "healthcare:speciality": null, "building": null, "fixme": null, "wikidata": null, "addr:municipality": null, "staff_count:doctors": null, "staff_count:nurses": null, "barrier": null, "height": null, "capacity:beds": null, "healthcare:cholera": null, "landuse": null, "addr:postcode": null, "note": null, "wheelchair": null, "abandoned": null, "website": null }, "geometry": { "type": "Point", "coordinates": [ 0.885711, 6.7423457 ] } },
{ "type": "Feature", "properties": { "element": "node", "id": 11571249140, "amenity": "hospital", "name": null, "health_facility:type": null, "healthcare": null, "operator": null, "operator:type": null, "source": null, "short_name": null, "source:date": null, "disused": null, "description": null, "phone": null, "name:fr": null, "name:en": null, "addr:street": null, "email": null, "opening_hours": null, "addr:city": null, "emergency": null, "healthcare:speciality": null, "building": null, "fixme": null, "wikidata": null, "addr:municipality": null, "staff_count:doctors": null, "staff_count:nurses": null, "barrier": null, "height": null, "capacity:beds": null, "healthcare:cholera": null, "landuse": null, "addr:postcode": null, "note": null, "wheelchair": null, "abandoned": null, "website": null }, "geometry": { "type": "Point", "coordinates": [ 0.9112696, 6.4543096 ] } },
{ "type": "Feature", "properties": { "element": "node", "id": 11662744125, "amenity": "hospital", "name": "Centre Medico social d'Attitogon", "health_facility:type": null, "healthcare": null, "operator": null, "operator:type": null, "source": null, "short_name": null, "source:date": null, "disused": null, "description": null, "phone": null, "name:fr": null, "name:en": null, "addr:street": null, "email": null, "opening_hours": null, "addr:city": null, "emergency": null, "healthcare:speciality": null, "building": null, "fixme": null, "wikidata": null, "addr:municipality": null, "staff_count:doctors": null, "staff_count:nurses": null, "barrier": null, "height": null, "capacity:beds": null, "healthcare:cholera": null, "landuse": null, "addr:postcode": null, "note": null, "wheelchair": null, "abandoned": null, "website": null }, "geometry": { "type": "Point", "coordinates": [ 1.6614882, 6.4177623 ] } },
{ "type": "Feature", "properties": { "element": "node", "id": 11732333495, "amenity": "hospital", "name": "USP Yoto Kopé", "health_facility:type": null, "healthcare": null, "operator": null, "operator:type": null, "source": null, "short_name": null, "source:date": null, "disused": null, "description": null, "phone": null, "name:fr": null, "name:en": null, "addr:street": null, "email": null, "opening_hours": null, "addr:city": null, "emergency": null, "healthcare:speciality": null, "building": null, "fixme": null, "wikidata": null, "addr:municipality": null, "staff_count:doctors": null, "staff_count:nurses": null, "barrier": null, "height": null, "capacity:beds": null, "healthcare:cholera": null, "landuse": null, "addr:postcode": null, "note": null, "wheelchair": null, "abandoned": null, "website": null }, "geometry": { "type": "Point", "coordinates": [ 1.3147855, 6.7389597 ] } },
{ "type": "Feature", "properties": { "element": "node", "id": 11772375909, "amenity": "hospital", "name": "USP de Kolo Copé", "health_facility:type": null, "healthcare": null, "operator": null, "operator:type": null, "source": null, "short_name": null, "source:date": null, "disused": null, "description": null, "phone": null, "name:fr": null, "name:en": null, "addr:street": null, "email": null, "opening_hours": null, "addr:city": null, "emergency": null, "healthcare:speciality": null, "building": null, "fixme": null, "wikidata": null, "addr:municipality": null, "staff_count:doctors": null, "staff_count:nurses": null, "barrier": null, "height": null, "capacity:beds": null, "healthcare:cholera": null, "landuse": null, "addr:postcode": null, "note": null, "wheelchair": null, "abandoned": null, "website": null }, "geometry": { "type": "Point", "coordinates": [ 1.2879515, 7.7961466 ] } },
{ "type": "Feature", "properties": { "element": "node", "id": 11772383430, "amenity": "hospital", "name": "USP AYAGBA", "health_facility:type": null, "healthcare": null, "operator": null, "operator:type": null, "source": null, "short_name": null, "source:date": null, "disused": null, "description": null, "phone": null, "name:fr": null, "name:en": null, "addr:street": null, "email": null, "opening_hours": null, "addr:city": null, "emergency": null, "healthcare:speciality": null, "building": null, "fixme": null, "wikidata": null, "addr:municipality": null, "staff_count:doctors": null, "staff_count:nurses": null, "barrier": null, "height": null, "capacity:beds": null, "healthcare:cholera": null, "landuse": null, "addr:postcode": null, "note": null, "wheelchair": null, "abandoned": null, "website": null }, "geometry": { "type": "Point", "coordinates": [ 0.7934517, 7.7661292 ] } },
{ "type": "Feature", "properties": { "element": "node", "id": 11772430804, "amenity": "hospital", "name": "Dispensaire Evou Apégamé", "health_facility:type": null, "healthcare": null, "operator": null, "operator:type": null, "source": null, "short_name": null, "source:date": null, "disused": null, "description": null, "phone": null, "name:fr": null, "name:en": null, "addr:street": null, "email": null, "opening_hours": null, "addr:city": null, "emergency": null, "healthcare:speciality": null, "building": null, "fixme": null, "wikidata": null, "addr:municipality": null, "staff_count:doctors": null, "staff_count:nurses": null, "barrier": null, "height": null, "capacity:beds": null, "healthcare:cholera": null, "landuse": null, "addr:postcode": null, "note": null, "wheelchair": null, "abandoned": null, "website": null }, "geometry": { "type": "Point", "coordinates": [ 1.0244332, 7.547877 ] } },
{ "type": "Feature", "properties": { "element": "node", "id": 11818209730, "amenity": "hospital", "name": "Chp de atalote", "health_facility:type": null, "healthcare": null, "operator": null, "operator:type": null, "source": null, "short_name": null, "source:date": null, "disused": null, "description": null, "phone": null, "name:fr": null, "name:en": null, "addr:street": null, "email": null, "opening_hours": null, "addr:city": null, "emergency": null, "healthcare:speciality": null, "building": null, "fixme": null, "wikidata": null, "addr:municipality": null, "staff_count:doctors": null, "staff_count:nurses": null, "barrier": null, "height": null, "capacity:beds": null, "healthcare:cholera": null, "landuse": null, "addr:postcode": null, "note": null, "wheelchair": null, "abandoned": null, "website": null }, "geometry": { "type": "Point", "coordinates": [ 1.0375542, 9.9390489 ] } },
{ "type": "Feature", "properties": { "element": "node", "id": 11866819969, "amenity": "hospital", "name": "USP Kolina", "health_facility:type": null, "healthcare": null, "operator": null, "operator:type": null, "source": null, "short_name": null, "source:date": null, "disused": null, "description": null, "phone": null, "name:fr": null, "name:en": null, "addr:street": "Lomé - Cinkassé", "email": null, "opening_hours": null, "addr:city": null, "emergency": null, "healthcare:speciality": null, "building": null, "fixme": null, "wikidata": null, "addr:municipality": null, "staff_count:doctors": null, "staff_count:nurses": null, "barrier": null, "height": null, "capacity:beds": null, "healthcare:cholera": null, "landuse": null, "addr:postcode": null, "note": null, "wheelchair": null, "abandoned": null, "website": null }, "geometry": { "type": "Point", "coordinates": [ 1.143825, 9.1066962 ] } },
{ "type": "Feature", "properties": { "element": "node", "id": 11866820270, "amenity": "hospital", "name": "CMS Sanda Kagbanda", "health_facility:type": null, "healthcare": null, "operator": null, "operator:type": null, "source": null, "short_name": null, "source:date": null, "disused": null, "description": null, "phone": null, "name:fr": null, "name:en": null, "addr:street": null, "email": null, "opening_hours": null, "addr:city": null, "emergency": null, "healthcare:speciality": null, "building": null, "fixme": null, "wikidata": null, "addr:municipality": null, "staff_count:doctors": null, "staff_count:nurses": null, "barrier": null, "height": null, "capacity:beds": null, "healthcare:cholera": null, "landuse": null, "addr:postcode": null, "note": null, "wheelchair": null, "abandoned": null, "website": null }, "geometry": { "type": "Point", "coordinates": [ 0.8973762, 9.4860603 ] } },
{ "type": "Feature", "properties": { "element": "node", "id": 11954041346, "amenity": "hospital", "name": "Polyclinique Elavagnon", "health_facility:type": null, "healthcare": null, "operator": null, "operator:type": null, "source": null, "short_name": null, "source:date": null, "disused": null, "description": null, "phone": null, "name:fr": null, "name:en": null, "addr:street": null, "email": null, "opening_hours": null, "addr:city": null, "emergency": null, "healthcare:speciality": null, "building": null, "fixme": null, "wikidata": null, "addr:municipality": null, "staff_count:doctors": null, "staff_count:nurses": null, "barrier": null, "height": null, "capacity:beds": null, "healthcare:cholera": null, "landuse": null, "addr:postcode": null, "note": null, "wheelchair": null, "abandoned": null, "website": null }, "geometry": { "type": "Point", "coordinates": [ 1.27946, 7.9443552 ] } },
{ "type": "Feature", "properties": { "element": "node", "id": 11959781971, "amenity": "hospital", "name": "Dispensaire de Dzagblé", "health_facility:type": null, "healthcare": null, "operator": null, "operator:type": null, "source": null, "short_name": null, "source:date": null, "disused": null, "description": null, "phone": null, "name:fr": null, "name:en": null, "addr:street": null, "email": null, "opening_hours": null, "addr:city": null, "emergency": null, "healthcare:speciality": null, "building": null, "fixme": null, "wikidata": null, "addr:municipality": null, "staff_count:doctors": null, "staff_count:nurses": null, "barrier": null, "height": null, "capacity:beds": null, "healthcare:cholera": null, "landuse": null, "addr:postcode": null, "note": null, "wheelchair": null, "abandoned": null, "website": null }, "geometry": { "type": "Point", "coordinates": [ 1.2839034, 6.2638968 ] } },
{ "type": "Feature", "properties": { "element": "node", "id": 12046047626, "amenity": "hospital", "name": "Poste de Secours Médical", "health_facility:type": null, "healthcare": null, "operator": null, "operator:type": null, "source": null, "short_name": null, "source:date": null, "disused": null, "description": null, "phone": "99261111", "name:fr": null, "name:en": null, "addr:street": null, "email": null, "opening_hours": null, "addr:city": null, "emergency": null, "healthcare:speciality": null, "building": null, "fixme": null, "wikidata": null, "addr:municipality": null, "staff_count:doctors": null, "staff_count:nurses": null, "barrier": null, "height": null, "capacity:beds": null, "healthcare:cholera": null, "landuse": null, "addr:postcode": null, "note": null, "wheelchair": null, "abandoned": null, "website": null }, "geometry": { "type": "Point", "coordinates": [ 1.0445437, 6.2765078 ] } },
{ "type": "Feature", "properties": { "element": "node", "id": 12050797288, "amenity": "hospital", "name": "USP Yakedji", "health_facility:type": null, "healthcare": null, "operator": null, "operator:type": null, "source": null, "short_name": null, "source:date": null, "disused": null, "description": null, "phone": null, "name:fr": null, "name:en": null, "addr:street": null, "email": null, "opening_hours": null, "addr:city": null, "emergency": null, "healthcare:speciality": null, "building": null, "fixme": null, "wikidata": null, "addr:municipality": null, "staff_count:doctors": null, "staff_count:nurses": null, "barrier": null, "height": null, "capacity:beds": null, "healthcare:cholera": null, "landuse": null, "addr:postcode": null, "note": null, "wheelchair": null, "abandoned": null, "website": null }, "geometry": { "type": "Point", "coordinates": [ 0.4873135, 9.0343381 ] } },
{ "type": "Feature", "properties": { "element": "node", "id": 12050816130, "amenity": "hospital", "name": "USP GMASSIDJOUN", "health_facility:type": null, "healthcare": null, "operator": null, "operator:type": null, "source": null, "short_name": null, "source:date": null, "disused": null, "description": null, "phone": null, "name:fr": null, "name:en": null, "addr:street": null, "email": null, "opening_hours": null, "addr:city": null, "emergency": null, "healthcare:speciality": null, "building": null, "fixme": null, "wikidata": null, "addr:municipality": null, "staff_count:doctors": null, "staff_count:nurses": null, "barrier": null, "height": null, "capacity:beds": null, "healthcare:cholera": null, "landuse": null, "addr:postcode": null, "note": null, "wheelchair": null, "abandoned": null, "website": null }, "geometry": { "type": "Point", "coordinates": [ 0.5497985, 9.0632994 ] } },
{ "type": "Feature", "properties": { "element": "node", "id": 12050828373, "amenity": "hospital", "name": "USP Kalanga", "health_facility:type": null, "healthcare": null, "operator": null, "operator:type": null, "source": null, "short_name": null, "source:date": null, "disused": null, "description": null, "phone": null, "name:fr": null, "name:en": null, "addr:street": null, "email": null, "opening_hours": null, "addr:city": null, "emergency": null, "healthcare:speciality": null, "building": null, "fixme": null, "wikidata": null, "addr:municipality": null, "staff_count:doctors": null, "staff_count:nurses": null, "barrier": null, "height": null, "capacity:beds": null, "healthcare:cholera": null, "landuse": null, "addr:postcode": null, "note": null, "wheelchair": null, "abandoned": null, "website": null }, "geometry": { "type": "Point", "coordinates": [ 0.7045612, 9.2642755 ] } },
{ "type": "Feature", "properties": { "element": "node", "id": 12050828574, "amenity": "hospital", "name": "USP Bikpassiba", "health_facility:type": null, "healthcare": null, "operator": null, "operator:type": null, "source": null, "short_name": null, "source:date": null, "disused": null, "description": null, "phone": null, "name:fr": null, "name:en": null, "addr:street": null, "email": null, "opening_hours": null, "addr:city": null, "emergency": null, "healthcare:speciality": null, "building": null, "fixme": null, "wikidata": null, "addr:municipality": null, "staff_count:doctors": null, "staff_count:nurses": null, "barrier": null, "height": null, "capacity:beds": null, "healthcare:cholera": null, "landuse": null, "addr:postcode": null, "note": null, "wheelchair": null, "abandoned": null, "website": null }, "geometry": { "type": "Point", "coordinates": [ 0.7573571, 9.2526143 ] } },
{ "type": "Feature", "properties": { "element": "node", "id": 12089539791, "amenity": "hospital", "name": "Centre communautaire de santé de Tsogba", "health_facility:type": null, "healthcare": null, "operator": null, "operator:type": null, "source": null, "short_name": null, "source:date": null, "disused": null, "description": null, "phone": null, "name:fr": null, "name:en": null, "addr:street": null, "email": null, "opening_hours": null, "addr:city": null, "emergency": null, "healthcare:speciality": null, "building": null, "fixme": null, "wikidata": null, "addr:municipality": null, "staff_count:doctors": null, "staff_count:nurses": null, "barrier": null, "height": null, "capacity:beds": null, "healthcare:cholera": null, "landuse": null, "addr:postcode": null, "note": null, "wheelchair": null, "abandoned": null, "website": null }, "geometry": { "type": "Point", "coordinates": [ 1.3501627, 6.9981531 ] } },
{ "type": "Feature", "properties": { "element": "node", "id": 12089541599, "amenity": "hospital", "name": "Centre de santé", "health_facility:type": null, "healthcare": null, "operator": null, "operator:type": null, "source": null, "short_name": null, "source:date": null, "disused": null, "description": null, "phone": null, "name:fr": null, "name:en": null, "addr:street": null, "email": null, "opening_hours": null, "addr:city": null, "emergency": null, "healthcare:speciality": null, "building": null, "fixme": null, "wikidata": null, "addr:municipality": null, "staff_count:doctors": null, "staff_count:nurses": null, "barrier": null, "height": null, "capacity:beds": null, "healthcare:cholera": null, "landuse": null, "addr:postcode": null, "note": null, "wheelchair": null, "abandoned": null, "website": null }, "geometry": { "type": "Point", "coordinates": [ 0.9370755, 7.1713642 ] } },
{ "type": "Feature", "properties": { "element": "node", "id": 12089549471, "amenity": "hospital", "name": "USP KAMINA", "health_facility:type": null, "healthcare": null, "operator": null, "operator:type": null, "source": null, "short_name": null, "source:date": null, "disused": null, "description": null, "phone": null, "name:fr": null, "name:en": null, "addr:street": null, "email": null, "opening_hours": null, "addr:city": null, "emergency": null, "healthcare:speciality": null, "building": null, "fixme": null, "wikidata": null, "addr:municipality": null, "staff_count:doctors": null, "staff_count:nurses": null, "barrier": null, "height": null, "capacity:beds": null, "healthcare:cholera": null, "landuse": null, "addr:postcode": null, "note": null, "wheelchair": null, "abandoned": null, "website": null }, "geometry": { "type": "Point", "coordinates": [ 0.8571316, 7.9252264 ] } },
{ "type": "Feature", "properties": { "element": "node", "id": 12101137468, "amenity": "hospital", "name": "CMS MORETAN", "health_facility:type": null, "healthcare": null, "operator": null, "operator:type": null, "source": null, "short_name": null, "source:date": null, "disused": null, "description": null, "phone": null, "name:fr": null, "name:en": null, "addr:street": null, "email": null, "opening_hours": null, "addr:city": null, "emergency": null, "healthcare:speciality": null, "building": null, "fixme": null, "wikidata": null, "addr:municipality": null, "staff_count:doctors": null, "staff_count:nurses": null, "barrier": null, "height": null, "capacity:beds": null, "healthcare:cholera": null, "landuse": null, "addr:postcode": null, "note": null, "wheelchair": null, "abandoned": null, "website": null }, "geometry": { "type": "Point", "coordinates": [ 1.3486372, 8.1076967 ] } },
{ "type": "Feature", "properties": { "element": "node", "id": 12101144324, "amenity": "hospital", "name": "USP TCHEKITA", "health_facility:type": null, "healthcare": null, "operator": null, "operator:type": null, "source": null, "short_name": null, "source:date": null, "disused": null, "description": null, "phone": null, "name:fr": null, "name:en": null, "addr:street": null, "email": null, "opening_hours": null, "addr:city": null, "emergency": null, "healthcare:speciality": null, "building": null, "fixme": null, "wikidata": null, "addr:municipality": null, "staff_count:doctors": null, "staff_count:nurses": null, "barrier": null, "height": null, "capacity:beds": null, "healthcare:cholera": null, "landuse": null, "addr:postcode": null, "note": null, "wheelchair": null, "abandoned": null, "website": null }, "geometry": { "type": "Point", "coordinates": [ 1.3415271, 8.1969497 ] } },
{ "type": "Feature", "properties": { "element": "node", "id": 12114109534, "amenity": "hospital", "name": "USP Zogbégan", "health_facility:type": null, "healthcare": null, "operator": null, "operator:type": null, "source": null, "short_name": null, "source:date": null, "disused": null, "description": null, "phone": null, "name:fr": null, "name:en": null, "addr:street": null, "email": null, "opening_hours": null, "addr:city": null, "emergency": null, "healthcare:speciality": null, "building": null, "fixme": null, "wikidata": null, "addr:municipality": null, "staff_count:doctors": null, "staff_count:nurses": null, "barrier": null, "height": null, "capacity:beds": null, "healthcare:cholera": null, "landuse": null, "addr:postcode": null, "note": null, "wheelchair": null, "abandoned": null, "website": null }, "geometry": { "type": "Point", "coordinates": [ 0.6769027, 7.5736684 ] } },
{ "type": "Feature", "properties": { "element": "node", "id": 12120677670, "amenity": "hospital", "name": "USP YANDA", "health_facility:type": null, "healthcare": null, "operator": null, "operator:type": null, "source": null, "short_name": null, "source:date": null, "disused": null, "description": null, "phone": null, "name:fr": null, "name:en": null, "addr:street": null, "email": null, "opening_hours": null, "addr:city": null, "emergency": null, "healthcare:speciality": null, "building": null, "fixme": null, "wikidata": null, "addr:municipality": null, "staff_count:doctors": null, "staff_count:nurses": null, "barrier": null, "height": null, "capacity:beds": null, "healthcare:cholera": null, "landuse": null, "addr:postcode": null, "note": null, "wheelchair": null, "abandoned": null, "website": null }, "geometry": { "type": "Point", "coordinates": [ 1.5946804, 8.3289169 ] } },
{ "type": "Feature", "properties": { "element": "node", "id": 12128048639, "amenity": "hospital", "name": "USP OKPAHOUE", "health_facility:type": null, "healthcare": null, "operator": null, "operator:type": null, "source": null, "short_name": null, "source:date": null, "disused": null, "description": null, "phone": null, "name:fr": null, "name:en": null, "addr:street": null, "email": null, "opening_hours": null, "addr:city": null, "emergency": null, "healthcare:speciality": null, "building": null, "fixme": null, "wikidata": null, "addr:municipality": null, "staff_count:doctors": null, "staff_count:nurses": null, "barrier": null, "height": null, "capacity:beds": null, "healthcare:cholera": null, "landuse": null, "addr:postcode": null, "note": null, "wheelchair": null, "abandoned": null, "website": null }, "geometry": { "type": "Point", "coordinates": [ 1.0175934, 7.6138434 ] } },
{ "type": "Feature", "properties": { "element": "node", "id": 12199755830, "amenity": "hospital", "name": "USP", "health_facility:type": null, "healthcare": null, "operator": null, "operator:type": null, "source": null, "short_name": null, "source:date": null, "disused": null, "description": null, "phone": null, "name:fr": null, "name:en": null, "addr:street": null, "email": null, "opening_hours": null, "addr:city": null, "emergency": null, "healthcare:speciality": null, "building": null, "fixme": null, "wikidata": null, "addr:municipality": null, "staff_count:doctors": null, "staff_count:nurses": null, "barrier": null, "height": null, "capacity:beds": null, "healthcare:cholera": null, "landuse": null, "addr:postcode": null, "note": null, "wheelchair": null, "abandoned": null, "website": null }, "geometry": { "type": "Point", "coordinates": [ 0.6065809, 7.5132393 ] } },
{ "type": "Feature", "properties": { "element": "node", "id": 12199905181, "amenity": "hospital", "name": "Anonoé", "health_facility:type": null, "healthcare": null, "operator": null, "operator:type": null, "source": null, "short_name": null, "source:date": null, "disused": null, "description": null, "phone": null, "name:fr": null, "name:en": null, "addr:street": null, "email": null, "opening_hours": null, "addr:city": null, "emergency": null, "healthcare:speciality": null, "building": null, "fixme": null, "wikidata": null, "addr:municipality": null, "staff_count:doctors": null, "staff_count:nurses": null, "barrier": null, "height": null, "capacity:beds": null, "healthcare:cholera": null, "landuse": null, "addr:postcode": null, "note": null, "wheelchair": null, "abandoned": null, "website": null }, "geometry": { "type": "Point", "coordinates": [ 0.6036575, 7.5617873 ] } },
{ "type": "Feature", "properties": { "element": "node", "id": 12212052251, "amenity": "hospital", "name": "USP", "health_facility:type": null, "healthcare": null, "operator": null, "operator:type": null, "source": null, "short_name": null, "source:date": null, "disused": null, "description": null, "phone": null, "name:fr": null, "name:en": null, "addr:street": null, "email": null, "opening_hours": null, "addr:city": null, "emergency": null, "healthcare:speciality": null, "building": null, "fixme": null, "wikidata": null, "addr:municipality": null, "staff_count:doctors": null, "staff_count:nurses": null, "barrier": null, "height": null, "capacity:beds": null, "healthcare:cholera": null, "landuse": null, "addr:postcode": null, "note": null, "wheelchair": null, "abandoned": null, "website": null }, "geometry": { "type": "Point", "coordinates": [ 1.3339925, 6.9953684 ] } },
{ "type": "Feature", "properties": { "element": "node", "id": 12212052768, "amenity": "hospital", "name": null, "health_facility:type": null, "healthcare": null, "operator": null, "operator:type": null, "source": null, "short_name": null, "source:date": null, "disused": null, "description": null, "phone": null, "name:fr": null, "name:en": null, "addr:street": null, "email": null, "opening_hours": null, "addr:city": null, "emergency": null, "healthcare:speciality": null, "building": null, "fixme": null, "wikidata": null, "addr:municipality": null, "staff_count:doctors": null, "staff_count:nurses": null, "barrier": null, "height": null, "capacity:beds": null, "healthcare:cholera": null, "landuse": null, "addr:postcode": null, "note": null, "wheelchair": null, "abandoned": null, "website": null }, "geometry": { "type": "Point", "coordinates": [ 1.4991525, 7.0139263 ] } },
{ "type": "Feature", "properties": { "element": "node", "id": 12212067956, "amenity": "hospital", "name": "USP", "health_facility:type": null, "healthcare": null, "operator": null, "operator:type": null, "source": null, "short_name": null, "source:date": null, "disused": null, "description": null, "phone": null, "name:fr": null, "name:en": null, "addr:street": null, "email": null, "opening_hours": null, "addr:city": null, "emergency": null, "healthcare:speciality": null, "building": null, "fixme": null, "wikidata": null, "addr:municipality": null, "staff_count:doctors": null, "staff_count:nurses": null, "barrier": null, "height": null, "capacity:beds": null, "healthcare:cholera": null, "landuse": null, "addr:postcode": null, "note": null, "wheelchair": null, "abandoned": null, "website": null }, "geometry": { "type": "Point", "coordinates": [ 1.1511677, 7.06974 ] } },
{ "type": "Feature", "properties": { "element": "node", "id": 12212069330, "amenity": "hospital", "name": "USP", "health_facility:type": null, "healthcare": null, "operator": null, "operator:type": null, "source": null, "short_name": null, "source:date": null, "disused": null, "description": null, "phone": null, "name:fr": null, "name:en": null, "addr:street": null, "email": null, "opening_hours": null, "addr:city": null, "emergency": null, "healthcare:speciality": null, "building": null, "fixme": null, "wikidata": null, "addr:municipality": null, "staff_count:doctors": null, "staff_count:nurses": null, "barrier": null, "height": null, "capacity:beds": null, "healthcare:cholera": null, "landuse": null, "addr:postcode": null, "note": null, "wheelchair": null, "abandoned": null, "website": null }, "geometry": { "type": "Point", "coordinates": [ 1.0785794, 7.1151389 ] } },
{ "type": "Feature", "properties": { "element": "node", "id": 12252445356, "amenity": "hospital", "name": null, "health_facility:type": null, "healthcare": null, "operator": null, "operator:type": null, "source": null, "short_name": null, "source:date": null, "disused": null, "description": null, "phone": null, "name:fr": null, "name:en": null, "addr:street": null, "email": null, "opening_hours": null, "addr:city": null, "emergency": null, "healthcare:speciality": null, "building": null, "fixme": null, "wikidata": null, "addr:municipality": null, "staff_count:doctors": null, "staff_count:nurses": null, "barrier": null, "height": null, "capacity:beds": null, "healthcare:cholera": null, "landuse": null, "addr:postcode": null, "note": null, "wheelchair": null, "abandoned": null, "website": null }, "geometry": { "type": "Point", "coordinates": [ 1.136117, 8.1258267 ] } },
{ "type": "Feature", "properties": { "element": "node", "id": 12252458596, "amenity": "hospital", "name": "CMS", "health_facility:type": null, "healthcare": null, "operator": null, "operator:type": null, "source": null, "short_name": null, "source:date": null, "disused": null, "description": null, "phone": null, "name:fr": null, "name:en": null, "addr:street": null, "email": null, "opening_hours": null, "addr:city": null, "emergency": null, "healthcare:speciality": null, "building": null, "fixme": null, "wikidata": null, "addr:municipality": null, "staff_count:doctors": null, "staff_count:nurses": null, "barrier": null, "height": null, "capacity:beds": null, "healthcare:cholera": null, "landuse": null, "addr:postcode": null, "note": null, "wheelchair": null, "abandoned": null, "website": null }, "geometry": { "type": "Point", "coordinates": [ 0.798756, 7.2751196 ] } },
{ "type": "Feature", "properties": { "element": "node", "id": 12252458876, "amenity": "hospital", "name": "USP", "health_facility:type": null, "healthcare": null, "operator": null, "operator:type": null, "source": null, "short_name": null, "source:date": null, "disused": null, "description": null, "phone": null, "name:fr": null, "name:en": null, "addr:street": null, "email": null, "opening_hours": null, "addr:city": null, "emergency": null, "healthcare:speciality": null, "building": null, "fixme": null, "wikidata": null, "addr:municipality": null, "staff_count:doctors": null, "staff_count:nurses": null, "barrier": null, "height": null, "capacity:beds": null, "healthcare:cholera": null, "landuse": null, "addr:postcode": null, "note": null, "wheelchair": null, "abandoned": null, "website": null }, "geometry": { "type": "Point", "coordinates": [ 0.9654046, 6.9097894 ] } },
{ "type": "Feature", "properties": { "element": "node", "id": 12252486414, "amenity": "hospital", "name": "USP", "health_facility:type": null, "healthcare": null, "operator": null, "operator:type": null, "source": null, "short_name": null, "source:date": null, "disused": null, "description": null, "phone": null, "name:fr": null, "name:en": null, "addr:street": null, "email": null, "opening_hours": null, "addr:city": null, "emergency": null, "healthcare:speciality": null, "building": null, "fixme": null, "wikidata": null, "addr:municipality": null, "staff_count:doctors": null, "staff_count:nurses": null, "barrier": null, "height": null, "capacity:beds": null, "healthcare:cholera": null, "landuse": null, "addr:postcode": null, "note": null, "wheelchair": null, "abandoned": null, "website": null }, "geometry": { "type": "Point", "coordinates": [ 0.7159455, 7.0752298 ] } },
{ "type": "Feature", "properties": { "element": "node", "id": 12399679384, "amenity": "hospital", "name": "USP", "health_facility:type": null, "healthcare": null, "operator": null, "operator:type": null, "source": null, "short_name": null, "source:date": null, "disused": null, "description": null, "phone": null, "name:fr": null, "name:en": null, "addr:street": null, "email": null, "opening_hours": null, "addr:city": null, "emergency": null, "healthcare:speciality": null, "building": null, "fixme": null, "wikidata": null, "addr:municipality": null, "staff_count:doctors": null, "staff_count:nurses": null, "barrier": null, "height": null, "capacity:beds": null, "healthcare:cholera": null, "landuse": null, "addr:postcode": null, "note": null, "wheelchair": null, "abandoned": null, "website": null }, "geometry": { "type": "Point", "coordinates": [ 0.6316136, 9.6105821 ] } },
{ "type": "Feature", "properties": { "element": "node", "id": 12399694068, "amenity": "hospital", "name": "USP", "health_facility:type": null, "healthcare": null, "operator": null, "operator:type": null, "source": null, "short_name": null, "source:date": null, "disused": null, "description": null, "phone": null, "name:fr": null, "name:en": null, "addr:street": null, "email": null, "opening_hours": null, "addr:city": null, "emergency": null, "healthcare:speciality": null, "building": null, "fixme": null, "wikidata": null, "addr:municipality": null, "staff_count:doctors": null, "staff_count:nurses": null, "barrier": null, "height": null, "capacity:beds": null, "healthcare:cholera": null, "landuse": null, "addr:postcode": null, "note": null, "wheelchair": null, "abandoned": null, "website": null }, "geometry": { "type": "Point", "coordinates": [ 0.6978878, 9.5646602 ] } },
{ "type": "Feature", "properties": { "element": "node", "id": 12429560503, "amenity": "hospital", "name": "USP", "health_facility:type": null, "healthcare": null, "operator": null, "operator:type": null, "source": null, "short_name": null, "source:date": null, "disused": null, "description": null, "phone": null, "name:fr": null, "name:en": null, "addr:street": null, "email": null, "opening_hours": null, "addr:city": null, "emergency": null, "healthcare:speciality": null, "building": null, "fixme": null, "wikidata": null, "addr:municipality": null, "staff_count:doctors": null, "staff_count:nurses": null, "barrier": null, "height": null, "capacity:beds": null, "healthcare:cholera": null, "landuse": null, "addr:postcode": null, "note": null, "wheelchair": null, "abandoned": null, "website": null }, "geometry": { "type": "Point", "coordinates": [ 1.2922135, 9.057176 ] } },
{ "type": "Feature", "properties": { "element": "node", "id": 12429565276, "amenity": "hospital", "name": "USP", "health_facility:type": null, "healthcare": null, "operator": null, "operator:type": null, "source": null, "short_name": null, "source:date": null, "disused": null, "description": null, "phone": null, "name:fr": null, "name:en": null, "addr:street": null, "email": null, "opening_hours": null, "addr:city": null, "emergency": null, "healthcare:speciality": null, "building": null, "fixme": null, "wikidata": null, "addr:municipality": null, "staff_count:doctors": null, "staff_count:nurses": null, "barrier": null, "height": null, "capacity:beds": null, "healthcare:cholera": null, "landuse": null, "addr:postcode": null, "note": null, "wheelchair": null, "abandoned": null, "website": null }, "geometry": { "type": "Point", "coordinates": [ 1.3264685, 9.3581596 ] } },
{ "type": "Feature", "properties": { "element": "node", "id": 12429575326, "amenity": "hospital", "name": "USP", "health_facility:type": null, "healthcare": null, "operator": null, "operator:type": null, "source": null, "short_name": null, "source:date": null, "disused": null, "description": null, "phone": null, "name:fr": null, "name:en": null, "addr:street": null, "email": null, "opening_hours": null, "addr:city": null, "emergency": null, "healthcare:speciality": null, "building": null, "fixme": null, "wikidata": null, "addr:municipality": null, "staff_count:doctors": null, "staff_count:nurses": null, "barrier": null, "height": null, "capacity:beds": null, "healthcare:cholera": null, "landuse": null, "addr:postcode": null, "note": null, "wheelchair": null, "abandoned": null, "website": null }, "geometry": { "type": "Point", "coordinates": [ 1.258667, 9.0006598 ] } },
{ "type": "Feature", "properties": { "element": "node", "id": 12429647619, "amenity": "hospital", "name": "Usp", "health_facility:type": null, "healthcare": null, "operator": null, "operator:type": null, "source": null, "short_name": null, "source:date": null, "disused": null, "description": null, "phone": null, "name:fr": null, "name:en": null, "addr:street": null, "email": null, "opening_hours": null, "addr:city": null, "emergency": null, "healthcare:speciality": null, "building": null, "fixme": null, "wikidata": null, "addr:municipality": null, "staff_count:doctors": null, "staff_count:nurses": null, "barrier": null, "height": null, "capacity:beds": null, "healthcare:cholera": null, "landuse": null, "addr:postcode": null, "note": null, "wheelchair": null, "abandoned": null, "website": null }, "geometry": { "type": "Point", "coordinates": [ 1.2432629, 9.2344599 ] } },
{ "type": "Feature", "properties": { "element": "node", "id": 12429750367, "amenity": "hospital", "name": "Usp", "health_facility:type": null, "healthcare": null, "operator": null, "operator:type": null, "source": null, "short_name": null, "source:date": null, "disused": null, "description": null, "phone": null, "name:fr": null, "name:en": null, "addr:street": null, "email": null, "opening_hours": null, "addr:city": null, "emergency": null, "healthcare:speciality": null, "building": null, "fixme": null, "wikidata": null, "addr:municipality": null, "staff_count:doctors": null, "staff_count:nurses": null, "barrier": null, "height": null, "capacity:beds": null, "healthcare:cholera": null, "landuse": null, "addr:postcode": null, "note": null, "wheelchair": null, "abandoned": null, "website": null }, "geometry": { "type": "Point", "coordinates": [ 0.8869986, 8.2072592 ] } },
{ "type": "Feature", "properties": { "element": "node", "id": 12484088515, "amenity": "hospital", "name": "USP", "health_facility:type": null, "healthcare": null, "operator": null, "operator:type": null, "source": null, "short_name": null, "source:date": null, "disused": null, "description": null, "phone": null, "name:fr": null, "name:en": null, "addr:street": null, "email": null, "opening_hours": null, "addr:city": null, "emergency": null, "healthcare:speciality": null, "building": null, "fixme": null, "wikidata": null, "addr:municipality": null, "staff_count:doctors": null, "staff_count:nurses": null, "barrier": null, "height": null, "capacity:beds": null, "healthcare:cholera": null, "landuse": null, "addr:postcode": null, "note": null, "wheelchair": null, "abandoned": null, "website": null }, "geometry": { "type": "Point", "coordinates": [ 1.4966101, 7.4406862 ] } },
{ "type": "Feature", "properties": { "element": "node", "id": 12587754150, "amenity": "hospital", "name": "CMS AMOU OBLO", "health_facility:type": null, "healthcare": "hospital", "operator": null, "operator:type": null, "source": null, "short_name": null, "source:date": null, "disused": null, "description": null, "phone": null, "name:fr": null, "name:en": null, "addr:street": null, "email": null, "opening_hours": null, "addr:city": null, "emergency": null, "healthcare:speciality": "general", "building": null, "fixme": null, "wikidata": null, "addr:municipality": null, "staff_count:doctors": null, "staff_count:nurses": null, "barrier": null, "height": null, "capacity:beds": null, "healthcare:cholera": null, "landuse": null, "addr:postcode": null, "note": null, "wheelchair": null, "abandoned": null, "website": null }, "geometry": { "type": "Point", "coordinates": [ 0.8615197, 7.3816047 ] } },
{ "type": "Feature", "properties": { "element": "node", "id": 12802033000, "amenity": "hospital", "name": "CMS de SIOU", "health_facility:type": null, "healthcare": null, "operator": null, "operator:type": null, "source": null, "short_name": null, "source:date": null, "disused": null, "description": null, "phone": null, "name:fr": null, "name:en": null, "addr:street": null, "email": null, "opening_hours": null, "addr:city": null, "emergency": null, "healthcare:speciality": null, "building": null, "fixme": null, "wikidata": null, "addr:municipality": null, "staff_count:doctors": null, "staff_count:nurses": null, "barrier": null, "height": null, "capacity:beds": null, "healthcare:cholera": null, "landuse": null, "addr:postcode": null, "note": null, "wheelchair": null, "abandoned": null, "website": null }, "geometry": { "type": "Point", "coordinates": [ 1.2021634, 9.8221796 ] } },
{ "type": "Feature", "properties": { "element": "node", "id": 12802042390, "amenity": "hospital", "name": "Case de Santé de Hounahou", "health_facility:type": null, "healthcare": null, "operator": null, "operator:type": null, "source": null, "short_name": null, "source:date": null, "disused": null, "description": null, "phone": null, "name:fr": null, "name:en": null, "addr:street": null, "email": null, "opening_hours": null, "addr:city": null, "emergency": null, "healthcare:speciality": null, "building": null, "fixme": null, "wikidata": null, "addr:municipality": null, "staff_count:doctors": null, "staff_count:nurses": null, "barrier": null, "height": null, "capacity:beds": null, "healthcare:cholera": null, "landuse": null, "addr:postcode": null, "note": null, "wheelchair": null, "abandoned": null, "website": null }, "geometry": { "type": "Point", "coordinates": [ 1.1032336, 9.8059715 ] } },
{ "type": "Feature", "properties": { "element": "node", "id": 12908461817, "amenity": "hospital", "name": "Hôpital Gotta Lafia", "health_facility:type": null, "healthcare": null, "operator": null, "operator:type": null, "source": null, "short_name": null, "source:date": null, "disused": null, "description": null, "phone": null, "name:fr": null, "name:en": null, "addr:street": null, "email": null, "opening_hours": null, "addr:city": null, "emergency": null, "healthcare:speciality": null, "building": null, "fixme": null, "wikidata": null, "addr:municipality": null, "staff_count:doctors": null, "staff_count:nurses": null, "barrier": null, "height": null, "capacity:beds": null, "healthcare:cholera": null, "landuse": null, "addr:postcode": null, "note": null, "wheelchair": null, "abandoned": null, "website": null }, "geometry": { "type": "Point", "coordinates": [ 1.1855372, 9.5544978 ] } },
{ "type": "Feature", "properties": { "element": "node", "id": 12956047036, "amenity": "hospital", "name": "CMS tchékélé", "health_facility:type": null, "healthcare": null, "operator": null, "operator:type": null, "source": null, "short_name": null, "source:date": null, "disused": null, "description": "Centre de traitement", "phone": null, "name:fr": null, "name:en": null, "addr:street": null, "email": null, "opening_hours": null, "addr:city": null, "emergency": null, "healthcare:speciality": null, "building": null, "fixme": null, "wikidata": null, "addr:municipality": null, "staff_count:doctors": null, "staff_count:nurses": null, "barrier": null, "height": null, "capacity:beds": null, "healthcare:cholera": null, "landuse": null, "addr:postcode": null, "note": null, "wheelchair": null, "abandoned": null, "website": null }, "geometry": { "type": "Point", "coordinates": [ 1.4149772, 8.9953557 ] } },
{ "type": "Feature", "properties": { "element": "node", "id": 13455820439, "amenity": "hospital", "name": "Soeur de la Providence de Saint Paul", "health_facility:type": null, "healthcare": null, "operator": null, "operator:type": null, "source": null, "short_name": null, "source:date": null, "disused": null, "description": null, "phone": null, "name:fr": null, "name:en": null, "addr:street": null, "email": null, "opening_hours": null, "addr:city": null, "emergency": null, "healthcare:speciality": null, "building": null, "fixme": null, "wikidata": null, "addr:municipality": null, "staff_count:doctors": null, "staff_count:nurses": null, "barrier": "wall", "height": null, "capacity:beds": null, "healthcare:cholera": null, "landuse": null, "addr:postcode": null, "note": null, "wheelchair": null, "abandoned": null, "website": null }, "geometry": { "type": "Point", "coordinates": [ 1.1832994, 9.5264485 ] } },
{ "type": "Feature", "properties": { "element": "node", "id": 13479551740, "amenity": "hospital", "name": "USP Tchitchao", "health_facility:type": null, "healthcare": null, "operator": null, "operator:type": null, "source": null, "short_name": null, "source:date": null, "disused": null, "description": null, "phone": null, "name:fr": null, "name:en": null, "addr:street": null, "email": null, "opening_hours": null, "addr:city": null, "emergency": null, "healthcare:speciality": null, "building": null, "fixme": null, "wikidata": null, "addr:municipality": null, "staff_count:doctors": null, "staff_count:nurses": null, "barrier": null, "height": null, "capacity:beds": null, "healthcare:cholera": null, "landuse": null, "addr:postcode": null, "note": null, "wheelchair": null, "abandoned": null, "website": null }, "geometry": { "type": "Point", "coordinates": [ 1.1372539, 9.6243565 ] } },
{ "type": "Feature", "properties": { "element": "way", "id": 102858259, "amenity": "hospital", "name": "Hôpital Mère et Enfants SOS", "health_facility:type": null, "healthcare": "hospital", "operator": null, "operator:type": null, "source": null, "short_name": null, "source:date": null, "disused": null, "description": null, "phone": null, "name:fr": null, "name:en": null, "addr:street": null, "email": null, "opening_hours": null, "addr:city": null, "emergency": null, "healthcare:speciality": null, "building": null, "fixme": null, "wikidata": null, "addr:municipality": null, "staff_count:doctors": null, "staff_count:nurses": null, "barrier": null, "height": null, "capacity:beds": null, "healthcare:cholera": null, "landuse": null, "addr:postcode": null, "note": null, "wheelchair": null, "abandoned": null, "website": null }, "geometry": { "type": "Polygon", "coordinates": [ [ [ 1.2108323, 9.562209 ], [ 1.2097931, 9.5617661 ], [ 1.210283, 9.5609935 ], [ 1.210563, 9.5611493 ], [ 1.2110847, 9.5614515 ], [ 1.2108323, 9.562209 ] ] ] } },
{ "type": "Feature", "properties": { "element": "way", "id": 113982089, "amenity": "hospital", "name": "CMS Agnaram", "health_facility:type": null, "healthcare": null, "operator": null, "operator:type": null, "source": null, "short_name": null, "source:date": null, "disused": null, "description": null, "phone": null, "name:fr": null, "name:en": null, "addr:street": null, "email": null, "opening_hours": null, "addr:city": null, "emergency": null, "healthcare:speciality": null, "building": "yes", "fixme": null, "wikidata": null, "addr:municipality": null, "staff_count:doctors": null, "staff_count:nurses": null, "barrier": null, "height": null, "capacity:beds": null, "healthcare:cholera": null, "landuse": null, "addr:postcode": null, "note": null, "wheelchair": null, "abandoned": null, "website": null }, "geometry": { "type": "Polygon", "coordinates": [ [ [ 1.2032565, 9.5339092 ], [ 1.2032882, 9.5337962 ], [ 1.2034421, 9.5338381 ], [ 1.2034068, 9.5339642 ], [ 1.2033538, 9.5339498 ], [ 1.2033575, 9.5339367 ], [ 1.2032565, 9.5339092 ] ] ] } },
{ "type": "Feature", "properties": { "element": "way", "id": 168072345, "amenity": "hospital", "name": "Hôpital Baptiste Biblique", "health_facility:type": null, "healthcare": "hospital", "operator": null, "operator:type": null, "source": "gps", "short_name": null, "source:date": null, "disused": null, "description": null, "phone": null, "name:fr": null, "name:en": null, "addr:street": null, "email": null, "opening_hours": "24/7", "addr:city": null, "emergency": null, "healthcare:speciality": null, "building": null, "fixme": null, "wikidata": null, "addr:municipality": null, "staff_count:doctors": null, "staff_count:nurses": null, "barrier": null, "height": null, "capacity:beds": null, "healthcare:cholera": null, "landuse": null, "addr:postcode": null, "note": null, "wheelchair": null, "abandoned": null, "website": null }, "geometry": { "type": "Polygon", "coordinates": [ [ [ 0.700191, 7.1276523 ], [ 0.7001006, 7.1276238 ], [ 0.7000348, 7.1274341 ], [ 0.7000143, 7.1273301 ], [ 0.7000081, 7.1272078 ], [ 0.7000184, 7.1270447 ], [ 0.6999978, 7.1269244 ], [ 0.6999156, 7.1266083 ], [ 0.6997677, 7.1262393 ], [ 0.6995748, 7.1258777 ], [ 0.6993365, 7.1255317 ], [ 0.698982, 7.1252779 ], [ 0.6986914, 7.1250876 ], [ 0.6985693, 7.1250242 ], [ 0.6984938, 7.1246897 ], [ 0.6984996, 7.1242514 ], [ 0.6987902, 7.1224232 ], [ 0.7000037, 7.1222868 ], [ 0.7008985, 7.1217501 ], [ 0.7007834, 7.1225045 ], [ 0.7007547, 7.1230184 ], [ 0.7008969, 7.1235495 ], [ 0.7007001, 7.1237378 ], [ 0.7003695, 7.1236847 ], [ 0.700264, 7.1237486 ], [ 0.7001927, 7.1240536 ], [ 0.7001461, 7.1244435 ], [ 0.700151, 7.1246127 ], [ 0.700198, 7.1246909 ], [ 0.7005176, 7.1249598 ], [ 0.7008391, 7.1252898 ], [ 0.7010011, 7.1254621 ], [ 0.7010697, 7.1255592 ], [ 0.7011594, 7.1256613 ], [ 0.7014932, 7.1259213 ], [ 0.7015048, 7.1262151 ], [ 0.7015324, 7.1267607 ], [ 0.7017068, 7.1268372 ], [ 0.7017349, 7.1270488 ], [ 0.700191, 7.1276523 ] ] ] } },
{ "type": "Feature", "properties": { "element": "way", "id": 228164855, "amenity": "hospital", "name": "Hopital Bon Sécours de Kegué", "health_facility:type": null, "healthcare": null, "operator": null, "operator:type": null, "source": "bing", "short_name": null, "source:date": null, "disused": null, "description": null, "phone": null, "name:fr": null, "name:en": null, "addr:street": null, "email": null, "opening_hours": null, "addr:city": null, "emergency": null, "healthcare:speciality": null, "building": null, "fixme": null, "wikidata": null, "addr:municipality": null, "staff_count:doctors": null, "staff_count:nurses": null, "barrier": "fence", "height": null, "capacity:beds": null, "healthcare:cholera": null, "landuse": null, "addr:postcode": null, "note": null, "wheelchair": null, "abandoned": null, "website": null }, "geometry": { "type": "Polygon", "coordinates": [ [ [ 1.2349067, 6.1913846 ], [ 1.2354353, 6.1926568 ], [ 1.2372041, 6.1921381 ], [ 1.2370283, 6.1915765 ], [ 1.2368361, 6.1909622 ], [ 1.2349067, 6.1913846 ] ] ] } },
{ "type": "Feature", "properties": { "element": "way", "id": 232368347, "amenity": "hospital", "name": "Dispensaire de Lavié", "health_facility:type": "hospital", "healthcare": null, "operator": null, "operator:type": "government", "source": "Bing;survey", "short_name": null, "source:date": null, "disused": null, "description": null, "phone": null, "name:fr": null, "name:en": null, "addr:street": null, "email": null, "opening_hours": null, "addr:city": null, "emergency": null, "healthcare:speciality": null, "building": null, "fixme": null, "wikidata": null, "addr:municipality": null, "staff_count:doctors": null, "staff_count:nurses": null, "barrier": null, "height": null, "capacity:beds": null, "healthcare:cholera": null, "landuse": null, "addr:postcode": null, "note": null, "wheelchair": null, "abandoned": null, "website": null }, "geometry": { "type": "Polygon", "coordinates": [ [ [ 0.6765439, 7.0105995 ], [ 0.6768395, 7.010449 ], [ 0.6769845, 7.0105353 ], [ 0.6771516, 7.0109337 ], [ 0.6768175, 7.0110622 ], [ 0.6766533, 7.010782 ], [ 0.6765439, 7.0105995 ] ] ] } },
{ "type": "Feature", "properties": { "element": "way", "id": 235999901, "amenity": "hospital", "name": "CMS Cacaveli", "health_facility:type": null, "healthcare": null, "operator": null, "operator:type": null, "source": "bing", "short_name": null, "source:date": null, "disused": null, "description": null, "phone": null, "name:fr": null, "name:en": null, "addr:street": null, "email": null, "opening_hours": null, "addr:city": null, "emergency": null, "healthcare:speciality": null, "building": null, "fixme": null, "wikidata": null, "addr:municipality": null, "staff_count:doctors": null, "staff_count:nurses": null, "barrier": null, "height": null, "capacity:beds": null, "healthcare:cholera": null, "landuse": null, "addr:postcode": null, "note": null, "wheelchair": null, "abandoned": null, "website": null }, "geometry": { "type": "Polygon", "coordinates": [ [ [ 1.1962818, 6.2073016 ], [ 1.196193, 6.207277 ], [ 1.1961309, 6.2072598 ], [ 1.1960616, 6.2072407 ], [ 1.19601, 6.2072264 ], [ 1.1952927, 6.2070281 ], [ 1.1951659, 6.2066838 ], [ 1.1951019, 6.2062325 ], [ 1.1951198, 6.2062155 ], [ 1.1963177, 6.2060602 ], [ 1.1964233, 6.2060465 ], [ 1.1967293, 6.2060068 ], [ 1.1967516, 6.2060379 ], [ 1.1963082, 6.2072843 ], [ 1.1962818, 6.2073016 ] ] ] } },
{ "type": "Feature", "properties": { "element": "way", "id": 267429663, "amenity": "hospital", "name": "AED", "health_facility:type": null, "healthcare": null, "operator": null, "operator:type": null, "source": null, "short_name": null, "source:date": null, "disused": null, "description": null, "phone": null, "name:fr": null, "name:en": null, "addr:street": null, "email": null, "opening_hours": null, "addr:city": null, "emergency": null, "healthcare:speciality": null, "building": "yes", "fixme": null, "wikidata": null, "addr:municipality": null, "staff_count:doctors": null, "staff_count:nurses": null, "barrier": null, "height": null, "capacity:beds": null, "healthcare:cholera": null, "landuse": null, "addr:postcode": null, "note": null, "wheelchair": null, "abandoned": null, "website": null }, "geometry": { "type": "Polygon", "coordinates": [ [ [ 1.1710994, 9.5443443 ], [ 1.1710692, 9.5443331 ], [ 1.1710431, 9.5443212 ], [ 1.1710102, 9.5443086 ], [ 1.1709948, 9.5443099 ], [ 1.1709921, 9.5442649 ], [ 1.1710102, 9.5442286 ], [ 1.1710283, 9.5441952 ], [ 1.1710488, 9.5442203 ], [ 1.1710974, 9.5442253 ], [ 1.1711192, 9.5442196 ], [ 1.1711205, 9.5442008 ], [ 1.1711249, 9.5441724 ], [ 1.1711504, 9.5441631 ], [ 1.1711705, 9.5441658 ], [ 1.1711973, 9.5441803 ], [ 1.1712201, 9.5441777 ], [ 1.1712335, 9.5441433 ], [ 1.1712241, 9.5441049 ], [ 1.1712657, 9.5440983 ], [ 1.1712979, 9.5441168 ], [ 1.1713314, 9.5441353 ], [ 1.1713448, 9.5441486 ], [ 1.1713435, 9.544175 ], [ 1.1713234, 9.5442054 ], [ 1.1713153, 9.5442385 ], [ 1.1712737, 9.5442861 ], [ 1.1712697, 9.5443152 ], [ 1.1712778, 9.544343 ], [ 1.1712898, 9.544384 ], [ 1.171273, 9.5444081 ], [ 1.1712268, 9.5444326 ], [ 1.1712013, 9.5444289 ], [ 1.1711892, 9.5444078 ], [ 1.1711772, 9.5443813 ], [ 1.1711745, 9.5443575 ], [ 1.1710994, 9.5443443 ] ] ] } },
{ "type": "Feature", "properties": { "element": "way", "id": 268725231, "amenity": "hospital", "name": "HOPITAL CHR", "health_facility:type": null, "healthcare": "hospital", "operator": null, "operator:type": null, "source": null, "short_name": null, "source:date": null, "disused": null, "description": null, "phone": null, "name:fr": null, "name:en": null, "addr:street": null, "email": null, "opening_hours": null, "addr:city": null, "emergency": null, "healthcare:speciality": null, "building": null, "fixme": null, "wikidata": null, "addr:municipality": null, "staff_count:doctors": null, "staff_count:nurses": null, "barrier": "wall", "height": "2", "capacity:beds": null, "healthcare:cholera": null, "landuse": null, "addr:postcode": null, "note": null, "wheelchair": null, "abandoned": null, "website": null }, "geometry": { "type": "Polygon", "coordinates": [ [ [ 1.1347881, 8.9858017 ], [ 1.134266, 8.9847955 ], [ 1.1337659, 8.9837814 ], [ 1.1337963, 8.9836392 ], [ 1.1336809, 8.9836134 ], [ 1.1336406, 8.9835855 ], [ 1.1352944, 8.9833372 ], [ 1.1361977, 8.9849938 ], [ 1.1360064, 8.9850945 ], [ 1.1356433, 8.9853972 ], [ 1.1356606, 8.9854251 ], [ 1.1348834, 8.9858336 ], [ 1.1347881, 8.9858017 ] ] ] } },
{ "type": "Feature", "properties": { "element": "way", "id": 275049566, "amenity": "hospital", "name": "Unité de Soins Périphériques de Tové", "health_facility:type": null, "healthcare": null, "operator": null, "operator:type": null, "source": null, "short_name": null, "source:date": null, "disused": null, "description": null, "phone": null, "name:fr": null, "name:en": null, "addr:street": null, "email": null, "opening_hours": null, "addr:city": null, "emergency": null, "healthcare:speciality": null, "building": "yes", "fixme": null, "wikidata": null, "addr:municipality": null, "staff_count:doctors": null, "staff_count:nurses": null, "barrier": null, "height": null, "capacity:beds": null, "healthcare:cholera": null, "landuse": null, "addr:postcode": null, "note": null, "wheelchair": null, "abandoned": null, "website": null }, "geometry": { "type": "Polygon", "coordinates": [ [ [ 0.6483042, 6.8794727 ], [ 0.648419, 6.8796151 ], [ 0.6485222, 6.8795331 ], [ 0.6484557, 6.8794507 ], [ 0.6484301, 6.8794714 ], [ 0.6483817, 6.8794114 ], [ 0.6483042, 6.8794727 ] ] ] } },
{ "type": "Feature", "properties": { "element": "way", "id": 287721199, "amenity": "hospital", "name": "USP Kaniamboua", "health_facility:type": null, "healthcare": null, "operator": null, "operator:type": null, "source": null, "short_name": null, "source:date": null, "disused": null, "description": null, "phone": null, "name:fr": null, "name:en": null, "addr:street": null, "email": null, "opening_hours": null, "addr:city": null, "emergency": "no", "healthcare:speciality": null, "building": null, "fixme": null, "wikidata": null, "addr:municipality": null, "staff_count:doctors": null, "staff_count:nurses": null, "barrier": null, "height": null, "capacity:beds": null, "healthcare:cholera": null, "landuse": null, "addr:postcode": null, "note": null, "wheelchair": null, "abandoned": null, "website": null }, "geometry": { "type": "Polygon", "coordinates": [ [ [ 1.0038489, 8.6123106 ], [ 1.0041327, 8.6121096 ], [ 1.0040688, 8.6119659 ], [ 1.0039431, 8.6120358 ], [ 1.0036397, 8.6120533 ], [ 1.0038489, 8.6123106 ] ] ] } },
{ "type": "Feature", "properties": { "element": "way", "id": 308634074, "amenity": "hospital", "name": "Centre Hospitalier Préfectoral de Kpalimé", "health_facility:type": null, "healthcare": "hospital", "operator": "Etat", "operator:type": null, "source": null, "short_name": null, "source:date": null, "disused": null, "description": null, "phone": null, "name:fr": null, "name:en": null, "addr:street": null, "email": null, "opening_hours": null, "addr:city": null, "emergency": null, "healthcare:speciality": null, "building": null, "fixme": null, "wikidata": null, "addr:municipality": null, "staff_count:doctors": null, "staff_count:nurses": null, "barrier": null, "height": null, "capacity:beds": null, "healthcare:cholera": null, "landuse": null, "addr:postcode": null, "note": null, "wheelchair": null, "abandoned": null, "website": null }, "geometry": { "type": "Polygon", "coordinates": [ [ [ 0.6286262, 6.9121565 ], [ 0.6286153, 6.912117 ], [ 0.6280795, 6.9116543 ], [ 0.628121, 6.9115984 ], [ 0.6279125, 6.9113721 ], [ 0.6274196, 6.9106911 ], [ 0.625361, 6.9122621 ], [ 0.626455, 6.91304 ], [ 0.6265243, 6.9130742 ], [ 0.6265744, 6.9131173 ], [ 0.6271183, 6.913554 ], [ 0.6272196, 6.9134223 ], [ 0.6272737, 6.9134637 ], [ 0.6273117, 6.9134084 ], [ 0.6274604, 6.913531 ], [ 0.6286262, 6.9121565 ] ] ] } },
{ "type": "Feature", "properties": { "element": "way", "id": 314994541, "amenity": "hospital", "name": "CMS Doumassesse", "health_facility:type": null, "healthcare": "hospital", "operator": null, "operator:type": null, "source": null, "short_name": null, "source:date": null, "disused": null, "description": null, "phone": null, "name:fr": null, "name:en": null, "addr:street": null, "email": null, "opening_hours": null, "addr:city": null, "emergency": null, "healthcare:speciality": null, "building": null, "fixme": null, "wikidata": null, "addr:municipality": null, "staff_count:doctors": null, "staff_count:nurses": null, "barrier": "wall", "height": null, "capacity:beds": null, "healthcare:cholera": null, "landuse": null, "addr:postcode": null, "note": null, "wheelchair": null, "abandoned": null, "website": null }, "geometry": { "type": "Polygon", "coordinates": [ [ [ 1.2173604, 6.1603509 ], [ 1.2173706, 6.1600641 ], [ 1.2173789, 6.1597432 ], [ 1.2179869, 6.1597426 ], [ 1.2179692, 6.1603669 ], [ 1.2173604, 6.1603509 ] ] ] } },
{ "type": "Feature", "properties": { "element": "way", "id": 352969032, "amenity": "hospital", "name": "CMS ATIKOUME", "health_facility:type": null, "healthcare": "hospital", "operator": null, "operator:type": null, "source": null, "short_name": null, "source:date": null, "disused": null, "description": null, "phone": null, "name:fr": null, "name:en": null, "addr:street": null, "email": null, "opening_hours": null, "addr:city": null, "emergency": null, "healthcare:speciality": null, "building": null, "fixme": null, "wikidata": null, "addr:municipality": null, "staff_count:doctors": null, "staff_count:nurses": null, "barrier": null, "height": null, "capacity:beds": null, "healthcare:cholera": null, "landuse": null, "addr:postcode": null, "note": null, "wheelchair": null, "abandoned": null, "website": null }, "geometry": { "type": "Polygon", "coordinates": [ [ [ 1.2068309, 6.166471 ], [ 1.2071008, 6.1665267 ], [ 1.2070608, 6.1666176 ], [ 1.2073021, 6.1667627 ], [ 1.2077441, 6.165969 ], [ 1.2077269, 6.1659263 ], [ 1.2073461, 6.1657072 ], [ 1.2072703, 6.1658262 ], [ 1.2072189, 6.1657974 ], [ 1.2068309, 6.166471 ] ] ] } },
{ "type": "Feature", "properties": { "element": "way", "id": 353299309, "amenity": "hospital", "name": "Centre de santé de Tcharè-Baou", "health_facility:type": null, "healthcare": null, "operator": "Public", "operator:type": null, "source": null, "short_name": null, "source:date": null, "disused": null, "description": null, "phone": null, "name:fr": null, "name:en": null, "addr:street": null, "email": null, "opening_hours": null, "addr:city": null, "emergency": null, "healthcare:speciality": null, "building": null, "fixme": null, "wikidata": null, "addr:municipality": null, "staff_count:doctors": null, "staff_count:nurses": null, "barrier": null, "height": null, "capacity:beds": null, "healthcare:cholera": null, "landuse": null, "addr:postcode": null, "note": null, "wheelchair": null, "abandoned": null, "website": null }, "geometry": { "type": "Polygon", "coordinates": [ [ [ 1.0142218, 8.064001 ], [ 1.0142124, 8.0639009 ], [ 1.0144753, 8.0638766 ], [ 1.0144848, 8.0639766 ], [ 1.0143621, 8.063988 ], [ 1.0142218, 8.064001 ] ] ] } },
{ "type": "Feature", "properties": { "element": "way", "id": 358654376, "amenity": "hospital", "name": "Diepensaire de Kouma Apoti", "health_facility:type": null, "healthcare": null, "operator": null, "operator:type": "government", "source": "bing;survey", "short_name": null, "source:date": null, "disused": "yes", "description": null, "phone": null, "name:fr": null, "name:en": null, "addr:street": null, "email": null, "opening_hours": null, "addr:city": null, "emergency": null, "healthcare:speciality": null, "building": "hospital", "fixme": null, "wikidata": null, "addr:municipality": null, "staff_count:doctors": null, "staff_count:nurses": null, "barrier": null, "height": null, "capacity:beds": "8", "healthcare:cholera": "no", "landuse": null, "addr:postcode": null, "note": null, "wheelchair": null, "abandoned": null, "website": null }, "geometry": { "type": "Polygon", "coordinates": [ [ [ 0.5613816, 6.9839192 ], [ 0.5615542, 6.9838139 ], [ 0.5614767, 6.9836887 ], [ 0.5613041, 6.983794 ], [ 0.5613816, 6.9839192 ] ] ] } },
{ "type": "Feature", "properties": { "element": "way", "id": 371154699, "amenity": "hospital", "name": "Hopital de Bethesda", "health_facility:type": null, "healthcare": "hospital", "operator": null, "operator:type": null, "source": null, "short_name": null, "source:date": null, "disused": null, "description": null, "phone": null, "name:fr": "Hopital de Bethesda", "name:en": null, "addr:street": null, "email": null, "opening_hours": null, "addr:city": null, "emergency": null, "healthcare:speciality": null, "building": null, "fixme": null, "wikidata": null, "addr:municipality": null, "staff_count:doctors": null, "staff_count:nurses": null, "barrier": null, "height": null, "capacity:beds": null, "healthcare:cholera": null, "landuse": null, "addr:postcode": null, "note": null, "wheelchair": null, "abandoned": null, "website": null }, "geometry": { "type": "Polygon", "coordinates": [ [ [ 0.726637, 6.8843382 ], [ 0.7259304, 6.8844706 ], [ 0.7265474, 6.8831111 ], [ 0.7269006, 6.884098 ], [ 0.7267006, 6.8839157 ], [ 0.7265137, 6.8841247 ], [ 0.726637, 6.8843382 ] ] ] } },
{ "type": "Feature", "properties": { "element": "way", "id": 379735527, "amenity": "hospital", "name": "CNTS", "health_facility:type": null, "healthcare": "hospital", "operator": null, "operator:type": null, "source": null, "short_name": null, "source:date": null, "disused": null, "description": null, "phone": null, "name:fr": null, "name:en": null, "addr:street": null, "email": null, "opening_hours": null, "addr:city": null, "emergency": null, "healthcare:speciality": null, "building": null, "fixme": null, "wikidata": null, "addr:municipality": null, "staff_count:doctors": null, "staff_count:nurses": null, "barrier": null, "height": null, "capacity:beds": null, "healthcare:cholera": null, "landuse": null, "addr:postcode": null, "note": null, "wheelchair": null, "abandoned": null, "website": null }, "geometry": { "type": "Polygon", "coordinates": [ [ [ 1.2174746, 6.1592374 ], [ 1.2175304, 6.1592375 ], [ 1.2176051, 6.1592377 ], [ 1.2176052, 6.159188 ], [ 1.2179204, 6.1591886 ], [ 1.2179192, 6.1597413 ], [ 1.2174004, 6.1597402 ], [ 1.217401, 6.159486 ], [ 1.2174302, 6.1594861 ], [ 1.2174307, 6.1592754 ], [ 1.2174746, 6.1592755 ], [ 1.2174746, 6.1592374 ] ] ] } },
{ "type": "Feature", "properties": { "element": "way", "id": 402937795, "amenity": "hospital", "name": "Pharmacy", "health_facility:type": null, "healthcare": null, "operator": null, "operator:type": null, "source": null, "short_name": null, "source:date": null, "disused": null, "description": null, "phone": null, "name:fr": null, "name:en": null, "addr:street": null, "email": null, "opening_hours": null, "addr:city": null, "emergency": null, "healthcare:speciality": null, "building": null, "fixme": null, "wikidata": null, "addr:municipality": null, "staff_count:doctors": null, "staff_count:nurses": null, "barrier": null, "height": null, "capacity:beds": null, "healthcare:cholera": null, "landuse": null, "addr:postcode": null, "note": null, "wheelchair": null, "abandoned": null, "website": null }, "geometry": { "type": "Polygon", "coordinates": [ [ [ 0.8085398, 9.4600388 ], [ 0.808634, 9.460252 ], [ 0.8087194, 9.4602153 ], [ 0.8086252, 9.4600021 ], [ 0.8085398, 9.4600388 ] ] ] } },
{ "type": "Feature", "properties": { "element": "way", "id": 409394924, "amenity": "hospital", "name": "Hôpital Saint-Joseph", "health_facility:type": null, "healthcare": "hospital", "operator": null, "operator:type": null, "source": "survey", "short_name": null, "source:date": null, "disused": null, "description": null, "phone": null, "name:fr": null, "name:en": null, "addr:street": null, "email": null, "opening_hours": null, "addr:city": null, "emergency": null, "healthcare:speciality": null, "building": null, "fixme": null, "wikidata": null, "addr:municipality": null, "staff_count:doctors": null, "staff_count:nurses": null, "barrier": null, "height": null, "capacity:beds": null, "healthcare:cholera": null, "landuse": null, "addr:postcode": null, "note": null, "wheelchair": null, "abandoned": null, "website": null }, "geometry": { "type": "Polygon", "coordinates": [ [ [ 1.1514056, 7.4358132 ], [ 1.1544474, 7.4342791 ], [ 1.1542446, 7.4315511 ], [ 1.1503062, 7.4311918 ], [ 1.1514056, 7.4358132 ] ] ] } },
{ "type": "Feature", "properties": { "element": "way", "id": 412119031, "amenity": "hospital", "name": "Hôpital de Bè", "health_facility:type": null, "healthcare": "hospital", "operator": null, "operator:type": null, "source": null, "short_name": null, "source:date": null, "disused": null, "description": null, "phone": null, "name:fr": null, "name:en": null, "addr:street": null, "email": null, "opening_hours": null, "addr:city": null, "emergency": null, "healthcare:speciality": null, "building": null, "fixme": null, "wikidata": null, "addr:municipality": null, "staff_count:doctors": null, "staff_count:nurses": null, "barrier": null, "height": null, "capacity:beds": null, "healthcare:cholera": null, "landuse": null, "addr:postcode": null, "note": null, "wheelchair": null, "abandoned": null, "website": null }, "geometry": { "type": "Polygon", "coordinates": [ [ [ 1.2464786, 6.1411119 ], [ 1.2461091, 6.1408114 ], [ 1.246415, 6.1404398 ], [ 1.2466022, 6.140592 ], [ 1.2465038, 6.1407115 ], [ 1.2466861, 6.1408598 ], [ 1.2464786, 6.1411119 ] ] ] } },
{ "type": "Feature", "properties": { "element": "way", "id": 452702169, "amenity": "hospital", "name": "USP Alibi II;Les salles de maternité", "health_facility:type": null, "healthcare": "hospital", "operator": null, "operator:type": null, "source": null, "short_name": null, "source:date": null, "disused": null, "description": null, "phone": null, "name:fr": null, "name:en": "Maternity ward", "addr:street": null, "email": null, "opening_hours": null, "addr:city": null, "emergency": null, "healthcare:speciality": null, "building": null, "fixme": null, "wikidata": null, "addr:municipality": null, "staff_count:doctors": null, "staff_count:nurses": null, "barrier": null, "height": null, "capacity:beds": null, "healthcare:cholera": null, "landuse": null, "addr:postcode": null, "note": null, "wheelchair": null, "abandoned": null, "website": null }, "geometry": { "type": "Polygon", "coordinates": [ [ [ 1.303573, 8.9635691 ], [ 1.3039852, 8.9635823 ], [ 1.3039949, 8.9632857 ], [ 1.3035827, 8.9632725 ], [ 1.303573, 8.9635691 ] ] ] } },
{ "type": "Feature", "properties": { "element": "way", "id": 480952907, "amenity": "hospital", "name": "PHARMACIE KEGUE", "health_facility:type": null, "healthcare": "hospital", "operator": null, "operator:type": null, "source": null, "short_name": null, "source:date": null, "disused": null, "description": null, "phone": null, "name:fr": null, "name:en": null, "addr:street": null, "email": null, "opening_hours": null, "addr:city": null, "emergency": null, "healthcare:speciality": null, "building": null, "fixme": null, "wikidata": null, "addr:municipality": null, "staff_count:doctors": null, "staff_count:nurses": null, "barrier": null, "height": null, "capacity:beds": null, "healthcare:cholera": null, "landuse": null, "addr:postcode": null, "note": null, "wheelchair": null, "abandoned": null, "website": null }, "geometry": { "type": "Polygon", "coordinates": [ [ [ 1.2413852, 6.2094594 ], [ 1.2413764, 6.2092908 ], [ 1.2415273, 6.2092829 ], [ 1.2415361, 6.2094515 ], [ 1.2413852, 6.2094594 ] ] ] } },
{ "type": "Feature", "properties": { "element": "way", "id": 489797830, "amenity": "hospital", "name": "USP Alibi", "health_facility:type": null, "healthcare": "hospital", "operator": null, "operator:type": null, "source": null, "short_name": null, "source:date": null, "disused": null, "description": null, "phone": null, "name:fr": null, "name:en": null, "addr:street": null, "email": null, "opening_hours": null, "addr:city": null, "emergency": null, "healthcare:speciality": null, "building": "hospital", "fixme": null, "wikidata": null, "addr:municipality": null, "staff_count:doctors": null, "staff_count:nurses": null, "barrier": null, "height": null, "capacity:beds": null, "healthcare:cholera": null, "landuse": null, "addr:postcode": null, "note": null, "wheelchair": null, "abandoned": null, "website": null }, "geometry": { "type": "Polygon", "coordinates": [ [ [ 1.4175606, 8.9459281 ], [ 1.4176642, 8.9459539 ], [ 1.417689, 8.9458565 ], [ 1.4175854, 8.9458308 ], [ 1.4175606, 8.9459281 ] ] ] } },
{ "type": "Feature", "properties": { "element": "way", "id": 507790630, "amenity": "hospital", "name": "Ospedale Suore della Divina Misericordia", "health_facility:type": null, "healthcare": null, "operator": null, "operator:type": null, "source": null, "short_name": null, "source:date": null, "disused": null, "description": null, "phone": null, "name:fr": null, "name:en": null, "addr:street": null, "email": null, "opening_hours": null, "addr:city": null, "emergency": null, "healthcare:speciality": null, "building": null, "fixme": null, "wikidata": null, "addr:municipality": null, "staff_count:doctors": null, "staff_count:nurses": null, "barrier": null, "height": null, "capacity:beds": null, "healthcare:cholera": null, "landuse": null, "addr:postcode": null, "note": null, "wheelchair": null, "abandoned": null, "website": null }, "geometry": { "type": "Polygon", "coordinates": [ [ [ 1.4088526, 6.656264 ], [ 1.4117651, 6.6567722 ], [ 1.4121417, 6.6568281 ], [ 1.4123931, 6.6568394 ], [ 1.4126828, 6.6551024 ], [ 1.4127859, 6.6542043 ], [ 1.4127925, 6.6541465 ], [ 1.41188, 6.6540618 ], [ 1.4117175, 6.6540423 ], [ 1.4103647, 6.653818 ], [ 1.4091745, 6.6537703 ], [ 1.4088741, 6.6561467 ], [ 1.4088526, 6.656264 ] ] ] } },
{ "type": "Feature", "properties": { "element": "way", "id": 519010871, "amenity": "hospital", "name": "CHU Kara", "health_facility:type": null, "healthcare": "hospital", "operator": null, "operator:type": null, "source": null, "short_name": null, "source:date": null, "disused": null, "description": null, "phone": null, "name:fr": null, "name:en": null, "addr:street": null, "email": null, "opening_hours": null, "addr:city": null, "emergency": null, "healthcare:speciality": null, "building": null, "fixme": null, "wikidata": null, "addr:municipality": null, "staff_count:doctors": null, "staff_count:nurses": null, "barrier": null, "height": null, "capacity:beds": null, "healthcare:cholera": null, "landuse": null, "addr:postcode": null, "note": null, "wheelchair": null, "abandoned": null, "website": null }, "geometry": { "type": "Polygon", "coordinates": [ [ [ 1.1831787, 9.5561253 ], [ 1.1831732, 9.5559972 ], [ 1.1830708, 9.5560015 ], [ 1.1830689, 9.5559576 ], [ 1.1827376, 9.5559715 ], [ 1.1827395, 9.5560154 ], [ 1.1826613, 9.5560187 ], [ 1.1826668, 9.5561468 ], [ 1.1827094, 9.556145 ], [ 1.1827083, 9.5561215 ], [ 1.1827354, 9.5561204 ], [ 1.1827337, 9.5560801 ], [ 1.1829723, 9.5560701 ], [ 1.1830999, 9.5560647 ], [ 1.1831016, 9.556105 ], [ 1.1831348, 9.5561036 ], [ 1.1831358, 9.5561271 ], [ 1.1831565, 9.5561262 ], [ 1.1831787, 9.5561253 ] ] ] } },
{ "type": "Feature", "properties": { "element": "way", "id": 543135447, "amenity": "hospital", "name": "Centre Saint Louis Orione de Bombouaka", "health_facility:type": null, "healthcare": "hospital", "operator": "Congrégation Don Orione", "operator:type": null, "source": null, "short_name": null, "source:date": null, "disused": null, "description": null, "phone": null, "name:fr": null, "name:en": null, "addr:street": null, "email": null, "opening_hours": null, "addr:city": null, "emergency": null, "healthcare:speciality": "internal;orthopaedics;radiology", "building": null, "fixme": null, "wikidata": null, "addr:municipality": null, "staff_count:doctors": null, "staff_count:nurses": null, "barrier": null, "height": null, "capacity:beds": null, "healthcare:cholera": null, "landuse": null, "addr:postcode": null, "note": null, "wheelchair": null, "abandoned": null, "website": null }, "geometry": { "type": "Polygon", "coordinates": [ [ [ 0.2085411, 10.6942959 ], [ 0.2089981, 10.6942934 ], [ 0.2092384, 10.6942386 ], [ 0.2099263, 10.6938663 ], [ 0.2104743, 10.6937976 ], [ 0.2105443, 10.693093 ], [ 0.21076, 10.6925545 ], [ 0.2114946, 10.6920289 ], [ 0.2108999, 10.691615 ], [ 0.2102877, 10.6918671 ], [ 0.2090285, 10.6915463 ], [ 0.2085411, 10.6942959 ] ] ] } },
{ "type": "Feature", "properties": { "element": "way", "id": 545103153, "amenity": "hospital", "name": "Dispensaire", "health_facility:type": null, "healthcare": "hospital", "operator": null, "operator:type": null, "source": null, "short_name": null, "source:date": null, "disused": null, "description": null, "phone": null, "name:fr": null, "name:en": null, "addr:street": null, "email": null, "opening_hours": null, "addr:city": null, "emergency": null, "healthcare:speciality": null, "building": null, "fixme": null, "wikidata": null, "addr:municipality": null, "staff_count:doctors": null, "staff_count:nurses": null, "barrier": null, "height": null, "capacity:beds": null, "healthcare:cholera": null, "landuse": null, "addr:postcode": null, "note": null, "wheelchair": null, "abandoned": null, "website": null }, "geometry": { "type": "Polygon", "coordinates": [ [ [ 0.9066128, 6.7501417 ], [ 0.9066954, 6.750235 ], [ 0.9068027, 6.7501412 ], [ 0.9067201, 6.750048 ], [ 0.9066128, 6.7501417 ] ] ] } },
{ "type": "Feature", "properties": { "element": "way", "id": 656857339, "amenity": "hospital", "name": "DISPENSAIRE DE KOLOGAN", "health_facility:type": null, "healthcare": "hospital", "operator": null, "operator:type": null, "source": null, "short_name": null, "source:date": null, "disused": null, "description": null, "phone": null, "name:fr": null, "name:en": "Kologan Dispensary", "addr:street": null, "email": null, "opening_hours": null, "addr:city": "Kologon", "emergency": null, "healthcare:speciality": null, "building": null, "fixme": null, "wikidata": null, "addr:municipality": null, "staff_count:doctors": null, "staff_count:nurses": null, "barrier": null, "height": null, "capacity:beds": null, "healthcare:cholera": null, "landuse": null, "addr:postcode": null, "note": null, "wheelchair": null, "abandoned": null, "website": null }, "geometry": { "type": "Polygon", "coordinates": [ [ [ 0.9154503, 6.8082498 ], [ 0.9155407, 6.8082406 ], [ 0.9155236, 6.8080742 ], [ 0.9154332, 6.8080833 ], [ 0.9154503, 6.8082498 ] ] ] } },
{ "type": "Feature", "properties": { "element": "way", "id": 744867415, "amenity": "hospital", "name": null, "health_facility:type": null, "healthcare": null, "operator": null, "operator:type": null, "source": null, "short_name": null, "source:date": null, "disused": null, "description": null, "phone": null, "name:fr": null, "name:en": null, "addr:street": null, "email": null, "opening_hours": null, "addr:city": null, "emergency": null, "healthcare:speciality": null, "building": "yes", "fixme": null, "wikidata": null, "addr:municipality": null, "staff_count:doctors": null, "staff_count:nurses": null, "barrier": null, "height": null, "capacity:beds": null, "healthcare:cholera": null, "landuse": null, "addr:postcode": null, "note": null, "wheelchair": null, "abandoned": null, "website": null }, "geometry": { "type": "Polygon", "coordinates": [ [ [ 1.184609, 9.583238 ], [ 1.1847183, 9.5832618 ], [ 1.1847342, 9.5831908 ], [ 1.1846249, 9.583167 ], [ 1.184609, 9.583238 ] ] ] } },
{ "type": "Feature", "properties": { "element": "way", "id": 759372112, "amenity": "hospital", "name": "Hôpital de l'Espérance", "health_facility:type": null, "healthcare": "hospital", "operator": null, "operator:type": null, "source": null, "short_name": null, "source:date": null, "disused": null, "description": "Cette suface est approximative.", "phone": null, "name:fr": "Hôpital de l'Espérance", "name:en": null, "addr:street": null, "email": null, "opening_hours": null, "addr:city": null, "emergency": null, "healthcare:speciality": null, "building": null, "fixme": null, "wikidata": null, "addr:municipality": null, "staff_count:doctors": null, "staff_count:nurses": null, "barrier": null, "height": null, "capacity:beds": null, "healthcare:cholera": null, "landuse": null, "addr:postcode": null, "note": null, "wheelchair": null, "abandoned": null, "website": null }, "geometry": { "type": "Polygon", "coordinates": [ [ [ 0.4742476, 10.3708938 ], [ 0.4751733, 10.3709448 ], [ 0.4751756, 10.3693777 ], [ 0.4798228, 10.3698582 ], [ 0.4798414, 10.3704615 ], [ 0.4798634, 10.3737151 ], [ 0.4742824, 10.3736065 ], [ 0.4742584, 10.3721761 ], [ 0.4743486, 10.37218 ], [ 0.4743529, 10.3720824 ], [ 0.47436, 10.3719218 ], [ 0.4743657, 10.3717908 ], [ 0.474195, 10.3717835 ], [ 0.4742476, 10.3708938 ] ] ] } },
{ "type": "Feature", "properties": { "element": "way", "id": 800718203, "amenity": "hospital", "name": "Dispensaire", "health_facility:type": null, "healthcare": "hospital", "operator": null, "operator:type": null, "source": null, "short_name": null, "source:date": null, "disused": null, "description": null, "phone": null, "name:fr": null, "name:en": null, "addr:street": null, "email": null, "opening_hours": null, "addr:city": null, "emergency": null, "healthcare:speciality": null, "building": null, "fixme": null, "wikidata": null, "addr:municipality": null, "staff_count:doctors": null, "staff_count:nurses": null, "barrier": null, "height": null, "capacity:beds": null, "healthcare:cholera": null, "landuse": null, "addr:postcode": null, "note": null, "wheelchair": null, "abandoned": null, "website": null }, "geometry": { "type": "Polygon", "coordinates": [ [ [ 0.3087849, 10.9081664 ], [ 0.3080205, 10.9081374 ], [ 0.30805, 10.9076422 ], [ 0.308337, 10.9072077 ], [ 0.3086857, 10.907205 ], [ 0.30875, 10.9076949 ], [ 0.3087849, 10.9081664 ] ] ] } },
{ "type": "Feature", "properties": { "element": "way", "id": 800718607, "amenity": "hospital", "name": "CMS Adabawéré", "health_facility:type": null, "healthcare": "hospital", "operator": null, "operator:type": null, "source": null, "short_name": null, "source:date": null, "disused": null, "description": null, "phone": null, "name:fr": null, "name:en": null, "addr:street": null, "email": null, "opening_hours": null, "addr:city": null, "emergency": null, "healthcare:speciality": null, "building": null, "fixme": null, "wikidata": null, "addr:municipality": null, "staff_count:doctors": null, "staff_count:nurses": null, "barrier": null, "height": null, "capacity:beds": null, "healthcare:cholera": null, "landuse": "healthcare", "addr:postcode": null, "note": null, "wheelchair": null, "abandoned": null, "website": null }, "geometry": { "type": "Polygon", "coordinates": [ [ [ 1.1678878, 9.5464285 ], [ 1.1687088, 9.5467351 ], [ 1.1687451, 9.5467097 ], [ 1.1686492, 9.5457264 ], [ 1.1677963, 9.5458507 ], [ 1.1678878, 9.5464285 ] ] ] } },
{ "type": "Feature", "properties": { "element": "way", "id": 800718845, "amenity": "hospital", "name": "A T B E F", "health_facility:type": null, "healthcare": "hospital", "operator": null, "operator:type": null, "source": null, "short_name": null, "source:date": null, "disused": null, "description": null, "phone": null, "name:fr": null, "name:en": null, "addr:street": null, "email": null, "opening_hours": null, "addr:city": null, "emergency": null, "healthcare:speciality": null, "building": null, "fixme": null, "wikidata": null, "addr:municipality": null, "staff_count:doctors": null, "staff_count:nurses": null, "barrier": null, "height": null, "capacity:beds": null, "healthcare:cholera": null, "landuse": null, "addr:postcode": null, "note": null, "wheelchair": null, "abandoned": null, "website": null }, "geometry": { "type": "Polygon", "coordinates": [ [ [ 1.1795974, 9.5475497 ], [ 1.1794407, 9.5472424 ], [ 1.1796876, 9.54712 ], [ 1.1797105, 9.5471649 ], [ 1.1797421, 9.5471493 ], [ 1.1798759, 9.5474116 ], [ 1.1795974, 9.5475497 ] ] ] } },
{ "type": "Feature", "properties": { "element": "way", "id": 800718979, "amenity": "hospital", "name": null, "health_facility:type": null, "healthcare": "hospital", "operator": null, "operator:type": null, "source": null, "short_name": null, "source:date": null, "disused": null, "description": null, "phone": null, "name:fr": null, "name:en": null, "addr:street": null, "email": null, "opening_hours": null, "addr:city": null, "emergency": null, "healthcare:speciality": null, "building": null, "fixme": null, "wikidata": null, "addr:municipality": null, "staff_count:doctors": null, "staff_count:nurses": null, "barrier": null, "height": null, "capacity:beds": null, "healthcare:cholera": null, "landuse": null, "addr:postcode": null, "note": null, "wheelchair": null, "abandoned": null, "website": null }, "geometry": { "type": "Polygon", "coordinates": [ [ [ 1.1804756, 9.5730643 ], [ 1.1807898, 9.5723867 ], [ 1.1812746, 9.5726052 ], [ 1.1809605, 9.5732828 ], [ 1.1804756, 9.5730643 ] ] ] } },
{ "type": "Feature", "properties": { "element": "way", "id": 800719555, "amenity": "hospital", "name": "Polyclinique", "health_facility:type": null, "healthcare": "hospital", "operator": null, "operator:type": null, "source": null, "short_name": null, "source:date": null, "disused": null, "description": null, "phone": null, "name:fr": null, "name:en": null, "addr:street": null, "email": null, "opening_hours": null, "addr:city": null, "emergency": null, "healthcare:speciality": null, "building": null, "fixme": null, "wikidata": null, "addr:municipality": null, "staff_count:doctors": null, "staff_count:nurses": null, "barrier": null, "height": null, "capacity:beds": null, "healthcare:cholera": null, "landuse": null, "addr:postcode": null, "note": null, "wheelchair": null, "abandoned": null, "website": null }, "geometry": { "type": "Polygon", "coordinates": [ [ [ 1.1394219, 8.9817856 ], [ 1.1391915, 8.9819316 ], [ 1.138545, 8.9814323 ], [ 1.139023, 8.9810756 ], [ 1.1392637, 8.9814323 ], [ 1.1394219, 8.9817856 ] ] ] } },
{ "type": "Feature", "properties": { "element": "way", "id": 800719819, "amenity": "hospital", "name": "Hopital Anna Maria", "health_facility:type": null, "healthcare": "hospital", "operator": null, "operator:type": null, "source": "Bing;survey", "short_name": null, "source:date": null, "disused": null, "description": null, "phone": null, "name:fr": null, "name:en": null, "addr:street": null, "email": null, "opening_hours": null, "addr:city": null, "emergency": null, "healthcare:speciality": null, "building": null, "fixme": null, "wikidata": null, "addr:municipality": null, "staff_count:doctors": null, "staff_count:nurses": null, "barrier": null, "height": null, "capacity:beds": null, "healthcare:cholera": null, "landuse": null, "addr:postcode": null, "note": null, "wheelchair": null, "abandoned": null, "website": null }, "geometry": { "type": "Polygon", "coordinates": [ [ [ 1.1491603, 7.5265018 ], [ 1.1477019, 7.5264532 ], [ 1.1476799, 7.5264324 ], [ 1.147663, 7.5261098 ], [ 1.1489065, 7.5256968 ], [ 1.1491697, 7.5264767 ], [ 1.1491603, 7.5265018 ] ] ] } },
{ "type": "Feature", "properties": { "element": "way", "id": 800719951, "amenity": "hospital", "name": "Dispensaire de Kpimé-Hloma", "health_facility:type": null, "healthcare": "hospital", "operator": null, "operator:type": "government", "source": "survey", "short_name": null, "source:date": null, "disused": null, "description": null, "phone": null, "name:fr": null, "name:en": null, "addr:street": null, "email": null, "opening_hours": null, "addr:city": null, "emergency": null, "healthcare:speciality": null, "building": null, "fixme": null, "wikidata": null, "addr:municipality": null, "staff_count:doctors": null, "staff_count:nurses": null, "barrier": null, "height": null, "capacity:beds": null, "healthcare:cholera": null, "landuse": null, "addr:postcode": null, "note": null, "wheelchair": null, "abandoned": null, "website": null }, "geometry": { "type": "Polygon", "coordinates": [ [ [ 0.6509525, 6.9744728 ], [ 0.6511281, 6.974614 ], [ 0.6510227, 6.9747186 ], [ 0.6509045, 6.9747479 ], [ 0.6508047, 6.974614 ], [ 0.6509525, 6.9744728 ] ] ] } },
{ "type": "Feature", "properties": { "element": "way", "id": 800720197, "amenity": "hospital", "name": "St. Luke's Hospital", "health_facility:type": null, "healthcare": "hospital", "operator": null, "operator:type": null, "source": null, "short_name": null, "source:date": null, "disused": null, "description": null, "phone": null, "name:fr": null, "name:en": null, "addr:street": null, "email": null, "opening_hours": null, "addr:city": null, "emergency": null, "healthcare:speciality": null, "building": null, "fixme": null, "wikidata": null, "addr:municipality": null, "staff_count:doctors": null, "staff_count:nurses": null, "barrier": null, "height": null, "capacity:beds": null, "healthcare:cholera": null, "landuse": null, "addr:postcode": null, "note": null, "wheelchair": null, "abandoned": null, "website": null }, "geometry": { "type": "Polygon", "coordinates": [ [ [ 0.9647165, 8.1871446 ], [ 0.9629541, 8.1866109 ], [ 0.9624448, 8.1857905 ], [ 0.9636231, 8.1853655 ], [ 0.9638727, 8.1850147 ], [ 0.9639975, 8.1850245 ], [ 0.9642771, 8.1854397 ], [ 0.964347, 8.1853606 ], [ 0.9644069, 8.1850888 ], [ 0.9648213, 8.1850344 ], [ 0.9649362, 8.1850245 ], [ 0.9656701, 8.1859042 ], [ 0.9651958, 8.1863242 ], [ 0.9651608, 8.1866801 ], [ 0.9647165, 8.1871446 ] ] ] } },
{ "type": "Feature", "properties": { "element": "way", "id": 800720423, "amenity": "hospital", "name": "Maternité", "health_facility:type": null, "healthcare": "hospital", "operator": null, "operator:type": null, "source": "bing;survey", "short_name": null, "source:date": null, "disused": null, "description": null, "phone": null, "name:fr": null, "name:en": null, "addr:street": null, "email": null, "opening_hours": null, "addr:city": null, "emergency": null, "healthcare:speciality": null, "building": null, "fixme": null, "wikidata": null, "addr:municipality": null, "staff_count:doctors": null, "staff_count:nurses": null, "barrier": null, "height": null, "capacity:beds": null, "healthcare:cholera": null, "landuse": null, "addr:postcode": null, "note": null, "wheelchair": null, "abandoned": null, "website": null }, "geometry": { "type": "Polygon", "coordinates": [ [ [ 0.6592199, 6.9349692 ], [ 0.6589218, 6.9351017 ], [ 0.6587542, 6.93473 ], [ 0.6590522, 6.9345975 ], [ 0.6592199, 6.9349692 ] ] ] } },
{ "type": "Feature", "properties": { "element": "way", "id": 800729506, "amenity": "hospital", "name": "Dispensaire de l'Habitat", "health_facility:type": null, "healthcare": "hospital", "operator": null, "operator:type": null, "source": null, "short_name": null, "source:date": null, "disused": null, "description": null, "phone": null, "name:fr": null, "name:en": null, "addr:street": null, "email": null, "opening_hours": null, "addr:city": null, "emergency": null, "healthcare:speciality": null, "building": null, "fixme": null, "wikidata": null, "addr:municipality": null, "staff_count:doctors": null, "staff_count:nurses": null, "barrier": null, "height": null, "capacity:beds": null, "healthcare:cholera": null, "landuse": null, "addr:postcode": null, "note": null, "wheelchair": null, "abandoned": null, "website": null }, "geometry": { "type": "Polygon", "coordinates": [ [ [ 1.5726022, 6.2240925 ], [ 1.5721604, 6.2240164 ], [ 1.5722227, 6.2236586 ], [ 1.5726645, 6.2237345 ], [ 1.5726022, 6.2240925 ] ] ] } },
{ "type": "Feature", "properties": { "element": "way", "id": 800729997, "amenity": "hospital", "name": "CMS Siloah", "health_facility:type": null, "healthcare": "hospital", "operator": null, "operator:type": null, "source": null, "short_name": null, "source:date": null, "disused": null, "description": null, "phone": null, "name:fr": null, "name:en": null, "addr:street": null, "email": null, "opening_hours": null, "addr:city": null, "emergency": null, "healthcare:speciality": null, "building": null, "fixme": null, "wikidata": null, "addr:municipality": null, "staff_count:doctors": null, "staff_count:nurses": null, "barrier": null, "height": null, "capacity:beds": null, "healthcare:cholera": null, "landuse": null, "addr:postcode": null, "note": null, "wheelchair": null, "abandoned": null, "website": null }, "geometry": { "type": "Polygon", "coordinates": [ [ [ 0.8146552, 7.3156633 ], [ 0.8149741, 7.3156871 ], [ 0.8149919, 7.3154514 ], [ 0.8147782, 7.315296 ], [ 0.8146836, 7.315289 ], [ 0.8146552, 7.3156633 ] ] ] } },
{ "type": "Feature", "properties": { "element": "way", "id": 800730219, "amenity": "hospital", "name": "CMS Baguida", "health_facility:type": null, "healthcare": "hospital", "operator": null, "operator:type": null, "source": "bing;survey", "short_name": null, "source:date": null, "disused": null, "description": null, "phone": null, "name:fr": null, "name:en": null, "addr:street": null, "email": null, "opening_hours": null, "addr:city": null, "emergency": null, "healthcare:speciality": null, "building": null, "fixme": null, "wikidata": null, "addr:municipality": null, "staff_count:doctors": null, "staff_count:nurses": null, "barrier": null, "height": null, "capacity:beds": null, "healthcare:cholera": null, "landuse": null, "addr:postcode": null, "note": null, "wheelchair": null, "abandoned": null, "website": null }, "geometry": { "type": "Polygon", "coordinates": [ [ [ 1.3253926, 6.170236 ], [ 1.3253679, 6.170223 ], [ 1.3253504, 6.1699476 ], [ 1.3253679, 6.169923 ], [ 1.3257163, 6.1699186 ], [ 1.3257258, 6.1700751 ], [ 1.3257294, 6.1701346 ], [ 1.3256842, 6.1701969 ], [ 1.3253926, 6.170236 ] ] ] } },
{ "type": "Feature", "properties": { "element": "way", "id": 800730648, "amenity": "hospital", "name": "Centre Hopitalier Préfectoral de SOTOUBOUA", "health_facility:type": "CHP", "healthcare": "hospital", "operator": null, "operator:type": "public", "source": "Bing; Survey", "short_name": null, "source:date": null, "disused": null, "description": null, "phone": null, "name:fr": null, "name:en": null, "addr:street": null, "email": null, "opening_hours": null, "addr:city": null, "emergency": null, "healthcare:speciality": null, "building": null, "fixme": null, "wikidata": null, "addr:municipality": null, "staff_count:doctors": null, "staff_count:nurses": null, "barrier": null, "height": null, "capacity:beds": null, "healthcare:cholera": null, "landuse": null, "addr:postcode": null, "note": null, "wheelchair": null, "abandoned": null, "website": null }, "geometry": { "type": "Polygon", "coordinates": [ [ [ 0.9777175, 8.5578112 ], [ 0.9767868, 8.5559612 ], [ 0.9767948, 8.5559069 ], [ 0.9776625, 8.5553366 ], [ 0.9787273, 8.5546496 ], [ 0.9789956, 8.5555594 ], [ 0.9793147, 8.5568856 ], [ 0.9793349, 8.556924 ], [ 0.9793697, 8.5570301 ], [ 0.9794515, 8.5573113 ], [ 0.9793925, 8.5573444 ], [ 0.9777698, 8.5578351 ], [ 0.9777175, 8.5578112 ] ] ] } },
{ "type": "Feature", "properties": { "element": "way", "id": 800730828, "amenity": "hospital", "name": "Hôpital St Gothard de Dedome", "health_facility:type": null, "healthcare": "hospital", "operator": null, "operator:type": null, "source": "Survey", "short_name": null, "source:date": null, "disused": null, "description": null, "phone": "+228 23 35 82 49", "name:fr": null, "name:en": null, "addr:street": null, "email": null, "opening_hours": null, "addr:city": "Dédome", "emergency": "yes", "healthcare:speciality": null, "building": null, "fixme": null, "wikidata": null, "addr:municipality": null, "staff_count:doctors": null, "staff_count:nurses": null, "barrier": null, "height": null, "capacity:beds": null, "healthcare:cholera": null, "landuse": null, "addr:postcode": "BP414", "note": "Médecine Générale, Pédiatrie, gynécologie, Laboratoirere, Obstétrique, Chirurgie générale, Chirurgie plastique, Chirurgie de main Ophtalmologie, Laboratoire, Radiologie, Echographie, ECC, Pharmacie, Morgue Email: hopitalsaintgothard@gmail.com", "wheelchair": "yes", "abandoned": null, "website": null }, "geometry": { "type": "Polygon", "coordinates": [ [ [ 0.9829327, 7.5032468 ], [ 0.9825804, 7.5031658 ], [ 0.9826345, 7.5028562 ], [ 0.982762, 7.5023275 ], [ 0.9831239, 7.5024053 ], [ 0.9830032, 7.5029289 ], [ 0.9829781, 7.5029467 ], [ 0.9829327, 7.5032468 ] ] ] } },
{ "type": "Feature", "properties": { "element": "way", "id": 800730907, "amenity": "hospital", "name": "CMS centre medico-social", "health_facility:type": null, "healthcare": "hospital", "operator": null, "operator:type": null, "source": null, "short_name": null, "source:date": null, "disused": null, "description": null, "phone": null, "name:fr": null, "name:en": null, "addr:street": null, "email": null, "opening_hours": null, "addr:city": null, "emergency": null, "healthcare:speciality": null, "building": null, "fixme": null, "wikidata": null, "addr:municipality": null, "staff_count:doctors": null, "staff_count:nurses": null, "barrier": null, "height": null, "capacity:beds": null, "healthcare:cholera": null, "landuse": null, "addr:postcode": null, "note": null, "wheelchair": null, "abandoned": null, "website": null }, "geometry": { "type": "Polygon", "coordinates": [ [ [ 1.1933292, 6.2421094 ], [ 1.1931481, 6.2418266 ], [ 1.1937685, 6.2414338 ], [ 1.1939497, 6.2417168 ], [ 1.1933292, 6.2421094 ] ] ] } },
{ "type": "Feature", "properties": { "element": "way", "id": 800731135, "amenity": "hospital", "name": "hôpitale du CAMP FIR", "health_facility:type": null, "healthcare": "hospital", "operator": null, "operator:type": null, "source": null, "short_name": null, "source:date": null, "disused": null, "description": null, "phone": null, "name:fr": null, "name:en": null, "addr:street": null, "email": null, "opening_hours": null, "addr:city": null, "emergency": null, "healthcare:speciality": null, "building": null, "fixme": null, "wikidata": null, "addr:municipality": null, "staff_count:doctors": null, "staff_count:nurses": null, "barrier": null, "height": null, "capacity:beds": null, "healthcare:cholera": null, "landuse": null, "addr:postcode": null, "note": null, "wheelchair": null, "abandoned": null, "website": null }, "geometry": { "type": "Polygon", "coordinates": [ [ [ 1.1895295, 6.2465826 ], [ 1.189575, 6.2458282 ], [ 1.1901371, 6.2458617 ], [ 1.1900916, 6.246616 ], [ 1.1895295, 6.2465826 ] ] ] } },
{ "type": "Feature", "properties": { "element": "way", "id": 800737037, "amenity": "hospital", "name": "CMS", "health_facility:type": null, "healthcare": "hospital", "operator": null, "operator:type": null, "source": null, "short_name": null, "source:date": null, "disused": null, "description": "Centre médico social", "phone": null, "name:fr": null, "name:en": null, "addr:street": null, "email": null, "opening_hours": null, "addr:city": null, "emergency": null, "healthcare:speciality": null, "building": null, "fixme": null, "wikidata": null, "addr:municipality": null, "staff_count:doctors": null, "staff_count:nurses": null, "barrier": null, "height": null, "capacity:beds": null, "healthcare:cholera": null, "landuse": null, "addr:postcode": null, "note": null, "wheelchair": null, "abandoned": null, "website": null }, "geometry": { "type": "Polygon", "coordinates": [ [ [ 1.1792415, 6.1988846 ], [ 1.1792709, 6.1989161 ], [ 1.1791486, 6.1990286 ], [ 1.1791193, 6.1989971 ], [ 1.1792415, 6.1988846 ] ] ] } },
{ "type": "Feature", "properties": { "element": "way", "id": 800737591, "amenity": "hospital", "name": "Cabinet médical la grâce", "health_facility:type": null, "healthcare": "hospital", "operator": null, "operator:type": null, "source": null, "short_name": null, "source:date": null, "disused": null, "description": null, "phone": null, "name:fr": null, "name:en": null, "addr:street": null, "email": null, "opening_hours": null, "addr:city": null, "emergency": null, "healthcare:speciality": null, "building": null, "fixme": null, "wikidata": null, "addr:municipality": null, "staff_count:doctors": null, "staff_count:nurses": null, "barrier": null, "height": null, "capacity:beds": null, "healthcare:cholera": null, "landuse": null, "addr:postcode": null, "note": null, "wheelchair": null, "abandoned": null, "website": null }, "geometry": { "type": "Polygon", "coordinates": [ [ [ 1.260459, 6.1523027 ], [ 1.2605465, 6.1519749 ], [ 1.2607208, 6.1520209 ], [ 1.2606333, 6.1523487 ], [ 1.260459, 6.1523027 ] ] ] } },
{ "type": "Feature", "properties": { "element": "way", "id": 800738136, "amenity": "hospital", "name": "Hôpital Préfectoral de Vogan;CHP Vogan", "health_facility:type": null, "healthcare": "hospital", "operator": null, "operator:type": null, "source": null, "short_name": null, "source:date": null, "disused": null, "description": null, "phone": null, "name:fr": null, "name:en": null, "addr:street": null, "email": null, "opening_hours": null, "addr:city": null, "emergency": null, "healthcare:speciality": null, "building": null, "fixme": null, "wikidata": null, "addr:municipality": null, "staff_count:doctors": null, "staff_count:nurses": null, "barrier": null, "height": null, "capacity:beds": null, "healthcare:cholera": null, "landuse": null, "addr:postcode": null, "note": null, "wheelchair": null, "abandoned": null, "website": null }, "geometry": { "type": "Polygon", "coordinates": [ [ [ 1.5238117, 6.3474512 ], [ 1.5242115, 6.3474412 ], [ 1.5245601, 6.3474325 ], [ 1.5245198, 6.3483202 ], [ 1.5237152, 6.3482322 ], [ 1.5238117, 6.3474512 ] ] ] } },
{ "type": "Feature", "properties": { "element": "way", "id": 800738537, "amenity": "hospital", "name": "Centre de Santé Esperance", "health_facility:type": null, "healthcare": "hospital", "operator": null, "operator:type": null, "source": null, "short_name": null, "source:date": null, "disused": null, "description": null, "phone": null, "name:fr": null, "name:en": null, "addr:street": null, "email": null, "opening_hours": null, "addr:city": null, "emergency": null, "healthcare:speciality": null, "building": null, "fixme": null, "wikidata": null, "addr:municipality": null, "staff_count:doctors": null, "staff_count:nurses": null, "barrier": null, "height": null, "capacity:beds": null, "healthcare:cholera": null, "landuse": null, "addr:postcode": null, "note": null, "wheelchair": null, "abandoned": null, "website": null }, "geometry": { "type": "Polygon", "coordinates": [ [ [ 1.1580083, 8.9747975 ], [ 1.1577857, 8.9740583 ], [ 1.1581961, 8.9737192 ], [ 1.158534, 8.9743047 ], [ 1.1585126, 8.9743736 ], [ 1.1581907, 8.9746544 ], [ 1.1580083, 8.9747975 ] ] ] } },
{ "type": "Feature", "properties": { "element": "way", "id": 800738621, "amenity": "hospital", "name": "USP KADAMBARA", "health_facility:type": null, "healthcare": "hospital", "operator": null, "operator:type": null, "source": null, "short_name": null, "source:date": null, "disused": null, "description": null, "phone": null, "name:fr": null, "name:en": null, "addr:street": null, "email": null, "opening_hours": null, "addr:city": null, "emergency": null, "healthcare:speciality": null, "building": null, "fixme": null, "wikidata": null, "addr:municipality": null, "staff_count:doctors": null, "staff_count:nurses": null, "barrier": null, "height": null, "capacity:beds": null, "healthcare:cholera": null, "landuse": null, "addr:postcode": null, "note": null, "wheelchair": null, "abandoned": null, "website": null }, "geometry": { "type": "Polygon", "coordinates": [ [ [ 1.1708188, 8.9541725 ], [ 1.1713471, 8.953995 ], [ 1.1714786, 8.9544375 ], [ 1.1709448, 8.9545911 ], [ 1.1708188, 8.9541725 ] ] ] } },
{ "type": "Feature", "properties": { "element": "way", "id": 800738839, "amenity": "hospital", "name": "Unité de Soins Périphérique Komah 2", "health_facility:type": null, "healthcare": "hospital", "operator": null, "operator:type": null, "source": null, "short_name": null, "source:date": null, "disused": null, "description": null, "phone": null, "name:fr": null, "name:en": null, "addr:street": null, "email": null, "opening_hours": null, "addr:city": null, "emergency": null, "healthcare:speciality": null, "building": null, "fixme": null, "wikidata": null, "addr:municipality": null, "staff_count:doctors": null, "staff_count:nurses": null, "barrier": null, "height": null, "capacity:beds": null, "healthcare:cholera": null, "landuse": null, "addr:postcode": null, "note": null, "wheelchair": null, "abandoned": null, "website": null }, "geometry": { "type": "Polygon", "coordinates": [ [ [ 1.1466885, 8.9725556 ], [ 1.1464973, 8.9722583 ], [ 1.146716, 8.9721244 ], [ 1.1469091, 8.9723841 ], [ 1.1466885, 8.9725556 ] ] ] } },
{ "type": "Feature", "properties": { "element": "way", "id": 800739846, "amenity": "hospital", "name": "CHU Campus", "health_facility:type": null, "healthcare": "hospital", "operator": null, "operator:type": null, "source": null, "short_name": null, "source:date": null, "disused": null, "description": null, "phone": null, "name:fr": null, "name:en": null, "addr:street": null, "email": null, "opening_hours": null, "addr:city": null, "emergency": null, "healthcare:speciality": null, "building": null, "fixme": null, "wikidata": null, "addr:municipality": null, "staff_count:doctors": null, "staff_count:nurses": null, "barrier": null, "height": null, "capacity:beds": null, "healthcare:cholera": null, "landuse": null, "addr:postcode": null, "note": null, "wheelchair": null, "abandoned": null, "website": null }, "geometry": { "type": "Polygon", "coordinates": [ [ [ 1.2127118, 6.1815762 ], [ 1.2126507, 6.1816398 ], [ 1.2122725, 6.1814062 ], [ 1.2118927, 6.1812165 ], [ 1.2121325, 6.1808338 ], [ 1.211895, 6.1806963 ], [ 1.211566, 6.180927 ], [ 1.2113871, 6.1808056 ], [ 1.2114837, 6.1805007 ], [ 1.2111728, 6.1803383 ], [ 1.2110564, 6.1780173 ], [ 1.2116328, 6.1775968 ], [ 1.2122543, 6.1778311 ], [ 1.2126922, 6.1780966 ], [ 1.213001, 6.1783921 ], [ 1.2132234, 6.1787294 ], [ 1.2132841, 6.1790459 ], [ 1.2133295, 6.1795802 ], [ 1.2131854, 6.180147 ], [ 1.2130559, 6.1803682 ], [ 1.2132496, 6.1808242 ], [ 1.2131511, 6.1811776 ], [ 1.2127118, 6.1815762 ] ] ] } },
{ "type": "Feature", "properties": { "element": "way", "id": 800740392, "amenity": "hospital", "name": "Clinique de gastro entérologie", "health_facility:type": null, "healthcare": "hospital", "operator": null, "operator:type": null, "source": null, "short_name": null, "source:date": null, "disused": null, "description": null, "phone": null, "name:fr": null, "name:en": null, "addr:street": null, "email": null, "opening_hours": null, "addr:city": null, "emergency": null, "healthcare:speciality": null, "building": null, "fixme": null, "wikidata": null, "addr:municipality": null, "staff_count:doctors": null, "staff_count:nurses": null, "barrier": null, "height": null, "capacity:beds": null, "healthcare:cholera": null, "landuse": null, "addr:postcode": null, "note": null, "wheelchair": null, "abandoned": null, "website": null }, "geometry": { "type": "Polygon", "coordinates": [ [ [ 1.2080054, 6.1928526 ], [ 1.2079637, 6.1926687 ], [ 1.2082411, 6.1926066 ], [ 1.2082828, 6.1927904 ], [ 1.2080054, 6.1928526 ] ] ] } },
{ "type": "Feature", "properties": { "element": "way", "id": 800746233, "amenity": "hospital", "name": "CMS Kabou", "health_facility:type": null, "healthcare": "hospital", "operator": null, "operator:type": null, "source": null, "short_name": null, "source:date": null, "disused": null, "description": null, "phone": null, "name:fr": null, "name:en": null, "addr:street": null, "email": null, "opening_hours": null, "addr:city": null, "emergency": null, "healthcare:speciality": null, "building": null, "fixme": null, "wikidata": null, "addr:municipality": null, "staff_count:doctors": null, "staff_count:nurses": null, "barrier": null, "height": null, "capacity:beds": null, "healthcare:cholera": null, "landuse": null, "addr:postcode": null, "note": null, "wheelchair": null, "abandoned": null, "website": null }, "geometry": { "type": "Polygon", "coordinates": [ [ [ 0.8083156, 9.4608613 ], [ 0.8082404, 9.46068 ], [ 0.8088753, 9.4604237 ], [ 0.8089505, 9.460605 ], [ 0.8083156, 9.4608613 ] ] ] } },
{ "type": "Feature", "properties": { "element": "way", "id": 800746286, "amenity": "hospital", "name": "CHP Bassar", "health_facility:type": null, "healthcare": "hospital", "operator": null, "operator:type": null, "source": null, "short_name": null, "source:date": null, "disused": null, "description": null, "phone": null, "name:fr": null, "name:en": null, "addr:street": null, "email": null, "opening_hours": null, "addr:city": null, "emergency": null, "healthcare:speciality": null, "building": null, "fixme": null, "wikidata": null, "addr:municipality": null, "staff_count:doctors": null, "staff_count:nurses": null, "barrier": null, "height": null, "capacity:beds": null, "healthcare:cholera": null, "landuse": null, "addr:postcode": null, "note": null, "wheelchair": null, "abandoned": null, "website": null }, "geometry": { "type": "Polygon", "coordinates": [ [ [ 0.7801799, 9.2695312 ], [ 0.780023, 9.2678264 ], [ 0.7800548, 9.2677867 ], [ 0.7817637, 9.267665 ], [ 0.7817838, 9.2676928 ], [ 0.7820923, 9.2695524 ], [ 0.7820373, 9.2696106 ], [ 0.7801799, 9.2695312 ] ] ] } },
{ "type": "Feature", "properties": { "element": "way", "id": 800754451, "amenity": "hospital", "name": "Clinique Bien-Être", "health_facility:type": null, "healthcare": "hospital", "operator": null, "operator:type": null, "source": null, "short_name": null, "source:date": null, "disused": null, "description": null, "phone": null, "name:fr": null, "name:en": null, "addr:street": null, "email": null, "opening_hours": null, "addr:city": null, "emergency": null, "healthcare:speciality": null, "building": null, "fixme": null, "wikidata": null, "addr:municipality": null, "staff_count:doctors": null, "staff_count:nurses": null, "barrier": null, "height": null, "capacity:beds": null, "healthcare:cholera": null, "landuse": null, "addr:postcode": null, "note": null, "wheelchair": null, "abandoned": null, "website": null }, "geometry": { "type": "Polygon", "coordinates": [ [ [ 1.1619657, 6.1884518 ], [ 1.1619183, 6.1880155 ], [ 1.162478, 6.1879457 ], [ 1.1625628, 6.1883804 ], [ 1.1619657, 6.1884518 ] ] ] } },
{ "type": "Feature", "properties": { "element": "way", "id": 800758668, "amenity": "hospital", "name": "Centre hospitalier Régional", "health_facility:type": "hospital", "healthcare": "hospital", "operator": null, "operator:type": "public", "source": "Bing; Survey", "short_name": null, "source:date": null, "disused": "no", "description": null, "phone": null, "name:fr": null, "name:en": null, "addr:street": null, "email": null, "opening_hours": null, "addr:city": null, "emergency": null, "healthcare:speciality": null, "building": null, "fixme": null, "wikidata": null, "addr:municipality": null, "staff_count:doctors": null, "staff_count:nurses": null, "barrier": null, "height": null, "capacity:beds": null, "healthcare:cholera": null, "landuse": null, "addr:postcode": null, "note": null, "wheelchair": null, "abandoned": "no", "website": null }, "geometry": { "type": "Polygon", "coordinates": [ [ [ 1.2022033, 9.5621708 ], [ 1.2020715, 9.5621518 ], [ 1.2020682, 9.5621175 ], [ 1.2020574, 9.5620738 ], [ 1.2020467, 9.5620421 ], [ 1.2020266, 9.5619839 ], [ 1.2020065, 9.5619469 ], [ 1.201985, 9.5619164 ], [ 1.2019569, 9.5618821 ], [ 1.2019274, 9.5618569 ], [ 1.2018938, 9.5618305 ], [ 1.2018563, 9.5618014 ], [ 1.2018241, 9.5617749 ], [ 1.2018087, 9.5617663 ], [ 1.2018955, 9.5606468 ], [ 1.2022225, 9.5606846 ], [ 1.2032933, 9.5607452 ], [ 1.2036238, 9.560773 ], [ 1.2034959, 9.5622351 ], [ 1.2034936, 9.5622615 ], [ 1.2034745, 9.5622595 ], [ 1.2022033, 9.5621708 ] ] ] } },
{ "type": "Feature", "properties": { "element": "way", "id": 800758938, "amenity": "hospital", "name": "CLINIQUE MERE ET ENFANT", "health_facility:type": null, "healthcare": "hospital", "operator": null, "operator:type": null, "source": null, "short_name": null, "source:date": null, "disused": null, "description": null, "phone": null, "name:fr": "CLINIQUE MERE ET ENFANT", "name:en": null, "addr:street": null, "email": null, "opening_hours": null, "addr:city": null, "emergency": null, "healthcare:speciality": null, "building": null, "fixme": null, "wikidata": null, "addr:municipality": null, "staff_count:doctors": null, "staff_count:nurses": null, "barrier": null, "height": null, "capacity:beds": null, "healthcare:cholera": null, "landuse": null, "addr:postcode": null, "note": null, "wheelchair": null, "abandoned": null, "website": null }, "geometry": { "type": "Polygon", "coordinates": [ [ [ 1.1986692, 6.1845401 ], [ 1.1986304, 6.1841891 ], [ 1.1995439, 6.1840894 ], [ 1.1995827, 6.1844403 ], [ 1.1986692, 6.1845401 ] ] ] } },
{ "type": "Feature", "properties": { "element": "way", "id": 800759271, "amenity": "hospital", "name": null, "health_facility:type": null, "healthcare": "hospital", "operator": null, "operator:type": null, "source": null, "short_name": null, "source:date": null, "disused": null, "description": null, "phone": null, "name:fr": null, "name:en": null, "addr:street": null, "email": null, "opening_hours": null, "addr:city": null, "emergency": null, "healthcare:speciality": null, "building": null, "fixme": null, "wikidata": null, "addr:municipality": null, "staff_count:doctors": null, "staff_count:nurses": null, "barrier": null, "height": null, "capacity:beds": null, "healthcare:cholera": null, "landuse": null, "addr:postcode": null, "note": null, "wheelchair": null, "abandoned": null, "website": null }, "geometry": { "type": "Polygon", "coordinates": [ [ [ 0.8507272, 7.3500282 ], [ 0.8506045, 7.3496569 ], [ 0.8511997, 7.3494635 ], [ 0.8513224, 7.3498346 ], [ 0.8507272, 7.3500282 ] ] ] } },
{ "type": "Feature", "properties": { "element": "way", "id": 800759540, "amenity": "hospital", "name": null, "health_facility:type": null, "healthcare": "hospital", "operator": null, "operator:type": null, "source": null, "short_name": null, "source:date": null, "disused": null, "description": null, "phone": null, "name:fr": null, "name:en": null, "addr:street": null, "email": null, "opening_hours": null, "addr:city": null, "emergency": null, "healthcare:speciality": null, "building": null, "fixme": null, "wikidata": null, "addr:municipality": null, "staff_count:doctors": null, "staff_count:nurses": null, "barrier": null, "height": null, "capacity:beds": null, "healthcare:cholera": null, "landuse": null, "addr:postcode": null, "note": null, "wheelchair": null, "abandoned": null, "website": null }, "geometry": { "type": "Polygon", "coordinates": [ [ [ 0.8612931, 7.3819137 ], [ 0.8611741, 7.3813311 ], [ 0.8616728, 7.3812309 ], [ 0.8618106, 7.3818109 ], [ 0.8612931, 7.3819137 ] ] ] } },
{ "type": "Feature", "properties": { "element": "way", "id": 800760910, "amenity": "hospital", "name": "USP Akata Agame", "health_facility:type": null, "healthcare": "hospital", "operator": null, "operator:type": null, "source": null, "short_name": null, "source:date": null, "disused": null, "description": null, "phone": null, "name:fr": null, "name:en": null, "addr:street": null, "email": null, "opening_hours": null, "addr:city": null, "emergency": null, "healthcare:speciality": null, "building": null, "fixme": null, "wikidata": null, "addr:municipality": null, "staff_count:doctors": null, "staff_count:nurses": null, "barrier": null, "height": null, "capacity:beds": null, "healthcare:cholera": null, "landuse": null, "addr:postcode": null, "note": null, "wheelchair": null, "abandoned": null, "website": null }, "geometry": { "type": "Polygon", "coordinates": [ [ [ 0.70888, 7.0473962 ], [ 0.7094239, 7.0473661 ], [ 0.7094567, 7.0474654 ], [ 0.7094754, 7.047556 ], [ 0.7088156, 7.047737 ], [ 0.70888, 7.0473962 ] ] ] } },
{ "type": "Feature", "properties": { "element": "way", "id": 800762782, "amenity": "hospital", "name": "CHP de GUERIN-KOUKA", "health_facility:type": null, "healthcare": "hospital", "operator": null, "operator:type": null, "source": null, "short_name": null, "source:date": null, "disused": null, "description": null, "phone": null, "name:fr": null, "name:en": null, "addr:street": null, "email": null, "opening_hours": null, "addr:city": null, "emergency": null, "healthcare:speciality": null, "building": null, "fixme": null, "wikidata": null, "addr:municipality": null, "staff_count:doctors": null, "staff_count:nurses": null, "barrier": null, "height": null, "capacity:beds": null, "healthcare:cholera": null, "landuse": null, "addr:postcode": null, "note": null, "wheelchair": null, "abandoned": null, "website": null }, "geometry": { "type": "Polygon", "coordinates": [ [ [ 0.6072736, 9.6928423 ], [ 0.6065283, 9.6927386 ], [ 0.6064914, 9.692726 ], [ 0.6063247, 9.6935516 ], [ 0.6063268, 9.6937405 ], [ 0.6065217, 9.6937773 ], [ 0.6068799, 9.6937579 ], [ 0.6071202, 9.6937677 ], [ 0.6071234, 9.6936831 ], [ 0.6072736, 9.6928423 ] ] ] } },
{ "type": "Feature", "properties": { "element": "way", "id": 800946558, "amenity": "hospital", "name": null, "health_facility:type": null, "healthcare": null, "operator": null, "operator:type": null, "source": null, "short_name": null, "source:date": null, "disused": null, "description": null, "phone": null, "name:fr": null, "name:en": null, "addr:street": null, "email": null, "opening_hours": null, "addr:city": null, "emergency": null, "healthcare:speciality": null, "building": null, "fixme": null, "wikidata": null, "addr:municipality": null, "staff_count:doctors": null, "staff_count:nurses": null, "barrier": null, "height": null, "capacity:beds": null, "healthcare:cholera": null, "landuse": null, "addr:postcode": null, "note": null, "wheelchair": null, "abandoned": null, "website": null }, "geometry": { "type": "Polygon", "coordinates": [ [ [ 1.4175402, 8.9950953 ], [ 1.418228, 8.9949183 ], [ 1.4180705, 8.9943035 ], [ 1.4173506, 8.9944963 ], [ 1.4175402, 8.9950953 ] ] ] } },
{ "type": "Feature", "properties": { "element": "way", "id": 800947936, "amenity": "hospital", "name": "Chp;CHP BASSAR", "health_facility:type": null, "healthcare": "hospital", "operator": null, "operator:type": null, "source": null, "short_name": null, "source:date": null, "disused": null, "description": null, "phone": null, "name:fr": null, "name:en": null, "addr:street": null, "email": null, "opening_hours": null, "addr:city": null, "emergency": null, "healthcare:speciality": null, "building": null, "fixme": null, "wikidata": null, "addr:municipality": null, "staff_count:doctors": null, "staff_count:nurses": null, "barrier": null, "height": null, "capacity:beds": null, "healthcare:cholera": null, "landuse": null, "addr:postcode": null, "note": null, "wheelchair": null, "abandoned": null, "website": null }, "geometry": { "type": "Polygon", "coordinates": [ [ [ 0.7813698, 9.2653315 ], [ 0.779904, 9.2654784 ], [ 0.7798329, 9.2654162 ], [ 0.779674, 9.2635724 ], [ 0.7797149, 9.2635115 ], [ 0.7811847, 9.2633791 ], [ 0.7812612, 9.2634387 ], [ 0.7814275, 9.2652666 ], [ 0.7813698, 9.2653315 ] ] ] } },
{ "type": "Feature", "properties": { "element": "way", "id": 800948424, "amenity": "hospital", "name": "CMS CECODRI", "health_facility:type": "CMS", "healthcare": "hospital", "operator": null, "operator:type": "private", "source": null, "short_name": null, "source:date": null, "disused": null, "description": "Centre de Santé Communautaire", "phone": null, "name:fr": null, "name:en": null, "addr:street": null, "email": null, "opening_hours": null, "addr:city": null, "emergency": null, "healthcare:speciality": null, "building": null, "fixme": null, "wikidata": null, "addr:municipality": null, "staff_count:doctors": null, "staff_count:nurses": null, "barrier": null, "height": null, "capacity:beds": null, "healthcare:cholera": null, "landuse": null, "addr:postcode": null, "note": null, "wheelchair": null, "abandoned": null, "website": null }, "geometry": { "type": "Polygon", "coordinates": [ [ [ 0.9719608, 8.564591 ], [ 0.9717992, 8.5646779 ], [ 0.9717024, 8.5644312 ], [ 0.9718564, 8.5643696 ], [ 0.9719608, 8.564591 ] ] ] } },
{ "type": "Feature", "properties": { "element": "way", "id": 800949188, "amenity": "hospital", "name": "DPS of Kpendjal", "health_facility:type": null, "healthcare": "hospital", "operator": null, "operator:type": null, "source": null, "short_name": null, "source:date": null, "disused": null, "description": null, "phone": null, "name:fr": "DPS of Kpendjal", "name:en": null, "addr:street": null, "email": null, "opening_hours": null, "addr:city": null, "emergency": null, "healthcare:speciality": null, "building": null, "fixme": null, "wikidata": null, "addr:municipality": null, "staff_count:doctors": null, "staff_count:nurses": null, "barrier": null, "height": null, "capacity:beds": null, "healthcare:cholera": null, "landuse": null, "addr:postcode": null, "note": null, "wheelchair": null, "abandoned": null, "website": null }, "geometry": { "type": "Polygon", "coordinates": [ [ [ 0.8128446, 10.8534729 ], [ 0.8137544, 10.8533591 ], [ 0.8136319, 10.8524145 ], [ 0.812722, 10.8525283 ], [ 0.8128446, 10.8534729 ] ] ] } },
{ "type": "Feature", "properties": { "element": "way", "id": 800949859, "amenity": "hospital", "name": "Clinique Anne -Marie Roue", "health_facility:type": null, "healthcare": "hospital", "operator": null, "operator:type": null, "source": null, "short_name": null, "source:date": null, "disused": null, "description": null, "phone": null, "name:fr": null, "name:en": null, "addr:street": null, "email": null, "opening_hours": null, "addr:city": null, "emergency": null, "healthcare:speciality": null, "building": null, "fixme": null, "wikidata": null, "addr:municipality": null, "staff_count:doctors": null, "staff_count:nurses": null, "barrier": null, "height": null, "capacity:beds": null, "healthcare:cholera": null, "landuse": null, "addr:postcode": null, "note": null, "wheelchair": null, "abandoned": null, "website": null }, "geometry": { "type": "Polygon", "coordinates": [ [ [ 1.1912139, 6.1825529 ], [ 1.1914659, 6.182624 ], [ 1.1915207, 6.1824317 ], [ 1.1913972, 6.1823969 ], [ 1.1913903, 6.1824212 ], [ 1.1912618, 6.1823849 ], [ 1.1912139, 6.1825529 ] ] ] } },
{ "type": "Feature", "properties": { "element": "way", "id": 800950310, "amenity": "hospital", "name": "Centre médical Puits de Jacob", "health_facility:type": null, "healthcare": "hospital", "operator": null, "operator:type": null, "source": null, "short_name": null, "source:date": null, "disused": null, "description": null, "phone": "+22825510511", "name:fr": null, "name:en": "Medical center Puits de Jacob", "addr:street": "Lomé - Cinkassé", "email": "directioncmpj@puitsdejacob.com", "opening_hours": "Mo-Fr 07:00-17:30", "addr:city": null, "emergency": null, "healthcare:speciality": null, "building": null, "fixme": null, "wikidata": null, "addr:municipality": null, "staff_count:doctors": null, "staff_count:nurses": null, "barrier": null, "height": null, "capacity:beds": null, "healthcare:cholera": null, "landuse": null, "addr:postcode": "183", "note": null, "wheelchair": null, "abandoned": null, "website": "https://centremedicalpuitsdejacob.com/" }, "geometry": { "type": "Polygon", "coordinates": [ [ [ 1.1377045, 9.0150009 ], [ 1.1375189, 9.0145461 ], [ 1.1382492, 9.0142552 ], [ 1.1384349, 9.0147101 ], [ 1.1377045, 9.0150009 ] ] ] } },
{ "type": "Feature", "properties": { "element": "way", "id": 800951020, "amenity": "hospital", "name": "Aneho Psychiatric Hospital", "health_facility:type": null, "healthcare": "hospital", "operator": null, "operator:type": null, "source": null, "short_name": null, "source:date": null, "disused": null, "description": null, "phone": "+22823301163", "name:fr": null, "name:en": "Aneho Psychiatric Hospital", "addr:street": null, "email": null, "opening_hours": null, "addr:city": null, "emergency": null, "healthcare:speciality": null, "building": null, "fixme": null, "wikidata": null, "addr:municipality": null, "staff_count:doctors": null, "staff_count:nurses": null, "barrier": null, "height": null, "capacity:beds": null, "healthcare:cholera": null, "landuse": null, "addr:postcode": null, "note": null, "wheelchair": null, "abandoned": null, "website": null }, "geometry": { "type": "Polygon", "coordinates": [ [ [ 1.6159772, 6.2511396 ], [ 1.6151009, 6.2510497 ], [ 1.6147448, 6.2497516 ], [ 1.6151688, 6.2496504 ], [ 1.6151122, 6.248976 ], [ 1.6149905, 6.2489727 ], [ 1.6149993, 6.2486878 ], [ 1.6150787, 6.2485563 ], [ 1.6157224, 6.2484073 ], [ 1.6161854, 6.2498625 ], [ 1.6153179, 6.2500271 ], [ 1.6155461, 6.2506339 ], [ 1.6159772, 6.2511396 ] ] ] } },
{ "type": "Feature", "properties": { "element": "way", "id": 800951300, "amenity": "hospital", "name": "Clinique Biasa", "health_facility:type": null, "healthcare": "hospital", "operator": null, "operator:type": null, "source": null, "short_name": null, "source:date": null, "disused": null, "description": null, "phone": null, "name:fr": null, "name:en": null, "addr:street": null, "email": null, "opening_hours": null, "addr:city": null, "emergency": null, "healthcare:speciality": null, "building": null, "fixme": null, "wikidata": null, "addr:municipality": null, "staff_count:doctors": null, "staff_count:nurses": null, "barrier": null, "height": null, "capacity:beds": null, "healthcare:cholera": null, "landuse": null, "addr:postcode": null, "note": null, "wheelchair": null, "abandoned": null, "website": null }, "geometry": { "type": "Polygon", "coordinates": [ [ [ 1.2130743, 6.1337371 ], [ 1.2131564, 6.1335103 ], [ 1.2131953, 6.1333997 ], [ 1.2132575, 6.1333528 ], [ 1.2138196, 6.133911 ], [ 1.2137061, 6.1339942 ], [ 1.2134866, 6.1341318 ], [ 1.2134318, 6.1340786 ], [ 1.2132772, 6.1339286 ], [ 1.2131618, 6.1338069 ], [ 1.2130743, 6.1337371 ] ] ] } },
{ "type": "Feature", "properties": { "element": "way", "id": 800951940, "amenity": "hospital", "name": "Clinique Sainte Trinité", "health_facility:type": null, "healthcare": "hospital", "operator": null, "operator:type": null, "source": null, "short_name": null, "source:date": null, "disused": null, "description": null, "phone": "+22822400340", "name:fr": null, "name:en": null, "addr:street": null, "email": null, "opening_hours": null, "addr:city": null, "emergency": null, "healthcare:speciality": null, "building": null, "fixme": null, "wikidata": null, "addr:municipality": null, "staff_count:doctors": null, "staff_count:nurses": null, "barrier": null, "height": null, "capacity:beds": null, "healthcare:cholera": null, "landuse": null, "addr:postcode": null, "note": null, "wheelchair": null, "abandoned": null, "website": null }, "geometry": { "type": "Polygon", "coordinates": [ [ [ 1.1719447, 6.1817678 ], [ 1.1717856, 6.1814576 ], [ 1.1719188, 6.1813901 ], [ 1.1720779, 6.1817004 ], [ 1.1719447, 6.1817678 ] ] ] } },
{ "type": "Feature", "properties": { "element": "way", "id": 800952095, "amenity": "hospital", "name": "Blanc Blanc", "health_facility:type": null, "healthcare": "hospital", "operator": null, "operator:type": null, "source": null, "short_name": null, "source:date": null, "disused": null, "description": null, "phone": null, "name:fr": null, "name:en": null, "addr:street": null, "email": null, "opening_hours": null, "addr:city": null, "emergency": null, "healthcare:speciality": null, "building": null, "fixme": null, "wikidata": null, "addr:municipality": null, "staff_count:doctors": null, "staff_count:nurses": null, "barrier": null, "height": null, "capacity:beds": null, "healthcare:cholera": null, "landuse": null, "addr:postcode": null, "note": null, "wheelchair": null, "abandoned": null, "website": null }, "geometry": { "type": "Polygon", "coordinates": [ [ [ 1.2674256, 6.1617206 ], [ 1.2664278, 6.1617232 ], [ 1.2663769, 6.1612032 ], [ 1.2674417, 6.1612406 ], [ 1.2674256, 6.1617206 ] ] ] } },
{ "type": "Feature", "properties": { "element": "way", "id": 800952354, "amenity": "hospital", "name": null, "health_facility:type": null, "healthcare": "hospital", "operator": null, "operator:type": null, "source": null, "short_name": null, "source:date": null, "disused": null, "description": null, "phone": null, "name:fr": null, "name:en": null, "addr:street": null, "email": null, "opening_hours": null, "addr:city": null, "emergency": null, "healthcare:speciality": null, "building": null, "fixme": null, "wikidata": null, "addr:municipality": null, "staff_count:doctors": null, "staff_count:nurses": null, "barrier": null, "height": null, "capacity:beds": null, "healthcare:cholera": null, "landuse": null, "addr:postcode": null, "note": null, "wheelchair": null, "abandoned": null, "website": null }, "geometry": { "type": "Polygon", "coordinates": [ [ [ 1.2751893, 6.1717302 ], [ 1.2749961, 6.1707408 ], [ 1.2750176, 6.1707142 ], [ 1.2751946, 6.1706742 ], [ 1.2755299, 6.1715275 ], [ 1.2754682, 6.1716795 ], [ 1.2751893, 6.1717302 ] ] ] } },
{ "type": "Feature", "properties": { "element": "way", "id": 800955786, "amenity": "hospital", "name": null, "health_facility:type": null, "healthcare": "hospital", "operator": null, "operator:type": null, "source": null, "short_name": null, "source:date": null, "disused": null, "description": null, "phone": null, "name:fr": null, "name:en": null, "addr:street": null, "email": null, "opening_hours": null, "addr:city": null, "emergency": null, "healthcare:speciality": null, "building": null, "fixme": null, "wikidata": null, "addr:municipality": null, "staff_count:doctors": null, "staff_count:nurses": null, "barrier": null, "height": null, "capacity:beds": null, "healthcare:cholera": null, "landuse": null, "addr:postcode": null, "note": null, "wheelchair": null, "abandoned": null, "website": null }, "geometry": { "type": "Polygon", "coordinates": [ [ [ 1.3240858, 9.7458351 ], [ 1.3240423, 9.7458305 ], [ 1.3240406, 9.7458203 ], [ 1.3233483, 9.7457423 ], [ 1.3227054, 9.7456742 ], [ 1.3223691, 9.7456412 ], [ 1.3221577, 9.7456204 ], [ 1.321921, 9.7455926 ], [ 1.3216789, 9.7455632 ], [ 1.3216588, 9.7455553 ], [ 1.3211903, 9.7448712 ], [ 1.3216082, 9.7444629 ], [ 1.3220507, 9.7440044 ], [ 1.3223894, 9.7436535 ], [ 1.3228544, 9.7436905 ], [ 1.3242826, 9.743804 ], [ 1.3243334, 9.7456197 ], [ 1.3241489, 9.7457802 ], [ 1.3240858, 9.7458351 ] ] ] } },
{ "type": "Feature", "properties": { "element": "way", "id": 800958517, "amenity": "hospital", "name": "Centre Hospitalier Regional de Tsevie", "health_facility:type": null, "healthcare": "hospital", "operator": null, "operator:type": null, "source": null, "short_name": "CHR-T", "source:date": null, "disused": null, "description": null, "phone": null, "name:fr": null, "name:en": null, "addr:street": null, "email": null, "opening_hours": null, "addr:city": null, "emergency": null, "healthcare:speciality": null, "building": null, "fixme": null, "wikidata": null, "addr:municipality": null, "staff_count:doctors": null, "staff_count:nurses": null, "barrier": null, "height": null, "capacity:beds": null, "healthcare:cholera": null, "landuse": null, "addr:postcode": null, "note": null, "wheelchair": null, "abandoned": null, "website": null }, "geometry": { "type": "Polygon", "coordinates": [ [ [ 1.2220313, 6.4317041 ], [ 1.2220592, 6.4311202 ], [ 1.2236725, 6.4311964 ], [ 1.2236445, 6.4317806 ], [ 1.2220313, 6.4317041 ] ] ] } },
{ "type": "Feature", "properties": { "element": "way", "id": 800958765, "amenity": "hospital", "name": "CMS-Namoudjoga", "health_facility:type": null, "healthcare": "hospital", "operator": null, "operator:type": null, "source": null, "short_name": null, "source:date": null, "disused": null, "description": null, "phone": null, "name:fr": null, "name:en": null, "addr:street": null, "email": null, "opening_hours": null, "addr:city": null, "emergency": null, "healthcare:speciality": null, "building": null, "fixme": null, "wikidata": null, "addr:municipality": null, "staff_count:doctors": null, "staff_count:nurses": null, "barrier": null, "height": null, "capacity:beds": null, "healthcare:cholera": null, "landuse": null, "addr:postcode": null, "note": null, "wheelchair": null, "abandoned": null, "website": null }, "geometry": { "type": "Polygon", "coordinates": [ [ [ 0.3909491, 10.8953904 ], [ 0.3903339, 10.8939488 ], [ 0.3902521, 10.8938685 ], [ 0.3920784, 10.8944918 ], [ 0.3923999, 10.8951227 ], [ 0.3918791, 10.8953629 ], [ 0.3909491, 10.8953904 ] ] ] } },
{ "type": "Feature", "properties": { "element": "way", "id": 800959255, "amenity": "hospital", "name": "Clinique", "health_facility:type": null, "healthcare": "hospital", "operator": null, "operator:type": null, "source": null, "short_name": null, "source:date": null, "disused": null, "description": null, "phone": null, "name:fr": null, "name:en": null, "addr:street": null, "email": null, "opening_hours": null, "addr:city": null, "emergency": null, "healthcare:speciality": null, "building": null, "fixme": null, "wikidata": null, "addr:municipality": null, "staff_count:doctors": null, "staff_count:nurses": null, "barrier": null, "height": null, "capacity:beds": null, "healthcare:cholera": null, "landuse": null, "addr:postcode": null, "note": null, "wheelchair": null, "abandoned": null, "website": null }, "geometry": { "type": "Polygon", "coordinates": [ [ [ 1.2082225, 6.4108607 ], [ 1.208357, 6.4112884 ], [ 1.2081518, 6.4113521 ], [ 1.2080174, 6.4109244 ], [ 1.2082225, 6.4108607 ] ] ] } },
{ "type": "Feature", "properties": { "element": "way", "id": 800961157, "amenity": "hospital", "name": "CMS LA LUMIERE", "health_facility:type": null, "healthcare": "hospital", "operator": null, "operator:type": null, "source": null, "short_name": null, "source:date": null, "disused": null, "description": null, "phone": null, "name:fr": null, "name:en": null, "addr:street": null, "email": null, "opening_hours": null, "addr:city": null, "emergency": null, "healthcare:speciality": null, "building": null, "fixme": null, "wikidata": null, "addr:municipality": null, "staff_count:doctors": null, "staff_count:nurses": null, "barrier": null, "height": null, "capacity:beds": null, "healthcare:cholera": null, "landuse": null, "addr:postcode": null, "note": null, "wheelchair": null, "abandoned": null, "website": null }, "geometry": { "type": "Polygon", "coordinates": [ [ [ 0.6462114, 6.905327 ], [ 0.6461708, 6.9050005 ], [ 0.6464171, 6.9049703 ], [ 0.6464576, 6.9052968 ], [ 0.6462114, 6.905327 ] ] ] } },
{ "type": "Feature", "properties": { "element": "way", "id": 800962260, "amenity": "hospital", "name": "CMS docteur wottor", "health_facility:type": null, "healthcare": "hospital", "operator": null, "operator:type": null, "source": null, "short_name": null, "source:date": null, "disused": null, "description": null, "phone": "+22824425969", "name:fr": null, "name:en": null, "addr:street": null, "email": null, "opening_hours": null, "addr:city": null, "emergency": null, "healthcare:speciality": null, "building": null, "fixme": null, "wikidata": null, "addr:municipality": null, "staff_count:doctors": null, "staff_count:nurses": null, "barrier": null, "height": null, "capacity:beds": null, "healthcare:cholera": null, "landuse": null, "addr:postcode": null, "note": null, "wheelchair": null, "abandoned": null, "website": null }, "geometry": { "type": "Polygon", "coordinates": [ [ [ 0.6392205, 6.9244976 ], [ 0.6392128, 6.9242311 ], [ 0.6394381, 6.9242273 ], [ 0.6394584, 6.9245128 ], [ 0.6392205, 6.9244976 ] ] ] } },
{ "type": "Feature", "properties": { "element": "way", "id": 800964067, "amenity": "hospital", "name": "Dispensaire de Legbassito-Madjikpéto", "health_facility:type": null, "healthcare": "hospital", "operator": null, "operator:type": null, "source": null, "short_name": null, "source:date": null, "disused": null, "description": null, "phone": null, "name:fr": null, "name:en": null, "addr:street": null, "email": null, "opening_hours": null, "addr:city": null, "emergency": null, "healthcare:speciality": null, "building": null, "fixme": null, "wikidata": null, "addr:municipality": null, "staff_count:doctors": null, "staff_count:nurses": null, "barrier": null, "height": null, "capacity:beds": null, "healthcare:cholera": null, "landuse": null, "addr:postcode": null, "note": null, "wheelchair": null, "abandoned": null, "website": null }, "geometry": { "type": "Polygon", "coordinates": [ [ [ 1.1445636, 6.264664 ], [ 1.144111, 6.2646494 ], [ 1.1440862, 6.2646354 ], [ 1.1436363, 6.2640368 ], [ 1.1436389, 6.2639995 ], [ 1.1439581, 6.2636715 ], [ 1.1439923, 6.2636722 ], [ 1.144913, 6.2642234 ], [ 1.1449204, 6.2642648 ], [ 1.1446052, 6.2646434 ], [ 1.1445636, 6.264664 ] ] ] } },
{ "type": "Feature", "properties": { "element": "way", "id": 800964555, "amenity": "hospital", "name": "Notre sante d'abord", "health_facility:type": null, "healthcare": "hospital", "operator": null, "operator:type": null, "source": null, "short_name": null, "source:date": null, "disused": null, "description": null, "phone": "+22890412507", "name:fr": null, "name:en": null, "addr:street": null, "email": null, "opening_hours": null, "addr:city": null, "emergency": null, "healthcare:speciality": null, "building": null, "fixme": null, "wikidata": null, "addr:municipality": null, "staff_count:doctors": null, "staff_count:nurses": null, "barrier": null, "height": null, "capacity:beds": null, "healthcare:cholera": null, "landuse": null, "addr:postcode": null, "note": null, "wheelchair": null, "abandoned": null, "website": null }, "geometry": { "type": "Polygon", "coordinates": [ [ [ 0.6427063, 6.9124626 ], [ 0.6427625, 6.9125699 ], [ 0.6428418, 6.9125356 ], [ 0.6429153, 6.9126901 ], [ 0.6427107, 6.9128045 ], [ 0.642568, 6.9125742 ], [ 0.6425651, 6.9125456 ], [ 0.6427063, 6.9124626 ] ] ] } },
{ "type": "Feature", "properties": { "element": "way", "id": 800964933, "amenity": "hospital", "name": "Centre d'ophtalmologie renard & agossou", "health_facility:type": null, "healthcare": "hospital", "operator": null, "operator:type": null, "source": null, "short_name": null, "source:date": null, "disused": null, "description": null, "phone": null, "name:fr": null, "name:en": null, "addr:street": null, "email": null, "opening_hours": null, "addr:city": null, "emergency": null, "healthcare:speciality": null, "building": null, "fixme": null, "wikidata": null, "addr:municipality": null, "staff_count:doctors": null, "staff_count:nurses": null, "barrier": null, "height": null, "capacity:beds": null, "healthcare:cholera": null, "landuse": null, "addr:postcode": null, "note": null, "wheelchair": null, "abandoned": null, "website": null }, "geometry": { "type": "Polygon", "coordinates": [ [ [ 0.6381975, 6.9142897 ], [ 0.6382799, 6.9142002 ], [ 0.6381311, 6.9140651 ], [ 0.6380507, 6.9141525 ], [ 0.6381434, 6.9142365 ], [ 0.6381217, 6.91426 ], [ 0.6381535, 6.9142889 ], [ 0.6381731, 6.9142676 ], [ 0.6381975, 6.9142897 ] ] ] } },
{ "type": "Feature", "properties": { "element": "way", "id": 800965023, "amenity": "hospital", "name": "dispensaire urbain de kpogadzi", "health_facility:type": null, "healthcare": "hospital", "operator": null, "operator:type": null, "source": null, "short_name": null, "source:date": null, "disused": null, "description": null, "phone": null, "name:fr": null, "name:en": null, "addr:street": null, "email": null, "opening_hours": null, "addr:city": null, "emergency": null, "healthcare:speciality": null, "building": null, "fixme": null, "wikidata": null, "addr:municipality": null, "staff_count:doctors": null, "staff_count:nurses": null, "barrier": null, "height": null, "capacity:beds": null, "healthcare:cholera": null, "landuse": null, "addr:postcode": null, "note": null, "wheelchair": null, "abandoned": null, "website": null }, "geometry": { "type": "Polygon", "coordinates": [ [ [ 0.6498279, 6.9019249 ], [ 0.6497368, 6.9016275 ], [ 0.6500113, 6.9015447 ], [ 0.6501023, 6.9018421 ], [ 0.6498279, 6.9019249 ] ] ] } },
{ "type": "Feature", "properties": { "element": "way", "id": 800967587, "amenity": "hospital", "name": "centre de malade mental", "health_facility:type": null, "healthcare": "hospital", "operator": null, "operator:type": null, "source": null, "short_name": null, "source:date": null, "disused": null, "description": null, "phone": null, "name:fr": null, "name:en": null, "addr:street": null, "email": null, "opening_hours": null, "addr:city": null, "emergency": null, "healthcare:speciality": null, "building": null, "fixme": null, "wikidata": null, "addr:municipality": null, "staff_count:doctors": null, "staff_count:nurses": null, "barrier": null, "height": null, "capacity:beds": null, "healthcare:cholera": null, "landuse": null, "addr:postcode": null, "note": null, "wheelchair": null, "abandoned": null, "website": null }, "geometry": { "type": "Polygon", "coordinates": [ [ [ 0.6538324, 6.9280235 ], [ 0.6532189, 6.9270919 ], [ 0.6543001, 6.9264708 ], [ 0.6545887, 6.9271039 ], [ 0.6547345, 6.9275742 ], [ 0.6538324, 6.9280235 ] ] ] } },
{ "type": "Feature", "properties": { "element": "way", "id": 800968183, "amenity": "hospital", "name": "centre medical chinois", "health_facility:type": null, "healthcare": "hospital", "operator": null, "operator:type": null, "source": null, "short_name": null, "source:date": null, "disused": null, "description": null, "phone": null, "name:fr": null, "name:en": null, "addr:street": null, "email": null, "opening_hours": null, "addr:city": null, "emergency": null, "healthcare:speciality": null, "building": null, "fixme": null, "wikidata": null, "addr:municipality": null, "staff_count:doctors": null, "staff_count:nurses": null, "barrier": null, "height": null, "capacity:beds": null, "healthcare:cholera": null, "landuse": null, "addr:postcode": null, "note": null, "wheelchair": null, "abandoned": null, "website": null }, "geometry": { "type": "Polygon", "coordinates": [ [ [ 0.6288859, 6.8871306 ], [ 0.6289778, 6.8874252 ], [ 0.6287371, 6.8874992 ], [ 0.6286452, 6.8872046 ], [ 0.6288859, 6.8871306 ] ] ] } },
{ "type": "Feature", "properties": { "element": "way", "id": 800968283, "amenity": "hospital", "name": "clinique amitie", "health_facility:type": null, "healthcare": "hospital", "operator": null, "operator:type": null, "source": null, "short_name": null, "source:date": null, "disused": null, "description": null, "phone": null, "name:fr": null, "name:en": null, "addr:street": null, "email": null, "opening_hours": null, "addr:city": null, "emergency": null, "healthcare:speciality": null, "building": null, "fixme": null, "wikidata": null, "addr:municipality": null, "staff_count:doctors": null, "staff_count:nurses": null, "barrier": null, "height": null, "capacity:beds": null, "healthcare:cholera": null, "landuse": null, "addr:postcode": null, "note": null, "wheelchair": null, "abandoned": null, "website": null }, "geometry": { "type": "Polygon", "coordinates": [ [ [ 0.6290214, 6.8933055 ], [ 0.6287543, 6.8931182 ], [ 0.6289976, 6.8927763 ], [ 0.6292646, 6.8929635 ], [ 0.6290214, 6.8933055 ] ] ] } },
{ "type": "Feature", "properties": { "element": "way", "id": 800969064, "amenity": "hospital", "name": "Hôpital Regina Pacis", "health_facility:type": null, "healthcare": "hospital", "operator": null, "operator:type": null, "source": null, "short_name": null, "source:date": null, "disused": null, "description": null, "phone": null, "name:fr": null, "name:en": null, "addr:street": null, "email": null, "opening_hours": null, "addr:city": null, "emergency": null, "healthcare:speciality": null, "building": null, "fixme": null, "wikidata": null, "addr:municipality": null, "staff_count:doctors": null, "staff_count:nurses": null, "barrier": null, "height": null, "capacity:beds": null, "healthcare:cholera": null, "landuse": null, "addr:postcode": null, "note": null, "wheelchair": null, "abandoned": null, "website": null }, "geometry": { "type": "Polygon", "coordinates": [ [ [ 1.1403886, 6.2100412 ], [ 1.1406333, 6.2100828 ], [ 1.1407777, 6.2100038 ], [ 1.1406333, 6.2095567 ], [ 1.1405727, 6.2093237 ], [ 1.1403907, 6.2094527 ], [ 1.1402986, 6.2095546 ], [ 1.1403844, 6.2097189 ], [ 1.1404074, 6.2098832 ], [ 1.1403927, 6.2099497 ], [ 1.1403886, 6.2100412 ] ] ] } },
{ "type": "Feature", "properties": { "element": "way", "id": 800969244, "amenity": "hospital", "name": "Centre Médico Social d 'Adétikopé", "health_facility:type": null, "healthcare": "hospital", "operator": null, "operator:type": null, "source": null, "short_name": null, "source:date": null, "disused": null, "description": null, "phone": null, "name:fr": null, "name:en": null, "addr:street": null, "email": null, "opening_hours": null, "addr:city": null, "emergency": null, "healthcare:speciality": null, "building": null, "fixme": null, "wikidata": null, "addr:municipality": null, "staff_count:doctors": null, "staff_count:nurses": null, "barrier": null, "height": null, "capacity:beds": null, "healthcare:cholera": null, "landuse": null, "addr:postcode": null, "note": null, "wheelchair": null, "abandoned": null, "website": null }, "geometry": { "type": "Polygon", "coordinates": [ [ [ 1.2226972, 6.3182376 ], [ 1.2222305, 6.3185554 ], [ 1.2220967, 6.3183625 ], [ 1.2224802, 6.3179181 ], [ 1.2226972, 6.3182376 ] ] ] } },
{ "type": "Feature", "properties": { "element": "way", "id": 800969705, "amenity": "hospital", "name": "Hôpital des Soeurs Agatha Caréli", "health_facility:type": null, "healthcare": "hospital", "operator": null, "operator:type": null, "source": null, "short_name": null, "source:date": null, "disused": null, "description": null, "phone": null, "name:fr": null, "name:en": null, "addr:street": null, "email": null, "opening_hours": null, "addr:city": null, "emergency": null, "healthcare:speciality": null, "building": null, "fixme": null, "wikidata": null, "addr:municipality": null, "staff_count:doctors": null, "staff_count:nurses": null, "barrier": null, "height": null, "capacity:beds": null, "healthcare:cholera": null, "landuse": null, "addr:postcode": null, "note": null, "wheelchair": null, "abandoned": null, "website": null }, "geometry": { "type": "Polygon", "coordinates": [ [ [ 1.1632011, 6.2595805 ], [ 1.1631549, 6.2573957 ], [ 1.1631672, 6.2573526 ], [ 1.1652713, 6.2562683 ], [ 1.1652751, 6.2562686 ], [ 1.1653883, 6.2562783 ], [ 1.165414, 6.2562911 ], [ 1.1658866, 6.2579267 ], [ 1.1658826, 6.2579787 ], [ 1.1643603, 6.2588914 ], [ 1.1632281, 6.2595981 ], [ 1.1632011, 6.2595805 ] ] ] } },
{ "type": "Feature", "properties": { "element": "way", "id": 800969815, "amenity": "hospital", "name": "Clinique Novissi", "health_facility:type": null, "healthcare": "hospital", "operator": null, "operator:type": null, "source": null, "short_name": null, "source:date": null, "disused": null, "description": null, "phone": null, "name:fr": null, "name:en": null, "addr:street": null, "email": null, "opening_hours": null, "addr:city": null, "emergency": null, "healthcare:speciality": null, "building": null, "fixme": null, "wikidata": null, "addr:municipality": null, "staff_count:doctors": null, "staff_count:nurses": null, "barrier": null, "height": null, "capacity:beds": null, "healthcare:cholera": null, "landuse": null, "addr:postcode": null, "note": null, "wheelchair": null, "abandoned": null, "website": null }, "geometry": { "type": "Polygon", "coordinates": [ [ [ 1.2535283, 6.1776709 ], [ 1.2534423, 6.1773412 ], [ 1.2536268, 6.1772936 ], [ 1.2537128, 6.1776233 ], [ 1.2535283, 6.1776709 ] ] ] } },
{ "type": "Feature", "properties": { "element": "way", "id": 800970311, "amenity": "hospital", "name": "Centre de santé", "health_facility:type": null, "healthcare": "hospital", "operator": null, "operator:type": null, "source": null, "short_name": null, "source:date": null, "disused": null, "description": null, "phone": null, "name:fr": null, "name:en": null, "addr:street": null, "email": null, "opening_hours": null, "addr:city": null, "emergency": null, "healthcare:speciality": null, "building": null, "fixme": null, "wikidata": null, "addr:municipality": null, "staff_count:doctors": null, "staff_count:nurses": null, "barrier": null, "height": null, "capacity:beds": null, "healthcare:cholera": null, "landuse": null, "addr:postcode": null, "note": null, "wheelchair": null, "abandoned": null, "website": null }, "geometry": { "type": "Polygon", "coordinates": [ [ [ 0.9639767, 8.1770789 ], [ 0.9638785, 8.1768493 ], [ 0.9642338, 8.1767004 ], [ 0.964332, 8.1769299 ], [ 0.9639767, 8.1770789 ] ] ] } },
{ "type": "Feature", "properties": { "element": "way", "id": 800970429, "amenity": "hospital", "name": null, "health_facility:type": null, "healthcare": "hospital", "operator": null, "operator:type": null, "source": null, "short_name": null, "source:date": null, "disused": null, "description": null, "phone": null, "name:fr": null, "name:en": null, "addr:street": null, "email": null, "opening_hours": null, "addr:city": null, "emergency": null, "healthcare:speciality": null, "building": null, "fixme": null, "wikidata": null, "addr:municipality": null, "staff_count:doctors": null, "staff_count:nurses": null, "barrier": null, "height": null, "capacity:beds": null, "healthcare:cholera": null, "landuse": null, "addr:postcode": null, "note": null, "wheelchair": null, "abandoned": null, "website": null }, "geometry": { "type": "Polygon", "coordinates": [ [ [ 1.0375625, 7.9955405 ], [ 1.0376435, 7.9949694 ], [ 1.0383531, 7.9950301 ], [ 1.0383016, 7.9956384 ], [ 1.0375625, 7.9955405 ] ] ] } },
{ "type": "Feature", "properties": { "element": "way", "id": 800972448, "amenity": "hospital", "name": "CHU Tokoin", "health_facility:type": null, "healthcare": "hospital", "operator": null, "operator:type": null, "source": null, "short_name": null, "source:date": null, "disused": null, "description": null, "phone": null, "name:fr": null, "name:en": null, "addr:street": null, "email": null, "opening_hours": null, "addr:city": null, "emergency": null, "healthcare:speciality": null, "building": null, "fixme": null, "wikidata": null, "addr:municipality": null, "staff_count:doctors": null, "staff_count:nurses": null, "barrier": null, "height": null, "capacity:beds": null, "healthcare:cholera": null, "landuse": null, "addr:postcode": null, "note": null, "wheelchair": null, "abandoned": null, "website": null }, "geometry": { "type": "Polygon", "coordinates": [ [ [ 1.2091297, 6.1480022 ], [ 1.2084478, 6.1476198 ], [ 1.2078207, 6.147257 ], [ 1.2082493, 6.1467579 ], [ 1.2082741, 6.1467264 ], [ 1.2080092, 6.1465438 ], [ 1.2071792, 6.1459526 ], [ 1.2070359, 6.1455794 ], [ 1.2064398, 6.1443571 ], [ 1.2063047, 6.1440923 ], [ 1.2068419, 6.1435101 ], [ 1.207057, 6.1433309 ], [ 1.2072982, 6.143208 ], [ 1.2074101, 6.1428892 ], [ 1.2079054, 6.142343 ], [ 1.2080052, 6.1422862 ], [ 1.2087868, 6.1438649 ], [ 1.2090372, 6.1444109 ], [ 1.2092712, 6.1448777 ], [ 1.2092193, 6.1462677 ], [ 1.2092015, 6.1468804 ], [ 1.2091813, 6.1474992 ], [ 1.2091297, 6.1480022 ] ] ] } },
{ "type": "Feature", "properties": { "element": "way", "id": 800972643, "amenity": "hospital", "name": "OIDIF CMS Yayra", "health_facility:type": null, "healthcare": "hospital", "operator": null, "operator:type": null, "source": null, "short_name": null, "source:date": null, "disused": null, "description": null, "phone": null, "name:fr": null, "name:en": null, "addr:street": null, "email": null, "opening_hours": null, "addr:city": null, "emergency": null, "healthcare:speciality": null, "building": null, "fixme": null, "wikidata": null, "addr:municipality": null, "staff_count:doctors": null, "staff_count:nurses": null, "barrier": null, "height": null, "capacity:beds": null, "healthcare:cholera": null, "landuse": null, "addr:postcode": null, "note": null, "wheelchair": null, "abandoned": null, "website": null }, "geometry": { "type": "Polygon", "coordinates": [ [ [ 1.1501805, 6.2333765 ], [ 1.1501733, 6.2331301 ], [ 1.1503159, 6.2330814 ], [ 1.1503058, 6.2333736 ], [ 1.1501805, 6.2333765 ] ] ] } },
{ "type": "Feature", "properties": { "element": "way", "id": 800974161, "amenity": "hospital", "name": "CHP Mango", "health_facility:type": null, "healthcare": "hospital", "operator": null, "operator:type": null, "source": null, "short_name": null, "source:date": null, "disused": null, "description": null, "phone": null, "name:fr": null, "name:en": null, "addr:street": null, "email": null, "opening_hours": null, "addr:city": null, "emergency": null, "healthcare:speciality": null, "building": null, "fixme": null, "wikidata": null, "addr:municipality": null, "staff_count:doctors": null, "staff_count:nurses": null, "barrier": null, "height": null, "capacity:beds": null, "healthcare:cholera": null, "landuse": null, "addr:postcode": null, "note": null, "wheelchair": null, "abandoned": null, "website": null }, "geometry": { "type": "Polygon", "coordinates": [ [ [ 0.4683088, 10.3530675 ], [ 0.4671693, 10.3529619 ], [ 0.4672279, 10.3523499 ], [ 0.4683675, 10.3524553 ], [ 0.4683088, 10.3530675 ] ] ] } },
{ "type": "Feature", "properties": { "element": "way", "id": 800974996, "amenity": "hospital", "name": "Centre de Réeducation fonctionnelle et d'appareillage Orthopédique", "health_facility:type": null, "healthcare": "hospital", "operator": null, "operator:type": null, "source": null, "short_name": null, "source:date": null, "disused": null, "description": null, "phone": null, "name:fr": null, "name:en": null, "addr:street": null, "email": null, "opening_hours": null, "addr:city": null, "emergency": null, "healthcare:speciality": null, "building": null, "fixme": null, "wikidata": null, "addr:municipality": null, "staff_count:doctors": null, "staff_count:nurses": null, "barrier": null, "height": null, "capacity:beds": null, "healthcare:cholera": null, "landuse": null, "addr:postcode": null, "note": null, "wheelchair": null, "abandoned": null, "website": null }, "geometry": { "type": "Polygon", "coordinates": [ [ [ 1.1112366, 9.0011763 ], [ 1.1108751, 9.0002748 ], [ 1.112569, 8.9996078 ], [ 1.1129243, 9.0004881 ], [ 1.1112366, 9.0011763 ] ] ] } },
{ "type": "Feature", "properties": { "element": "way", "id": 800975154, "amenity": "hospital", "name": "Dispensaire Katomé", "health_facility:type": null, "healthcare": "hospital", "operator": null, "operator:type": null, "source": null, "short_name": null, "source:date": null, "disused": null, "description": null, "phone": null, "name:fr": null, "name:en": null, "addr:street": null, "email": null, "opening_hours": null, "addr:city": null, "emergency": null, "healthcare:speciality": null, "building": null, "fixme": null, "wikidata": null, "addr:municipality": null, "staff_count:doctors": null, "staff_count:nurses": null, "barrier": null, "height": null, "capacity:beds": null, "healthcare:cholera": null, "landuse": null, "addr:postcode": null, "note": null, "wheelchair": null, "abandoned": null, "website": null }, "geometry": { "type": "Polygon", "coordinates": [ [ [ 1.6193076, 7.3792919 ], [ 1.6193076, 7.3793372 ], [ 1.6189562, 7.3793584 ], [ 1.6188087, 7.3790818 ], [ 1.618814, 7.3789275 ], [ 1.6188891, 7.3789009 ], [ 1.6189093, 7.3785841 ], [ 1.6193144, 7.3785441 ], [ 1.6193076, 7.3792919 ] ] ] } },
{ "type": "Feature", "properties": { "element": "way", "id": 800975454, "amenity": "hospital", "name": "Clinique dentaire Nifa", "health_facility:type": null, "healthcare": "hospital", "operator": null, "operator:type": null, "source": null, "short_name": null, "source:date": null, "disused": null, "description": null, "phone": null, "name:fr": null, "name:en": null, "addr:street": null, "email": null, "opening_hours": null, "addr:city": null, "emergency": null, "healthcare:speciality": null, "building": null, "fixme": null, "wikidata": null, "addr:municipality": null, "staff_count:doctors": null, "staff_count:nurses": null, "barrier": null, "height": null, "capacity:beds": null, "healthcare:cholera": null, "landuse": null, "addr:postcode": null, "note": null, "wheelchair": null, "abandoned": null, "website": null }, "geometry": { "type": "Polygon", "coordinates": [ [ [ 1.2142817, 6.1339787 ], [ 1.2140802, 6.1338145 ], [ 1.2139719, 6.1339459 ], [ 1.2141734, 6.1341101 ], [ 1.2142817, 6.1339787 ] ] ] } },
{ "type": "Feature", "properties": { "element": "way", "id": 800975909, "amenity": "hospital", "name": "CHP Tabligbo", "health_facility:type": null, "healthcare": "hospital", "operator": null, "operator:type": null, "source": null, "short_name": null, "source:date": null, "disused": null, "description": null, "phone": null, "name:fr": null, "name:en": null, "addr:street": null, "email": null, "opening_hours": null, "addr:city": null, "emergency": null, "healthcare:speciality": null, "building": null, "fixme": null, "wikidata": null, "addr:municipality": null, "staff_count:doctors": null, "staff_count:nurses": null, "barrier": null, "height": null, "capacity:beds": null, "healthcare:cholera": null, "landuse": null, "addr:postcode": null, "note": null, "wheelchair": null, "abandoned": null, "website": null }, "geometry": { "type": "Polygon", "coordinates": [ [ [ 1.508706, 6.6039187 ], [ 1.5086134, 6.6040326 ], [ 1.5063691, 6.6042691 ], [ 1.5060119, 6.6033449 ], [ 1.5078859, 6.6023025 ], [ 1.5083875, 6.603213 ], [ 1.508706, 6.6039187 ] ] ] } },
{ "type": "Feature", "properties": { "element": "way", "id": 847617430, "amenity": "hospital", "name": "Centre Médical Social d'Aklakou", "health_facility:type": null, "healthcare": "nurse", "operator": null, "operator:type": null, "source": null, "short_name": null, "source:date": null, "disused": null, "description": null, "phone": null, "name:fr": null, "name:en": null, "addr:street": null, "email": null, "opening_hours": null, "addr:city": null, "emergency": null, "healthcare:speciality": null, "building": null, "fixme": null, "wikidata": null, "addr:municipality": null, "staff_count:doctors": null, "staff_count:nurses": null, "barrier": null, "height": null, "capacity:beds": null, "healthcare:cholera": null, "landuse": null, "addr:postcode": null, "note": null, "wheelchair": null, "abandoned": null, "website": null }, "geometry": { "type": "Polygon", "coordinates": [ [ [ 1.7278227, 6.3225098 ], [ 1.7276672, 6.3222432 ], [ 1.7271951, 6.3224405 ], [ 1.7267847, 6.3226911 ], [ 1.7270771, 6.323083 ], [ 1.7278227, 6.3225098 ] ] ] } },
{ "type": "Feature", "properties": { "element": "way", "id": 899412258, "amenity": "hospital", "name": "USP N'djei", "health_facility:type": null, "healthcare": null, "operator": null, "operator:type": null, "source": null, "short_name": null, "source:date": null, "disused": null, "description": null, "phone": null, "name:fr": null, "name:en": null, "addr:street": null, "email": null, "opening_hours": null, "addr:city": null, "emergency": null, "healthcare:speciality": null, "building": null, "fixme": null, "wikidata": null, "addr:municipality": null, "staff_count:doctors": null, "staff_count:nurses": null, "barrier": null, "height": null, "capacity:beds": null, "healthcare:cholera": null, "landuse": null, "addr:postcode": null, "note": null, "wheelchair": null, "abandoned": null, "website": null }, "geometry": { "type": "Polygon", "coordinates": [ [ [ 1.3517153, 9.5095875 ], [ 1.3518347, 9.5096801 ], [ 1.3519607, 9.5095359 ], [ 1.3518575, 9.5094539 ], [ 1.3517153, 9.5095875 ] ] ] } },
{ "type": "Feature", "properties": { "element": "way", "id": 909935045, "amenity": "hospital", "name": null, "health_facility:type": null, "healthcare": "hospital", "operator": null, "operator:type": null, "source": "Maxar Standard;Survey", "short_name": null, "source:date": null, "disused": null, "description": null, "phone": null, "name:fr": null, "name:en": null, "addr:street": null, "email": null, "opening_hours": null, "addr:city": null, "emergency": null, "healthcare:speciality": null, "building": null, "fixme": null, "wikidata": null, "addr:municipality": null, "staff_count:doctors": null, "staff_count:nurses": null, "barrier": "wall", "height": null, "capacity:beds": null, "healthcare:cholera": null, "landuse": null, "addr:postcode": null, "note": null, "wheelchair": null, "abandoned": null, "website": null }, "geometry": { "type": "Polygon", "coordinates": [ [ [ 1.1094488, 9.7630482 ], [ 1.1087917, 9.7631579 ], [ 1.1085047, 9.7613194 ], [ 1.1095226, 9.7612401 ], [ 1.1099182, 9.7612163 ], [ 1.1103279, 9.7626636 ], [ 1.1101455, 9.7628816 ], [ 1.1095306, 9.763035 ], [ 1.1094721, 9.7630444 ], [ 1.1094488, 9.7630482 ] ] ] } },
{ "type": "Feature", "properties": { "element": "way", "id": 958997710, "amenity": "hospital", "name": "Blitta hospital", "health_facility:type": null, "healthcare": null, "operator": null, "operator:type": null, "source": "Bing;Survey", "short_name": null, "source:date": null, "disused": null, "description": null, "phone": null, "name:fr": null, "name:en": null, "addr:street": null, "email": null, "opening_hours": null, "addr:city": null, "emergency": null, "healthcare:speciality": null, "building": null, "fixme": null, "wikidata": null, "addr:municipality": null, "staff_count:doctors": null, "staff_count:nurses": null, "barrier": "wall", "height": null, "capacity:beds": null, "healthcare:cholera": null, "landuse": null, "addr:postcode": null, "note": null, "wheelchair": null, "abandoned": null, "website": null }, "geometry": { "type": "Polygon", "coordinates": [ [ [ 0.9860976, 8.3315272 ], [ 0.986369, 8.3317748 ], [ 0.9866868, 8.3314298 ], [ 0.986394, 8.3311868 ], [ 0.9860976, 8.3315272 ] ] ] } },
{ "type": "Feature", "properties": { "element": "way", "id": 986754687, "amenity": "hospital", "name": "Domaine de l'hôpital de Notsé", "health_facility:type": null, "healthcare": "hospital", "operator": null, "operator:type": null, "source": null, "short_name": null, "source:date": null, "disused": null, "description": null, "phone": null, "name:fr": null, "name:en": null, "addr:street": null, "email": null, "opening_hours": null, "addr:city": null, "emergency": null, "healthcare:speciality": null, "building": null, "fixme": null, "wikidata": null, "addr:municipality": null, "staff_count:doctors": null, "staff_count:nurses": null, "barrier": null, "height": null, "capacity:beds": null, "healthcare:cholera": null, "landuse": null, "addr:postcode": null, "note": null, "wheelchair": null, "abandoned": null, "website": null }, "geometry": { "type": "Polygon", "coordinates": [ [ [ 1.1729031, 6.950778 ], [ 1.1732766, 6.950802 ], [ 1.1734858, 6.9508645 ], [ 1.1738606, 6.9509577 ], [ 1.1742388, 6.9510749 ], [ 1.1740913, 6.9513731 ], [ 1.1740403, 6.9515302 ], [ 1.1742925, 6.9516606 ], [ 1.1743273, 6.9516899 ], [ 1.1741905, 6.9519162 ], [ 1.1741798, 6.9519721 ], [ 1.1740082, 6.9522224 ], [ 1.1738445, 6.9525899 ], [ 1.17271, 6.9521212 ], [ 1.1722701, 6.9519202 ], [ 1.1729031, 6.950778 ] ] ] } },
{ "type": "Feature", "properties": { "element": "way", "id": 1031029427, "amenity": "hospital", "name": "Hôpital de l'Ordre Souverain de Malte", "health_facility:type": null, "healthcare": "hospital", "operator": null, "operator:type": null, "source": null, "short_name": null, "source:date": null, "disused": null, "description": null, "phone": null, "name:fr": null, "name:en": null, "addr:street": null, "email": null, "opening_hours": null, "addr:city": null, "emergency": null, "healthcare:speciality": null, "building": null, "fixme": null, "wikidata": null, "addr:municipality": null, "staff_count:doctors": null, "staff_count:nurses": null, "barrier": null, "height": null, "capacity:beds": null, "healthcare:cholera": null, "landuse": null, "addr:postcode": null, "note": null, "wheelchair": null, "abandoned": null, "website": null }, "geometry": { "type": "Polygon", "coordinates": [ [ [ 1.2819175, 7.9605309 ], [ 1.2855041, 7.9595966 ], [ 1.2850045, 7.9579314 ], [ 1.2848351, 7.9578002 ], [ 1.2849152, 7.9576598 ], [ 1.2845054, 7.9561585 ], [ 1.2810075, 7.9570767 ], [ 1.2819175, 7.9605309 ] ] ] } },
{ "type": "Feature", "properties": { "element": "way", "id": 1160401522, "amenity": "hospital", "name": null, "health_facility:type": null, "healthcare": "hospital", "operator": "Balanka", "operator:type": "public", "source": null, "short_name": null, "source:date": null, "disused": null, "description": null, "phone": null, "name:fr": null, "name:en": null, "addr:street": null, "email": null, "opening_hours": null, "addr:city": "Balanka", "emergency": null, "healthcare:speciality": "general", "building": "yes", "fixme": null, "wikidata": null, "addr:municipality": null, "staff_count:doctors": null, "staff_count:nurses": null, "barrier": null, "height": null, "capacity:beds": null, "healthcare:cholera": null, "landuse": null, "addr:postcode": null, "note": null, "wheelchair": null, "abandoned": null, "website": null }, "geometry": { "type": "Polygon", "coordinates": [ [ [ 1.6133413, 8.8640779 ], [ 1.613431, 8.8640992 ], [ 1.6134749, 8.8639187 ], [ 1.6133853, 8.8638974 ], [ 1.6133413, 8.8640779 ] ] ] } },
{ "type": "Feature", "properties": { "element": "way", "id": 1207896537, "amenity": "hospital", "name": "CMS Dapankpergou", "health_facility:type": null, "healthcare": null, "operator": null, "operator:type": null, "source": null, "short_name": null, "source:date": null, "disused": null, "description": null, "phone": null, "name:fr": null, "name:en": null, "addr:street": null, "email": null, "opening_hours": null, "addr:city": null, "emergency": null, "healthcare:speciality": null, "building": "yes", "fixme": null, "wikidata": null, "addr:municipality": null, "staff_count:doctors": null, "staff_count:nurses": null, "barrier": null, "height": null, "capacity:beds": null, "healthcare:cholera": null, "landuse": null, "addr:postcode": null, "note": null, "wheelchair": null, "abandoned": null, "website": null }, "geometry": { "type": "Polygon", "coordinates": [ [ [ 0.2191036, 10.8339738 ], [ 0.2190775, 10.8338572 ], [ 0.2191449, 10.833845 ], [ 0.2191499, 10.8338641 ], [ 0.21917, 10.8338595 ], [ 0.219165, 10.8338411 ], [ 0.2192129, 10.8338325 ], [ 0.2192173, 10.8338526 ], [ 0.2192344, 10.833848 ], [ 0.2192314, 10.8338289 ], [ 0.2192957, 10.833818 ], [ 0.2193004, 10.8338371 ], [ 0.2193259, 10.8338325 ], [ 0.2193413, 10.8339231 ], [ 0.2191905, 10.8339524 ], [ 0.2191911, 10.8339613 ], [ 0.2191586, 10.8339689 ], [ 0.2191532, 10.8339557 ], [ 0.2191036, 10.8339738 ] ] ] } }
]
}
